2026-04-30 17:24:14,571 INFO o.a.j.u.JMeterUtils: Setting Locale to en_EN
2026-04-30 17:24:14,581 INFO o.a.j.JMeter: Loading user properties from: /opt/homebrew/Cellar/jmeter/5.6.3/libexec/bin/user.properties
2026-04-30 17:24:14,582 INFO o.a.j.JMeter: Loading system properties from: /opt/homebrew/Cellar/jmeter/5.6.3/libexec/bin/system.properties
2026-04-30 17:24:14,583 INFO o.a.j.JMeter: Setting JMeter property: threads=500
2026-04-30 17:24:14,583 INFO o.a.j.JMeter: Setting JMeter property: rampup=90
2026-04-30 17:24:14,583 INFO o.a.j.JMeter: Setting JMeter property: BASE_HOST=k8s-forkfind-forkfind-8e65d48af1-1990260306.us-east-1.elb.amazonaws.com
2026-04-30 17:24:14,583 INFO o.a.j.JMeter: Setting JMeter property: BASE_PORT=80
2026-04-30 17:24:14,583 INFO o.a.j.JMeter: Setting JMeter property: RESTAURANT_ID=20
2026-04-30 17:24:14,584 INFO o.a.j.JMeter: Copyright (c) 1998-2024 The Apache Software Foundation
2026-04-30 17:24:14,584 INFO o.a.j.JMeter: Version 5.6.3
2026-04-30 17:24:14,584 INFO o.a.j.JMeter: java.version=21.0.11
2026-04-30 17:24:14,584 INFO o.a.j.JMeter: java.vm.name=OpenJDK 64-Bit Server VM
2026-04-30 17:24:14,584 INFO o.a.j.JMeter: os.name=Mac OS X
2026-04-30 17:24:14,585 INFO o.a.j.JMeter: os.arch=aarch64
2026-04-30 17:24:14,585 INFO o.a.j.JMeter: os.version=15.7.5
2026-04-30 17:24:14,585 INFO o.a.j.JMeter: file.encoding=UTF-8
2026-04-30 17:24:14,585 INFO o.a.j.JMeter: java.awt.headless=true
2026-04-30 17:24:14,585 INFO o.a.j.JMeter: Max memory     =2147483648
2026-04-30 17:24:14,585 INFO o.a.j.JMeter: Available Processors =10
2026-04-30 17:24:14,588 INFO o.a.j.JMeter: Default Locale=English (EN)
2026-04-30 17:24:14,588 INFO o.a.j.JMeter: JMeter  Locale=English (EN)
2026-04-30 17:24:14,588 INFO o.a.j.JMeter: JMeterHome=/opt/homebrew/Cellar/jmeter/5.6.3/libexec
2026-04-30 17:24:14,588 INFO o.a.j.JMeter: user.dir  =/Users/spartan/Documents/data236/lab1
2026-04-30 17:24:14,588 INFO o.a.j.JMeter: PWD       =/Users/spartan/Documents/data236/lab1
2026-04-30 17:24:14,590 INFO o.a.j.JMeter: IP: 10.250.51.90 Name: MLK-SCS-F4HG0QK405 FullName: 10.250.51.90
2026-04-30 17:24:14,595 INFO o.a.j.JMeter: Setting property 'jmeter.reportgenerator.outputdir' to:'/Users/spartan/Documents/data236/lab1/jmeter/results/html_500'
2026-04-30 17:24:14,596 INFO o.a.j.s.FileServer: Default base='/Users/spartan/Documents/data236/lab1'
2026-04-30 17:24:14,596 INFO o.a.j.s.FileServer: Set new base='/Users/spartan/Documents/data236/lab1/jmeter'
2026-04-30 17:24:14,652 INFO o.a.j.s.SaveService: Testplan (JMX) version: 2.2. Testlog (JTL) version: 2.2
2026-04-30 17:24:14,663 INFO o.a.j.s.SaveService: Using SaveService properties version 5.0
2026-04-30 17:24:14,664 INFO o.a.j.s.SaveService: Using SaveService properties file encoding UTF-8
2026-04-30 17:24:14,665 INFO o.a.j.s.SaveService: Loading file: jmeter/forkfinder_load_test.jmx
2026-04-30 17:24:14,688 INFO o.a.j.p.h.s.HTTPSamplerBase: Parser for text/html is org.apache.jmeter.protocol.http.parser.LagartoBasedHtmlParser
2026-04-30 17:24:14,688 INFO o.a.j.p.h.s.HTTPSamplerBase: Parser for application/xhtml+xml is org.apache.jmeter.protocol.http.parser.LagartoBasedHtmlParser
2026-04-30 17:24:14,688 INFO o.a.j.p.h.s.HTTPSamplerBase: Parser for application/xml is org.apache.jmeter.protocol.http.parser.LagartoBasedHtmlParser
2026-04-30 17:24:14,688 INFO o.a.j.p.h.s.HTTPSamplerBase: Parser for text/xml is org.apache.jmeter.protocol.http.parser.LagartoBasedHtmlParser
2026-04-30 17:24:14,688 INFO o.a.j.p.h.s.HTTPSamplerBase: Parser for text/vnd.wap.wml is org.apache.jmeter.protocol.http.parser.RegexpHTMLParser
2026-04-30 17:24:14,688 INFO o.a.j.p.h.s.HTTPSamplerBase: Parser for text/css is org.apache.jmeter.protocol.http.parser.CssParser
2026-04-30 17:24:14,702 INFO o.a.j.JMeter: Creating summariser <summary>
2026-04-30 17:24:14,703 INFO o.a.j.r.d.ReportGenerator: ReportGenerator will use for Parsing the separator: ','
2026-04-30 17:24:14,703 INFO o.a.j.r.d.ReportGenerator: Will generate report at end of test from  results file: jmeter/results/raw_500.jtl
2026-04-30 17:24:14,703 INFO o.a.j.r.d.ReportGenerator: Reading report generator properties from: /opt/homebrew/Cellar/jmeter/5.6.3/libexec/bin/reportgenerator.properties
2026-04-30 17:24:14,705 INFO o.a.j.r.d.ReportGenerator: Merging with JMeter properties
2026-04-30 17:24:14,706 INFO o.a.j.r.c.ReportGeneratorConfiguration: Property 'jmeter.reportgenerator.temp_dir' not found, using default value 'temp' instead.
2026-04-30 17:24:14,706 INFO o.a.j.r.c.ReportGeneratorConfiguration: Property 'jmeter.reportgenerator.apdex_per_transaction' not found, using default value 'null' instead.
2026-04-30 17:24:14,706 INFO o.a.j.r.c.ReportGeneratorConfiguration: apdex_per_transaction is empty, not APDEX per transaction customization
2026-04-30 17:24:14,706 INFO o.a.j.r.c.ReportGeneratorConfiguration: Property 'jmeter.reportgenerator.sample_filter' not found, using default value 'null' instead.
2026-04-30 17:24:14,706 INFO o.a.j.r.c.ReportGeneratorConfiguration: Property 'jmeter.reportgenerator.report_title' not found, using default value 'null' instead.
2026-04-30 17:24:14,706 INFO o.a.j.r.c.ReportGeneratorConfiguration: Property 'jmeter.reportgenerator.start_date' not found, using default value 'null' instead.
2026-04-30 17:24:14,707 INFO o.a.j.r.c.ReportGeneratorConfiguration: Property 'jmeter.reportgenerator.end_date' not found, using default value 'null' instead.
2026-04-30 17:24:14,707 INFO o.a.j.r.c.ReportGeneratorConfiguration: Property 'jmeter.reportgenerator.date_format' not found, using default value 'null' instead.
2026-04-30 17:24:14,707 INFO o.a.j.r.c.ReportGeneratorConfiguration: Will use date range start date: null, end date: null
2026-04-30 17:24:14,708 INFO o.a.j.r.c.ReportGeneratorConfiguration: Property 'jmeter.reportgenerator.graph.totalTPS.exclude_controllers' not found, using default value 'false' instead.
2026-04-30 17:24:14,708 INFO o.a.j.r.c.ReportGeneratorConfiguration: Property 'jmeter.reportgenerator.graph.activeThreadsOverTime.exclude_controllers' not found, using default value 'false' instead.
2026-04-30 17:24:14,708 INFO o.a.j.r.c.ReportGeneratorConfiguration: Property 'jmeter.reportgenerator.graph.timeVsThreads.exclude_controllers' not found, using default value 'false' instead.
2026-04-30 17:24:14,708 INFO o.a.j.r.c.ReportGeneratorConfiguration: Property 'jmeter.reportgenerator.graph.responseTimeDistribution.exclude_controllers' not found, using default value 'false' instead.
2026-04-30 17:24:14,708 INFO o.a.j.r.c.ReportGeneratorConfiguration: Property 'jmeter.reportgenerator.graph.transactionsPerSecond.exclude_controllers' not found, using default value 'false' instead.
2026-04-30 17:24:14,708 INFO o.a.j.r.c.ReportGeneratorConfiguration: Property 'jmeter.reportgenerator.graph.responseTimePercentiles.exclude_controllers' not found, using default value 'false' instead.
2026-04-30 17:24:14,709 INFO o.a.j.r.c.ReportGeneratorConfiguration: Property 'jmeter.reportgenerator.graph.responseTimePercentilesOverTime.exclude_controllers' not found, using default value 'false' instead.
2026-04-30 17:24:14,709 INFO o.a.j.r.c.ReportGeneratorConfiguration: Property 'jmeter.reportgenerator.graph.responseTimesOverTime.exclude_controllers' not found, using default value 'false' instead.
2026-04-30 17:24:14,709 INFO o.a.j.r.c.ReportGeneratorConfiguration: Property 'jmeter.reportgenerator.graph.connectTimeOverTime.exclude_controllers' not found, using default value 'false' instead.
2026-04-30 17:24:14,709 INFO o.a.j.r.c.ReportGeneratorConfiguration: Property 'jmeter.reportgenerator.graph.latenciesOverTime.exclude_controllers' not found, using default value 'false' instead.
2026-04-30 17:24:14,709 INFO o.a.j.r.c.ReportGeneratorConfiguration: Property 'jmeter.reportgenerator.exporter.json.filters_only_sample_series' not found, using default value 'true' instead.
2026-04-30 17:24:14,709 INFO o.a.j.r.c.ReportGeneratorConfiguration: Property 'jmeter.reportgenerator.exporter.json.series_filter' not found, using default value '' instead.
2026-04-30 17:24:14,709 INFO o.a.j.r.c.ReportGeneratorConfiguration: Property 'jmeter.reportgenerator.exporter.json.show_controllers_only' not found, using default value 'false' instead.
2026-04-30 17:24:14,709 INFO o.a.j.r.c.ReportGeneratorConfiguration: Property 'jmeter.reportgenerator.exporter.html.filters_only_sample_series' not found, using default value 'true' instead.
2026-04-30 17:24:14,709 INFO o.a.j.r.c.ReportGeneratorConfiguration: Property 'jmeter.reportgenerator.exporter.html.series_filter' not found, using default value '' instead.
2026-04-30 17:24:14,709 INFO o.a.j.r.c.ReportGeneratorConfiguration: Property 'jmeter.reportgenerator.exporter.html.show_controllers_only' not found, using default value 'false' instead.
2026-04-30 17:24:14,713 INFO o.a.j.e.StandardJMeterEngine: Running the test!
2026-04-30 17:24:14,713 INFO o.a.j.s.SampleEvent: List of sample_variables: []
2026-04-30 17:24:14,713 INFO o.a.j.s.SampleEvent: List of sample_variables: []
2026-04-30 17:24:14,714 INFO o.a.j.e.u.CompoundVariable: Note: Function class names must contain the string: '.functions.'
2026-04-30 17:24:14,714 INFO o.a.j.e.u.CompoundVariable: Note: Function class names must not contain the string: '.gui.'
2026-04-30 17:24:14,732 INFO o.a.j.r.ClassFinder: Will scan jar /opt/homebrew/Cellar/jmeter/5.6.3/libexec/lib/ext/jmeter-plugins-manager-1.9.jar with filter ExtendsClassFilter [parents=[interface org.apache.jmeter.functions.Function], inner=false, contains=null, notContains=null]. Consider exposing JMeter plugins via META-INF/services, and add JMeter-Skip-Class-Scanning=true manifest attribute so JMeter can skip classfile scanning
2026-04-30 17:24:14,772 INFO o.a.j.JMeter: Running test (1777595054772)
2026-04-30 17:24:14,779 INFO o.a.j.e.StandardJMeterEngine: Starting ThreadGroup: 1 : Virtual Users [500 threads]
2026-04-30 17:24:14,779 INFO o.a.j.e.StandardJMeterEngine: Starting 500 threads for group Virtual Users [500 threads].
2026-04-30 17:24:14,779 INFO o.a.j.e.StandardJMeterEngine: Thread will continue on error
2026-04-30 17:24:14,779 INFO o.a.j.t.ThreadGroup: Starting thread group... number=1 threads=500 ramp-up=90 delayedStart=false
2026-04-30 17:24:14,814 INFO o.a.j.t.JMeterThread: Thread started: Virtual Users [500 threads] 1-1
2026-04-30 17:24:14,814 INFO o.a.j.s.FileServer: Stored: users.csv
2026-04-30 17:24:14,832 INFO o.a.j.p.h.s.HTTPHCAbstractImpl: Local host = MLK-SCS-F4HG0QK405
2026-04-30 17:24:14,834 INFO o.a.j.p.h.s.HTTPHC4Impl: HTTP request retry count = 0
2026-04-30 17:24:14,834 INFO o.a.j.s.SampleResult: Note: Sample TimeStamps are START times
2026-04-30 17:24:14,835 INFO o.a.j.s.SampleResult: sampleresult.default.encoding is set to UTF-8
2026-04-30 17:24:14,835 INFO o.a.j.s.SampleResult: sampleresult.useNanoTime=true
2026-04-30 17:24:14,835 INFO o.a.j.s.SampleResult: sampleresult.nanoThreadSleep=5000
2026-04-30 17:24:14,860 INFO o.a.j.t.ThreadGroup: Started thread group number 1
2026-04-30 17:24:14,860 INFO o.a.j.e.StandardJMeterEngine: All thread groups have been started
2026-04-30 17:24:14,999 INFO o.a.j.t.JMeterThread: Thread started: Virtual Users [500 threads] 1-2
2026-04-30 17:24:15,181 INFO o.a.j.t.JMeterThread: Thread started: Virtual Users [500 threads] 1-3
2026-04-30 17:24:15,359 INFO o.a.j.t.JMeterThread: Thread started: Virtual Users [500 threads] 1-4
2026-04-30 17:24:15,541 INFO o.a.j.t.JMeterThread: Thread started: Virtual Users [500 threads] 1-5
2026-04-30 17:24:15,714 INFO o.a.j.t.JMeterThread: Thread started: Virtual Users [500 threads] 1-6
2026-04-30 17:24:15,898 INFO o.a.j.t.JMeterThread: Thread started: Virtual Users [500 threads] 1-7
2026-04-30 17:24:16,074 INFO o.a.j.t.JMeterThread: Thread started: Virtual Users [500 threads] 1-8
2026-04-30 17:24:16,249 INFO o.a.j.t.JMeterThread: Thread is done: Virtual Users [500 threads] 1-1
2026-04-30 17:24:16,249 INFO o.a.j.t.JMeterThread: Thread is done: Virtual Users [500 threads] 1-3
2026-04-30 17:24:16,249 INFO o.a.j.t.JMeterThread: Thread finished: Virtual Users [500 threads] 1-3
2026-04-30 17:24:16,250 INFO o.a.j.t.JMeterThread: Thread finished: Virtual Users [500 threads] 1-1
2026-04-30 17:24:16,253 INFO o.a.j.t.JMeterThread: Thread started: Virtual Users [500 threads] 1-9
2026-04-30 17:24:16,436 INFO o.a.j.t.JMeterThread: Thread started: Virtual Users [500 threads] 1-10
2026-04-30 17:24:16,518 INFO o.a.j.t.JMeterThread: Thread is done: Virtual Users [500 threads] 1-2
2026-04-30 17:24:16,518 INFO o.a.j.t.JMeterThread: Thread finished: Virtual Users [500 threads] 1-2
2026-04-30 17:24:16,610 INFO o.a.j.t.JMeterThread: Thread is done: Virtual Users [500 threads] 1-4
2026-04-30 17:24:16,611 INFO o.a.j.t.JMeterThread: Thread finished: Virtual Users [500 threads] 1-4
2026-04-30 17:24:16,615 INFO o.a.j.t.JMeterThread: Thread started: Virtual Users [500 threads] 1-11
2026-04-30 17:24:16,800 INFO o.a.j.t.JMeterThread: Thread started: Virtual Users [500 threads] 1-12
2026-04-30 17:24:16,924 INFO o.a.j.t.JMeterThread: Thread is done: Virtual Users [500 threads] 1-5
2026-04-30 17:24:16,924 INFO o.a.j.t.JMeterThread: Thread finished: Virtual Users [500 threads] 1-5
2026-04-30 17:24:16,974 INFO o.a.j.t.JMeterThread: Thread started: Virtual Users [500 threads] 1-13
2026-04-30 17:24:17,154 INFO o.a.j.t.JMeterThread: Thread started: Virtual Users [500 threads] 1-14
2026-04-30 17:24:17,203 INFO o.a.j.t.JMeterThread: Thread is done: Virtual Users [500 threads] 1-7
2026-04-30 17:24:17,203 INFO o.a.j.t.JMeterThread: Thread finished: Virtual Users [500 threads] 1-7
2026-04-30 17:24:17,259 INFO o.a.j.t.JMeterThread: Thread is done: Virtual Users [500 threads] 1-6
2026-04-30 17:24:17,260 INFO o.a.j.t.JMeterThread: Thread finished: Virtual Users [500 threads] 1-6
2026-04-30 17:24:17,336 INFO o.a.j.t.JMeterThread: Thread started: Virtual Users [500 threads] 1-15
2026-04-30 17:24:17,518 INFO o.a.j.t.JMeterThread: Thread started: Virtual Users [500 threads] 1-16
2026-04-30 17:24:17,693 INFO o.a.j.t.JMeterThread: Thread started: Virtual Users [500 threads] 1-17
2026-04-30 17:24:17,852 INFO o.a.j.t.JMeterThread: Thread is done: Virtual Users [500 threads] 1-9
2026-04-30 17:24:17,852 INFO o.a.j.t.JMeterThread: Thread is done: Virtual Users [500 threads] 1-8
2026-04-30 17:24:17,852 INFO o.a.j.t.JMeterThread: Thread finished: Virtual Users [500 threads] 1-9
2026-04-30 17:24:17,852 INFO o.a.j.t.JMeterThread: Thread finished: Virtual Users [500 threads] 1-8
2026-04-30 17:24:17,870 INFO o.a.j.t.JMeterThread: Thread started: Virtual Users [500 threads] 1-18
2026-04-30 17:24:17,935 INFO o.a.j.t.JMeterThread: Thread is done: Virtual Users [500 threads] 1-10
2026-04-30 17:24:17,936 INFO o.a.j.t.JMeterThread: Thread finished: Virtual Users [500 threads] 1-10
2026-04-30 17:24:18,053 INFO o.a.j.t.JMeterThread: Thread started: Virtual Users [500 threads] 1-19
2026-04-30 17:24:18,233 INFO o.a.j.t.JMeterThread: Thread started: Virtual Users [500 threads] 1-20
2026-04-30 17:24:18,267 INFO o.a.j.t.JMeterThread: Thread is done: Virtual Users [500 threads] 1-11
2026-04-30 17:24:18,268 INFO o.a.j.t.JMeterThread: Thread finished: Virtual Users [500 threads] 1-11
2026-04-30 17:24:18,414 INFO o.a.j.t.JMeterThread: Thread started: Virtual Users [500 threads] 1-21
2026-04-30 17:24:18,594 INFO o.a.j.t.JMeterThread: Thread started: Virtual Users [500 threads] 1-22
2026-04-30 17:24:18,661 INFO o.a.j.t.JMeterThread: Thread is done: Virtual Users [500 threads] 1-12
2026-04-30 17:24:18,662 INFO o.a.j.t.JMeterThread: Thread finished: Virtual Users [500 threads] 1-12
2026-04-30 17:24:18,662 INFO o.a.j.t.JMeterThread: Thread is done: Virtual Users [500 threads] 1-13
2026-04-30 17:24:18,662 INFO o.a.j.t.JMeterThread: Thread finished: Virtual Users [500 threads] 1-13
2026-04-30 17:24:18,775 INFO o.a.j.t.JMeterThread: Thread started: Virtual Users [500 threads] 1-23
2026-04-30 17:24:18,886 INFO o.a.j.t.JMeterThread: Thread is done: Virtual Users [500 threads] 1-15
2026-04-30 17:24:18,887 INFO o.a.j.t.JMeterThread: Thread finished: Virtual Users [500 threads] 1-15
2026-04-30 17:24:18,954 INFO o.a.j.t.JMeterThread: Thread started: Virtual Users [500 threads] 1-24
2026-04-30 17:24:19,129 INFO o.a.j.t.JMeterThread: Thread started: Virtual Users [500 threads] 1-25
2026-04-30 17:24:19,309 INFO o.a.j.t.JMeterThread: Thread started: Virtual Users [500 threads] 1-26
2026-04-30 17:24:19,351 INFO o.a.j.t.JMeterThread: Thread is done: Virtual Users [500 threads] 1-14
2026-04-30 17:24:19,352 INFO o.a.j.t.JMeterThread: Thread finished: Virtual Users [500 threads] 1-14
2026-04-30 17:24:19,427 INFO o.a.j.t.JMeterThread: Thread is done: Virtual Users [500 threads] 1-16
2026-04-30 17:24:19,427 INFO o.a.j.t.JMeterThread: Thread finished: Virtual Users [500 threads] 1-16
2026-04-30 17:24:19,491 INFO o.a.j.t.JMeterThread: Thread started: Virtual Users [500 threads] 1-27
2026-04-30 17:24:19,510 INFO o.a.j.t.JMeterThread: Thread is done: Virtual Users [500 threads] 1-18
2026-04-30 17:24:19,510 INFO o.a.j.t.JMeterThread: Thread finished: Virtual Users [500 threads] 1-18
2026-04-30 17:24:19,670 INFO o.a.j.t.JMeterThread: Thread started: Virtual Users [500 threads] 1-28
2026-04-30 17:24:19,853 INFO o.a.j.t.JMeterThread: Thread started: Virtual Users [500 threads] 1-29
2026-04-30 17:24:20,026 INFO o.a.j.t.JMeterThread: Thread started: Virtual Users [500 threads] 1-30
2026-04-30 17:24:20,211 INFO o.a.j.t.JMeterThread: Thread started: Virtual Users [500 threads] 1-31
2026-04-30 17:24:20,233 INFO o.a.j.t.JMeterThread: Thread is done: Virtual Users [500 threads] 1-19
2026-04-30 17:24:20,233 INFO o.a.j.t.JMeterThread: Thread finished: Virtual Users [500 threads] 1-19
2026-04-30 17:24:20,248 INFO o.a.j.t.JMeterThread: Thread is done: Virtual Users [500 threads] 1-21
2026-04-30 17:24:20,248 INFO o.a.j.t.JMeterThread: Thread is done: Virtual Users [500 threads] 1-20
2026-04-30 17:24:20,249 INFO o.a.j.t.JMeterThread: Thread finished: Virtual Users [500 threads] 1-21
2026-04-30 17:24:20,249 INFO o.a.j.t.JMeterThread: Thread finished: Virtual Users [500 threads] 1-20
2026-04-30 17:24:20,386 INFO o.a.j.t.JMeterThread: Thread started: Virtual Users [500 threads] 1-32
2026-04-30 17:24:20,447 INFO o.a.j.t.JMeterThread: Thread is done: Virtual Users [500 threads] 1-17
2026-04-30 17:24:20,448 INFO o.a.j.t.JMeterThread: Thread finished: Virtual Users [500 threads] 1-17
2026-04-30 17:24:20,570 INFO o.a.j.t.JMeterThread: Thread started: Virtual Users [500 threads] 1-33
2026-04-30 17:24:20,751 INFO o.a.j.t.JMeterThread: Thread started: Virtual Users [500 threads] 1-34
2026-04-30 17:24:20,930 INFO o.a.j.t.JMeterThread: Thread started: Virtual Users [500 threads] 1-35
2026-04-30 17:24:21,110 INFO o.a.j.t.JMeterThread: Thread started: Virtual Users [500 threads] 1-36
2026-04-30 17:24:21,165 INFO o.a.j.t.JMeterThread: Thread is done: Virtual Users [500 threads] 1-24
2026-04-30 17:24:21,165 INFO o.a.j.t.JMeterThread: Thread finished: Virtual Users [500 threads] 1-24
2026-04-30 17:24:21,292 INFO o.a.j.t.JMeterThread: Thread started: Virtual Users [500 threads] 1-37
2026-04-30 17:24:21,324 INFO o.a.j.t.JMeterThread: Thread is done: Virtual Users [500 threads] 1-23
2026-04-30 17:24:21,324 INFO o.a.j.t.JMeterThread: Thread finished: Virtual Users [500 threads] 1-23
2026-04-30 17:24:21,419 INFO o.a.j.t.JMeterThread: Thread is done: Virtual Users [500 threads] 1-25
2026-04-30 17:24:21,419 INFO o.a.j.t.JMeterThread: Thread finished: Virtual Users [500 threads] 1-25
2026-04-30 17:24:21,467 INFO o.a.j.t.JMeterThread: Thread started: Virtual Users [500 threads] 1-38
2026-04-30 17:24:21,519 INFO o.a.j.t.JMeterThread: Thread is done: Virtual Users [500 threads] 1-22
2026-04-30 17:24:21,519 INFO o.a.j.t.JMeterThread: Thread finished: Virtual Users [500 threads] 1-22
2026-04-30 17:24:21,648 INFO o.a.j.t.JMeterThread: Thread started: Virtual Users [500 threads] 1-39
2026-04-30 17:24:21,827 INFO o.a.j.t.JMeterThread: Thread started: Virtual Users [500 threads] 1-40
2026-04-30 17:24:21,910 INFO o.a.j.t.JMeterThread: Thread is done: Virtual Users [500 threads] 1-26
2026-04-30 17:24:21,910 INFO o.a.j.t.JMeterThread: Thread is done: Virtual Users [500 threads] 1-27
2026-04-30 17:24:21,911 INFO o.a.j.t.JMeterThread: Thread finished: Virtual Users [500 threads] 1-26
2026-04-30 17:24:21,911 INFO o.a.j.t.JMeterThread: Thread finished: Virtual Users [500 threads] 1-27
2026-04-30 17:24:22,004 INFO o.a.j.t.JMeterThread: Thread started: Virtual Users [500 threads] 1-41
2026-04-30 17:24:22,187 INFO o.a.j.t.JMeterThread: Thread started: Virtual Users [500 threads] 1-42
2026-04-30 17:24:22,368 INFO o.a.j.t.JMeterThread: Thread started: Virtual Users [500 threads] 1-43
2026-04-30 17:24:22,542 INFO o.a.j.t.JMeterThread: Thread started: Virtual Users [500 threads] 1-44
2026-04-30 17:24:22,650 INFO o.a.j.t.JMeterThread: Thread is done: Virtual Users [500 threads] 1-32
2026-04-30 17:24:22,650 INFO o.a.j.t.JMeterThread: Thread finished: Virtual Users [500 threads] 1-32
2026-04-30 17:24:22,730 INFO o.a.j.t.JMeterThread: Thread started: Virtual Users [500 threads] 1-45
2026-04-30 17:24:22,911 INFO o.a.j.t.JMeterThread: Thread started: Virtual Users [500 threads] 1-46
2026-04-30 17:24:22,952 INFO o.a.j.t.JMeterThread: Thread is done: Virtual Users [500 threads] 1-33
2026-04-30 17:24:22,952 INFO o.a.j.t.JMeterThread: Thread is done: Virtual Users [500 threads] 1-30
2026-04-30 17:24:22,953 INFO o.a.j.t.JMeterThread: Thread finished: Virtual Users [500 threads] 1-33
2026-04-30 17:24:22,953 INFO o.a.j.t.JMeterThread: Thread finished: Virtual Users [500 threads] 1-30
2026-04-30 17:24:23,083 INFO o.a.j.t.JMeterThread: Thread started: Virtual Users [500 threads] 1-47
2026-04-30 17:24:23,108 INFO o.a.j.t.JMeterThread: Thread is done: Virtual Users [500 threads] 1-28
2026-04-30 17:24:23,109 INFO o.a.j.t.JMeterThread: Thread finished: Virtual Users [500 threads] 1-28
2026-04-30 17:24:23,151 INFO o.a.j.t.JMeterThread: Thread is done: Virtual Users [500 threads] 1-31
2026-04-30 17:24:23,151 INFO o.a.j.t.JMeterThread: Thread finished: Virtual Users [500 threads] 1-31
2026-04-30 17:24:23,269 INFO o.a.j.t.JMeterThread: Thread started: Virtual Users [500 threads] 1-48
2026-04-30 17:24:23,442 INFO o.a.j.t.JMeterThread: Thread started: Virtual Users [500 threads] 1-49
2026-04-30 17:24:23,503 INFO o.a.j.t.JMeterThread: Thread is done: Virtual Users [500 threads] 1-29
2026-04-30 17:24:23,504 INFO o.a.j.t.JMeterThread: Thread finished: Virtual Users [500 threads] 1-29
2026-04-30 17:24:23,607 INFO o.a.j.t.JMeterThread: Thread is done: Virtual Users [500 threads] 1-34
2026-04-30 17:24:23,608 INFO o.a.j.t.JMeterThread: Thread finished: Virtual Users [500 threads] 1-34
2026-04-30 17:24:23,628 INFO o.a.j.t.JMeterThread: Thread started: Virtual Users [500 threads] 1-50
2026-04-30 17:24:23,798 INFO o.a.j.t.JMeterThread: Thread started: Virtual Users [500 threads] 1-51
2026-04-30 17:24:23,982 INFO o.a.j.t.JMeterThread: Thread started: Virtual Users [500 threads] 1-52
2026-04-30 17:24:24,161 INFO o.a.j.t.JMeterThread: Thread started: Virtual Users [500 threads] 1-53
2026-04-30 17:24:24,339 INFO o.a.j.t.JMeterThread: Thread started: Virtual Users [500 threads] 1-54
2026-04-30 17:24:24,511 INFO o.a.j.t.JMeterThread: Thread is done: Virtual Users [500 threads] 1-37
2026-04-30 17:24:24,511 INFO o.a.j.t.JMeterThread: Thread finished: Virtual Users [500 threads] 1-37
2026-04-30 17:24:24,515 INFO o.a.j.t.JMeterThread: Thread started: Virtual Users [500 threads] 1-55
2026-04-30 17:24:24,520 INFO o.a.j.t.JMeterThread: Thread is done: Virtual Users [500 threads] 1-35
2026-04-30 17:24:24,520 INFO o.a.j.t.JMeterThread: Thread finished: Virtual Users [500 threads] 1-35
2026-04-30 17:24:24,555 INFO o.a.j.t.JMeterThread: Thread is done: Virtual Users [500 threads] 1-41
2026-04-30 17:24:24,555 INFO o.a.j.t.JMeterThread: Thread finished: Virtual Users [500 threads] 1-41
2026-04-30 17:24:24,704 INFO o.a.j.t.JMeterThread: Thread started: Virtual Users [500 threads] 1-56
2026-04-30 17:24:24,882 INFO o.a.j.t.JMeterThread: Thread started: Virtual Users [500 threads] 1-57
2026-04-30 17:24:25,058 INFO o.a.j.t.JMeterThread: Thread started: Virtual Users [500 threads] 1-58
2026-04-30 17:24:25,152 INFO o.a.j.t.JMeterThread: Thread is done: Virtual Users [500 threads] 1-40
2026-04-30 17:24:25,152 INFO o.a.j.t.JMeterThread: Thread finished: Virtual Users [500 threads] 1-40
2026-04-30 17:24:25,244 INFO o.a.j.t.JMeterThread: Thread started: Virtual Users [500 threads] 1-59
2026-04-30 17:24:25,330 INFO o.a.j.t.JMeterThread: Thread is done: Virtual Users [500 threads] 1-36
2026-04-30 17:24:25,331 INFO o.a.j.t.JMeterThread: Thread finished: Virtual Users [500 threads] 1-36
2026-04-30 17:24:25,421 INFO o.a.j.t.JMeterThread: Thread started: Virtual Users [500 threads] 1-60
2026-04-30 17:24:25,450 INFO o.a.j.t.JMeterThread: Thread is done: Virtual Users [500 threads] 1-39
2026-04-30 17:24:25,450 INFO o.a.j.t.JMeterThread: Thread finished: Virtual Users [500 threads] 1-39
2026-04-30 17:24:25,603 INFO o.a.j.t.JMeterThread: Thread started: Virtual Users [500 threads] 1-61
2026-04-30 17:24:25,781 INFO o.a.j.t.JMeterThread: Thread started: Virtual Users [500 threads] 1-62
2026-04-30 17:24:25,963 INFO o.a.j.t.JMeterThread: Thread started: Virtual Users [500 threads] 1-63
2026-04-30 17:24:25,971 INFO o.a.j.t.JMeterThread: Thread is done: Virtual Users [500 threads] 1-38
2026-04-30 17:24:25,972 INFO o.a.j.t.JMeterThread: Thread finished: Virtual Users [500 threads] 1-38
2026-04-30 17:24:26,139 INFO o.a.j.t.JMeterThread: Thread started: Virtual Users [500 threads] 1-64
2026-04-30 17:24:26,316 INFO o.a.j.t.JMeterThread: Thread started: Virtual Users [500 threads] 1-65
2026-04-30 17:24:26,498 INFO o.a.j.t.JMeterThread: Thread started: Virtual Users [500 threads] 1-66
2026-04-30 17:24:26,499 INFO o.a.j.t.JMeterThread: Thread is done: Virtual Users [500 threads] 1-42
2026-04-30 17:24:26,499 INFO o.a.j.t.JMeterThread: Thread finished: Virtual Users [500 threads] 1-42
2026-04-30 17:24:26,594 INFO o.a.j.t.JMeterThread: Thread is done: Virtual Users [500 threads] 1-45
2026-04-30 17:24:26,594 INFO o.a.j.t.JMeterThread: Thread finished: Virtual Users [500 threads] 1-45
2026-04-30 17:24:26,595 INFO o.a.j.t.JMeterThread: Thread is done: Virtual Users [500 threads] 1-46
2026-04-30 17:24:26,595 INFO o.a.j.t.JMeterThread: Thread finished: Virtual Users [500 threads] 1-46
2026-04-30 17:24:26,678 INFO o.a.j.t.JMeterThread: Thread started: Virtual Users [500 threads] 1-67
2026-04-30 17:24:26,780 INFO o.a.j.t.JMeterThread: Thread is done: Virtual Users [500 threads] 1-48
2026-04-30 17:24:26,780 INFO o.a.j.t.JMeterThread: Thread finished: Virtual Users [500 threads] 1-48
2026-04-30 17:24:26,856 INFO o.a.j.t.JMeterThread: Thread started: Virtual Users [500 threads] 1-68
2026-04-30 17:24:26,954 INFO o.a.j.t.JMeterThread: Thread is done: Virtual Users [500 threads] 1-47
2026-04-30 17:24:26,954 INFO o.a.j.t.JMeterThread: Thread finished: Virtual Users [500 threads] 1-47
2026-04-30 17:24:27,038 INFO o.a.j.t.JMeterThread: Thread started: Virtual Users [500 threads] 1-69
2026-04-30 17:24:27,117 INFO o.a.j.t.JMeterThread: Thread is done: Virtual Users [500 threads] 1-44
2026-04-30 17:24:27,118 INFO o.a.j.t.JMeterThread: Thread finished: Virtual Users [500 threads] 1-44
2026-04-30 17:24:27,206 INFO o.a.j.t.JMeterThread: Thread is done: Virtual Users [500 threads] 1-43
2026-04-30 17:24:27,207 INFO o.a.j.t.JMeterThread: Thread finished: Virtual Users [500 threads] 1-43
2026-04-30 17:24:27,216 INFO o.a.j.t.JMeterThread: Thread started: Virtual Users [500 threads] 1-70
2026-04-30 17:24:27,262 INFO o.a.j.t.JMeterThread: Thread is done: Virtual Users [500 threads] 1-50
2026-04-30 17:24:27,262 INFO o.a.j.t.JMeterThread: Thread finished: Virtual Users [500 threads] 1-50
2026-04-30 17:24:27,396 INFO o.a.j.t.JMeterThread: Thread started: Virtual Users [500 threads] 1-71
2026-04-30 17:24:27,576 INFO o.a.j.t.JMeterThread: Thread started: Virtual Users [500 threads] 1-72
2026-04-30 17:24:27,581 INFO o.a.j.t.JMeterThread: Thread is done: Virtual Users [500 threads] 1-52
2026-04-30 17:24:27,581 INFO o.a.j.t.JMeterThread: Thread finished: Virtual Users [500 threads] 1-52
2026-04-30 17:24:27,668 INFO o.a.j.t.JMeterThread: Thread is done: Virtual Users [500 threads] 1-55
2026-04-30 17:24:27,668 INFO o.a.j.t.JMeterThread: Thread finished: Virtual Users [500 threads] 1-55
2026-04-30 17:24:27,700 INFO o.a.j.t.JMeterThread: Thread is done: Virtual Users [500 threads] 1-51
2026-04-30 17:24:27,700 INFO o.a.j.t.JMeterThread: Thread finished: Virtual Users [500 threads] 1-51
2026-04-30 17:24:27,756 INFO o.a.j.t.JMeterThread: Thread started: Virtual Users [500 threads] 1-73
2026-04-30 17:24:27,938 INFO o.a.j.t.JMeterThread: Thread started: Virtual Users [500 threads] 1-74
2026-04-30 17:24:28,050 INFO o.a.j.t.JMeterThread: Thread is done: Virtual Users [500 threads] 1-54
2026-04-30 17:24:28,050 INFO o.a.j.t.JMeterThread: Thread finished: Virtual Users [500 threads] 1-54
2026-04-30 17:24:28,116 INFO o.a.j.t.JMeterThread: Thread started: Virtual Users [500 threads] 1-75
2026-04-30 17:24:28,295 INFO o.a.j.t.JMeterThread: Thread started: Virtual Users [500 threads] 1-76
2026-04-30 17:24:28,476 INFO o.a.j.t.JMeterThread: Thread started: Virtual Users [500 threads] 1-77
2026-04-30 17:24:28,547 INFO o.a.j.t.JMeterThread: Thread is done: Virtual Users [500 threads] 1-59
2026-04-30 17:24:28,547 INFO o.a.j.t.JMeterThread: Thread finished: Virtual Users [500 threads] 1-59
2026-04-30 17:24:28,657 INFO o.a.j.t.JMeterThread: Thread started: Virtual Users [500 threads] 1-78
2026-04-30 17:24:28,837 INFO o.a.j.t.JMeterThread: Thread started: Virtual Users [500 threads] 1-79
2026-04-30 17:24:29,018 INFO o.a.j.t.JMeterThread: Thread started: Virtual Users [500 threads] 1-80
2026-04-30 17:24:29,035 INFO o.a.j.t.JMeterThread: Thread is done: Virtual Users [500 threads] 1-69
2026-04-30 17:24:29,035 INFO o.a.j.t.JMeterThread: Thread finished: Virtual Users [500 threads] 1-69
2026-04-30 17:24:29,195 INFO o.a.j.t.JMeterThread: Thread started: Virtual Users [500 threads] 1-81
2026-04-30 17:24:29,248 INFO o.a.j.t.JMeterThread: Thread is done: Virtual Users [500 threads] 1-61
2026-04-30 17:24:29,248 INFO o.a.j.t.JMeterThread: Thread finished: Virtual Users [500 threads] 1-61
2026-04-30 17:24:29,375 INFO o.a.j.t.JMeterThread: Thread started: Virtual Users [500 threads] 1-82
2026-04-30 17:24:29,446 INFO o.a.j.t.JMeterThread: Thread is done: Virtual Users [500 threads] 1-49
2026-04-30 17:24:29,447 INFO o.a.j.t.JMeterThread: Thread finished: Virtual Users [500 threads] 1-49
2026-04-30 17:24:29,556 INFO o.a.j.t.JMeterThread: Thread started: Virtual Users [500 threads] 1-83
2026-04-30 17:24:29,648 INFO o.a.j.t.JMeterThread: Thread is done: Virtual Users [500 threads] 1-60
2026-04-30 17:24:29,648 INFO o.a.j.t.JMeterThread: Thread finished: Virtual Users [500 threads] 1-60
2026-04-30 17:24:29,739 INFO o.a.j.t.JMeterThread: Thread started: Virtual Users [500 threads] 1-84
2026-04-30 17:24:29,749 INFO o.a.j.t.JMeterThread: Thread is done: Virtual Users [500 threads] 1-64
2026-04-30 17:24:29,749 INFO o.a.j.t.JMeterThread: Thread finished: Virtual Users [500 threads] 1-64
2026-04-30 17:24:29,919 INFO o.a.j.t.JMeterThread: Thread started: Virtual Users [500 threads] 1-85
2026-04-30 17:24:30,066 INFO o.a.j.r.Summariser: summary +    179 in 00:00:15 =   11.7/s Avg:   956 Min:    71 Max:  5827 Err:     2 (1.12%) Active: 26 Started: 85 Finished: 59
2026-04-30 17:24:30,096 INFO o.a.j.t.JMeterThread: Thread started: Virtual Users [500 threads] 1-86
2026-04-30 17:24:30,152 INFO o.a.j.t.JMeterThread: Thread is done: Virtual Users [500 threads] 1-53
2026-04-30 17:24:30,152 INFO o.a.j.t.JMeterThread: Thread finished: Virtual Users [500 threads] 1-53
2026-04-30 17:24:30,277 INFO o.a.j.t.JMeterThread: Thread started: Virtual Users [500 threads] 1-87
2026-04-30 17:24:30,346 INFO o.a.j.t.JMeterThread: Thread is done: Virtual Users [500 threads] 1-56
2026-04-30 17:24:30,346 INFO o.a.j.t.JMeterThread: Thread finished: Virtual Users [500 threads] 1-56
2026-04-30 17:24:30,457 INFO o.a.j.t.JMeterThread: Thread started: Virtual Users [500 threads] 1-88
2026-04-30 17:24:30,635 INFO o.a.j.t.JMeterThread: Thread started: Virtual Users [500 threads] 1-89
2026-04-30 17:24:30,814 INFO o.a.j.t.JMeterThread: Thread is done: Virtual Users [500 threads] 1-73
2026-04-30 17:24:30,815 INFO o.a.j.t.JMeterThread: Thread finished: Virtual Users [500 threads] 1-73
2026-04-30 17:24:30,815 INFO o.a.j.t.JMeterThread: Thread started: Virtual Users [500 threads] 1-90
2026-04-30 17:24:30,992 INFO o.a.j.t.JMeterThread: Thread started: Virtual Users [500 threads] 1-91
2026-04-30 17:24:31,178 INFO o.a.j.t.JMeterThread: Thread started: Virtual Users [500 threads] 1-92
2026-04-30 17:24:31,251 INFO o.a.j.t.JMeterThread: Thread is done: Virtual Users [500 threads] 1-58
2026-04-30 17:24:31,251 INFO o.a.j.t.JMeterThread: Thread finished: Virtual Users [500 threads] 1-58
2026-04-30 17:24:31,349 INFO o.a.j.t.JMeterThread: Thread is done: Virtual Users [500 threads] 1-63
2026-04-30 17:24:31,349 INFO o.a.j.t.JMeterThread: Thread finished: Virtual Users [500 threads] 1-63
2026-04-30 17:24:31,357 INFO o.a.j.t.JMeterThread: Thread started: Virtual Users [500 threads] 1-93
2026-04-30 17:24:31,534 INFO o.a.j.t.JMeterThread: Thread started: Virtual Users [500 threads] 1-94
2026-04-30 17:24:31,694 INFO o.a.j.t.JMeterThread: Thread is done: Virtual Users [500 threads] 1-75
2026-04-30 17:24:31,694 INFO o.a.j.t.JMeterThread: Thread finished: Virtual Users [500 threads] 1-75
2026-04-30 17:24:31,715 INFO o.a.j.t.JMeterThread: Thread started: Virtual Users [500 threads] 1-95
2026-04-30 17:24:31,897 INFO o.a.j.t.JMeterThread: Thread started: Virtual Users [500 threads] 1-96
2026-04-30 17:24:31,949 INFO o.a.j.t.JMeterThread: Thread is done: Virtual Users [500 threads] 1-57
2026-04-30 17:24:31,950 INFO o.a.j.t.JMeterThread: Thread finished: Virtual Users [500 threads] 1-57
2026-04-30 17:24:32,049 INFO o.a.j.t.JMeterThread: Thread is done: Virtual Users [500 threads] 1-67
2026-04-30 17:24:32,049 INFO o.a.j.t.JMeterThread: Thread finished: Virtual Users [500 threads] 1-67
2026-04-30 17:24:32,071 INFO o.a.j.t.JMeterThread: Thread started: Virtual Users [500 threads] 1-97
2026-04-30 17:24:32,201 INFO o.a.j.t.JMeterThread: Thread is done: Virtual Users [500 threads] 1-62
2026-04-30 17:24:32,201 INFO o.a.j.t.JMeterThread: Thread finished: Virtual Users [500 threads] 1-62
2026-04-30 17:24:32,255 INFO o.a.j.t.JMeterThread: Thread started: Virtual Users [500 threads] 1-98
2026-04-30 17:24:32,359 INFO o.a.j.t.JMeterThread: Thread is done: Virtual Users [500 threads] 1-74
2026-04-30 17:24:32,359 INFO o.a.j.t.JMeterThread: Thread finished: Virtual Users [500 threads] 1-74
2026-04-30 17:24:32,437 INFO o.a.j.t.JMeterThread: Thread started: Virtual Users [500 threads] 1-99
2026-04-30 17:24:32,616 INFO o.a.j.t.JMeterThread: Thread started: Virtual Users [500 threads] 1-100
2026-04-30 17:24:32,689 INFO o.a.j.t.JMeterThread: Thread is done: Virtual Users [500 threads] 1-72
2026-04-30 17:24:32,689 INFO o.a.j.t.JMeterThread: Thread finished: Virtual Users [500 threads] 1-72
2026-04-30 17:24:32,801 INFO o.a.j.t.JMeterThread: Thread started: Virtual Users [500 threads] 1-101
2026-04-30 17:24:32,976 INFO o.a.j.t.JMeterThread: Thread started: Virtual Users [500 threads] 1-102
2026-04-30 17:24:33,156 INFO o.a.j.t.JMeterThread: Thread started: Virtual Users [500 threads] 1-103
2026-04-30 17:24:33,167 INFO o.a.j.t.JMeterThread: Thread is done: Virtual Users [500 threads] 1-70
2026-04-30 17:24:33,167 INFO o.a.j.t.JMeterThread: Thread finished: Virtual Users [500 threads] 1-70
2026-04-30 17:24:33,336 INFO o.a.j.t.JMeterThread: Thread started: Virtual Users [500 threads] 1-104
2026-04-30 17:24:33,345 INFO o.a.j.t.JMeterThread: Thread is done: Virtual Users [500 threads] 1-66
2026-04-30 17:24:33,345 INFO o.a.j.t.JMeterThread: Thread finished: Virtual Users [500 threads] 1-66
2026-04-30 17:24:33,515 INFO o.a.j.t.JMeterThread: Thread started: Virtual Users [500 threads] 1-105
2026-04-30 17:24:33,547 INFO o.a.j.t.JMeterThread: Thread is done: Virtual Users [500 threads] 1-65
2026-04-30 17:24:33,548 INFO o.a.j.t.JMeterThread: Thread finished: Virtual Users [500 threads] 1-65
2026-04-30 17:24:33,646 INFO o.a.j.t.JMeterThread: Thread is done: Virtual Users [500 threads] 1-79
2026-04-30 17:24:33,646 INFO o.a.j.t.JMeterThread: Thread finished: Virtual Users [500 threads] 1-79
2026-04-30 17:24:33,695 INFO o.a.j.t.JMeterThread: Thread started: Virtual Users [500 threads] 1-106
2026-04-30 17:24:33,873 INFO o.a.j.t.JMeterThread: Thread started: Virtual Users [500 threads] 1-107
2026-04-30 17:24:33,905 INFO o.a.j.t.JMeterThread: Thread is done: Virtual Users [500 threads] 1-78
2026-04-30 17:24:33,905 INFO o.a.j.t.JMeterThread: Thread finished: Virtual Users [500 threads] 1-78
2026-04-30 17:24:34,057 INFO o.a.j.t.JMeterThread: Thread started: Virtual Users [500 threads] 1-108
2026-04-30 17:24:34,234 INFO o.a.j.t.JMeterThread: Thread started: Virtual Users [500 threads] 1-109
2026-04-30 17:24:34,252 INFO o.a.j.t.JMeterThread: Thread is done: Virtual Users [500 threads] 1-68
2026-04-30 17:24:34,252 INFO o.a.j.t.JMeterThread: Thread finished: Virtual Users [500 threads] 1-68
2026-04-30 17:24:34,356 INFO o.a.j.t.JMeterThread: Thread is done: Virtual Users [500 threads] 1-85
2026-04-30 17:24:34,356 INFO o.a.j.t.JMeterThread: Thread finished: Virtual Users [500 threads] 1-85
2026-04-30 17:24:34,412 INFO o.a.j.t.JMeterThread: Thread is done: Virtual Users [500 threads] 1-80
2026-04-30 17:24:34,412 INFO o.a.j.t.JMeterThread: Thread finished: Virtual Users [500 threads] 1-80
2026-04-30 17:24:34,417 INFO o.a.j.t.JMeterThread: Thread started: Virtual Users [500 threads] 1-110
2026-04-30 17:24:34,547 INFO o.a.j.t.JMeterThread: Thread is done: Virtual Users [500 threads] 1-83
2026-04-30 17:24:34,547 INFO o.a.j.t.JMeterThread: Thread finished: Virtual Users [500 threads] 1-83
2026-04-30 17:24:34,598 INFO o.a.j.t.JMeterThread: Thread started: Virtual Users [500 threads] 1-111
2026-04-30 17:24:34,720 INFO o.a.j.t.JMeterThread: Thread is done: Virtual Users [500 threads] 1-71
2026-04-30 17:24:34,721 INFO o.a.j.t.JMeterThread: Thread finished: Virtual Users [500 threads] 1-71
2026-04-30 17:24:34,771 INFO o.a.j.t.JMeterThread: Thread started: Virtual Users [500 threads] 1-112
2026-04-30 17:24:34,950 INFO o.a.j.t.JMeterThread: Thread started: Virtual Users [500 threads] 1-113
2026-04-30 17:24:35,128 INFO o.a.j.t.JMeterThread: Thread started: Virtual Users [500 threads] 1-114
2026-04-30 17:24:35,231 INFO o.a.j.t.JMeterThread: Thread is done: Virtual Users [500 threads] 1-86
2026-04-30 17:24:35,231 INFO o.a.j.t.JMeterThread: Thread finished: Virtual Users [500 threads] 1-86
2026-04-30 17:24:35,311 INFO o.a.j.t.JMeterThread: Thread started: Virtual Users [500 threads] 1-115
2026-04-30 17:24:35,410 INFO o.a.j.t.JMeterThread: Thread is done: Virtual Users [500 threads] 1-77
2026-04-30 17:24:35,411 INFO o.a.j.t.JMeterThread: Thread finished: Virtual Users [500 threads] 1-77
2026-04-30 17:24:35,488 INFO o.a.j.t.JMeterThread: Thread started: Virtual Users [500 threads] 1-116
2026-04-30 17:24:35,670 INFO o.a.j.t.JMeterThread: Thread started: Virtual Users [500 threads] 1-117
2026-04-30 17:24:35,674 INFO o.a.j.t.JMeterThread: Thread is done: Virtual Users [500 threads] 1-82
2026-04-30 17:24:35,675 INFO o.a.j.t.JMeterThread: Thread finished: Virtual Users [500 threads] 1-82
2026-04-30 17:24:35,772 INFO o.a.j.t.JMeterThread: Thread is done: Virtual Users [500 threads] 1-89
2026-04-30 17:24:35,773 INFO o.a.j.t.JMeterThread: Thread finished: Virtual Users [500 threads] 1-89
2026-04-30 17:24:35,841 INFO o.a.j.t.JMeterThread: Thread is done: Virtual Users [500 threads] 1-99
2026-04-30 17:24:35,841 INFO o.a.j.t.JMeterThread: Thread finished: Virtual Users [500 threads] 1-99
2026-04-30 17:24:35,849 INFO o.a.j.t.JMeterThread: Thread started: Virtual Users [500 threads] 1-118
2026-04-30 17:24:36,029 INFO o.a.j.t.JMeterThread: Thread started: Virtual Users [500 threads] 1-119
2026-04-30 17:24:36,210 INFO o.a.j.t.JMeterThread: Thread started: Virtual Users [500 threads] 1-120
2026-04-30 17:24:36,389 INFO o.a.j.t.JMeterThread: Thread started: Virtual Users [500 threads] 1-121
2026-04-30 17:24:36,397 INFO o.a.j.t.JMeterThread: Thread is done: Virtual Users [500 threads] 1-111
2026-04-30 17:24:36,397 INFO o.a.j.t.JMeterThread: Thread finished: Virtual Users [500 threads] 1-111
2026-04-30 17:24:36,460 INFO o.a.j.t.JMeterThread: Thread is done: Virtual Users [500 threads] 1-84
2026-04-30 17:24:36,460 INFO o.a.j.t.JMeterThread: Thread finished: Virtual Users [500 threads] 1-84
2026-04-30 17:24:36,566 INFO o.a.j.t.JMeterThread: Thread started: Virtual Users [500 threads] 1-122
2026-04-30 17:24:36,750 INFO o.a.j.t.JMeterThread: Thread started: Virtual Users [500 threads] 1-123
2026-04-30 17:24:36,938 INFO o.a.j.t.JMeterThread: Thread started: Virtual Users [500 threads] 1-124
2026-04-30 17:24:37,115 INFO o.a.j.t.JMeterThread: Thread started: Virtual Users [500 threads] 1-125
2026-04-30 17:24:37,269 INFO o.a.j.t.JMeterThread: Thread is done: Virtual Users [500 threads] 1-76
2026-04-30 17:24:37,269 INFO o.a.j.t.JMeterThread: Thread finished: Virtual Users [500 threads] 1-76
2026-04-30 17:24:37,288 INFO o.a.j.t.JMeterThread: Thread started: Virtual Users [500 threads] 1-126
2026-04-30 17:24:37,347 INFO o.a.j.t.JMeterThread: Thread is done: Virtual Users [500 threads] 1-91
2026-04-30 17:24:37,347 INFO o.a.j.t.JMeterThread: Thread finished: Virtual Users [500 threads] 1-91
2026-04-30 17:24:37,469 INFO o.a.j.t.JMeterThread: Thread started: Virtual Users [500 threads] 1-127
2026-04-30 17:24:37,644 INFO o.a.j.t.JMeterThread: Thread started: Virtual Users [500 threads] 1-128
2026-04-30 17:24:37,825 INFO o.a.j.t.JMeterThread: Thread started: Virtual Users [500 threads] 1-129
2026-04-30 17:24:38,006 INFO o.a.j.t.JMeterThread: Thread started: Virtual Users [500 threads] 1-130
2026-04-30 17:24:38,049 INFO o.a.j.t.JMeterThread: Thread is done: Virtual Users [500 threads] 1-87
2026-04-30 17:24:38,050 INFO o.a.j.t.JMeterThread: Thread finished: Virtual Users [500 threads] 1-87
2026-04-30 17:24:38,186 INFO o.a.j.t.JMeterThread: Thread started: Virtual Users [500 threads] 1-131
2026-04-30 17:24:38,349 INFO o.a.j.t.JMeterThread: Thread is done: Virtual Users [500 threads] 1-90
2026-04-30 17:24:38,349 INFO o.a.j.t.JMeterThread: Thread finished: Virtual Users [500 threads] 1-90
2026-04-30 17:24:38,366 INFO o.a.j.t.JMeterThread: Thread started: Virtual Users [500 threads] 1-132
2026-04-30 17:24:38,548 INFO o.a.j.t.JMeterThread: Thread started: Virtual Users [500 threads] 1-133
2026-04-30 17:24:38,727 INFO o.a.j.t.JMeterThread: Thread started: Virtual Users [500 threads] 1-134
2026-04-30 17:24:38,770 INFO o.a.j.t.JMeterThread: Thread is done: Virtual Users [500 threads] 1-88
2026-04-30 17:24:38,770 INFO o.a.j.t.JMeterThread: Thread finished: Virtual Users [500 threads] 1-88
2026-04-30 17:24:38,858 INFO o.a.j.t.JMeterThread: Thread is done: Virtual Users [500 threads] 1-92
2026-04-30 17:24:38,858 INFO o.a.j.t.JMeterThread: Thread finished: Virtual Users [500 threads] 1-92
2026-04-30 17:24:38,858 INFO o.a.j.t.JMeterThread: Thread is done: Virtual Users [500 threads] 1-81
2026-04-30 17:24:38,858 INFO o.a.j.t.JMeterThread: Thread finished: Virtual Users [500 threads] 1-81
2026-04-30 17:24:38,905 INFO o.a.j.t.JMeterThread: Thread started: Virtual Users [500 threads] 1-135
2026-04-30 17:24:39,087 INFO o.a.j.t.JMeterThread: Thread started: Virtual Users [500 threads] 1-136
2026-04-30 17:24:39,146 INFO o.a.j.t.JMeterThread: Thread is done: Virtual Users [500 threads] 1-93
2026-04-30 17:24:39,147 INFO o.a.j.t.JMeterThread: Thread finished: Virtual Users [500 threads] 1-93
2026-04-30 17:24:39,248 INFO o.a.j.t.JMeterThread: Thread is done: Virtual Users [500 threads] 1-95
2026-04-30 17:24:39,248 INFO o.a.j.t.JMeterThread: Thread is done: Virtual Users [500 threads] 1-97
2026-04-30 17:24:39,249 INFO o.a.j.t.JMeterThread: Thread finished: Virtual Users [500 threads] 1-95
2026-04-30 17:24:39,249 INFO o.a.j.t.JMeterThread: Thread finished: Virtual Users [500 threads] 1-97
2026-04-30 17:24:39,262 INFO o.a.j.t.JMeterThread: Thread started: Virtual Users [500 threads] 1-137
2026-04-30 17:24:39,445 INFO o.a.j.t.JMeterThread: Thread started: Virtual Users [500 threads] 1-138
2026-04-30 17:24:39,545 INFO o.a.j.t.JMeterThread: Thread is done: Virtual Users [500 threads] 1-100
2026-04-30 17:24:39,545 INFO o.a.j.t.JMeterThread: Thread finished: Virtual Users [500 threads] 1-100
2026-04-30 17:24:39,625 INFO o.a.j.t.JMeterThread: Thread started: Virtual Users [500 threads] 1-139
2026-04-30 17:24:39,806 INFO o.a.j.t.JMeterThread: Thread started: Virtual Users [500 threads] 1-140
2026-04-30 17:24:39,806 INFO o.a.j.t.JMeterThread: Thread is done: Virtual Users [500 threads] 1-113
2026-04-30 17:24:39,806 INFO o.a.j.t.JMeterThread: Thread finished: Virtual Users [500 threads] 1-113
2026-04-30 17:24:39,984 INFO o.a.j.t.JMeterThread: Thread started: Virtual Users [500 threads] 1-141
2026-04-30 17:24:40,103 INFO o.a.j.t.JMeterThread: Thread is done: Virtual Users [500 threads] 1-112
2026-04-30 17:24:40,103 INFO o.a.j.t.JMeterThread: Thread finished: Virtual Users [500 threads] 1-112
2026-04-30 17:24:40,159 INFO o.a.j.t.JMeterThread: Thread started: Virtual Users [500 threads] 1-142
2026-04-30 17:24:40,342 INFO o.a.j.t.JMeterThread: Thread started: Virtual Users [500 threads] 1-143
2026-04-30 17:24:40,524 INFO o.a.j.t.JMeterThread: Thread started: Virtual Users [500 threads] 1-144
2026-04-30 17:24:40,598 INFO o.a.j.t.JMeterThread: Thread is done: Virtual Users [500 threads] 1-94
2026-04-30 17:24:40,598 INFO o.a.j.t.JMeterThread: Thread finished: Virtual Users [500 threads] 1-94
2026-04-30 17:24:40,703 INFO o.a.j.t.JMeterThread: Thread is done: Virtual Users [500 threads] 1-105
2026-04-30 17:24:40,704 INFO o.a.j.t.JMeterThread: Thread finished: Virtual Users [500 threads] 1-105
2026-04-30 17:24:40,705 INFO o.a.j.t.JMeterThread: Thread started: Virtual Users [500 threads] 1-145
2026-04-30 17:24:40,746 INFO o.a.j.t.JMeterThread: Thread is done: Virtual Users [500 threads] 1-114
2026-04-30 17:24:40,747 INFO o.a.j.t.JMeterThread: Thread finished: Virtual Users [500 threads] 1-114
2026-04-30 17:24:40,886 INFO o.a.j.t.JMeterThread: Thread started: Virtual Users [500 threads] 1-146
2026-04-30 17:24:40,953 INFO o.a.j.t.JMeterThread: Thread is done: Virtual Users [500 threads] 1-96
2026-04-30 17:24:40,953 INFO o.a.j.t.JMeterThread: Thread finished: Virtual Users [500 threads] 1-96
2026-04-30 17:24:41,061 INFO o.a.j.t.JMeterThread: Thread started: Virtual Users [500 threads] 1-147
2026-04-30 17:24:41,171 INFO o.a.j.t.JMeterThread: Thread is done: Virtual Users [500 threads] 1-103
2026-04-30 17:24:41,171 INFO o.a.j.t.JMeterThread: Thread finished: Virtual Users [500 threads] 1-103
2026-04-30 17:24:41,245 INFO o.a.j.t.JMeterThread: Thread started: Virtual Users [500 threads] 1-148
2026-04-30 17:24:41,425 INFO o.a.j.t.JMeterThread: Thread started: Virtual Users [500 threads] 1-149
2026-04-30 17:24:41,446 INFO o.a.j.t.JMeterThread: Thread is done: Virtual Users [500 threads] 1-110
2026-04-30 17:24:41,446 INFO o.a.j.t.JMeterThread: Thread finished: Virtual Users [500 threads] 1-110
2026-04-30 17:24:41,602 INFO o.a.j.t.JMeterThread: Thread started: Virtual Users [500 threads] 1-150
2026-04-30 17:24:41,786 INFO o.a.j.t.JMeterThread: Thread started: Virtual Users [500 threads] 1-151
2026-04-30 17:24:41,872 INFO o.a.j.t.JMeterThread: Thread is done: Virtual Users [500 threads] 1-104
2026-04-30 17:24:41,872 INFO o.a.j.t.JMeterThread: Thread is done: Virtual Users [500 threads] 1-101
2026-04-30 17:24:41,873 INFO o.a.j.t.JMeterThread: Thread finished: Virtual Users [500 threads] 1-104
2026-04-30 17:24:41,873 INFO o.a.j.t.JMeterThread: Thread finished: Virtual Users [500 threads] 1-101
2026-04-30 17:24:41,964 INFO o.a.j.t.JMeterThread: Thread started: Virtual Users [500 threads] 1-152
2026-04-30 17:24:42,145 INFO o.a.j.t.JMeterThread: Thread started: Virtual Users [500 threads] 1-153
2026-04-30 17:24:42,148 INFO o.a.j.t.JMeterThread: Thread is done: Virtual Users [500 threads] 1-98
2026-04-30 17:24:42,148 INFO o.a.j.t.JMeterThread: Thread finished: Virtual Users [500 threads] 1-98
2026-04-30 17:24:42,322 INFO o.a.j.t.JMeterThread: Thread started: Virtual Users [500 threads] 1-154
2026-04-30 17:24:42,500 INFO o.a.j.t.JMeterThread: Thread started: Virtual Users [500 threads] 1-155
2026-04-30 17:24:42,647 INFO o.a.j.t.JMeterThread: Thread is done: Virtual Users [500 threads] 1-120
2026-04-30 17:24:42,647 INFO o.a.j.t.JMeterThread: Thread finished: Virtual Users [500 threads] 1-120
2026-04-30 17:24:42,684 INFO o.a.j.t.JMeterThread: Thread started: Virtual Users [500 threads] 1-156
2026-04-30 17:24:42,863 INFO o.a.j.t.JMeterThread: Thread started: Virtual Users [500 threads] 1-157
2026-04-30 17:24:42,951 INFO o.a.j.t.JMeterThread: Thread is done: Virtual Users [500 threads] 1-108
2026-04-30 17:24:42,952 INFO o.a.j.t.JMeterThread: Thread finished: Virtual Users [500 threads] 1-108
2026-04-30 17:24:43,044 INFO o.a.j.t.JMeterThread: Thread started: Virtual Users [500 threads] 1-158
2026-04-30 17:24:43,225 INFO o.a.j.t.JMeterThread: Thread started: Virtual Users [500 threads] 1-159
2026-04-30 17:24:43,404 INFO o.a.j.t.JMeterThread: Thread started: Virtual Users [500 threads] 1-160
2026-04-30 17:24:43,585 INFO o.a.j.t.JMeterThread: Thread started: Virtual Users [500 threads] 1-161
2026-04-30 17:24:43,636 INFO o.a.j.t.JMeterThread: Thread is done: Virtual Users [500 threads] 1-118
2026-04-30 17:24:43,636 INFO o.a.j.t.JMeterThread: Thread finished: Virtual Users [500 threads] 1-118
2026-04-30 17:24:43,764 INFO o.a.j.t.JMeterThread: Thread started: Virtual Users [500 threads] 1-162
2026-04-30 17:24:43,795 INFO o.a.j.t.JMeterThread: Thread is done: Virtual Users [500 threads] 1-119
2026-04-30 17:24:43,795 INFO o.a.j.t.JMeterThread: Thread finished: Virtual Users [500 threads] 1-119
2026-04-30 17:24:43,853 INFO o.a.j.t.JMeterThread: Thread is done: Virtual Users [500 threads] 1-124
2026-04-30 17:24:43,853 INFO o.a.j.t.JMeterThread: Thread finished: Virtual Users [500 threads] 1-124
2026-04-30 17:24:43,943 INFO o.a.j.t.JMeterThread: Thread started: Virtual Users [500 threads] 1-163
2026-04-30 17:24:44,125 INFO o.a.j.t.JMeterThread: Thread started: Virtual Users [500 threads] 1-164
2026-04-30 17:24:44,150 INFO o.a.j.t.JMeterThread: Thread is done: Virtual Users [500 threads] 1-115
2026-04-30 17:24:44,150 INFO o.a.j.t.JMeterThread: Thread finished: Virtual Users [500 threads] 1-115
2026-04-30 17:24:44,256 INFO o.a.j.t.JMeterThread: Thread is done: Virtual Users [500 threads] 1-102
2026-04-30 17:24:44,257 INFO o.a.j.t.JMeterThread: Thread finished: Virtual Users [500 threads] 1-102
2026-04-30 17:24:44,302 INFO o.a.j.t.JMeterThread: Thread started: Virtual Users [500 threads] 1-165
2026-04-30 17:24:44,483 INFO o.a.j.t.JMeterThread: Thread started: Virtual Users [500 threads] 1-166
2026-04-30 17:24:44,641 INFO o.a.j.t.JMeterThread: Thread is done: Virtual Users [500 threads] 1-109
2026-04-30 17:24:44,641 INFO o.a.j.t.JMeterThread: Thread finished: Virtual Users [500 threads] 1-109
2026-04-30 17:24:44,664 INFO o.a.j.t.JMeterThread: Thread started: Virtual Users [500 threads] 1-167
2026-04-30 17:24:44,741 INFO o.a.j.t.JMeterThread: Thread is done: Virtual Users [500 threads] 1-125
2026-04-30 17:24:44,741 INFO o.a.j.t.JMeterThread: Thread finished: Virtual Users [500 threads] 1-125
2026-04-30 17:24:44,846 INFO o.a.j.t.JMeterThread: Thread started: Virtual Users [500 threads] 1-168
2026-04-30 17:24:44,942 INFO o.a.j.t.JMeterThread: Thread is done: Virtual Users [500 threads] 1-107
2026-04-30 17:24:44,943 INFO o.a.j.t.JMeterThread: Thread finished: Virtual Users [500 threads] 1-107
2026-04-30 17:24:45,021 INFO o.a.j.t.JMeterThread: Thread started: Virtual Users [500 threads] 1-169
2026-04-30 17:24:45,047 INFO o.a.j.t.JMeterThread: Thread is done: Virtual Users [500 threads] 1-122
2026-04-30 17:24:45,047 INFO o.a.j.t.JMeterThread: Thread finished: Virtual Users [500 threads] 1-122
2026-04-30 17:24:45,143 INFO o.a.j.t.JMeterThread: Thread is done: Virtual Users [500 threads] 1-121
2026-04-30 17:24:45,143 INFO o.a.j.t.JMeterThread: Thread finished: Virtual Users [500 threads] 1-121
2026-04-30 17:24:45,204 INFO o.a.j.t.JMeterThread: Thread started: Virtual Users [500 threads] 1-170
2026-04-30 17:24:45,246 INFO o.a.j.t.JMeterThread: Thread is done: Virtual Users [500 threads] 1-116
2026-04-30 17:24:45,246 INFO o.a.j.t.JMeterThread: Thread is done: Virtual Users [500 threads] 1-106
2026-04-30 17:24:45,246 INFO o.a.j.t.JMeterThread: Thread finished: Virtual Users [500 threads] 1-116
2026-04-30 17:24:45,246 INFO o.a.j.t.JMeterThread: Thread finished: Virtual Users [500 threads] 1-106
2026-04-30 17:24:45,384 INFO o.a.j.t.JMeterThread: Thread started: Virtual Users [500 threads] 1-171
2026-04-30 17:24:45,453 INFO o.a.j.t.JMeterThread: Thread is done: Virtual Users [500 threads] 1-123
2026-04-30 17:24:45,454 INFO o.a.j.t.JMeterThread: Thread finished: Virtual Users [500 threads] 1-123
2026-04-30 17:24:45,564 INFO o.a.j.t.JMeterThread: Thread started: Virtual Users [500 threads] 1-172
2026-04-30 17:24:45,632 INFO o.a.j.t.JMeterThread: Thread is done: Virtual Users [500 threads] 1-137
2026-04-30 17:24:45,632 INFO o.a.j.t.JMeterThread: Thread finished: Virtual Users [500 threads] 1-137
2026-04-30 17:24:45,744 INFO o.a.j.t.JMeterThread: Thread started: Virtual Users [500 threads] 1-173
2026-04-30 17:24:45,919 INFO o.a.j.t.JMeterThread: Thread started: Virtual Users [500 threads] 1-174
2026-04-30 17:24:46,100 INFO o.a.j.t.JMeterThread: Thread started: Virtual Users [500 threads] 1-175
2026-04-30 17:24:46,282 INFO o.a.j.t.JMeterThread: Thread started: Virtual Users [500 threads] 1-176
2026-04-30 17:24:46,396 INFO o.a.j.t.JMeterThread: Thread is done: Virtual Users [500 threads] 1-133
2026-04-30 17:24:46,396 INFO o.a.j.t.JMeterThread: Thread finished: Virtual Users [500 threads] 1-133
2026-04-30 17:24:46,464 INFO o.a.j.t.JMeterThread: Thread started: Virtual Users [500 threads] 1-177
2026-04-30 17:24:46,644 INFO o.a.j.t.JMeterThread: Thread started: Virtual Users [500 threads] 1-178
2026-04-30 17:24:46,821 INFO o.a.j.t.JMeterThread: Thread is done: Virtual Users [500 threads] 1-117
2026-04-30 17:24:46,821 INFO o.a.j.t.JMeterThread: Thread finished: Virtual Users [500 threads] 1-117
2026-04-30 17:24:46,824 INFO o.a.j.t.JMeterThread: Thread started: Virtual Users [500 threads] 1-179
2026-04-30 17:24:46,908 INFO o.a.j.t.JMeterThread: Thread is done: Virtual Users [500 threads] 1-135
2026-04-30 17:24:46,908 INFO o.a.j.t.JMeterThread: Thread finished: Virtual Users [500 threads] 1-135
2026-04-30 17:24:46,999 INFO o.a.j.t.JMeterThread: Thread started: Virtual Users [500 threads] 1-180
2026-04-30 17:24:47,184 INFO o.a.j.t.JMeterThread: Thread started: Virtual Users [500 threads] 1-181
2026-04-30 17:24:47,364 INFO o.a.j.t.JMeterThread: Thread started: Virtual Users [500 threads] 1-182
2026-04-30 17:24:47,544 INFO o.a.j.t.JMeterThread: Thread started: Virtual Users [500 threads] 1-183
2026-04-30 17:24:47,725 INFO o.a.j.t.JMeterThread: Thread started: Virtual Users [500 threads] 1-184
2026-04-30 17:24:47,839 INFO o.a.j.t.JMeterThread: Thread is done: Virtual Users [500 threads] 1-126
2026-04-30 17:24:47,839 INFO o.a.j.t.JMeterThread: Thread finished: Virtual Users [500 threads] 1-126
2026-04-30 17:24:47,843 INFO o.a.j.t.JMeterThread: Thread is done: Virtual Users [500 threads] 1-127
2026-04-30 17:24:47,843 INFO o.a.j.t.JMeterThread: Thread finished: Virtual Users [500 threads] 1-127
2026-04-30 17:24:47,905 INFO o.a.j.t.JMeterThread: Thread started: Virtual Users [500 threads] 1-185
2026-04-30 17:24:48,033 INFO o.a.j.t.JMeterThread: Thread is done: Virtual Users [500 threads] 1-157
2026-04-30 17:24:48,033 INFO o.a.j.t.JMeterThread: Thread is done: Virtual Users [500 threads] 1-140
2026-04-30 17:24:48,033 INFO o.a.j.t.JMeterThread: Thread finished: Virtual Users [500 threads] 1-157
2026-04-30 17:24:48,033 INFO o.a.j.t.JMeterThread: Thread finished: Virtual Users [500 threads] 1-140
2026-04-30 17:24:48,082 INFO o.a.j.t.JMeterThread: Thread started: Virtual Users [500 threads] 1-186
2026-04-30 17:24:48,108 INFO o.a.j.t.JMeterThread: Thread is done: Virtual Users [500 threads] 1-128
2026-04-30 17:24:48,108 INFO o.a.j.t.JMeterThread: Thread finished: Virtual Users [500 threads] 1-128
2026-04-30 17:24:48,264 INFO o.a.j.t.JMeterThread: Thread started: Virtual Users [500 threads] 1-187
2026-04-30 17:24:48,316 INFO o.a.j.t.JMeterThread: Thread is done: Virtual Users [500 threads] 1-132
2026-04-30 17:24:48,316 INFO o.a.j.t.JMeterThread: Thread finished: Virtual Users [500 threads] 1-132
2026-04-30 17:24:48,348 INFO o.a.j.t.JMeterThread: Thread is done: Virtual Users [500 threads] 1-130
2026-04-30 17:24:48,348 INFO o.a.j.t.JMeterThread: Thread finished: Virtual Users [500 threads] 1-130
2026-04-30 17:24:48,444 INFO o.a.j.t.JMeterThread: Thread started: Virtual Users [500 threads] 1-188
2026-04-30 17:24:48,621 INFO o.a.j.t.JMeterThread: Thread started: Virtual Users [500 threads] 1-189
2026-04-30 17:24:48,700 INFO o.a.j.t.JMeterThread: Thread is done: Virtual Users [500 threads] 1-136
2026-04-30 17:24:48,701 INFO o.a.j.t.JMeterThread: Thread finished: Virtual Users [500 threads] 1-136
2026-04-30 17:24:48,804 INFO o.a.j.t.JMeterThread: Thread started: Virtual Users [500 threads] 1-190
2026-04-30 17:24:48,981 INFO o.a.j.t.JMeterThread: Thread started: Virtual Users [500 threads] 1-191
2026-04-30 17:24:49,148 INFO o.a.j.t.JMeterThread: Thread is done: Virtual Users [500 threads] 1-134
2026-04-30 17:24:49,148 INFO o.a.j.t.JMeterThread: Thread finished: Virtual Users [500 threads] 1-134
2026-04-30 17:24:49,162 INFO o.a.j.t.JMeterThread: Thread started: Virtual Users [500 threads] 1-192
2026-04-30 17:24:49,345 INFO o.a.j.t.JMeterThread: Thread started: Virtual Users [500 threads] 1-193
2026-04-30 17:24:49,524 INFO o.a.j.t.JMeterThread: Thread started: Virtual Users [500 threads] 1-194
2026-04-30 17:24:49,702 INFO o.a.j.t.JMeterThread: Thread started: Virtual Users [500 threads] 1-195
2026-04-30 17:24:49,845 INFO o.a.j.t.JMeterThread: Thread is done: Virtual Users [500 threads] 1-131
2026-04-30 17:24:49,846 INFO o.a.j.t.JMeterThread: Thread finished: Virtual Users [500 threads] 1-131
2026-04-30 17:24:49,884 INFO o.a.j.t.JMeterThread: Thread started: Virtual Users [500 threads] 1-196
2026-04-30 17:24:50,065 INFO o.a.j.t.JMeterThread: Thread started: Virtual Users [500 threads] 1-197
2026-04-30 17:24:50,102 INFO o.a.j.t.JMeterThread: Thread is done: Virtual Users [500 threads] 1-129
2026-04-30 17:24:50,102 INFO o.a.j.t.JMeterThread: Thread finished: Virtual Users [500 threads] 1-129
2026-04-30 17:24:50,244 INFO o.a.j.t.JMeterThread: Thread started: Virtual Users [500 threads] 1-198
2026-04-30 17:24:50,345 INFO o.a.j.t.JMeterThread: Thread is done: Virtual Users [500 threads] 1-139
2026-04-30 17:24:50,345 INFO o.a.j.t.JMeterThread: Thread finished: Virtual Users [500 threads] 1-139
2026-04-30 17:24:50,424 INFO o.a.j.t.JMeterThread: Thread started: Virtual Users [500 threads] 1-199
2026-04-30 17:24:50,444 INFO o.a.j.t.JMeterThread: Thread is done: Virtual Users [500 threads] 1-145
2026-04-30 17:24:50,445 INFO o.a.j.t.JMeterThread: Thread finished: Virtual Users [500 threads] 1-145
2026-04-30 17:24:50,605 INFO o.a.j.t.JMeterThread: Thread started: Virtual Users [500 threads] 1-200
2026-04-30 17:24:50,606 INFO o.a.j.t.JMeterThread: Thread is done: Virtual Users [500 threads] 1-138
2026-04-30 17:24:50,606 INFO o.a.j.t.JMeterThread: Thread finished: Virtual Users [500 threads] 1-138
2026-04-30 17:24:50,784 INFO o.a.j.t.JMeterThread: Thread started: Virtual Users [500 threads] 1-201
2026-04-30 17:24:50,962 INFO o.a.j.t.JMeterThread: Thread started: Virtual Users [500 threads] 1-202
2026-04-30 17:24:51,008 INFO o.a.j.t.JMeterThread: Thread is done: Virtual Users [500 threads] 1-174
2026-04-30 17:24:51,008 INFO o.a.j.t.JMeterThread: Thread finished: Virtual Users [500 threads] 1-174
2026-04-30 17:24:51,143 INFO o.a.j.t.JMeterThread: Thread started: Virtual Users [500 threads] 1-203
2026-04-30 17:24:51,324 INFO o.a.j.t.JMeterThread: Thread started: Virtual Users [500 threads] 1-204
2026-04-30 17:24:51,454 INFO o.a.j.t.JMeterThread: Thread is done: Virtual Users [500 threads] 1-151
2026-04-30 17:24:51,454 INFO o.a.j.t.JMeterThread: Thread finished: Virtual Users [500 threads] 1-151
2026-04-30 17:24:51,504 INFO o.a.j.t.JMeterThread: Thread started: Virtual Users [500 threads] 1-205
2026-04-30 17:24:51,654 INFO o.a.j.t.JMeterThread: Thread is done: Virtual Users [500 threads] 1-143
2026-04-30 17:24:51,654 INFO o.a.j.t.JMeterThread: Thread finished: Virtual Users [500 threads] 1-143
2026-04-30 17:24:51,663 INFO o.a.j.t.JMeterThread: Thread is done: Virtual Users [500 threads] 1-142
2026-04-30 17:24:51,663 INFO o.a.j.t.JMeterThread: Thread finished: Virtual Users [500 threads] 1-142
2026-04-30 17:24:51,680 INFO o.a.j.t.JMeterThread: Thread started: Virtual Users [500 threads] 1-206
2026-04-30 17:24:51,862 INFO o.a.j.t.JMeterThread: Thread started: Virtual Users [500 threads] 1-207
2026-04-30 17:24:52,045 INFO o.a.j.t.JMeterThread: Thread started: Virtual Users [500 threads] 1-208
2026-04-30 17:24:52,114 INFO o.a.j.t.JMeterThread: Thread is done: Virtual Users [500 threads] 1-144
2026-04-30 17:24:52,114 INFO o.a.j.t.JMeterThread: Thread finished: Virtual Users [500 threads] 1-144
2026-04-30 17:24:52,225 INFO o.a.j.t.JMeterThread: Thread started: Virtual Users [500 threads] 1-209
2026-04-30 17:24:52,403 INFO o.a.j.t.JMeterThread: Thread started: Virtual Users [500 threads] 1-210
2026-04-30 17:24:52,584 INFO o.a.j.t.JMeterThread: Thread started: Virtual Users [500 threads] 1-211
2026-04-30 17:24:52,711 INFO o.a.j.t.JMeterThread: Thread is done: Virtual Users [500 threads] 1-173
2026-04-30 17:24:52,711 INFO o.a.j.t.JMeterThread: Thread finished: Virtual Users [500 threads] 1-173
2026-04-30 17:24:52,764 INFO o.a.j.t.JMeterThread: Thread started: Virtual Users [500 threads] 1-212
2026-04-30 17:24:52,801 INFO o.a.j.t.JMeterThread: Thread is done: Virtual Users [500 threads] 1-148
2026-04-30 17:24:52,801 INFO o.a.j.t.JMeterThread: Thread finished: Virtual Users [500 threads] 1-148
2026-04-30 17:24:52,845 INFO o.a.j.t.JMeterThread: Thread is done: Virtual Users [500 threads] 1-147
2026-04-30 17:24:52,845 INFO o.a.j.t.JMeterThread: Thread finished: Virtual Users [500 threads] 1-147
2026-04-30 17:24:52,915 INFO o.a.j.t.JMeterThread: Thread is done: Virtual Users [500 threads] 1-165
2026-04-30 17:24:52,915 INFO o.a.j.t.JMeterThread: Thread finished: Virtual Users [500 threads] 1-165
2026-04-30 17:24:52,943 INFO o.a.j.t.JMeterThread: Thread started: Virtual Users [500 threads] 1-213
2026-04-30 17:24:53,015 INFO o.a.j.t.JMeterThread: Thread is done: Virtual Users [500 threads] 1-161
2026-04-30 17:24:53,015 INFO o.a.j.t.JMeterThread: Thread finished: Virtual Users [500 threads] 1-161
2026-04-30 17:24:53,046 INFO o.a.j.t.JMeterThread: Thread is done: Virtual Users [500 threads] 1-149
2026-04-30 17:24:53,046 INFO o.a.j.t.JMeterThread: Thread finished: Virtual Users [500 threads] 1-149
2026-04-30 17:24:53,062 INFO o.a.j.t.JMeterThread: Thread is done: Virtual Users [500 threads] 1-146
2026-04-30 17:24:53,062 INFO o.a.j.t.JMeterThread: Thread finished: Virtual Users [500 threads] 1-146
2026-04-30 17:24:53,124 INFO o.a.j.t.JMeterThread: Thread started: Virtual Users [500 threads] 1-214
2026-04-30 17:24:53,207 INFO o.a.j.t.JMeterThread: Thread is done: Virtual Users [500 threads] 1-200
2026-04-30 17:24:53,207 INFO o.a.j.t.JMeterThread: Thread finished: Virtual Users [500 threads] 1-200
2026-04-30 17:24:53,301 INFO o.a.j.t.JMeterThread: Thread started: Virtual Users [500 threads] 1-215
2026-04-30 17:24:53,315 INFO o.a.j.t.JMeterThread: Thread is done: Virtual Users [500 threads] 1-162
2026-04-30 17:24:53,315 INFO o.a.j.t.JMeterThread: Thread finished: Virtual Users [500 threads] 1-162
2026-04-30 17:24:53,481 INFO o.a.j.t.JMeterThread: Thread started: Virtual Users [500 threads] 1-216
2026-04-30 17:24:53,503 INFO o.a.j.t.JMeterThread: Thread is done: Virtual Users [500 threads] 1-152
2026-04-30 17:24:53,503 INFO o.a.j.t.JMeterThread: Thread finished: Virtual Users [500 threads] 1-152
2026-04-30 17:24:53,547 INFO o.a.j.t.JMeterThread: Thread is done: Virtual Users [500 threads] 1-141
2026-04-30 17:24:53,547 INFO o.a.j.t.JMeterThread: Thread finished: Virtual Users [500 threads] 1-141
2026-04-30 17:24:53,664 INFO o.a.j.t.JMeterThread: Thread started: Virtual Users [500 threads] 1-217
2026-04-30 17:24:53,815 INFO o.a.j.t.JMeterThread: Thread is done: Virtual Users [500 threads] 1-167
2026-04-30 17:24:53,816 INFO o.a.j.t.JMeterThread: Thread finished: Virtual Users [500 threads] 1-167
2026-04-30 17:24:53,844 INFO o.a.j.t.JMeterThread: Thread started: Virtual Users [500 threads] 1-218
2026-04-30 17:24:53,915 INFO o.a.j.t.JMeterThread: Thread is done: Virtual Users [500 threads] 1-176
2026-04-30 17:24:53,915 INFO o.a.j.t.JMeterThread: Thread finished: Virtual Users [500 threads] 1-176
2026-04-30 17:24:54,024 INFO o.a.j.t.JMeterThread: Thread started: Virtual Users [500 threads] 1-219
2026-04-30 17:24:54,122 INFO o.a.j.t.JMeterThread: Thread is done: Virtual Users [500 threads] 1-158
2026-04-30 17:24:54,122 INFO o.a.j.t.JMeterThread: Thread finished: Virtual Users [500 threads] 1-158
2026-04-30 17:24:54,201 INFO o.a.j.t.JMeterThread: Thread started: Virtual Users [500 threads] 1-220
2026-04-30 17:24:54,381 INFO o.a.j.t.JMeterThread: Thread started: Virtual Users [500 threads] 1-221
2026-04-30 17:24:54,561 INFO o.a.j.t.JMeterThread: Thread started: Virtual Users [500 threads] 1-222
2026-04-30 17:24:54,740 INFO o.a.j.t.JMeterThread: Thread started: Virtual Users [500 threads] 1-223
2026-04-30 17:24:54,921 INFO o.a.j.t.JMeterThread: Thread started: Virtual Users [500 threads] 1-224
2026-04-30 17:24:55,035 INFO o.a.j.t.JMeterThread: Thread is done: Virtual Users [500 threads] 1-169
2026-04-30 17:24:55,035 INFO o.a.j.t.JMeterThread: Thread finished: Virtual Users [500 threads] 1-169
2026-04-30 17:24:55,105 INFO o.a.j.t.JMeterThread: Thread started: Virtual Users [500 threads] 1-225
2026-04-30 17:24:55,284 INFO o.a.j.t.JMeterThread: Thread started: Virtual Users [500 threads] 1-226
2026-04-30 17:24:55,425 INFO o.a.j.t.JMeterThread: Thread is done: Virtual Users [500 threads] 1-155
2026-04-30 17:24:55,425 INFO o.a.j.t.JMeterThread: Thread is done: Virtual Users [500 threads] 1-154
2026-04-30 17:24:55,425 INFO o.a.j.t.JMeterThread: Thread finished: Virtual Users [500 threads] 1-155
2026-04-30 17:24:55,425 INFO o.a.j.t.JMeterThread: Thread finished: Virtual Users [500 threads] 1-154
2026-04-30 17:24:55,461 INFO o.a.j.t.JMeterThread: Thread started: Virtual Users [500 threads] 1-227
2026-04-30 17:24:55,644 INFO o.a.j.t.JMeterThread: Thread started: Virtual Users [500 threads] 1-228
2026-04-30 17:24:55,685 INFO o.a.j.t.JMeterThread: Thread is done: Virtual Users [500 threads] 1-150
2026-04-30 17:24:55,685 INFO o.a.j.t.JMeterThread: Thread finished: Virtual Users [500 threads] 1-150
2026-04-30 17:24:55,824 INFO o.a.j.t.JMeterThread: Thread started: Virtual Users [500 threads] 1-229
2026-04-30 17:24:55,885 INFO o.a.j.t.JMeterThread: Thread is done: Virtual Users [500 threads] 1-163
2026-04-30 17:24:55,886 INFO o.a.j.t.JMeterThread: Thread finished: Virtual Users [500 threads] 1-163
2026-04-30 17:24:55,975 INFO o.a.j.t.JMeterThread: Thread is done: Virtual Users [500 threads] 1-177
2026-04-30 17:24:55,975 INFO o.a.j.t.JMeterThread: Thread finished: Virtual Users [500 threads] 1-177
2026-04-30 17:24:56,003 INFO o.a.j.t.JMeterThread: Thread started: Virtual Users [500 threads] 1-230
2026-04-30 17:24:56,045 INFO o.a.j.t.JMeterThread: Thread is done: Virtual Users [500 threads] 1-172
2026-04-30 17:24:56,045 INFO o.a.j.t.JMeterThread: Thread finished: Virtual Users [500 threads] 1-172
2026-04-30 17:24:56,182 INFO o.a.j.t.JMeterThread: Thread started: Virtual Users [500 threads] 1-231
2026-04-30 17:24:56,229 INFO o.a.j.t.JMeterThread: Thread is done: Virtual Users [500 threads] 1-160
2026-04-30 17:24:56,229 INFO o.a.j.t.JMeterThread: Thread finished: Virtual Users [500 threads] 1-160
2026-04-30 17:24:56,362 INFO o.a.j.t.JMeterThread: Thread started: Virtual Users [500 threads] 1-232
2026-04-30 17:24:56,477 INFO o.a.j.t.JMeterThread: Thread is done: Virtual Users [500 threads] 1-164
2026-04-30 17:24:56,477 INFO o.a.j.t.JMeterThread: Thread finished: Virtual Users [500 threads] 1-164
2026-04-30 17:24:56,545 INFO o.a.j.t.JMeterThread: Thread started: Virtual Users [500 threads] 1-233
2026-04-30 17:24:56,567 INFO o.a.j.t.JMeterThread: Thread is done: Virtual Users [500 threads] 1-153
2026-04-30 17:24:56,567 INFO o.a.j.t.JMeterThread: Thread finished: Virtual Users [500 threads] 1-153
2026-04-30 17:24:56,642 INFO o.a.j.t.JMeterThread: Thread is done: Virtual Users [500 threads] 1-159
2026-04-30 17:24:56,642 INFO o.a.j.t.JMeterThread: Thread finished: Virtual Users [500 threads] 1-159
2026-04-30 17:24:56,723 INFO o.a.j.t.JMeterThread: Thread started: Virtual Users [500 threads] 1-234
2026-04-30 17:24:56,904 INFO o.a.j.t.JMeterThread: Thread started: Virtual Users [500 threads] 1-235
2026-04-30 17:24:57,083 INFO o.a.j.t.JMeterThread: Thread started: Virtual Users [500 threads] 1-236
2026-04-30 17:24:57,265 INFO o.a.j.t.JMeterThread: Thread started: Virtual Users [500 threads] 1-237
2026-04-30 17:24:57,347 INFO o.a.j.t.JMeterThread: Thread is done: Virtual Users [500 threads] 1-166
2026-04-30 17:24:57,348 INFO o.a.j.t.JMeterThread: Thread finished: Virtual Users [500 threads] 1-166
2026-04-30 17:24:57,405 INFO o.a.j.t.JMeterThread: Thread is done: Virtual Users [500 threads] 1-156
2026-04-30 17:24:57,405 INFO o.a.j.t.JMeterThread: Thread finished: Virtual Users [500 threads] 1-156
2026-04-30 17:24:57,441 INFO o.a.j.t.JMeterThread: Thread started: Virtual Users [500 threads] 1-238
2026-04-30 17:24:57,624 INFO o.a.j.t.JMeterThread: Thread started: Virtual Users [500 threads] 1-239
2026-04-30 17:24:57,801 INFO o.a.j.t.JMeterThread: Thread started: Virtual Users [500 threads] 1-240
2026-04-30 17:24:57,981 INFO o.a.j.t.JMeterThread: Thread started: Virtual Users [500 threads] 1-241
2026-04-30 17:24:58,164 INFO o.a.j.t.JMeterThread: Thread started: Virtual Users [500 threads] 1-242
2026-04-30 17:24:58,250 INFO o.a.j.t.JMeterThread: Thread is done: Virtual Users [500 threads] 1-180
2026-04-30 17:24:58,250 INFO o.a.j.t.JMeterThread: Thread finished: Virtual Users [500 threads] 1-180
2026-04-30 17:24:58,344 INFO o.a.j.t.JMeterThread: Thread started: Virtual Users [500 threads] 1-243
2026-04-30 17:24:58,522 INFO o.a.j.t.JMeterThread: Thread started: Virtual Users [500 threads] 1-244
2026-04-30 17:24:58,646 INFO o.a.j.t.JMeterThread: Thread is done: Virtual Users [500 threads] 1-181
2026-04-30 17:24:58,646 INFO o.a.j.t.JMeterThread: Thread finished: Virtual Users [500 threads] 1-181
2026-04-30 17:24:58,699 INFO o.a.j.t.JMeterThread: Thread is done: Virtual Users [500 threads] 1-190
2026-04-30 17:24:58,699 INFO o.a.j.t.JMeterThread: Thread finished: Virtual Users [500 threads] 1-190
2026-04-30 17:24:58,700 INFO o.a.j.t.JMeterThread: Thread started: Virtual Users [500 threads] 1-245
2026-04-30 17:24:58,884 INFO o.a.j.t.JMeterThread: Thread started: Virtual Users [500 threads] 1-246
2026-04-30 17:24:59,063 INFO o.a.j.t.JMeterThread: Thread started: Virtual Users [500 threads] 1-247
2026-04-30 17:24:59,245 INFO o.a.j.t.JMeterThread: Thread started: Virtual Users [500 threads] 1-248
2026-04-30 17:24:59,421 INFO o.a.j.t.JMeterThread: Thread started: Virtual Users [500 threads] 1-249
2026-04-30 17:24:59,604 INFO o.a.j.t.JMeterThread: Thread started: Virtual Users [500 threads] 1-250
2026-04-30 17:24:59,739 INFO o.a.j.t.JMeterThread: Thread is done: Virtual Users [500 threads] 1-170
2026-04-30 17:24:59,739 INFO o.a.j.t.JMeterThread: Thread is done: Virtual Users [500 threads] 1-203
2026-04-30 17:24:59,739 INFO o.a.j.t.JMeterThread: Thread finished: Virtual Users [500 threads] 1-203
2026-04-30 17:24:59,739 INFO o.a.j.t.JMeterThread: Thread finished: Virtual Users [500 threads] 1-170
2026-04-30 17:24:59,784 INFO o.a.j.t.JMeterThread: Thread started: Virtual Users [500 threads] 1-251
2026-04-30 17:24:59,965 INFO o.a.j.t.JMeterThread: Thread started: Virtual Users [500 threads] 1-252
2026-04-30 17:25:00,145 INFO o.a.j.t.JMeterThread: Thread started: Virtual Users [500 threads] 1-253
2026-04-30 17:25:00,269 INFO o.a.j.t.JMeterThread: Thread is done: Virtual Users [500 threads] 1-178
2026-04-30 17:25:00,269 INFO o.a.j.t.JMeterThread: Thread finished: Virtual Users [500 threads] 1-178
2026-04-30 17:25:00,269 INFO o.a.j.r.Summariser: summary +    363 in 00:00:30 =   12.0/s Avg:  2949 Min:    70 Max: 14972 Err:     8 (2.20%) Active: 74 Started: 253 Finished: 179
2026-04-30 17:25:00,270 INFO o.a.j.r.Summariser: summary =    542 in 00:00:45 =   11.9/s Avg:  2291 Min:    70 Max: 14972 Err:    10 (1.85%)
2026-04-30 17:25:00,324 INFO o.a.j.t.JMeterThread: Thread started: Virtual Users [500 threads] 1-254
2026-04-30 17:25:00,406 INFO o.a.j.t.JMeterThread: Thread is done: Virtual Users [500 threads] 1-179
2026-04-30 17:25:00,406 INFO o.a.j.t.JMeterThread: Thread is done: Virtual Users [500 threads] 1-168
2026-04-30 17:25:00,406 INFO o.a.j.t.JMeterThread: Thread finished: Virtual Users [500 threads] 1-179
2026-04-30 17:25:00,406 INFO o.a.j.t.JMeterThread: Thread finished: Virtual Users [500 threads] 1-168
2026-04-30 17:25:00,505 INFO o.a.j.t.JMeterThread: Thread started: Virtual Users [500 threads] 1-255
2026-04-30 17:25:00,682 INFO o.a.j.t.JMeterThread: Thread started: Virtual Users [500 threads] 1-256
2026-04-30 17:25:00,787 INFO o.a.j.t.JMeterThread: Thread is done: Virtual Users [500 threads] 1-188
2026-04-30 17:25:00,787 INFO o.a.j.t.JMeterThread: Thread finished: Virtual Users [500 threads] 1-188
2026-04-30 17:25:00,865 INFO o.a.j.t.JMeterThread: Thread started: Virtual Users [500 threads] 1-257
2026-04-30 17:25:01,044 INFO o.a.j.t.JMeterThread: Thread started: Virtual Users [500 threads] 1-258
2026-04-30 17:25:01,116 INFO o.a.j.t.JMeterThread: Thread is done: Virtual Users [500 threads] 1-187
2026-04-30 17:25:01,116 INFO o.a.j.t.JMeterThread: Thread is done: Virtual Users [500 threads] 1-175
2026-04-30 17:25:01,116 INFO o.a.j.t.JMeterThread: Thread finished: Virtual Users [500 threads] 1-187
2026-04-30 17:25:01,116 INFO o.a.j.t.JMeterThread: Thread finished: Virtual Users [500 threads] 1-175
2026-04-30 17:25:01,225 INFO o.a.j.t.JMeterThread: Thread started: Virtual Users [500 threads] 1-259
2026-04-30 17:25:01,401 INFO o.a.j.t.JMeterThread: Thread started: Virtual Users [500 threads] 1-260
2026-04-30 17:25:01,451 INFO o.a.j.t.JMeterThread: Thread is done: Virtual Users [500 threads] 1-184
2026-04-30 17:25:01,451 INFO o.a.j.t.JMeterThread: Thread finished: Virtual Users [500 threads] 1-184
2026-04-30 17:25:01,583 INFO o.a.j.t.JMeterThread: Thread started: Virtual Users [500 threads] 1-261
2026-04-30 17:25:01,765 INFO o.a.j.t.JMeterThread: Thread started: Virtual Users [500 threads] 1-262
2026-04-30 17:25:01,941 INFO o.a.j.t.JMeterThread: Thread started: Virtual Users [500 threads] 1-263
2026-04-30 17:25:02,125 INFO o.a.j.t.JMeterThread: Thread started: Virtual Users [500 threads] 1-264
2026-04-30 17:25:02,304 INFO o.a.j.t.JMeterThread: Thread started: Virtual Users [500 threads] 1-265
2026-04-30 17:25:02,484 INFO o.a.j.t.JMeterThread: Thread started: Virtual Users [500 threads] 1-266
2026-04-30 17:25:02,663 INFO o.a.j.t.JMeterThread: Thread started: Virtual Users [500 threads] 1-267
2026-04-30 17:25:02,723 INFO o.a.j.t.JMeterThread: Thread is done: Virtual Users [500 threads] 1-227
2026-04-30 17:25:02,723 INFO o.a.j.t.JMeterThread: Thread finished: Virtual Users [500 threads] 1-227
2026-04-30 17:25:02,844 INFO o.a.j.t.JMeterThread: Thread started: Virtual Users [500 threads] 1-268
2026-04-30 17:25:02,938 INFO o.a.j.t.JMeterThread: Thread is done: Virtual Users [500 threads] 1-171
2026-04-30 17:25:02,938 INFO o.a.j.t.JMeterThread: Thread finished: Virtual Users [500 threads] 1-171
2026-04-30 17:25:03,021 INFO o.a.j.t.JMeterThread: Thread started: Virtual Users [500 threads] 1-269
2026-04-30 17:25:03,205 INFO o.a.j.t.JMeterThread: Thread started: Virtual Users [500 threads] 1-270
2026-04-30 17:25:03,384 INFO o.a.j.t.JMeterThread: Thread started: Virtual Users [500 threads] 1-271
2026-04-30 17:25:03,446 INFO o.a.j.t.JMeterThread: Thread is done: Virtual Users [500 threads] 1-193
2026-04-30 17:25:03,446 INFO o.a.j.t.JMeterThread: Thread finished: Virtual Users [500 threads] 1-193
2026-04-30 17:25:03,563 INFO o.a.j.t.JMeterThread: Thread started: Virtual Users [500 threads] 1-272
2026-04-30 17:25:03,608 INFO o.a.j.t.JMeterThread: Thread is done: Virtual Users [500 threads] 1-214
2026-04-30 17:25:03,608 INFO o.a.j.t.JMeterThread: Thread finished: Virtual Users [500 threads] 1-214
2026-04-30 17:25:03,740 INFO o.a.j.t.JMeterThread: Thread started: Virtual Users [500 threads] 1-273
2026-04-30 17:25:03,802 INFO o.a.j.t.JMeterThread: Thread is done: Virtual Users [500 threads] 1-182
2026-04-30 17:25:03,802 INFO o.a.j.t.JMeterThread: Thread finished: Virtual Users [500 threads] 1-182
2026-04-30 17:25:03,924 INFO o.a.j.t.JMeterThread: Thread started: Virtual Users [500 threads] 1-274
2026-04-30 17:25:03,928 INFO o.a.j.t.JMeterThread: Thread is done: Virtual Users [500 threads] 1-186
2026-04-30 17:25:03,928 INFO o.a.j.t.JMeterThread: Thread finished: Virtual Users [500 threads] 1-186
2026-04-30 17:25:04,099 INFO o.a.j.t.JMeterThread: Thread started: Virtual Users [500 threads] 1-275
2026-04-30 17:25:04,247 INFO o.a.j.t.JMeterThread: Thread is done: Virtual Users [500 threads] 1-192
2026-04-30 17:25:04,247 INFO o.a.j.t.JMeterThread: Thread finished: Virtual Users [500 threads] 1-192
2026-04-30 17:25:04,284 INFO o.a.j.t.JMeterThread: Thread started: Virtual Users [500 threads] 1-276
2026-04-30 17:25:04,464 INFO o.a.j.t.JMeterThread: Thread started: Virtual Users [500 threads] 1-277
2026-04-30 17:25:04,645 INFO o.a.j.t.JMeterThread: Thread started: Virtual Users [500 threads] 1-278
2026-04-30 17:25:04,817 INFO o.a.j.t.JMeterThread: Thread is done: Virtual Users [500 threads] 1-195
2026-04-30 17:25:04,817 INFO o.a.j.t.JMeterThread: Thread finished: Virtual Users [500 threads] 1-195
2026-04-30 17:25:04,819 INFO o.a.j.t.JMeterThread: Thread started: Virtual Users [500 threads] 1-279
2026-04-30 17:25:05,003 INFO o.a.j.t.JMeterThread: Thread started: Virtual Users [500 threads] 1-280
2026-04-30 17:25:05,018 INFO o.a.j.t.JMeterThread: Thread is done: Virtual Users [500 threads] 1-185
2026-04-30 17:25:05,019 INFO o.a.j.t.JMeterThread: Thread finished: Virtual Users [500 threads] 1-185
2026-04-30 17:25:05,184 INFO o.a.j.t.JMeterThread: Thread started: Virtual Users [500 threads] 1-281
2026-04-30 17:25:05,330 INFO o.a.j.t.JMeterThread: Thread is done: Virtual Users [500 threads] 1-197
2026-04-30 17:25:05,330 INFO o.a.j.t.JMeterThread: Thread finished: Virtual Users [500 threads] 1-197
2026-04-30 17:25:05,361 INFO o.a.j.t.JMeterThread: Thread started: Virtual Users [500 threads] 1-282
2026-04-30 17:25:05,541 INFO o.a.j.t.JMeterThread: Thread started: Virtual Users [500 threads] 1-283
2026-04-30 17:25:05,629 INFO o.a.j.t.JMeterThread: Thread is done: Virtual Users [500 threads] 1-205
2026-04-30 17:25:05,629 INFO o.a.j.t.JMeterThread: Thread finished: Virtual Users [500 threads] 1-205
2026-04-30 17:25:05,723 INFO o.a.j.t.JMeterThread: Thread started: Virtual Users [500 threads] 1-284
2026-04-30 17:25:05,850 INFO o.a.j.t.JMeterThread: Thread is done: Virtual Users [500 threads] 1-210
2026-04-30 17:25:05,850 INFO o.a.j.t.JMeterThread: Thread finished: Virtual Users [500 threads] 1-210
2026-04-30 17:25:05,904 INFO o.a.j.t.JMeterThread: Thread started: Virtual Users [500 threads] 1-285
2026-04-30 17:25:06,080 INFO o.a.j.t.JMeterThread: Thread started: Virtual Users [500 threads] 1-286
2026-04-30 17:25:06,264 INFO o.a.j.t.JMeterThread: Thread started: Virtual Users [500 threads] 1-287
2026-04-30 17:25:06,440 INFO o.a.j.t.JMeterThread: Thread started: Virtual Users [500 threads] 1-288
2026-04-30 17:25:06,532 INFO o.a.j.t.JMeterThread: Thread is done: Virtual Users [500 threads] 1-204
2026-04-30 17:25:06,532 INFO o.a.j.t.JMeterThread: Thread finished: Virtual Users [500 threads] 1-204
2026-04-30 17:25:06,566 INFO o.a.j.t.JMeterThread: Thread is done: Virtual Users [500 threads] 1-226
2026-04-30 17:25:06,567 INFO o.a.j.t.JMeterThread: Thread finished: Virtual Users [500 threads] 1-226
2026-04-30 17:25:06,624 INFO o.a.j.t.JMeterThread: Thread started: Virtual Users [500 threads] 1-289
2026-04-30 17:25:06,742 INFO o.a.j.t.JMeterThread: Thread is done: Virtual Users [500 threads] 1-189
2026-04-30 17:25:06,742 INFO o.a.j.t.JMeterThread: Thread finished: Virtual Users [500 threads] 1-189
2026-04-30 17:25:06,804 INFO o.a.j.t.JMeterThread: Thread started: Virtual Users [500 threads] 1-290
2026-04-30 17:25:06,984 INFO o.a.j.t.JMeterThread: Thread started: Virtual Users [500 threads] 1-291
2026-04-30 17:25:07,165 INFO o.a.j.t.JMeterThread: Thread started: Virtual Users [500 threads] 1-292
2026-04-30 17:25:07,173 INFO o.a.j.t.JMeterThread: Thread is done: Virtual Users [500 threads] 1-223
2026-04-30 17:25:07,173 INFO o.a.j.t.JMeterThread: Thread finished: Virtual Users [500 threads] 1-223
2026-04-30 17:25:07,345 INFO o.a.j.t.JMeterThread: Thread started: Virtual Users [500 threads] 1-293
2026-04-30 17:25:07,398 INFO o.a.j.t.JMeterThread: Thread is done: Virtual Users [500 threads] 1-198
2026-04-30 17:25:07,398 INFO o.a.j.t.JMeterThread: Thread finished: Virtual Users [500 threads] 1-198
2026-04-30 17:25:07,451 INFO o.a.j.t.JMeterThread: Thread is done: Virtual Users [500 threads] 1-208
2026-04-30 17:25:07,452 INFO o.a.j.t.JMeterThread: Thread finished: Virtual Users [500 threads] 1-208
2026-04-30 17:25:07,522 INFO o.a.j.t.JMeterThread: Thread started: Virtual Users [500 threads] 1-294
2026-04-30 17:25:07,704 INFO o.a.j.t.JMeterThread: Thread started: Virtual Users [500 threads] 1-295
2026-04-30 17:25:07,879 INFO o.a.j.t.JMeterThread: Thread started: Virtual Users [500 threads] 1-296
2026-04-30 17:25:08,005 INFO o.a.j.t.JMeterThread: Thread is done: Virtual Users [500 threads] 1-224
2026-04-30 17:25:08,006 INFO o.a.j.t.JMeterThread: Thread finished: Virtual Users [500 threads] 1-224
2026-04-30 17:25:08,064 INFO o.a.j.t.JMeterThread: Thread started: Virtual Users [500 threads] 1-297
2026-04-30 17:25:08,101 INFO o.a.j.t.JMeterThread: Thread is done: Virtual Users [500 threads] 1-206
2026-04-30 17:25:08,102 INFO o.a.j.t.JMeterThread: Thread finished: Virtual Users [500 threads] 1-206
2026-04-30 17:25:08,244 INFO o.a.j.t.JMeterThread: Thread started: Virtual Users [500 threads] 1-298
2026-04-30 17:25:08,424 INFO o.a.j.t.JMeterThread: Thread started: Virtual Users [500 threads] 1-299
2026-04-30 17:25:08,604 INFO o.a.j.t.JMeterThread: Thread started: Virtual Users [500 threads] 1-300
2026-04-30 17:25:08,605 INFO o.a.j.t.JMeterThread: Thread is done: Virtual Users [500 threads] 1-202
2026-04-30 17:25:08,605 INFO o.a.j.t.JMeterThread: Thread finished: Virtual Users [500 threads] 1-202
2026-04-30 17:25:08,784 INFO o.a.j.t.JMeterThread: Thread started: Virtual Users [500 threads] 1-301
2026-04-30 17:25:08,853 INFO o.a.j.t.JMeterThread: Thread is done: Virtual Users [500 threads] 1-196
2026-04-30 17:25:08,853 INFO o.a.j.t.JMeterThread: Thread finished: Virtual Users [500 threads] 1-196
2026-04-30 17:25:08,965 INFO o.a.j.t.JMeterThread: Thread started: Virtual Users [500 threads] 1-302
2026-04-30 17:25:09,145 INFO o.a.j.t.JMeterThread: Thread started: Virtual Users [500 threads] 1-303
2026-04-30 17:25:09,324 INFO o.a.j.t.JMeterThread: Thread started: Virtual Users [500 threads] 1-304
2026-04-30 17:25:09,504 INFO o.a.j.t.JMeterThread: Thread started: Virtual Users [500 threads] 1-305
2026-04-30 17:25:09,685 INFO o.a.j.t.JMeterThread: Thread started: Virtual Users [500 threads] 1-306
2026-04-30 17:25:09,700 INFO o.a.j.t.JMeterThread: Thread is done: Virtual Users [500 threads] 1-183
2026-04-30 17:25:09,700 INFO o.a.j.t.JMeterThread: Thread is done: Virtual Users [500 threads] 1-262
2026-04-30 17:25:09,700 INFO o.a.j.t.JMeterThread: Thread finished: Virtual Users [500 threads] 1-262
2026-04-30 17:25:09,700 INFO o.a.j.t.JMeterThread: Thread finished: Virtual Users [500 threads] 1-183
2026-04-30 17:25:09,864 INFO o.a.j.t.JMeterThread: Thread started: Virtual Users [500 threads] 1-307
2026-04-30 17:25:09,902 INFO o.a.j.t.JMeterThread: Thread is done: Virtual Users [500 threads] 1-211
2026-04-30 17:25:09,902 INFO o.a.j.t.JMeterThread: Thread finished: Virtual Users [500 threads] 1-211
2026-04-30 17:25:09,905 INFO o.a.j.t.JMeterThread: Thread is done: Virtual Users [500 threads] 1-191
2026-04-30 17:25:09,905 INFO o.a.j.t.JMeterThread: Thread finished: Virtual Users [500 threads] 1-191
2026-04-30 17:25:10,045 INFO o.a.j.t.JMeterThread: Thread started: Virtual Users [500 threads] 1-308
2026-04-30 17:25:10,224 INFO o.a.j.t.JMeterThread: Thread started: Virtual Users [500 threads] 1-309
2026-04-30 17:25:10,351 INFO o.a.j.t.JMeterThread: Thread is done: Virtual Users [500 threads] 1-212
2026-04-30 17:25:10,351 INFO o.a.j.t.JMeterThread: Thread finished: Virtual Users [500 threads] 1-212
2026-04-30 17:25:10,401 INFO o.a.j.t.JMeterThread: Thread is done: Virtual Users [500 threads] 1-201
2026-04-30 17:25:10,401 INFO o.a.j.t.JMeterThread: Thread finished: Virtual Users [500 threads] 1-201
2026-04-30 17:25:10,404 INFO o.a.j.t.JMeterThread: Thread started: Virtual Users [500 threads] 1-310
2026-04-30 17:25:10,585 INFO o.a.j.t.JMeterThread: Thread started: Virtual Users [500 threads] 1-311
2026-04-30 17:25:10,765 INFO o.a.j.t.JMeterThread: Thread started: Virtual Users [500 threads] 1-312
2026-04-30 17:25:10,944 INFO o.a.j.t.JMeterThread: Thread started: Virtual Users [500 threads] 1-313
2026-04-30 17:25:11,105 INFO o.a.j.t.JMeterThread: Thread is done: Virtual Users [500 threads] 1-222
2026-04-30 17:25:11,106 INFO o.a.j.t.JMeterThread: Thread finished: Virtual Users [500 threads] 1-222
2026-04-30 17:25:11,124 INFO o.a.j.t.JMeterThread: Thread started: Virtual Users [500 threads] 1-314
2026-04-30 17:25:11,304 INFO o.a.j.t.JMeterThread: Thread started: Virtual Users [500 threads] 1-315
2026-04-30 17:25:11,399 INFO o.a.j.t.JMeterThread: Thread is done: Virtual Users [500 threads] 1-270
2026-04-30 17:25:11,399 INFO o.a.j.t.JMeterThread: Thread finished: Virtual Users [500 threads] 1-270
2026-04-30 17:25:11,445 INFO o.a.j.t.JMeterThread: Thread is done: Virtual Users [500 threads] 1-216
2026-04-30 17:25:11,445 INFO o.a.j.t.JMeterThread: Thread finished: Virtual Users [500 threads] 1-216
2026-04-30 17:25:11,484 INFO o.a.j.t.JMeterThread: Thread started: Virtual Users [500 threads] 1-316
2026-04-30 17:25:11,506 INFO o.a.j.t.JMeterThread: Thread is done: Virtual Users [500 threads] 1-217
2026-04-30 17:25:11,506 INFO o.a.j.t.JMeterThread: Thread finished: Virtual Users [500 threads] 1-217
2026-04-30 17:25:11,662 INFO o.a.j.t.JMeterThread: Thread started: Virtual Users [500 threads] 1-317
2026-04-30 17:25:11,668 INFO o.a.j.t.JMeterThread: Thread is done: Virtual Users [500 threads] 1-199
2026-04-30 17:25:11,668 INFO o.a.j.t.JMeterThread: Thread finished: Virtual Users [500 threads] 1-199
2026-04-30 17:25:11,754 INFO o.a.j.t.JMeterThread: Thread is done: Virtual Users [500 threads] 1-230
2026-04-30 17:25:11,754 INFO o.a.j.t.JMeterThread: Thread finished: Virtual Users [500 threads] 1-230
2026-04-30 17:25:11,844 INFO o.a.j.t.JMeterThread: Thread started: Virtual Users [500 threads] 1-318
2026-04-30 17:25:11,880 INFO o.a.j.t.JMeterThread: Thread is done: Virtual Users [500 threads] 1-194
2026-04-30 17:25:11,880 INFO o.a.j.t.JMeterThread: Thread is done: Virtual Users [500 threads] 1-234
2026-04-30 17:25:11,880 INFO o.a.j.t.JMeterThread: Thread finished: Virtual Users [500 threads] 1-234
2026-04-30 17:25:11,880 INFO o.a.j.t.JMeterThread: Thread finished: Virtual Users [500 threads] 1-194
2026-04-30 17:25:12,024 INFO o.a.j.t.JMeterThread: Thread started: Virtual Users [500 threads] 1-319
2026-04-30 17:25:12,057 INFO o.a.j.t.JMeterThread: Thread is done: Virtual Users [500 threads] 1-225
2026-04-30 17:25:12,057 INFO o.a.j.t.JMeterThread: Thread finished: Virtual Users [500 threads] 1-225
2026-04-30 17:25:12,205 INFO o.a.j.t.JMeterThread: Thread started: Virtual Users [500 threads] 1-320
2026-04-30 17:25:12,384 INFO o.a.j.t.JMeterThread: Thread started: Virtual Users [500 threads] 1-321
2026-04-30 17:25:12,405 INFO o.a.j.t.JMeterThread: Thread is done: Virtual Users [500 threads] 1-213
2026-04-30 17:25:12,405 INFO o.a.j.t.JMeterThread: Thread finished: Virtual Users [500 threads] 1-213
2026-04-30 17:25:12,545 INFO o.a.j.t.JMeterThread: Thread is done: Virtual Users [500 threads] 1-233
2026-04-30 17:25:12,546 INFO o.a.j.t.JMeterThread: Thread finished: Virtual Users [500 threads] 1-233
2026-04-30 17:25:12,561 INFO o.a.j.t.JMeterThread: Thread started: Virtual Users [500 threads] 1-322
2026-04-30 17:25:12,624 INFO o.a.j.t.JMeterThread: Thread is done: Virtual Users [500 threads] 1-219
2026-04-30 17:25:12,624 INFO o.a.j.t.JMeterThread: Thread finished: Virtual Users [500 threads] 1-219
2026-04-30 17:25:12,745 INFO o.a.j.t.JMeterThread: Thread started: Virtual Users [500 threads] 1-323
2026-04-30 17:25:12,924 INFO o.a.j.t.JMeterThread: Thread started: Virtual Users [500 threads] 1-324
2026-04-30 17:25:12,948 INFO o.a.j.t.JMeterThread: Thread is done: Virtual Users [500 threads] 1-263
2026-04-30 17:25:12,948 INFO o.a.j.t.JMeterThread: Thread finished: Virtual Users [500 threads] 1-263
2026-04-30 17:25:13,104 INFO o.a.j.t.JMeterThread: Thread started: Virtual Users [500 threads] 1-325
2026-04-30 17:25:13,209 INFO o.a.j.t.JMeterThread: Thread is done: Virtual Users [500 threads] 1-238
2026-04-30 17:25:13,210 INFO o.a.j.t.JMeterThread: Thread finished: Virtual Users [500 threads] 1-238
2026-04-30 17:25:13,283 INFO o.a.j.t.JMeterThread: Thread started: Virtual Users [500 threads] 1-326
2026-04-30 17:25:13,464 INFO o.a.j.t.JMeterThread: Thread started: Virtual Users [500 threads] 1-327
2026-04-30 17:25:13,644 INFO o.a.j.t.JMeterThread: Thread started: Virtual Users [500 threads] 1-328
2026-04-30 17:25:13,703 INFO o.a.j.t.JMeterThread: Thread is done: Virtual Users [500 threads] 1-231
2026-04-30 17:25:13,703 INFO o.a.j.t.JMeterThread: Thread is done: Virtual Users [500 threads] 1-209
2026-04-30 17:25:13,703 INFO o.a.j.t.JMeterThread: Thread finished: Virtual Users [500 threads] 1-231
2026-04-30 17:25:13,703 INFO o.a.j.t.JMeterThread: Thread finished: Virtual Users [500 threads] 1-209
2026-04-30 17:25:13,822 INFO o.a.j.t.JMeterThread: Thread started: Virtual Users [500 threads] 1-329
2026-04-30 17:25:14,004 INFO o.a.j.t.JMeterThread: Thread started: Virtual Users [500 threads] 1-330
2026-04-30 17:25:14,185 INFO o.a.j.t.JMeterThread: Thread started: Virtual Users [500 threads] 1-331
2026-04-30 17:25:14,365 INFO o.a.j.t.JMeterThread: Thread started: Virtual Users [500 threads] 1-332
2026-04-30 17:25:14,544 INFO o.a.j.t.JMeterThread: Thread started: Virtual Users [500 threads] 1-333
2026-04-30 17:25:14,546 INFO o.a.j.t.JMeterThread: Thread is done: Virtual Users [500 threads] 1-207
2026-04-30 17:25:14,546 INFO o.a.j.t.JMeterThread: Thread finished: Virtual Users [500 threads] 1-207
2026-04-30 17:25:14,722 INFO o.a.j.t.JMeterThread: Thread started: Virtual Users [500 threads] 1-334
2026-04-30 17:25:14,736 INFO o.a.j.t.JMeterThread: Thread is done: Virtual Users [500 threads] 1-266
2026-04-30 17:25:14,736 INFO o.a.j.t.JMeterThread: Thread finished: Virtual Users [500 threads] 1-266
2026-04-30 17:25:14,904 INFO o.a.j.t.JMeterThread: Thread started: Virtual Users [500 threads] 1-335
2026-04-30 17:25:15,037 INFO o.a.j.t.JMeterThread: Thread is done: Virtual Users [500 threads] 1-254
2026-04-30 17:25:15,037 INFO o.a.j.t.JMeterThread: Thread is done: Virtual Users [500 threads] 1-215
2026-04-30 17:25:15,037 INFO o.a.j.t.JMeterThread: Thread finished: Virtual Users [500 threads] 1-215
2026-04-30 17:25:15,037 INFO o.a.j.t.JMeterThread: Thread finished: Virtual Users [500 threads] 1-254
2026-04-30 17:25:15,084 INFO o.a.j.t.JMeterThread: Thread started: Virtual Users [500 threads] 1-336
2026-04-30 17:25:15,264 INFO o.a.j.t.JMeterThread: Thread started: Virtual Users [500 threads] 1-337
2026-04-30 17:25:15,444 INFO o.a.j.t.JMeterThread: Thread started: Virtual Users [500 threads] 1-338
2026-04-30 17:25:15,450 INFO o.a.j.t.JMeterThread: Thread is done: Virtual Users [500 threads] 1-221
2026-04-30 17:25:15,450 INFO o.a.j.t.JMeterThread: Thread finished: Virtual Users [500 threads] 1-221
2026-04-30 17:25:15,520 INFO o.a.j.t.JMeterThread: Thread is done: Virtual Users [500 threads] 1-239
2026-04-30 17:25:15,520 INFO o.a.j.t.JMeterThread: Thread finished: Virtual Users [500 threads] 1-239
2026-04-30 17:25:15,542 INFO o.a.j.t.JMeterThread: Thread is done: Virtual Users [500 threads] 1-246
2026-04-30 17:25:15,542 INFO o.a.j.t.JMeterThread: Thread finished: Virtual Users [500 threads] 1-246
2026-04-30 17:25:15,624 INFO o.a.j.t.JMeterThread: Thread started: Virtual Users [500 threads] 1-339
2026-04-30 17:25:15,639 INFO o.a.j.t.JMeterThread: Thread is done: Virtual Users [500 threads] 1-240
2026-04-30 17:25:15,639 INFO o.a.j.t.JMeterThread: Thread is done: Virtual Users [500 threads] 1-253
2026-04-30 17:25:15,639 INFO o.a.j.t.JMeterThread: Thread finished: Virtual Users [500 threads] 1-240
2026-04-30 17:25:15,639 INFO o.a.j.t.JMeterThread: Thread finished: Virtual Users [500 threads] 1-253
2026-04-30 17:25:15,692 INFO o.a.j.t.JMeterThread: Thread is done: Virtual Users [500 threads] 1-218
2026-04-30 17:25:15,692 INFO o.a.j.t.JMeterThread: Thread finished: Virtual Users [500 threads] 1-218
2026-04-30 17:25:15,805 INFO o.a.j.t.JMeterThread: Thread started: Virtual Users [500 threads] 1-340
2026-04-30 17:25:15,983 INFO o.a.j.t.JMeterThread: Thread started: Virtual Users [500 threads] 1-341
2026-04-30 17:25:16,165 INFO o.a.j.t.JMeterThread: Thread started: Virtual Users [500 threads] 1-342
2026-04-30 17:25:16,329 INFO o.a.j.t.JMeterThread: Thread is done: Virtual Users [500 threads] 1-220
2026-04-30 17:25:16,329 INFO o.a.j.t.JMeterThread: Thread is done: Virtual Users [500 threads] 1-237
2026-04-30 17:25:16,329 INFO o.a.j.t.JMeterThread: Thread finished: Virtual Users [500 threads] 1-237
2026-04-30 17:25:16,329 INFO o.a.j.t.JMeterThread: Thread is done: Virtual Users [500 threads] 1-249
2026-04-30 17:25:16,329 INFO o.a.j.t.JMeterThread: Thread finished: Virtual Users [500 threads] 1-249
2026-04-30 17:25:16,329 INFO o.a.j.t.JMeterThread: Thread finished: Virtual Users [500 threads] 1-220
2026-04-30 17:25:16,344 INFO o.a.j.t.JMeterThread: Thread started: Virtual Users [500 threads] 1-343
2026-04-30 17:25:16,524 INFO o.a.j.t.JMeterThread: Thread started: Virtual Users [500 threads] 1-344
2026-04-30 17:25:16,704 INFO o.a.j.t.JMeterThread: Thread started: Virtual Users [500 threads] 1-345
2026-04-30 17:25:16,864 INFO o.a.j.t.JMeterThread: Thread is done: Virtual Users [500 threads] 1-243
2026-04-30 17:25:16,864 INFO o.a.j.t.JMeterThread: Thread finished: Virtual Users [500 threads] 1-243
2026-04-30 17:25:16,884 INFO o.a.j.t.JMeterThread: Thread started: Virtual Users [500 threads] 1-346
2026-04-30 17:25:17,064 INFO o.a.j.t.JMeterThread: Thread started: Virtual Users [500 threads] 1-347
2026-04-30 17:25:17,244 INFO o.a.j.t.JMeterThread: Thread started: Virtual Users [500 threads] 1-348
2026-04-30 17:25:17,424 INFO o.a.j.t.JMeterThread: Thread started: Virtual Users [500 threads] 1-349
2026-04-30 17:25:17,546 INFO o.a.j.t.JMeterThread: Thread is done: Virtual Users [500 threads] 1-232
2026-04-30 17:25:17,547 INFO o.a.j.t.JMeterThread: Thread finished: Virtual Users [500 threads] 1-232
2026-04-30 17:25:17,600 INFO o.a.j.t.JMeterThread: Thread started: Virtual Users [500 threads] 1-350
2026-04-30 17:25:17,783 INFO o.a.j.t.JMeterThread: Thread started: Virtual Users [500 threads] 1-351
2026-04-30 17:25:17,805 INFO o.a.j.t.JMeterThread: Thread is done: Virtual Users [500 threads] 1-250
2026-04-30 17:25:17,805 INFO o.a.j.t.JMeterThread: Thread finished: Virtual Users [500 threads] 1-250
2026-04-30 17:25:17,965 INFO o.a.j.t.JMeterThread: Thread started: Virtual Users [500 threads] 1-352
2026-04-30 17:25:18,145 INFO o.a.j.t.JMeterThread: Thread started: Virtual Users [500 threads] 1-353
2026-04-30 17:25:18,149 INFO o.a.j.t.JMeterThread: Thread is done: Virtual Users [500 threads] 1-229
2026-04-30 17:25:18,149 INFO o.a.j.t.JMeterThread: Thread is done: Virtual Users [500 threads] 1-228
2026-04-30 17:25:18,149 INFO o.a.j.t.JMeterThread: Thread finished: Virtual Users [500 threads] 1-229
2026-04-30 17:25:18,149 INFO o.a.j.t.JMeterThread: Thread finished: Virtual Users [500 threads] 1-228
2026-04-30 17:25:18,320 INFO o.a.j.t.JMeterThread: Thread started: Virtual Users [500 threads] 1-354
2026-04-30 17:25:18,504 INFO o.a.j.t.JMeterThread: Thread started: Virtual Users [500 threads] 1-355
2026-04-30 17:25:18,684 INFO o.a.j.t.JMeterThread: Thread started: Virtual Users [500 threads] 1-356
2026-04-30 17:25:18,861 INFO o.a.j.t.JMeterThread: Thread started: Virtual Users [500 threads] 1-357
2026-04-30 17:25:18,947 INFO o.a.j.t.JMeterThread: Thread is done: Virtual Users [500 threads] 1-267
2026-04-30 17:25:18,947 INFO o.a.j.t.JMeterThread: Thread finished: Virtual Users [500 threads] 1-267
2026-04-30 17:25:19,043 INFO o.a.j.t.JMeterThread: Thread started: Virtual Users [500 threads] 1-358
2026-04-30 17:25:19,224 INFO o.a.j.t.JMeterThread: Thread started: Virtual Users [500 threads] 1-359
2026-04-30 17:25:19,349 INFO o.a.j.t.JMeterThread: Thread is done: Virtual Users [500 threads] 1-277
2026-04-30 17:25:19,349 INFO o.a.j.t.JMeterThread: Thread is done: Virtual Users [500 threads] 1-241
2026-04-30 17:25:19,349 INFO o.a.j.t.JMeterThread: Thread finished: Virtual Users [500 threads] 1-277
2026-04-30 17:25:19,349 INFO o.a.j.t.JMeterThread: Thread finished: Virtual Users [500 threads] 1-241
2026-04-30 17:25:19,404 INFO o.a.j.t.JMeterThread: Thread started: Virtual Users [500 threads] 1-360
2026-04-30 17:25:19,584 INFO o.a.j.t.JMeterThread: Thread started: Virtual Users [500 threads] 1-361
2026-04-30 17:25:19,653 INFO o.a.j.t.JMeterThread: Thread is done: Virtual Users [500 threads] 1-271
2026-04-30 17:25:19,653 INFO o.a.j.t.JMeterThread: Thread finished: Virtual Users [500 threads] 1-271
2026-04-30 17:25:19,745 INFO o.a.j.t.JMeterThread: Thread is done: Virtual Users [500 threads] 1-245
2026-04-30 17:25:19,745 INFO o.a.j.t.JMeterThread: Thread finished: Virtual Users [500 threads] 1-245
2026-04-30 17:25:19,765 INFO o.a.j.t.JMeterThread: Thread started: Virtual Users [500 threads] 1-362
2026-04-30 17:25:19,944 INFO o.a.j.t.JMeterThread: Thread started: Virtual Users [500 threads] 1-363
2026-04-30 17:25:20,121 INFO o.a.j.t.JMeterThread: Thread started: Virtual Users [500 threads] 1-364
2026-04-30 17:25:20,149 INFO o.a.j.t.JMeterThread: Thread is done: Virtual Users [500 threads] 1-256
2026-04-30 17:25:20,149 INFO o.a.j.t.JMeterThread: Thread finished: Virtual Users [500 threads] 1-256
2026-04-30 17:25:20,149 INFO o.a.j.t.JMeterThread: Thread is done: Virtual Users [500 threads] 1-264
2026-04-30 17:25:20,149 INFO o.a.j.t.JMeterThread: Thread finished: Virtual Users [500 threads] 1-264
2026-04-30 17:25:20,303 INFO o.a.j.t.JMeterThread: Thread started: Virtual Users [500 threads] 1-365
2026-04-30 17:25:20,480 INFO o.a.j.t.JMeterThread: Thread started: Virtual Users [500 threads] 1-366
2026-04-30 17:25:20,547 INFO o.a.j.t.JMeterThread: Thread is done: Virtual Users [500 threads] 1-252
2026-04-30 17:25:20,547 INFO o.a.j.t.JMeterThread: Thread is done: Virtual Users [500 threads] 1-255
2026-04-30 17:25:20,548 INFO o.a.j.t.JMeterThread: Thread finished: Virtual Users [500 threads] 1-252
2026-04-30 17:25:20,548 INFO o.a.j.t.JMeterThread: Thread finished: Virtual Users [500 threads] 1-255
2026-04-30 17:25:20,663 INFO o.a.j.t.JMeterThread: Thread started: Virtual Users [500 threads] 1-367
2026-04-30 17:25:20,805 INFO o.a.j.t.JMeterThread: Thread is done: Virtual Users [500 threads] 1-257
2026-04-30 17:25:20,805 INFO o.a.j.t.JMeterThread: Thread finished: Virtual Users [500 threads] 1-257
2026-04-30 17:25:20,844 INFO o.a.j.t.JMeterThread: Thread started: Virtual Users [500 threads] 1-368
2026-04-30 17:25:20,868 INFO o.a.j.t.JMeterThread: Thread is done: Virtual Users [500 threads] 1-235
2026-04-30 17:25:20,868 INFO o.a.j.t.JMeterThread: Thread finished: Virtual Users [500 threads] 1-235
2026-04-30 17:25:21,024 INFO o.a.j.t.JMeterThread: Thread started: Virtual Users [500 threads] 1-369
2026-04-30 17:25:21,204 INFO o.a.j.t.JMeterThread: Thread started: Virtual Users [500 threads] 1-370
2026-04-30 17:25:21,384 INFO o.a.j.t.JMeterThread: Thread started: Virtual Users [500 threads] 1-371
2026-04-30 17:25:21,563 INFO o.a.j.t.JMeterThread: Thread started: Virtual Users [500 threads] 1-372
2026-04-30 17:25:21,726 INFO o.a.j.t.JMeterThread: Thread is done: Virtual Users [500 threads] 1-276
2026-04-30 17:25:21,726 INFO o.a.j.t.JMeterThread: Thread finished: Virtual Users [500 threads] 1-276
2026-04-30 17:25:21,744 INFO o.a.j.t.JMeterThread: Thread started: Virtual Users [500 threads] 1-373
2026-04-30 17:25:21,746 INFO o.a.j.t.JMeterThread: Thread is done: Virtual Users [500 threads] 1-236
2026-04-30 17:25:21,746 INFO o.a.j.t.JMeterThread: Thread finished: Virtual Users [500 threads] 1-236
2026-04-30 17:25:21,903 INFO o.a.j.t.JMeterThread: Thread is done: Virtual Users [500 threads] 1-248
2026-04-30 17:25:21,903 INFO o.a.j.t.JMeterThread: Thread finished: Virtual Users [500 threads] 1-248
2026-04-30 17:25:21,903 INFO o.a.j.t.JMeterThread: Thread is done: Virtual Users [500 threads] 1-291
2026-04-30 17:25:21,903 INFO o.a.j.t.JMeterThread: Thread finished: Virtual Users [500 threads] 1-291
2026-04-30 17:25:21,924 INFO o.a.j.t.JMeterThread: Thread started: Virtual Users [500 threads] 1-374
2026-04-30 17:25:22,046 INFO o.a.j.t.JMeterThread: Thread is done: Virtual Users [500 threads] 1-280
2026-04-30 17:25:22,046 INFO o.a.j.t.JMeterThread: Thread finished: Virtual Users [500 threads] 1-280
2026-04-30 17:25:22,103 INFO o.a.j.t.JMeterThread: Thread started: Virtual Users [500 threads] 1-375
2026-04-30 17:25:22,149 INFO o.a.j.t.JMeterThread: Thread is done: Virtual Users [500 threads] 1-244
2026-04-30 17:25:22,149 INFO o.a.j.t.JMeterThread: Thread finished: Virtual Users [500 threads] 1-244
2026-04-30 17:25:22,156 INFO o.a.j.t.JMeterThread: Thread is done: Virtual Users [500 threads] 1-251
2026-04-30 17:25:22,156 INFO o.a.j.t.JMeterThread: Thread finished: Virtual Users [500 threads] 1-251
2026-04-30 17:25:22,284 INFO o.a.j.t.JMeterThread: Thread started: Virtual Users [500 threads] 1-376
2026-04-30 17:25:22,299 INFO o.a.j.t.JMeterThread: Thread is done: Virtual Users [500 threads] 1-301
2026-04-30 17:25:22,299 INFO o.a.j.t.JMeterThread: Thread is done: Virtual Users [500 threads] 1-307
2026-04-30 17:25:22,299 INFO o.a.j.t.JMeterThread: Thread finished: Virtual Users [500 threads] 1-301
2026-04-30 17:25:22,300 INFO o.a.j.t.JMeterThread: Thread finished: Virtual Users [500 threads] 1-307
2026-04-30 17:25:22,402 INFO o.a.j.t.JMeterThread: Thread is done: Virtual Users [500 threads] 1-242
2026-04-30 17:25:22,402 INFO o.a.j.t.JMeterThread: Thread finished: Virtual Users [500 threads] 1-242
2026-04-30 17:25:22,464 INFO o.a.j.t.JMeterThread: Thread started: Virtual Users [500 threads] 1-377
2026-04-30 17:25:22,644 INFO o.a.j.t.JMeterThread: Thread started: Virtual Users [500 threads] 1-378
2026-04-30 17:25:22,824 INFO o.a.j.t.JMeterThread: Thread started: Virtual Users [500 threads] 1-379
2026-04-30 17:25:23,004 INFO o.a.j.t.JMeterThread: Thread started: Virtual Users [500 threads] 1-380
2026-04-30 17:25:23,154 INFO o.a.j.t.JMeterThread: Thread is done: Virtual Users [500 threads] 1-308
2026-04-30 17:25:23,154 INFO o.a.j.t.JMeterThread: Thread finished: Virtual Users [500 threads] 1-308
2026-04-30 17:25:23,185 INFO o.a.j.t.JMeterThread: Thread started: Virtual Users [500 threads] 1-381
2026-04-30 17:25:23,365 INFO o.a.j.t.JMeterThread: Thread started: Virtual Users [500 threads] 1-382
2026-04-30 17:25:23,448 INFO o.a.j.t.JMeterThread: Thread is done: Virtual Users [500 threads] 1-272
2026-04-30 17:25:23,448 INFO o.a.j.t.JMeterThread: Thread finished: Virtual Users [500 threads] 1-272
2026-04-30 17:25:23,539 INFO o.a.j.t.JMeterThread: Thread started: Virtual Users [500 threads] 1-383
2026-04-30 17:25:23,577 INFO o.a.j.t.JMeterThread: Thread is done: Virtual Users [500 threads] 1-275
2026-04-30 17:25:23,577 INFO o.a.j.t.JMeterThread: Thread finished: Virtual Users [500 threads] 1-275
2026-04-30 17:25:23,657 INFO o.a.j.t.JMeterThread: Thread is done: Virtual Users [500 threads] 1-260
2026-04-30 17:25:23,658 INFO o.a.j.t.JMeterThread: Thread finished: Virtual Users [500 threads] 1-260
2026-04-30 17:25:23,722 INFO o.a.j.t.JMeterThread: Thread started: Virtual Users [500 threads] 1-384
2026-04-30 17:25:23,904 INFO o.a.j.t.JMeterThread: Thread started: Virtual Users [500 threads] 1-385
2026-04-30 17:25:24,079 INFO o.a.j.t.JMeterThread: Thread started: Virtual Users [500 threads] 1-386
2026-04-30 17:25:24,217 INFO o.a.j.t.JMeterThread: Thread is done: Virtual Users [500 threads] 1-292
2026-04-30 17:25:24,218 INFO o.a.j.t.JMeterThread: Thread finished: Virtual Users [500 threads] 1-292
2026-04-30 17:25:24,263 INFO o.a.j.t.JMeterThread: Thread started: Virtual Users [500 threads] 1-387
2026-04-30 17:25:24,345 INFO o.a.j.t.JMeterThread: Thread is done: Virtual Users [500 threads] 1-268
2026-04-30 17:25:24,345 INFO o.a.j.t.JMeterThread: Thread finished: Virtual Users [500 threads] 1-268
2026-04-30 17:25:24,439 INFO o.a.j.t.JMeterThread: Thread started: Virtual Users [500 threads] 1-388
2026-04-30 17:25:24,550 INFO o.a.j.t.JMeterThread: Thread is done: Virtual Users [500 threads] 1-247
2026-04-30 17:25:24,550 INFO o.a.j.t.JMeterThread: Thread finished: Virtual Users [500 threads] 1-247
2026-04-30 17:25:24,625 INFO o.a.j.t.JMeterThread: Thread started: Virtual Users [500 threads] 1-389
2026-04-30 17:25:24,801 INFO o.a.j.t.JMeterThread: Thread started: Virtual Users [500 threads] 1-390
2026-04-30 17:25:24,953 INFO o.a.j.t.JMeterThread: Thread is done: Virtual Users [500 threads] 1-285
2026-04-30 17:25:24,954 INFO o.a.j.t.JMeterThread: Thread finished: Virtual Users [500 threads] 1-285
2026-04-30 17:25:24,957 INFO o.a.j.t.JMeterThread: Thread is done: Virtual Users [500 threads] 1-278
2026-04-30 17:25:24,957 INFO o.a.j.t.JMeterThread: Thread is done: Virtual Users [500 threads] 1-286
2026-04-30 17:25:24,957 INFO o.a.j.t.JMeterThread: Thread finished: Virtual Users [500 threads] 1-278
2026-04-30 17:25:24,957 INFO o.a.j.t.JMeterThread: Thread finished: Virtual Users [500 threads] 1-286
2026-04-30 17:25:24,982 INFO o.a.j.t.JMeterThread: Thread started: Virtual Users [500 threads] 1-391
2026-04-30 17:25:25,164 INFO o.a.j.t.JMeterThread: Thread started: Virtual Users [500 threads] 1-392
2026-04-30 17:25:25,244 INFO o.a.j.t.JMeterThread: Thread is done: Virtual Users [500 threads] 1-259
2026-04-30 17:25:25,244 INFO o.a.j.t.JMeterThread: Thread finished: Virtual Users [500 threads] 1-259
2026-04-30 17:25:25,345 INFO o.a.j.t.JMeterThread: Thread started: Virtual Users [500 threads] 1-393
2026-04-30 17:25:25,423 INFO o.a.j.t.JMeterThread: Thread is done: Virtual Users [500 threads] 1-265
2026-04-30 17:25:25,424 INFO o.a.j.t.JMeterThread: Thread finished: Virtual Users [500 threads] 1-265
2026-04-30 17:25:25,448 INFO o.a.j.t.JMeterThread: Thread is done: Virtual Users [500 threads] 1-300
2026-04-30 17:25:25,448 INFO o.a.j.t.JMeterThread: Thread finished: Virtual Users [500 threads] 1-300
2026-04-30 17:25:25,524 INFO o.a.j.t.JMeterThread: Thread started: Virtual Users [500 threads] 1-394
2026-04-30 17:25:25,613 INFO o.a.j.t.JMeterThread: Thread is done: Virtual Users [500 threads] 1-284
2026-04-30 17:25:25,613 INFO o.a.j.t.JMeterThread: Thread finished: Virtual Users [500 threads] 1-284
2026-04-30 17:25:25,701 INFO o.a.j.t.JMeterThread: Thread started: Virtual Users [500 threads] 1-395
2026-04-30 17:25:25,707 INFO o.a.j.t.JMeterThread: Thread is done: Virtual Users [500 threads] 1-287
2026-04-30 17:25:25,707 INFO o.a.j.t.JMeterThread: Thread finished: Virtual Users [500 threads] 1-287
2026-04-30 17:25:25,800 INFO o.a.j.t.JMeterThread: Thread is done: Virtual Users [500 threads] 1-289
2026-04-30 17:25:25,800 INFO o.a.j.t.JMeterThread: Thread finished: Virtual Users [500 threads] 1-289
2026-04-30 17:25:25,884 INFO o.a.j.t.JMeterThread: Thread started: Virtual Users [500 threads] 1-396
2026-04-30 17:25:25,953 INFO o.a.j.t.JMeterThread: Thread is done: Virtual Users [500 threads] 1-279
2026-04-30 17:25:25,953 INFO o.a.j.t.JMeterThread: Thread finished: Virtual Users [500 threads] 1-279
2026-04-30 17:25:26,064 INFO o.a.j.t.JMeterThread: Thread started: Virtual Users [500 threads] 1-397
2026-04-30 17:25:26,175 INFO o.a.j.t.JMeterThread: Thread is done: Virtual Users [500 threads] 1-261
2026-04-30 17:25:26,175 INFO o.a.j.t.JMeterThread: Thread finished: Virtual Users [500 threads] 1-261
2026-04-30 17:25:26,243 INFO o.a.j.t.JMeterThread: Thread started: Virtual Users [500 threads] 1-398
2026-04-30 17:25:26,422 INFO o.a.j.t.JMeterThread: Thread started: Virtual Users [500 threads] 1-399
2026-04-30 17:25:26,473 INFO o.a.j.t.JMeterThread: Thread is done: Virtual Users [500 threads] 1-311
2026-04-30 17:25:26,473 INFO o.a.j.t.JMeterThread: Thread finished: Virtual Users [500 threads] 1-311
2026-04-30 17:25:26,604 INFO o.a.j.t.JMeterThread: Thread started: Virtual Users [500 threads] 1-400
2026-04-30 17:25:26,784 INFO o.a.j.t.JMeterThread: Thread started: Virtual Users [500 threads] 1-401
2026-04-30 17:25:26,963 INFO o.a.j.t.JMeterThread: Thread started: Virtual Users [500 threads] 1-402
2026-04-30 17:25:27,144 INFO o.a.j.t.JMeterThread: Thread started: Virtual Users [500 threads] 1-403
2026-04-30 17:25:27,172 INFO o.a.j.t.JMeterThread: Thread is done: Virtual Users [500 threads] 1-297
2026-04-30 17:25:27,173 INFO o.a.j.t.JMeterThread: Thread finished: Virtual Users [500 threads] 1-297
2026-04-30 17:25:27,324 INFO o.a.j.t.JMeterThread: Thread started: Virtual Users [500 threads] 1-404
2026-04-30 17:25:27,504 INFO o.a.j.t.JMeterThread: Thread started: Virtual Users [500 threads] 1-405
2026-04-30 17:25:27,565 INFO o.a.j.t.JMeterThread: Thread is done: Virtual Users [500 threads] 1-302
2026-04-30 17:25:27,566 INFO o.a.j.t.JMeterThread: Thread finished: Virtual Users [500 threads] 1-302
2026-04-30 17:25:27,685 INFO o.a.j.t.JMeterThread: Thread started: Virtual Users [500 threads] 1-406
2026-04-30 17:25:27,847 INFO o.a.j.t.JMeterThread: Thread is done: Virtual Users [500 threads] 1-274
2026-04-30 17:25:27,847 INFO o.a.j.t.JMeterThread: Thread is done: Virtual Users [500 threads] 1-282
2026-04-30 17:25:27,847 INFO o.a.j.t.JMeterThread: Thread is done: Virtual Users [500 threads] 1-281
2026-04-30 17:25:27,847 INFO o.a.j.t.JMeterThread: Thread finished: Virtual Users [500 threads] 1-274
2026-04-30 17:25:27,848 INFO o.a.j.t.JMeterThread: Thread finished: Virtual Users [500 threads] 1-281
2026-04-30 17:25:27,848 INFO o.a.j.t.JMeterThread: Thread finished: Virtual Users [500 threads] 1-282
2026-04-30 17:25:27,863 INFO o.a.j.t.JMeterThread: Thread started: Virtual Users [500 threads] 1-407
2026-04-30 17:25:27,915 INFO o.a.j.t.JMeterThread: Thread is done: Virtual Users [500 threads] 1-293
2026-04-30 17:25:27,915 INFO o.a.j.t.JMeterThread: Thread finished: Virtual Users [500 threads] 1-293
2026-04-30 17:25:28,045 INFO o.a.j.t.JMeterThread: Thread started: Virtual Users [500 threads] 1-408
2026-04-30 17:25:28,107 INFO o.a.j.t.JMeterThread: Thread is done: Virtual Users [500 threads] 1-283
2026-04-30 17:25:28,107 INFO o.a.j.t.JMeterThread: Thread finished: Virtual Users [500 threads] 1-283
2026-04-30 17:25:28,224 INFO o.a.j.t.JMeterThread: Thread started: Virtual Users [500 threads] 1-409
2026-04-30 17:25:28,404 INFO o.a.j.t.JMeterThread: Thread started: Virtual Users [500 threads] 1-410
2026-04-30 17:25:28,581 INFO o.a.j.t.JMeterThread: Thread started: Virtual Users [500 threads] 1-411
2026-04-30 17:25:28,750 INFO o.a.j.t.JMeterThread: Thread is done: Virtual Users [500 threads] 1-269
2026-04-30 17:25:28,750 INFO o.a.j.t.JMeterThread: Thread finished: Virtual Users [500 threads] 1-269
2026-04-30 17:25:28,763 INFO o.a.j.t.JMeterThread: Thread started: Virtual Users [500 threads] 1-412
2026-04-30 17:25:28,945 INFO o.a.j.t.JMeterThread: Thread started: Virtual Users [500 threads] 1-413
2026-04-30 17:25:29,122 INFO o.a.j.t.JMeterThread: Thread started: Virtual Users [500 threads] 1-414
2026-04-30 17:25:29,201 INFO o.a.j.t.JMeterThread: Thread is done: Virtual Users [500 threads] 1-299
2026-04-30 17:25:29,201 INFO o.a.j.t.JMeterThread: Thread finished: Virtual Users [500 threads] 1-299
2026-04-30 17:25:29,304 INFO o.a.j.t.JMeterThread: Thread started: Virtual Users [500 threads] 1-415
2026-04-30 17:25:29,485 INFO o.a.j.t.JMeterThread: Thread started: Virtual Users [500 threads] 1-416
2026-04-30 17:25:29,663 INFO o.a.j.t.JMeterThread: Thread started: Virtual Users [500 threads] 1-417
2026-04-30 17:25:29,700 INFO o.a.j.t.JMeterThread: Thread is done: Virtual Users [500 threads] 1-313
2026-04-30 17:25:29,700 INFO o.a.j.t.JMeterThread: Thread finished: Virtual Users [500 threads] 1-313
2026-04-30 17:25:29,843 INFO o.a.j.t.JMeterThread: Thread started: Virtual Users [500 threads] 1-418
2026-04-30 17:25:30,025 INFO o.a.j.t.JMeterThread: Thread started: Virtual Users [500 threads] 1-419
2026-04-30 17:25:30,204 INFO o.a.j.t.JMeterThread: Thread started: Virtual Users [500 threads] 1-420
2026-04-30 17:25:30,384 INFO o.a.j.t.JMeterThread: Thread started: Virtual Users [500 threads] 1-421
2026-04-30 17:25:30,564 INFO o.a.j.t.JMeterThread: Thread started: Virtual Users [500 threads] 1-422
2026-04-30 17:25:30,621 INFO o.a.j.r.Summariser: summary +    353 in 00:00:30 =   11.6/s Avg:  6019 Min:    70 Max: 25568 Err:     0 (0.00%) Active: 124 Started: 422 Finished: 298
2026-04-30 17:25:30,622 INFO o.a.j.r.Summariser: summary =    895 in 00:01:16 =   11.8/s Avg:  3761 Min:    70 Max: 25568 Err:    10 (1.12%)
2026-04-30 17:25:30,743 INFO o.a.j.t.JMeterThread: Thread started: Virtual Users [500 threads] 1-423
2026-04-30 17:25:30,819 INFO o.a.j.t.JMeterThread: Thread is done: Virtual Users [500 threads] 1-306
2026-04-30 17:25:30,819 INFO o.a.j.t.JMeterThread: Thread finished: Virtual Users [500 threads] 1-306
2026-04-30 17:25:30,924 INFO o.a.j.t.JMeterThread: Thread started: Virtual Users [500 threads] 1-424
2026-04-30 17:25:30,948 INFO o.a.j.t.JMeterThread: Thread is done: Virtual Users [500 threads] 1-312
2026-04-30 17:25:30,948 INFO o.a.j.t.JMeterThread: Thread is done: Virtual Users [500 threads] 1-296
2026-04-30 17:25:30,948 INFO o.a.j.t.JMeterThread: Thread finished: Virtual Users [500 threads] 1-312
2026-04-30 17:25:30,949 INFO o.a.j.t.JMeterThread: Thread finished: Virtual Users [500 threads] 1-296
2026-04-30 17:25:31,104 INFO o.a.j.t.JMeterThread: Thread started: Virtual Users [500 threads] 1-425
2026-04-30 17:25:31,246 INFO o.a.j.t.JMeterThread: Thread is done: Virtual Users [500 threads] 1-290
2026-04-30 17:25:31,246 INFO o.a.j.t.JMeterThread: Thread finished: Virtual Users [500 threads] 1-290
2026-04-30 17:25:31,285 INFO o.a.j.t.JMeterThread: Thread started: Virtual Users [500 threads] 1-426
2026-04-30 17:25:31,404 INFO o.a.j.t.JMeterThread: Thread is done: Virtual Users [500 threads] 1-305
2026-04-30 17:25:31,404 INFO o.a.j.t.JMeterThread: Thread finished: Virtual Users [500 threads] 1-305
2026-04-30 17:25:31,465 INFO o.a.j.t.JMeterThread: Thread started: Virtual Users [500 threads] 1-427
2026-04-30 17:25:31,643 INFO o.a.j.t.JMeterThread: Thread started: Virtual Users [500 threads] 1-428
2026-04-30 17:25:31,798 INFO o.a.j.t.JMeterThread: Thread is done: Virtual Users [500 threads] 1-324
2026-04-30 17:25:31,798 INFO o.a.j.t.JMeterThread: Thread finished: Virtual Users [500 threads] 1-324
2026-04-30 17:25:31,824 INFO o.a.j.t.JMeterThread: Thread started: Virtual Users [500 threads] 1-429
2026-04-30 17:25:31,999 INFO o.a.j.t.JMeterThread: Thread started: Virtual Users [500 threads] 1-430
2026-04-30 17:25:32,101 INFO o.a.j.t.JMeterThread: Thread is done: Virtual Users [500 threads] 1-319
2026-04-30 17:25:32,102 INFO o.a.j.t.JMeterThread: Thread finished: Virtual Users [500 threads] 1-319
2026-04-30 17:25:32,185 INFO o.a.j.t.JMeterThread: Thread started: Virtual Users [500 threads] 1-431
2026-04-30 17:25:32,205 INFO o.a.j.t.JMeterThread: Thread is done: Virtual Users [500 threads] 1-317
2026-04-30 17:25:32,205 INFO o.a.j.t.JMeterThread: Thread finished: Virtual Users [500 threads] 1-317
2026-04-30 17:25:32,364 INFO o.a.j.t.JMeterThread: Thread started: Virtual Users [500 threads] 1-432
2026-04-30 17:25:32,544 INFO o.a.j.t.JMeterThread: Thread started: Virtual Users [500 threads] 1-433
2026-04-30 17:25:32,725 INFO o.a.j.t.JMeterThread: Thread started: Virtual Users [500 threads] 1-434
2026-04-30 17:25:32,904 INFO o.a.j.t.JMeterThread: Thread started: Virtual Users [500 threads] 1-435
2026-04-30 17:25:33,084 INFO o.a.j.t.JMeterThread: Thread started: Virtual Users [500 threads] 1-436
2026-04-30 17:25:33,260 INFO o.a.j.t.JMeterThread: Thread started: Virtual Users [500 threads] 1-437
2026-04-30 17:25:33,307 INFO o.a.j.t.JMeterThread: Thread is done: Virtual Users [500 threads] 1-314
2026-04-30 17:25:33,307 INFO o.a.j.t.JMeterThread: Thread finished: Virtual Users [500 threads] 1-314
2026-04-30 17:25:33,346 INFO o.a.j.t.JMeterThread: Thread is done: Virtual Users [500 threads] 1-273
2026-04-30 17:25:33,346 INFO o.a.j.t.JMeterThread: Thread finished: Virtual Users [500 threads] 1-273
2026-04-30 17:25:33,444 INFO o.a.j.t.JMeterThread: Thread started: Virtual Users [500 threads] 1-438
2026-04-30 17:25:33,447 INFO o.a.j.t.JMeterThread: Thread is done: Virtual Users [500 threads] 1-258
2026-04-30 17:25:33,447 INFO o.a.j.t.JMeterThread: Thread finished: Virtual Users [500 threads] 1-258
2026-04-30 17:25:33,549 INFO o.a.j.t.JMeterThread: Thread is done: Virtual Users [500 threads] 1-303
2026-04-30 17:25:33,549 INFO o.a.j.t.JMeterThread: Thread finished: Virtual Users [500 threads] 1-303
2026-04-30 17:25:33,605 INFO o.a.j.t.JMeterThread: Thread is done: Virtual Users [500 threads] 1-321
2026-04-30 17:25:33,605 INFO o.a.j.t.JMeterThread: Thread finished: Virtual Users [500 threads] 1-321
2026-04-30 17:25:33,622 INFO o.a.j.t.JMeterThread: Thread started: Virtual Users [500 threads] 1-439
2026-04-30 17:25:33,800 INFO o.a.j.t.JMeterThread: Thread is done: Virtual Users [500 threads] 1-310
2026-04-30 17:25:33,800 INFO o.a.j.t.JMeterThread: Thread finished: Virtual Users [500 threads] 1-310
2026-04-30 17:25:33,804 INFO o.a.j.t.JMeterThread: Thread started: Virtual Users [500 threads] 1-440
2026-04-30 17:25:33,817 INFO o.a.j.t.JMeterThread: Thread is done: Virtual Users [500 threads] 1-288
2026-04-30 17:25:33,817 INFO o.a.j.t.JMeterThread: Thread finished: Virtual Users [500 threads] 1-288
2026-04-30 17:25:33,983 INFO o.a.j.t.JMeterThread: Thread started: Virtual Users [500 threads] 1-441
2026-04-30 17:25:34,164 INFO o.a.j.t.JMeterThread: Thread started: Virtual Users [500 threads] 1-442
2026-04-30 17:25:34,284 INFO o.a.j.t.JMeterThread: Thread is done: Virtual Users [500 threads] 1-333
2026-04-30 17:25:34,284 INFO o.a.j.t.JMeterThread: Thread finished: Virtual Users [500 threads] 1-333
2026-04-30 17:25:34,345 INFO o.a.j.t.JMeterThread: Thread started: Virtual Users [500 threads] 1-443
2026-04-30 17:25:34,522 INFO o.a.j.t.JMeterThread: Thread started: Virtual Users [500 threads] 1-444
2026-04-30 17:25:34,651 INFO o.a.j.t.JMeterThread: Thread is done: Virtual Users [500 threads] 1-295
2026-04-30 17:25:34,652 INFO o.a.j.t.JMeterThread: Thread finished: Virtual Users [500 threads] 1-295
2026-04-30 17:25:34,704 INFO o.a.j.t.JMeterThread: Thread started: Virtual Users [500 threads] 1-445
2026-04-30 17:25:34,884 INFO o.a.j.t.JMeterThread: Thread started: Virtual Users [500 threads] 1-446
2026-04-30 17:25:35,065 INFO o.a.j.t.JMeterThread: Thread started: Virtual Users [500 threads] 1-447
2026-04-30 17:25:35,240 INFO o.a.j.t.JMeterThread: Thread started: Virtual Users [500 threads] 1-448
2026-04-30 17:25:35,320 INFO o.a.j.t.JMeterThread: Thread is done: Virtual Users [500 threads] 1-331
2026-04-30 17:25:35,320 INFO o.a.j.t.JMeterThread: Thread finished: Virtual Users [500 threads] 1-331
2026-04-30 17:25:35,424 INFO o.a.j.t.JMeterThread: Thread started: Virtual Users [500 threads] 1-449
2026-04-30 17:25:35,604 INFO o.a.j.t.JMeterThread: Thread started: Virtual Users [500 threads] 1-450
2026-04-30 17:25:35,637 INFO o.a.j.t.JMeterThread: Thread is done: Virtual Users [500 threads] 1-353
2026-04-30 17:25:35,637 INFO o.a.j.t.JMeterThread: Thread finished: Virtual Users [500 threads] 1-353
2026-04-30 17:25:35,784 INFO o.a.j.t.JMeterThread: Thread started: Virtual Users [500 threads] 1-451
2026-04-30 17:25:35,796 INFO o.a.j.t.JMeterThread: Thread is done: Virtual Users [500 threads] 1-357
2026-04-30 17:25:35,796 INFO o.a.j.t.JMeterThread: Thread finished: Virtual Users [500 threads] 1-357
2026-04-30 17:25:35,836 INFO o.a.j.t.JMeterThread: Thread is done: Virtual Users [500 threads] 1-344
2026-04-30 17:25:35,836 INFO o.a.j.t.JMeterThread: Thread finished: Virtual Users [500 threads] 1-344
2026-04-30 17:25:35,964 INFO o.a.j.t.JMeterThread: Thread started: Virtual Users [500 threads] 1-452
2026-04-30 17:25:36,032 INFO o.a.j.t.JMeterThread: Thread is done: Virtual Users [500 threads] 1-374
2026-04-30 17:25:36,032 INFO o.a.j.t.JMeterThread: Thread finished: Virtual Users [500 threads] 1-374
2026-04-30 17:25:36,144 INFO o.a.j.t.JMeterThread: Thread started: Virtual Users [500 threads] 1-453
2026-04-30 17:25:36,325 INFO o.a.j.t.JMeterThread: Thread started: Virtual Users [500 threads] 1-454
2026-04-30 17:25:36,431 INFO o.a.j.t.JMeterThread: Thread is done: Virtual Users [500 threads] 1-352
2026-04-30 17:25:36,431 INFO o.a.j.t.JMeterThread: Thread finished: Virtual Users [500 threads] 1-352
2026-04-30 17:25:36,504 INFO o.a.j.t.JMeterThread: Thread started: Virtual Users [500 threads] 1-455
2026-04-30 17:25:36,662 INFO o.a.j.t.JMeterThread: Thread is done: Virtual Users [500 threads] 1-335
2026-04-30 17:25:36,663 INFO o.a.j.t.JMeterThread: Thread finished: Virtual Users [500 threads] 1-335
2026-04-30 17:25:36,680 INFO o.a.j.t.JMeterThread: Thread started: Virtual Users [500 threads] 1-456
2026-04-30 17:25:36,864 INFO o.a.j.t.JMeterThread: Thread started: Virtual Users [500 threads] 1-457
2026-04-30 17:25:37,024 INFO o.a.j.t.JMeterThread: Thread is done: Virtual Users [500 threads] 1-372
2026-04-30 17:25:37,024 INFO o.a.j.t.JMeterThread: Thread finished: Virtual Users [500 threads] 1-372
2026-04-30 17:25:37,044 INFO o.a.j.t.JMeterThread: Thread started: Virtual Users [500 threads] 1-458
2026-04-30 17:25:37,131 INFO o.a.j.t.JMeterThread: Thread is done: Virtual Users [500 threads] 1-336
2026-04-30 17:25:37,132 INFO o.a.j.t.JMeterThread: Thread finished: Virtual Users [500 threads] 1-336
2026-04-30 17:25:37,224 INFO o.a.j.t.JMeterThread: Thread started: Virtual Users [500 threads] 1-459
2026-04-30 17:25:37,404 INFO o.a.j.t.JMeterThread: Thread started: Virtual Users [500 threads] 1-460
2026-04-30 17:25:37,579 INFO o.a.j.t.JMeterThread: Thread started: Virtual Users [500 threads] 1-461
2026-04-30 17:25:37,763 INFO o.a.j.t.JMeterThread: Thread started: Virtual Users [500 threads] 1-462
2026-04-30 17:25:37,932 INFO o.a.j.t.JMeterThread: Thread is done: Virtual Users [500 threads] 1-402
2026-04-30 17:25:37,932 INFO o.a.j.t.JMeterThread: Thread finished: Virtual Users [500 threads] 1-402
2026-04-30 17:25:37,944 INFO o.a.j.t.JMeterThread: Thread started: Virtual Users [500 threads] 1-463
2026-04-30 17:25:38,121 INFO o.a.j.t.JMeterThread: Thread started: Virtual Users [500 threads] 1-464
2026-04-30 17:25:38,146 INFO o.a.j.t.JMeterThread: Thread is done: Virtual Users [500 threads] 1-294
2026-04-30 17:25:38,146 INFO o.a.j.t.JMeterThread: Thread finished: Virtual Users [500 threads] 1-294
2026-04-30 17:25:38,221 INFO o.a.j.t.JMeterThread: Thread is done: Virtual Users [500 threads] 1-298
2026-04-30 17:25:38,221 INFO o.a.j.t.JMeterThread: Thread finished: Virtual Users [500 threads] 1-298
2026-04-30 17:25:38,251 INFO o.a.j.t.JMeterThread: Thread is done: Virtual Users [500 threads] 1-320
2026-04-30 17:25:38,251 INFO o.a.j.t.JMeterThread: Thread finished: Virtual Users [500 threads] 1-320
2026-04-30 17:25:38,304 INFO o.a.j.t.JMeterThread: Thread started: Virtual Users [500 threads] 1-465
2026-04-30 17:25:38,317 INFO o.a.j.t.JMeterThread: Thread is done: Virtual Users [500 threads] 1-332
2026-04-30 17:25:38,317 INFO o.a.j.t.JMeterThread: Thread finished: Virtual Users [500 threads] 1-332
2026-04-30 17:25:38,412 INFO o.a.j.t.JMeterThread: Thread is done: Virtual Users [500 threads] 1-318
2026-04-30 17:25:38,412 INFO o.a.j.t.JMeterThread: Thread finished: Virtual Users [500 threads] 1-318
2026-04-30 17:25:38,483 INFO o.a.j.t.JMeterThread: Thread started: Virtual Users [500 threads] 1-466
2026-04-30 17:25:38,549 INFO o.a.j.t.JMeterThread: Thread is done: Virtual Users [500 threads] 1-322
2026-04-30 17:25:38,549 INFO o.a.j.t.JMeterThread: Thread finished: Virtual Users [500 threads] 1-322
2026-04-30 17:25:38,560 INFO o.a.j.t.JMeterThread: Thread is done: Virtual Users [500 threads] 1-339
2026-04-30 17:25:38,560 INFO o.a.j.t.JMeterThread: Thread finished: Virtual Users [500 threads] 1-339
2026-04-30 17:25:38,663 INFO o.a.j.t.JMeterThread: Thread started: Virtual Users [500 threads] 1-467
2026-04-30 17:25:38,810 INFO o.a.j.t.JMeterThread: Thread is done: Virtual Users [500 threads] 1-330
2026-04-30 17:25:38,810 INFO o.a.j.t.JMeterThread: Thread finished: Virtual Users [500 threads] 1-330
2026-04-30 17:25:38,844 INFO o.a.j.t.JMeterThread: Thread started: Virtual Users [500 threads] 1-468
2026-04-30 17:25:38,907 INFO o.a.j.t.JMeterThread: Thread is done: Virtual Users [500 threads] 1-316
2026-04-30 17:25:38,907 INFO o.a.j.t.JMeterThread: Thread finished: Virtual Users [500 threads] 1-316
2026-04-30 17:25:39,011 INFO o.a.j.t.JMeterThread: Thread is done: Virtual Users [500 threads] 1-360
2026-04-30 17:25:39,011 INFO o.a.j.t.JMeterThread: Thread finished: Virtual Users [500 threads] 1-360
2026-04-30 17:25:39,020 INFO o.a.j.t.JMeterThread: Thread started: Virtual Users [500 threads] 1-469
2026-04-30 17:25:39,202 INFO o.a.j.t.JMeterThread: Thread started: Virtual Users [500 threads] 1-470
2026-04-30 17:25:39,225 INFO o.a.j.t.JMeterThread: Thread is done: Virtual Users [500 threads] 1-337
2026-04-30 17:25:39,225 INFO o.a.j.t.JMeterThread: Thread finished: Virtual Users [500 threads] 1-337
2026-04-30 17:25:39,380 INFO o.a.j.t.JMeterThread: Thread started: Virtual Users [500 threads] 1-471
2026-04-30 17:25:39,562 INFO o.a.j.t.JMeterThread: Thread started: Virtual Users [500 threads] 1-472
2026-04-30 17:25:39,744 INFO o.a.j.t.JMeterThread: Thread started: Virtual Users [500 threads] 1-473
2026-04-30 17:25:39,923 INFO o.a.j.t.JMeterThread: Thread started: Virtual Users [500 threads] 1-474
2026-04-30 17:25:40,105 INFO o.a.j.t.JMeterThread: Thread started: Virtual Users [500 threads] 1-475
2026-04-30 17:25:40,280 INFO o.a.j.t.JMeterThread: Thread started: Virtual Users [500 threads] 1-476
2026-04-30 17:25:40,453 INFO o.a.j.t.JMeterThread: Thread is done: Virtual Users [500 threads] 1-361
2026-04-30 17:25:40,453 INFO o.a.j.t.JMeterThread: Thread finished: Virtual Users [500 threads] 1-361
2026-04-30 17:25:40,464 INFO o.a.j.t.JMeterThread: Thread started: Virtual Users [500 threads] 1-477
2026-04-30 17:25:40,645 INFO o.a.j.t.JMeterThread: Thread started: Virtual Users [500 threads] 1-478
2026-04-30 17:25:40,825 INFO o.a.j.t.JMeterThread: Thread started: Virtual Users [500 threads] 1-479
2026-04-30 17:25:41,004 INFO o.a.j.t.JMeterThread: Thread started: Virtual Users [500 threads] 1-480
2026-04-30 17:25:41,184 INFO o.a.j.t.JMeterThread: Thread started: Virtual Users [500 threads] 1-481
2026-04-30 17:25:41,220 INFO o.a.j.t.JMeterThread: Thread is done: Virtual Users [500 threads] 1-328
2026-04-30 17:25:41,220 INFO o.a.j.t.JMeterThread: Thread finished: Virtual Users [500 threads] 1-328
2026-04-30 17:25:41,354 INFO o.a.j.t.JMeterThread: Thread is done: Virtual Users [500 threads] 1-338
2026-04-30 17:25:41,354 INFO o.a.j.t.JMeterThread: Thread finished: Virtual Users [500 threads] 1-338
2026-04-30 17:25:41,364 INFO o.a.j.t.JMeterThread: Thread started: Virtual Users [500 threads] 1-482
2026-04-30 17:25:41,452 INFO o.a.j.t.JMeterThread: Thread is done: Virtual Users [500 threads] 1-326
2026-04-30 17:25:41,452 INFO o.a.j.t.JMeterThread: Thread is done: Virtual Users [500 threads] 1-327
2026-04-30 17:25:41,452 INFO o.a.j.t.JMeterThread: Thread finished: Virtual Users [500 threads] 1-326
2026-04-30 17:25:41,452 INFO o.a.j.t.JMeterThread: Thread finished: Virtual Users [500 threads] 1-327
2026-04-30 17:25:41,453 INFO o.a.j.t.JMeterThread: Thread is done: Virtual Users [500 threads] 1-362
2026-04-30 17:25:41,453 INFO o.a.j.t.JMeterThread: Thread finished: Virtual Users [500 threads] 1-362
2026-04-30 17:25:41,545 INFO o.a.j.t.JMeterThread: Thread started: Virtual Users [500 threads] 1-483
2026-04-30 17:25:41,554 INFO o.a.j.t.JMeterThread: Thread is done: Virtual Users [500 threads] 1-371
2026-04-30 17:25:41,554 INFO o.a.j.t.JMeterThread: Thread finished: Virtual Users [500 threads] 1-371
2026-04-30 17:25:41,602 INFO o.a.j.t.JMeterThread: Thread is done: Virtual Users [500 threads] 1-323
2026-04-30 17:25:41,602 INFO o.a.j.t.JMeterThread: Thread finished: Virtual Users [500 threads] 1-323
2026-04-30 17:25:41,724 INFO o.a.j.t.JMeterThread: Thread started: Virtual Users [500 threads] 1-484
2026-04-30 17:25:41,727 INFO o.a.j.t.JMeterThread: Thread is done: Virtual Users [500 threads] 1-343
2026-04-30 17:25:41,727 INFO o.a.j.t.JMeterThread: Thread finished: Virtual Users [500 threads] 1-343
2026-04-30 17:25:41,747 INFO o.a.j.t.JMeterThread: Thread is done: Virtual Users [500 threads] 1-315
2026-04-30 17:25:41,747 INFO o.a.j.t.JMeterThread: Thread finished: Virtual Users [500 threads] 1-315
2026-04-30 17:25:41,801 INFO o.a.j.t.JMeterThread: Thread is done: Virtual Users [500 threads] 1-304
2026-04-30 17:25:41,802 INFO o.a.j.t.JMeterThread: Thread finished: Virtual Users [500 threads] 1-304
2026-04-30 17:25:41,904 INFO o.a.j.t.JMeterThread: Thread started: Virtual Users [500 threads] 1-485
2026-04-30 17:25:42,085 INFO o.a.j.t.JMeterThread: Thread started: Virtual Users [500 threads] 1-486
2026-04-30 17:25:42,155 INFO o.a.j.t.JMeterThread: Thread is done: Virtual Users [500 threads] 1-347
2026-04-30 17:25:42,156 INFO o.a.j.t.JMeterThread: Thread finished: Virtual Users [500 threads] 1-347
2026-04-30 17:25:42,263 INFO o.a.j.t.JMeterThread: Thread started: Virtual Users [500 threads] 1-487
2026-04-30 17:25:42,350 INFO o.a.j.t.JMeterThread: Thread is done: Virtual Users [500 threads] 1-309
2026-04-30 17:25:42,350 INFO o.a.j.t.JMeterThread: Thread finished: Virtual Users [500 threads] 1-309
2026-04-30 17:25:42,441 INFO o.a.j.t.JMeterThread: Thread is done: Virtual Users [500 threads] 1-325
2026-04-30 17:25:42,441 INFO o.a.j.t.JMeterThread: Thread finished: Virtual Users [500 threads] 1-325
2026-04-30 17:25:42,442 INFO o.a.j.t.JMeterThread: Thread started: Virtual Users [500 threads] 1-488
2026-04-30 17:25:42,624 INFO o.a.j.t.JMeterThread: Thread started: Virtual Users [500 threads] 1-489
2026-04-30 17:25:42,805 INFO o.a.j.t.JMeterThread: Thread started: Virtual Users [500 threads] 1-490
2026-04-30 17:25:42,984 INFO o.a.j.t.JMeterThread: Thread started: Virtual Users [500 threads] 1-491
2026-04-30 17:25:43,164 INFO o.a.j.t.JMeterThread: Thread started: Virtual Users [500 threads] 1-492
2026-04-30 17:25:43,344 INFO o.a.j.t.JMeterThread: Thread started: Virtual Users [500 threads] 1-493
2026-04-30 17:25:43,451 INFO o.a.j.t.JMeterThread: Thread is done: Virtual Users [500 threads] 1-358
2026-04-30 17:25:43,452 INFO o.a.j.t.JMeterThread: Thread finished: Virtual Users [500 threads] 1-358
2026-04-30 17:25:43,524 INFO o.a.j.t.JMeterThread: Thread started: Virtual Users [500 threads] 1-494
2026-04-30 17:25:43,567 INFO o.a.j.t.JMeterThread: Thread is done: Virtual Users [500 threads] 1-369
2026-04-30 17:25:43,567 INFO o.a.j.t.JMeterThread: Thread finished: Virtual Users [500 threads] 1-369
2026-04-30 17:25:43,652 INFO o.a.j.t.JMeterThread: Thread is done: Virtual Users [500 threads] 1-329
2026-04-30 17:25:43,652 INFO o.a.j.t.JMeterThread: Thread finished: Virtual Users [500 threads] 1-329
2026-04-30 17:25:43,704 INFO o.a.j.t.JMeterThread: Thread started: Virtual Users [500 threads] 1-495
2026-04-30 17:25:43,884 INFO o.a.j.t.JMeterThread: Thread started: Virtual Users [500 threads] 1-496
2026-04-30 17:25:43,947 INFO o.a.j.t.JMeterThread: Thread is done: Virtual Users [500 threads] 1-346
2026-04-30 17:25:43,948 INFO o.a.j.t.JMeterThread: Thread finished: Virtual Users [500 threads] 1-346
2026-04-30 17:25:44,065 INFO o.a.j.t.JMeterThread: Thread started: Virtual Users [500 threads] 1-497
2026-04-30 17:25:44,244 INFO o.a.j.t.JMeterThread: Thread started: Virtual Users [500 threads] 1-498
2026-04-30 17:25:44,421 INFO o.a.j.t.JMeterThread: Thread started: Virtual Users [500 threads] 1-499
2026-04-30 17:25:44,604 INFO o.a.j.t.JMeterThread: Thread started: Virtual Users [500 threads] 1-500
2026-04-30 17:25:44,929 INFO o.a.j.t.JMeterThread: Thread is done: Virtual Users [500 threads] 1-340
2026-04-30 17:25:44,929 INFO o.a.j.t.JMeterThread: Thread finished: Virtual Users [500 threads] 1-340
2026-04-30 17:25:45,025 INFO o.a.j.t.JMeterThread: Thread is done: Virtual Users [500 threads] 1-395
2026-04-30 17:25:45,025 INFO o.a.j.t.JMeterThread: Thread finished: Virtual Users [500 threads] 1-395
2026-04-30 17:25:45,232 INFO o.a.j.t.JMeterThread: Thread is done: Virtual Users [500 threads] 1-365
2026-04-30 17:25:45,232 INFO o.a.j.t.JMeterThread: Thread finished: Virtual Users [500 threads] 1-365
2026-04-30 17:25:45,441 INFO o.a.j.t.JMeterThread: Thread is done: Virtual Users [500 threads] 1-364
2026-04-30 17:25:45,441 INFO o.a.j.t.JMeterThread: Thread finished: Virtual Users [500 threads] 1-364
2026-04-30 17:25:45,717 INFO o.a.j.t.JMeterThread: Thread is done: Virtual Users [500 threads] 1-350
2026-04-30 17:25:45,717 INFO o.a.j.t.JMeterThread: Thread finished: Virtual Users [500 threads] 1-350
2026-04-30 17:25:45,932 INFO o.a.j.t.JMeterThread: Thread is done: Virtual Users [500 threads] 1-427
2026-04-30 17:25:45,932 INFO o.a.j.t.JMeterThread: Thread is done: Virtual Users [500 threads] 1-387
2026-04-30 17:25:45,933 INFO o.a.j.t.JMeterThread: Thread finished: Virtual Users [500 threads] 1-427
2026-04-30 17:25:45,933 INFO o.a.j.t.JMeterThread: Thread finished: Virtual Users [500 threads] 1-387
2026-04-30 17:25:45,992 INFO o.a.j.t.JMeterThread: Thread is done: Virtual Users [500 threads] 1-348
2026-04-30 17:25:45,992 INFO o.a.j.t.JMeterThread: Thread finished: Virtual Users [500 threads] 1-348
2026-04-30 17:25:46,029 INFO o.a.j.t.JMeterThread: Thread is done: Virtual Users [500 threads] 1-341
2026-04-30 17:25:46,029 INFO o.a.j.t.JMeterThread: Thread finished: Virtual Users [500 threads] 1-341
2026-04-30 17:25:46,124 INFO o.a.j.t.JMeterThread: Thread is done: Virtual Users [500 threads] 1-345
2026-04-30 17:25:46,124 INFO o.a.j.t.JMeterThread: Thread finished: Virtual Users [500 threads] 1-345
2026-04-30 17:25:46,127 INFO o.a.j.t.JMeterThread: Thread is done: Virtual Users [500 threads] 1-359
2026-04-30 17:25:46,128 INFO o.a.j.t.JMeterThread: Thread finished: Virtual Users [500 threads] 1-359
2026-04-30 17:25:46,239 INFO o.a.j.t.JMeterThread: Thread is done: Virtual Users [500 threads] 1-334
2026-04-30 17:25:46,240 INFO o.a.j.t.JMeterThread: Thread finished: Virtual Users [500 threads] 1-334
2026-04-30 17:25:46,256 INFO o.a.j.t.JMeterThread: Thread is done: Virtual Users [500 threads] 1-349
2026-04-30 17:25:46,256 INFO o.a.j.t.JMeterThread: Thread finished: Virtual Users [500 threads] 1-349
2026-04-30 17:25:46,563 INFO o.a.j.t.JMeterThread: Thread is done: Virtual Users [500 threads] 1-377
2026-04-30 17:25:46,564 INFO o.a.j.t.JMeterThread: Thread finished: Virtual Users [500 threads] 1-377
2026-04-30 17:25:46,655 INFO o.a.j.t.JMeterThread: Thread is done: Virtual Users [500 threads] 1-356
2026-04-30 17:25:46,655 INFO o.a.j.t.JMeterThread: Thread finished: Virtual Users [500 threads] 1-356
2026-04-30 17:25:46,759 INFO o.a.j.t.JMeterThread: Thread is done: Virtual Users [500 threads] 1-351
2026-04-30 17:25:46,759 INFO o.a.j.t.JMeterThread: Thread finished: Virtual Users [500 threads] 1-351
2026-04-30 17:25:47,111 INFO o.a.j.t.JMeterThread: Thread is done: Virtual Users [500 threads] 1-378
2026-04-30 17:25:47,111 INFO o.a.j.t.JMeterThread: Thread finished: Virtual Users [500 threads] 1-378
2026-04-30 17:25:47,256 INFO o.a.j.t.JMeterThread: Thread is done: Virtual Users [500 threads] 1-342
2026-04-30 17:25:47,256 INFO o.a.j.t.JMeterThread: Thread is done: Virtual Users [500 threads] 1-368
2026-04-30 17:25:47,257 INFO o.a.j.t.JMeterThread: Thread finished: Virtual Users [500 threads] 1-342
2026-04-30 17:25:47,257 INFO o.a.j.t.JMeterThread: Thread finished: Virtual Users [500 threads] 1-368
2026-04-30 17:25:47,552 INFO o.a.j.t.JMeterThread: Thread is done: Virtual Users [500 threads] 1-376
2026-04-30 17:25:47,552 INFO o.a.j.t.JMeterThread: Thread finished: Virtual Users [500 threads] 1-376
2026-04-30 17:25:47,621 INFO o.a.j.t.JMeterThread: Thread is done: Virtual Users [500 threads] 1-355
2026-04-30 17:25:47,621 INFO o.a.j.t.JMeterThread: Thread finished: Virtual Users [500 threads] 1-355
2026-04-30 17:25:47,652 INFO o.a.j.t.JMeterThread: Thread is done: Virtual Users [500 threads] 1-398
2026-04-30 17:25:47,653 INFO o.a.j.t.JMeterThread: Thread finished: Virtual Users [500 threads] 1-398
2026-04-30 17:25:47,654 INFO o.a.j.t.JMeterThread: Thread is done: Virtual Users [500 threads] 1-391
2026-04-30 17:25:47,654 INFO o.a.j.t.JMeterThread: Thread finished: Virtual Users [500 threads] 1-391
2026-04-30 17:25:47,655 INFO o.a.j.t.JMeterThread: Thread is done: Virtual Users [500 threads] 1-386
2026-04-30 17:25:47,655 INFO o.a.j.t.JMeterThread: Thread finished: Virtual Users [500 threads] 1-386
2026-04-30 17:25:47,752 INFO o.a.j.t.JMeterThread: Thread is done: Virtual Users [500 threads] 1-373
2026-04-30 17:25:47,752 INFO o.a.j.t.JMeterThread: Thread is done: Virtual Users [500 threads] 1-354
2026-04-30 17:25:47,752 INFO o.a.j.t.JMeterThread: Thread finished: Virtual Users [500 threads] 1-373
2026-04-30 17:25:47,752 INFO o.a.j.t.JMeterThread: Thread finished: Virtual Users [500 threads] 1-354
2026-04-30 17:25:47,804 INFO o.a.j.t.JMeterThread: Thread is done: Virtual Users [500 threads] 1-382
2026-04-30 17:25:47,804 INFO o.a.j.t.JMeterThread: Thread finished: Virtual Users [500 threads] 1-382
2026-04-30 17:25:47,951 INFO o.a.j.t.JMeterThread: Thread is done: Virtual Users [500 threads] 1-441
2026-04-30 17:25:47,951 INFO o.a.j.t.JMeterThread: Thread finished: Virtual Users [500 threads] 1-441
2026-04-30 17:25:48,006 INFO o.a.j.t.JMeterThread: Thread is done: Virtual Users [500 threads] 1-392
2026-04-30 17:25:48,006 INFO o.a.j.t.JMeterThread: Thread finished: Virtual Users [500 threads] 1-392
2026-04-30 17:25:48,173 INFO o.a.j.t.JMeterThread: Thread is done: Virtual Users [500 threads] 1-384
2026-04-30 17:25:48,174 INFO o.a.j.t.JMeterThread: Thread finished: Virtual Users [500 threads] 1-384
2026-04-30 17:25:48,256 INFO o.a.j.t.JMeterThread: Thread is done: Virtual Users [500 threads] 1-370
2026-04-30 17:25:48,256 INFO o.a.j.t.JMeterThread: Thread finished: Virtual Users [500 threads] 1-370
2026-04-30 17:25:48,353 INFO o.a.j.t.JMeterThread: Thread is done: Virtual Users [500 threads] 1-381
2026-04-30 17:25:48,353 INFO o.a.j.t.JMeterThread: Thread finished: Virtual Users [500 threads] 1-381
2026-04-30 17:25:48,452 INFO o.a.j.t.JMeterThread: Thread is done: Virtual Users [500 threads] 1-389
2026-04-30 17:25:48,452 INFO o.a.j.t.JMeterThread: Thread finished: Virtual Users [500 threads] 1-389
2026-04-30 17:25:48,652 INFO o.a.j.t.JMeterThread: Thread is done: Virtual Users [500 threads] 1-486
2026-04-30 17:25:48,652 INFO o.a.j.t.JMeterThread: Thread finished: Virtual Users [500 threads] 1-486
2026-04-30 17:25:48,771 INFO o.a.j.t.JMeterThread: Thread is done: Virtual Users [500 threads] 1-383
2026-04-30 17:25:48,771 INFO o.a.j.t.JMeterThread: Thread finished: Virtual Users [500 threads] 1-383
2026-04-30 17:25:48,952 INFO o.a.j.t.JMeterThread: Thread is done: Virtual Users [500 threads] 1-385
2026-04-30 17:25:48,952 INFO o.a.j.t.JMeterThread: Thread finished: Virtual Users [500 threads] 1-385
2026-04-30 17:25:49,322 INFO o.a.j.t.JMeterThread: Thread is done: Virtual Users [500 threads] 1-499
2026-04-30 17:25:49,322 INFO o.a.j.t.JMeterThread: Thread is done: Virtual Users [500 threads] 1-388
2026-04-30 17:25:49,323 INFO o.a.j.t.JMeterThread: Thread finished: Virtual Users [500 threads] 1-499
2026-04-30 17:25:49,323 INFO o.a.j.t.JMeterThread: Thread finished: Virtual Users [500 threads] 1-388
2026-04-30 17:25:49,324 INFO o.a.j.t.JMeterThread: Thread is done: Virtual Users [500 threads] 1-367
2026-04-30 17:25:49,324 INFO o.a.j.t.JMeterThread: Thread finished: Virtual Users [500 threads] 1-367
2026-04-30 17:25:49,352 INFO o.a.j.t.JMeterThread: Thread is done: Virtual Users [500 threads] 1-366
2026-04-30 17:25:49,352 INFO o.a.j.t.JMeterThread: Thread finished: Virtual Users [500 threads] 1-366
2026-04-30 17:25:49,465 INFO o.a.j.t.JMeterThread: Thread is done: Virtual Users [500 threads] 1-375
2026-04-30 17:25:49,466 INFO o.a.j.t.JMeterThread: Thread finished: Virtual Users [500 threads] 1-375
2026-04-30 17:25:49,663 INFO o.a.j.t.JMeterThread: Thread is done: Virtual Users [500 threads] 1-394
2026-04-30 17:25:49,663 INFO o.a.j.t.JMeterThread: Thread finished: Virtual Users [500 threads] 1-394
2026-04-30 17:25:49,704 INFO o.a.j.t.JMeterThread: Thread is done: Virtual Users [500 threads] 1-363
2026-04-30 17:25:49,704 INFO o.a.j.t.JMeterThread: Thread finished: Virtual Users [500 threads] 1-363
2026-04-30 17:25:49,914 INFO o.a.j.t.JMeterThread: Thread is done: Virtual Users [500 threads] 1-379
2026-04-30 17:25:49,914 INFO o.a.j.t.JMeterThread: Thread is done: Virtual Users [500 threads] 1-420
2026-04-30 17:25:49,914 INFO o.a.j.t.JMeterThread: Thread finished: Virtual Users [500 threads] 1-379
2026-04-30 17:25:49,914 INFO o.a.j.t.JMeterThread: Thread finished: Virtual Users [500 threads] 1-420
2026-04-30 17:25:49,951 INFO o.a.j.t.JMeterThread: Thread is done: Virtual Users [500 threads] 1-442
2026-04-30 17:25:49,952 INFO o.a.j.t.JMeterThread: Thread finished: Virtual Users [500 threads] 1-442
2026-04-30 17:25:50,152 INFO o.a.j.t.JMeterThread: Thread is done: Virtual Users [500 threads] 1-393
2026-04-30 17:25:50,152 INFO o.a.j.t.JMeterThread: Thread finished: Virtual Users [500 threads] 1-393
2026-04-30 17:25:50,276 INFO o.a.j.t.JMeterThread: Thread is done: Virtual Users [500 threads] 1-419
2026-04-30 17:25:50,276 INFO o.a.j.t.JMeterThread: Thread finished: Virtual Users [500 threads] 1-419
2026-04-30 17:25:50,556 INFO o.a.j.t.JMeterThread: Thread is done: Virtual Users [500 threads] 1-411
2026-04-30 17:25:50,557 INFO o.a.j.t.JMeterThread: Thread finished: Virtual Users [500 threads] 1-411
2026-04-30 17:25:50,558 INFO o.a.j.t.JMeterThread: Thread is done: Virtual Users [500 threads] 1-412
2026-04-30 17:25:50,558 INFO o.a.j.t.JMeterThread: Thread finished: Virtual Users [500 threads] 1-412
2026-04-30 17:25:50,754 INFO o.a.j.t.JMeterThread: Thread is done: Virtual Users [500 threads] 1-410
2026-04-30 17:25:50,754 INFO o.a.j.t.JMeterThread: Thread finished: Virtual Users [500 threads] 1-410
2026-04-30 17:25:51,155 INFO o.a.j.t.JMeterThread: Thread is done: Virtual Users [500 threads] 1-448
2026-04-30 17:25:51,156 INFO o.a.j.t.JMeterThread: Thread finished: Virtual Users [500 threads] 1-448
2026-04-30 17:25:51,455 INFO o.a.j.t.JMeterThread: Thread is done: Virtual Users [500 threads] 1-409
2026-04-30 17:25:51,455 INFO o.a.j.t.JMeterThread: Thread finished: Virtual Users [500 threads] 1-409
2026-04-30 17:25:51,879 INFO o.a.j.t.JMeterThread: Thread is done: Virtual Users [500 threads] 1-438
2026-04-30 17:25:51,879 INFO o.a.j.t.JMeterThread: Thread is done: Virtual Users [500 threads] 1-432
2026-04-30 17:25:51,879 INFO o.a.j.t.JMeterThread: Thread is done: Virtual Users [500 threads] 1-408
2026-04-30 17:25:51,879 INFO o.a.j.t.JMeterThread: Thread finished: Virtual Users [500 threads] 1-432
2026-04-30 17:25:51,879 INFO o.a.j.t.JMeterThread: Thread finished: Virtual Users [500 threads] 1-408
2026-04-30 17:25:51,879 INFO o.a.j.t.JMeterThread: Thread finished: Virtual Users [500 threads] 1-438
2026-04-30 17:25:52,153 INFO o.a.j.t.JMeterThread: Thread is done: Virtual Users [500 threads] 1-380
2026-04-30 17:25:52,153 INFO o.a.j.t.JMeterThread: Thread is done: Virtual Users [500 threads] 1-414
2026-04-30 17:25:52,153 INFO o.a.j.t.JMeterThread: Thread finished: Virtual Users [500 threads] 1-380
2026-04-30 17:25:52,153 INFO o.a.j.t.JMeterThread: Thread finished: Virtual Users [500 threads] 1-414
2026-04-30 17:25:52,454 INFO o.a.j.t.JMeterThread: Thread is done: Virtual Users [500 threads] 1-401
2026-04-30 17:25:52,454 INFO o.a.j.t.JMeterThread: Thread finished: Virtual Users [500 threads] 1-401
2026-04-30 17:25:52,456 INFO o.a.j.t.JMeterThread: Thread is done: Virtual Users [500 threads] 1-416
2026-04-30 17:25:52,456 INFO o.a.j.t.JMeterThread: Thread finished: Virtual Users [500 threads] 1-416
2026-04-30 17:25:53,156 INFO o.a.j.t.JMeterThread: Thread is done: Virtual Users [500 threads] 1-454
2026-04-30 17:25:53,156 INFO o.a.j.t.JMeterThread: Thread finished: Virtual Users [500 threads] 1-454
2026-04-30 17:25:53,157 INFO o.a.j.t.JMeterThread: Thread is done: Virtual Users [500 threads] 1-431
2026-04-30 17:25:53,157 INFO o.a.j.t.JMeterThread: Thread is done: Virtual Users [500 threads] 1-407
2026-04-30 17:25:53,157 INFO o.a.j.t.JMeterThread: Thread finished: Virtual Users [500 threads] 1-431
2026-04-30 17:25:53,158 INFO o.a.j.t.JMeterThread: Thread finished: Virtual Users [500 threads] 1-407
2026-04-30 17:25:53,304 INFO o.a.j.t.JMeterThread: Thread is done: Virtual Users [500 threads] 1-400
2026-04-30 17:25:53,304 INFO o.a.j.t.JMeterThread: Thread finished: Virtual Users [500 threads] 1-400
2026-04-30 17:25:53,413 INFO o.a.j.t.JMeterThread: Thread is done: Virtual Users [500 threads] 1-405
2026-04-30 17:25:53,413 INFO o.a.j.t.JMeterThread: Thread finished: Virtual Users [500 threads] 1-405
2026-04-30 17:25:54,124 INFO o.a.j.t.JMeterThread: Thread is done: Virtual Users [500 threads] 1-422
2026-04-30 17:25:54,125 INFO o.a.j.t.JMeterThread: Thread finished: Virtual Users [500 threads] 1-422
2026-04-30 17:25:54,405 INFO o.a.j.t.JMeterThread: Thread is done: Virtual Users [500 threads] 1-430
2026-04-30 17:25:54,405 INFO o.a.j.t.JMeterThread: Thread finished: Virtual Users [500 threads] 1-430
2026-04-30 17:25:54,554 INFO o.a.j.t.JMeterThread: Thread is done: Virtual Users [500 threads] 1-403
2026-04-30 17:25:54,554 INFO o.a.j.t.JMeterThread: Thread is done: Virtual Users [500 threads] 1-396
2026-04-30 17:25:54,554 INFO o.a.j.t.JMeterThread: Thread finished: Virtual Users [500 threads] 1-396
2026-04-30 17:25:54,554 INFO o.a.j.t.JMeterThread: Thread is done: Virtual Users [500 threads] 1-434
2026-04-30 17:25:54,554 INFO o.a.j.t.JMeterThread: Thread finished: Virtual Users [500 threads] 1-434
2026-04-30 17:25:54,554 INFO o.a.j.t.JMeterThread: Thread finished: Virtual Users [500 threads] 1-403
2026-04-30 17:25:54,652 INFO o.a.j.t.JMeterThread: Thread is done: Virtual Users [500 threads] 1-415
2026-04-30 17:25:54,652 INFO o.a.j.t.JMeterThread: Thread finished: Virtual Users [500 threads] 1-415
2026-04-30 17:25:54,755 INFO o.a.j.t.JMeterThread: Thread is done: Virtual Users [500 threads] 1-435
2026-04-30 17:25:54,755 INFO o.a.j.t.JMeterThread: Thread is done: Virtual Users [500 threads] 1-464
2026-04-30 17:25:54,755 INFO o.a.j.t.JMeterThread: Thread is done: Virtual Users [500 threads] 1-450
2026-04-30 17:25:54,755 INFO o.a.j.t.JMeterThread: Thread finished: Virtual Users [500 threads] 1-435
2026-04-30 17:25:54,755 INFO o.a.j.t.JMeterThread: Thread finished: Virtual Users [500 threads] 1-464
2026-04-30 17:25:54,755 INFO o.a.j.t.JMeterThread: Thread finished: Virtual Users [500 threads] 1-450
2026-04-30 17:25:54,759 INFO o.a.j.t.JMeterThread: Thread is done: Virtual Users [500 threads] 1-428
2026-04-30 17:25:54,759 INFO o.a.j.t.JMeterThread: Thread finished: Virtual Users [500 threads] 1-428
2026-04-30 17:25:54,963 INFO o.a.j.t.JMeterThread: Thread is done: Virtual Users [500 threads] 1-452
2026-04-30 17:25:54,963 INFO o.a.j.t.JMeterThread: Thread finished: Virtual Users [500 threads] 1-452
2026-04-30 17:25:55,052 INFO o.a.j.t.JMeterThread: Thread is done: Virtual Users [500 threads] 1-390
2026-04-30 17:25:55,052 INFO o.a.j.t.JMeterThread: Thread is done: Virtual Users [500 threads] 1-449
2026-04-30 17:25:55,052 INFO o.a.j.t.JMeterThread: Thread finished: Virtual Users [500 threads] 1-390
2026-04-30 17:25:55,052 INFO o.a.j.t.JMeterThread: Thread finished: Virtual Users [500 threads] 1-449
2026-04-30 17:25:55,124 INFO o.a.j.t.JMeterThread: Thread is done: Virtual Users [500 threads] 1-433
2026-04-30 17:25:55,124 INFO o.a.j.t.JMeterThread: Thread finished: Virtual Users [500 threads] 1-433
2026-04-30 17:25:55,152 INFO o.a.j.t.JMeterThread: Thread is done: Virtual Users [500 threads] 1-399
2026-04-30 17:25:55,152 INFO o.a.j.t.JMeterThread: Thread finished: Virtual Users [500 threads] 1-399
2026-04-30 17:25:55,176 INFO o.a.j.t.JMeterThread: Thread is done: Virtual Users [500 threads] 1-418
2026-04-30 17:25:55,177 INFO o.a.j.t.JMeterThread: Thread finished: Virtual Users [500 threads] 1-418
2026-04-30 17:25:55,215 INFO o.a.j.t.JMeterThread: Thread is done: Virtual Users [500 threads] 1-397
2026-04-30 17:25:55,215 INFO o.a.j.t.JMeterThread: Thread finished: Virtual Users [500 threads] 1-397
2026-04-30 17:25:55,259 INFO o.a.j.t.JMeterThread: Thread is done: Virtual Users [500 threads] 1-426
2026-04-30 17:25:55,259 INFO o.a.j.t.JMeterThread: Thread is done: Virtual Users [500 threads] 1-421
2026-04-30 17:25:55,259 INFO o.a.j.t.JMeterThread: Thread finished: Virtual Users [500 threads] 1-421
2026-04-30 17:25:55,259 INFO o.a.j.t.JMeterThread: Thread finished: Virtual Users [500 threads] 1-426
2026-04-30 17:25:55,648 INFO o.a.j.t.JMeterThread: Thread is done: Virtual Users [500 threads] 1-437
2026-04-30 17:25:55,648 INFO o.a.j.t.JMeterThread: Thread finished: Virtual Users [500 threads] 1-437
2026-04-30 17:25:55,828 INFO o.a.j.t.JMeterThread: Thread is done: Virtual Users [500 threads] 1-476
2026-04-30 17:25:55,828 INFO o.a.j.t.JMeterThread: Thread finished: Virtual Users [500 threads] 1-476
2026-04-30 17:25:55,927 INFO o.a.j.t.JMeterThread: Thread is done: Virtual Users [500 threads] 1-482
2026-04-30 17:25:55,927 INFO o.a.j.t.JMeterThread: Thread finished: Virtual Users [500 threads] 1-482
2026-04-30 17:25:56,123 INFO o.a.j.t.JMeterThread: Thread is done: Virtual Users [500 threads] 1-492
2026-04-30 17:25:56,123 INFO o.a.j.t.JMeterThread: Thread finished: Virtual Users [500 threads] 1-492
2026-04-30 17:25:56,209 INFO o.a.j.t.JMeterThread: Thread is done: Virtual Users [500 threads] 1-404
2026-04-30 17:25:56,209 INFO o.a.j.t.JMeterThread: Thread finished: Virtual Users [500 threads] 1-404
2026-04-30 17:25:56,419 INFO o.a.j.t.JMeterThread: Thread is done: Virtual Users [500 threads] 1-443
2026-04-30 17:25:56,419 INFO o.a.j.t.JMeterThread: Thread finished: Virtual Users [500 threads] 1-443
2026-04-30 17:25:56,637 INFO o.a.j.t.JMeterThread: Thread is done: Virtual Users [500 threads] 1-445
2026-04-30 17:25:56,638 INFO o.a.j.t.JMeterThread: Thread finished: Virtual Users [500 threads] 1-445
2026-04-30 17:25:56,643 INFO o.a.j.t.JMeterThread: Thread is done: Virtual Users [500 threads] 1-424
2026-04-30 17:25:56,643 INFO o.a.j.t.JMeterThread: Thread is done: Virtual Users [500 threads] 1-460
2026-04-30 17:25:56,643 INFO o.a.j.t.JMeterThread: Thread finished: Virtual Users [500 threads] 1-424
2026-04-30 17:25:56,643 INFO o.a.j.t.JMeterThread: Thread finished: Virtual Users [500 threads] 1-460
2026-04-30 17:25:56,821 INFO o.a.j.t.JMeterThread: Thread is done: Virtual Users [500 threads] 1-458
2026-04-30 17:25:56,821 INFO o.a.j.t.JMeterThread: Thread finished: Virtual Users [500 threads] 1-458
2026-04-30 17:25:56,944 INFO o.a.j.t.JMeterThread: Thread is done: Virtual Users [500 threads] 1-471
2026-04-30 17:25:56,944 INFO o.a.j.t.JMeterThread: Thread finished: Virtual Users [500 threads] 1-471
2026-04-30 17:25:56,985 INFO o.a.j.t.JMeterThread: Thread is done: Virtual Users [500 threads] 1-406
2026-04-30 17:25:56,985 INFO o.a.j.t.JMeterThread: Thread finished: Virtual Users [500 threads] 1-406
2026-04-30 17:25:57,208 INFO o.a.j.t.JMeterThread: Thread is done: Virtual Users [500 threads] 1-439
2026-04-30 17:25:57,208 INFO o.a.j.t.JMeterThread: Thread finished: Virtual Users [500 threads] 1-439
2026-04-30 17:25:57,506 INFO o.a.j.t.JMeterThread: Thread is done: Virtual Users [500 threads] 1-457
2026-04-30 17:25:57,506 INFO o.a.j.t.JMeterThread: Thread is done: Virtual Users [500 threads] 1-453
2026-04-30 17:25:57,506 INFO o.a.j.t.JMeterThread: Thread is done: Virtual Users [500 threads] 1-444
2026-04-30 17:25:57,507 INFO o.a.j.t.JMeterThread: Thread finished: Virtual Users [500 threads] 1-457
2026-04-30 17:25:57,507 INFO o.a.j.t.JMeterThread: Thread finished: Virtual Users [500 threads] 1-453
2026-04-30 17:25:57,507 INFO o.a.j.t.JMeterThread: Thread finished: Virtual Users [500 threads] 1-444
2026-04-30 17:25:57,609 INFO o.a.j.t.JMeterThread: Thread is done: Virtual Users [500 threads] 1-425
2026-04-30 17:25:57,609 INFO o.a.j.t.JMeterThread: Thread is done: Virtual Users [500 threads] 1-465
2026-04-30 17:25:57,610 INFO o.a.j.t.JMeterThread: Thread finished: Virtual Users [500 threads] 1-465
2026-04-30 17:25:57,610 INFO o.a.j.t.JMeterThread: Thread finished: Virtual Users [500 threads] 1-425
2026-04-30 17:25:57,611 INFO o.a.j.t.JMeterThread: Thread is done: Virtual Users [500 threads] 1-487
2026-04-30 17:25:57,611 INFO o.a.j.t.JMeterThread: Thread finished: Virtual Users [500 threads] 1-487
2026-04-30 17:25:58,013 INFO o.a.j.t.JMeterThread: Thread is done: Virtual Users [500 threads] 1-429
2026-04-30 17:25:58,013 INFO o.a.j.t.JMeterThread: Thread finished: Virtual Users [500 threads] 1-429
2026-04-30 17:25:58,552 INFO o.a.j.t.JMeterThread: Thread is done: Virtual Users [500 threads] 1-462
2026-04-30 17:25:58,552 INFO o.a.j.t.JMeterThread: Thread finished: Virtual Users [500 threads] 1-462
2026-04-30 17:25:58,552 INFO o.a.j.t.JMeterThread: Thread is done: Virtual Users [500 threads] 1-459
2026-04-30 17:25:58,552 INFO o.a.j.t.JMeterThread: Thread finished: Virtual Users [500 threads] 1-459
2026-04-30 17:25:58,652 INFO o.a.j.t.JMeterThread: Thread is done: Virtual Users [500 threads] 1-481
2026-04-30 17:25:58,652 INFO o.a.j.t.JMeterThread: Thread finished: Virtual Users [500 threads] 1-481
2026-04-30 17:25:58,717 INFO o.a.j.t.JMeterThread: Thread is done: Virtual Users [500 threads] 1-494
2026-04-30 17:25:58,718 INFO o.a.j.t.JMeterThread: Thread finished: Virtual Users [500 threads] 1-494
2026-04-30 17:25:58,753 INFO o.a.j.t.JMeterThread: Thread is done: Virtual Users [500 threads] 1-475
2026-04-30 17:25:58,753 INFO o.a.j.t.JMeterThread: Thread finished: Virtual Users [500 threads] 1-475
2026-04-30 17:25:58,860 INFO o.a.j.t.JMeterThread: Thread is done: Virtual Users [500 threads] 1-470
2026-04-30 17:25:58,860 INFO o.a.j.t.JMeterThread: Thread is done: Virtual Users [500 threads] 1-496
2026-04-30 17:25:58,860 INFO o.a.j.t.JMeterThread: Thread finished: Virtual Users [500 threads] 1-496
2026-04-30 17:25:58,860 INFO o.a.j.t.JMeterThread: Thread is done: Virtual Users [500 threads] 1-469
2026-04-30 17:25:58,860 INFO o.a.j.t.JMeterThread: Thread finished: Virtual Users [500 threads] 1-470
2026-04-30 17:25:58,860 INFO o.a.j.t.JMeterThread: Thread finished: Virtual Users [500 threads] 1-469
2026-04-30 17:25:58,913 INFO o.a.j.t.JMeterThread: Thread is done: Virtual Users [500 threads] 1-485
2026-04-30 17:25:58,913 INFO o.a.j.t.JMeterThread: Thread finished: Virtual Users [500 threads] 1-485
2026-04-30 17:25:58,956 INFO o.a.j.t.JMeterThread: Thread is done: Virtual Users [500 threads] 1-500
2026-04-30 17:25:58,956 INFO o.a.j.t.JMeterThread: Thread is done: Virtual Users [500 threads] 1-480
2026-04-30 17:25:58,956 INFO o.a.j.t.JMeterThread: Thread finished: Virtual Users [500 threads] 1-500
2026-04-30 17:25:58,956 INFO o.a.j.t.JMeterThread: Thread finished: Virtual Users [500 threads] 1-480
2026-04-30 17:25:59,159 INFO o.a.j.t.JMeterThread: Thread is done: Virtual Users [500 threads] 1-474
2026-04-30 17:25:59,159 INFO o.a.j.t.JMeterThread: Thread is done: Virtual Users [500 threads] 1-488
2026-04-30 17:25:59,159 INFO o.a.j.t.JMeterThread: Thread finished: Virtual Users [500 threads] 1-488
2026-04-30 17:25:59,159 INFO o.a.j.t.JMeterThread: Thread finished: Virtual Users [500 threads] 1-474
2026-04-30 17:25:59,159 INFO o.a.j.t.JMeterThread: Thread is done: Virtual Users [500 threads] 1-472
2026-04-30 17:25:59,159 INFO o.a.j.t.JMeterThread: Thread finished: Virtual Users [500 threads] 1-472
2026-04-30 17:25:59,206 INFO o.a.j.t.JMeterThread: Thread is done: Virtual Users [500 threads] 1-413
2026-04-30 17:25:59,206 INFO o.a.j.t.JMeterThread: Thread is done: Virtual Users [500 threads] 1-498
2026-04-30 17:25:59,207 INFO o.a.j.t.JMeterThread: Thread finished: Virtual Users [500 threads] 1-413
2026-04-30 17:25:59,206 INFO o.a.j.t.JMeterThread: Thread is done: Virtual Users [500 threads] 1-489
2026-04-30 17:25:59,207 INFO o.a.j.t.JMeterThread: Thread finished: Virtual Users [500 threads] 1-489
2026-04-30 17:25:59,207 INFO o.a.j.t.JMeterThread: Thread finished: Virtual Users [500 threads] 1-498
2026-04-30 17:25:59,304 INFO o.a.j.t.JMeterThread: Thread is done: Virtual Users [500 threads] 1-467
2026-04-30 17:25:59,304 INFO o.a.j.t.JMeterThread: Thread finished: Virtual Users [500 threads] 1-467
2026-04-30 17:25:59,312 INFO o.a.j.t.JMeterThread: Thread is done: Virtual Users [500 threads] 1-490
2026-04-30 17:25:59,312 INFO o.a.j.t.JMeterThread: Thread finished: Virtual Users [500 threads] 1-490
2026-04-30 17:25:59,312 INFO o.a.j.t.JMeterThread: Thread is done: Virtual Users [500 threads] 1-477
2026-04-30 17:25:59,312 INFO o.a.j.t.JMeterThread: Thread finished: Virtual Users [500 threads] 1-477
2026-04-30 17:25:59,355 INFO o.a.j.t.JMeterThread: Thread is done: Virtual Users [500 threads] 1-497
2026-04-30 17:25:59,355 INFO o.a.j.t.JMeterThread: Thread finished: Virtual Users [500 threads] 1-497
2026-04-30 17:25:59,406 INFO o.a.j.t.JMeterThread: Thread is done: Virtual Users [500 threads] 1-483
2026-04-30 17:25:59,406 INFO o.a.j.t.JMeterThread: Thread finished: Virtual Users [500 threads] 1-483
2026-04-30 17:25:59,452 INFO o.a.j.t.JMeterThread: Thread is done: Virtual Users [500 threads] 1-478
2026-04-30 17:25:59,452 INFO o.a.j.t.JMeterThread: Thread is done: Virtual Users [500 threads] 1-493
2026-04-30 17:25:59,453 INFO o.a.j.t.JMeterThread: Thread finished: Virtual Users [500 threads] 1-478
2026-04-30 17:25:59,453 INFO o.a.j.t.JMeterThread: Thread finished: Virtual Users [500 threads] 1-493
2026-04-30 17:25:59,456 INFO o.a.j.t.JMeterThread: Thread is done: Virtual Users [500 threads] 1-479
2026-04-30 17:25:59,456 INFO o.a.j.t.JMeterThread: Thread finished: Virtual Users [500 threads] 1-479
2026-04-30 17:25:59,806 INFO o.a.j.t.JMeterThread: Thread is done: Virtual Users [500 threads] 1-440
2026-04-30 17:25:59,806 INFO o.a.j.t.JMeterThread: Thread is done: Virtual Users [500 threads] 1-423
2026-04-30 17:25:59,807 INFO o.a.j.t.JMeterThread: Thread finished: Virtual Users [500 threads] 1-440
2026-04-30 17:25:59,807 INFO o.a.j.t.JMeterThread: Thread finished: Virtual Users [500 threads] 1-423
2026-04-30 17:25:59,913 INFO o.a.j.t.JMeterThread: Thread is done: Virtual Users [500 threads] 1-456
2026-04-30 17:25:59,913 INFO o.a.j.t.JMeterThread: Thread finished: Virtual Users [500 threads] 1-456
2026-04-30 17:26:00,005 INFO o.a.j.r.Summariser: summary +    568 in 00:00:29 =   19.3/s Avg:  7646 Min:    73 Max: 32275 Err:     0 (0.00%) Active: 14 Started: 500 Finished: 486
2026-04-30 17:26:00,006 INFO o.a.j.r.Summariser: summary =   1463 in 00:01:45 =   13.9/s Avg:  5270 Min:    70 Max: 32275 Err:    10 (0.68%)
2026-04-30 17:26:00,006 INFO o.a.j.t.JMeterThread: Thread is done: Virtual Users [500 threads] 1-446
2026-04-30 17:26:00,006 INFO o.a.j.t.JMeterThread: Thread finished: Virtual Users [500 threads] 1-446
2026-04-30 17:26:00,157 INFO o.a.j.t.JMeterThread: Thread is done: Virtual Users [500 threads] 1-417
2026-04-30 17:26:00,157 INFO o.a.j.t.JMeterThread: Thread finished: Virtual Users [500 threads] 1-417
2026-04-30 17:26:00,312 INFO o.a.j.t.JMeterThread: Thread is done: Virtual Users [500 threads] 1-447
2026-04-30 17:26:00,312 INFO o.a.j.t.JMeterThread: Thread finished: Virtual Users [500 threads] 1-447
2026-04-30 17:26:00,519 INFO o.a.j.t.JMeterThread: Thread is done: Virtual Users [500 threads] 1-436
2026-04-30 17:26:00,519 INFO o.a.j.t.JMeterThread: Thread finished: Virtual Users [500 threads] 1-436
2026-04-30 17:26:00,604 INFO o.a.j.t.JMeterThread: Thread is done: Virtual Users [500 threads] 1-455
2026-04-30 17:26:00,605 INFO o.a.j.t.JMeterThread: Thread finished: Virtual Users [500 threads] 1-455
2026-04-30 17:26:01,104 INFO o.a.j.t.JMeterThread: Thread is done: Virtual Users [500 threads] 1-451
2026-04-30 17:26:01,104 INFO o.a.j.t.JMeterThread: Thread finished: Virtual Users [500 threads] 1-451
2026-04-30 17:26:01,374 INFO o.a.j.t.JMeterThread: Thread is done: Virtual Users [500 threads] 1-468
2026-04-30 17:26:01,374 INFO o.a.j.t.JMeterThread: Thread finished: Virtual Users [500 threads] 1-468
2026-04-30 17:26:01,632 INFO o.a.j.t.JMeterThread: Thread is done: Virtual Users [500 threads] 1-495
2026-04-30 17:26:01,632 INFO o.a.j.t.JMeterThread: Thread finished: Virtual Users [500 threads] 1-495
2026-04-30 17:26:01,676 INFO o.a.j.t.JMeterThread: Thread is done: Virtual Users [500 threads] 1-461
2026-04-30 17:26:01,676 INFO o.a.j.t.JMeterThread: Thread finished: Virtual Users [500 threads] 1-461
2026-04-30 17:26:01,690 INFO o.a.j.t.JMeterThread: Thread is done: Virtual Users [500 threads] 1-466
2026-04-30 17:26:01,690 INFO o.a.j.t.JMeterThread: Thread finished: Virtual Users [500 threads] 1-466
2026-04-30 17:26:01,775 INFO o.a.j.t.JMeterThread: Thread is done: Virtual Users [500 threads] 1-463
2026-04-30 17:26:01,775 INFO o.a.j.t.JMeterThread: Thread finished: Virtual Users [500 threads] 1-463
2026-04-30 17:26:01,830 INFO o.a.j.t.JMeterThread: Thread is done: Virtual Users [500 threads] 1-484
2026-04-30 17:26:01,830 INFO o.a.j.t.JMeterThread: Thread finished: Virtual Users [500 threads] 1-484
2026-04-30 17:26:01,854 INFO o.a.j.t.JMeterThread: Thread is done: Virtual Users [500 threads] 1-473
2026-04-30 17:26:01,854 INFO o.a.j.t.JMeterThread: Thread finished: Virtual Users [500 threads] 1-473
2026-04-30 17:26:01,953 INFO o.a.j.t.JMeterThread: Thread is done: Virtual Users [500 threads] 1-491
2026-04-30 17:26:01,953 INFO o.a.j.t.JMeterThread: Thread finished: Virtual Users [500 threads] 1-491
2026-04-30 17:26:01,954 INFO o.a.j.e.StandardJMeterEngine: Notifying test listeners of end of test
2026-04-30 17:26:01,954 INFO o.a.j.s.FileServer: Close: users.csv
2026-04-30 17:26:01,957 INFO o.a.j.r.Summariser: summary +     37 in 00:00:02 =   19.0/s Avg:  7433 Min:    84 Max: 27219 Err:     0 (0.00%) Active: 0 Started: 500 Finished: 500
2026-04-30 17:26:01,958 INFO o.a.j.r.Summariser: summary =   1500 in 00:01:47 =   14.0/s Avg:  5323 Min:    70 Max: 32275 Err:    10 (0.67%)
2026-04-30 17:26:01,958 INFO o.a.j.JMeter: Generating Dashboard
2026-04-30 17:26:01,958 INFO o.a.j.r.d.ReportGenerator: Flushing result collector before report Generation
2026-04-30 17:26:01,975 INFO o.a.j.r.p.NormalizerSampleConsumer: Using format, 'ms', to parse timeStamp field
2026-04-30 17:26:02,057 INFO o.a.j.r.p.AbstractSampleConsumer: class org.apache.jmeter.report.processor.AggregateConsumer#stopProducing(): beginDate produced 0 samples
2026-04-30 17:26:02,057 INFO o.a.j.r.p.AbstractSampleConsumer: class org.apache.jmeter.report.processor.AggregateConsumer#stopProducing(): endDate produced 0 samples
2026-04-30 17:26:02,058 INFO o.a.j.r.p.AbstractSampleConsumer: class org.apache.jmeter.report.processor.ApdexSummaryConsumer#stopProducing(): apdexSummary produced 0 samples
2026-04-30 17:26:02,058 INFO o.a.j.r.p.AbstractSampleConsumer: class org.apache.jmeter.report.processor.RequestsSummaryConsumer#stopProducing(): requestsSummary produced 0 samples
2026-04-30 17:26:02,060 INFO o.a.j.r.p.AbstractSampleConsumer: class org.apache.jmeter.report.processor.StatisticsSummaryConsumer#stopProducing(): statisticsSummary produced 0 samples
2026-04-30 17:26:02,060 INFO o.a.j.r.p.AbstractSampleConsumer: class org.apache.jmeter.report.processor.Top5ErrorsBySamplerConsumer#stopProducing(): top5ErrorsBySampler produced 0 samples
2026-04-30 17:26:02,060 INFO o.a.j.r.p.AbstractSampleConsumer: class org.apache.jmeter.report.processor.ErrorsSummaryConsumer#stopProducing(): errorsSummary produced 0 samples
2026-04-30 17:26:02,060 INFO o.a.j.r.p.AbstractSampleConsumer: class org.apache.jmeter.report.processor.graph.impl.HitsPerSecondGraphConsumer#stopProducing(): hitsPerSecond produced 0 samples
2026-04-30 17:26:02,079 INFO o.a.j.r.p.AbstractSampleConsumer: class org.apache.jmeter.report.processor.graph.impl.LatencyVSRequestGraphConsumer#stopProducing(): latencyVsRequest produced 0 samples
2026-04-30 17:26:02,079 INFO o.a.j.r.p.AbstractSampleConsumer: class org.apache.jmeter.report.processor.graph.impl.SyntheticResponseTimeDistributionGraphConsumer#stopProducing(): syntheticResponseTimeDistribution produced 0 samples
2026-04-30 17:26:02,079 INFO o.a.j.r.p.AbstractSampleConsumer: class org.apache.jmeter.report.processor.graph.impl.BytesThroughputGraphConsumer#stopProducing(): bytesThroughputOverTime produced 0 samples
2026-04-30 17:26:02,079 INFO o.a.j.r.p.AbstractSampleConsumer: class org.apache.jmeter.report.processor.graph.impl.CodesPerSecondGraphConsumer#stopProducing(): codesPerSecond produced 0 samples
2026-04-30 17:26:02,093 INFO o.a.j.r.p.AbstractSampleConsumer: class org.apache.jmeter.report.processor.graph.impl.ResponseTimeVSRequestGraphConsumer#stopProducing(): responseTimeVsRequest produced 0 samples
2026-04-30 17:26:02,093 INFO o.a.j.r.p.AbstractSampleConsumer: class org.apache.jmeter.report.processor.FilterConsumer#stopProducing(): startIntervalControlerFilter produced 10500 samples
2026-04-30 17:26:02,093 INFO o.a.j.r.p.AbstractSampleConsumer: class org.apache.jmeter.report.processor.graph.impl.TotalTPSGraphConsumer#stopProducing(): totalTPS produced 0 samples
2026-04-30 17:26:02,093 INFO o.a.j.r.p.AbstractSampleConsumer: class org.apache.jmeter.report.processor.graph.impl.ActiveThreadsGraphConsumer#stopProducing(): activeThreadsOverTime produced 0 samples
2026-04-30 17:26:02,093 INFO o.a.j.r.p.AbstractSampleConsumer: class org.apache.jmeter.report.processor.graph.impl.TimeVSThreadGraphConsumer#stopProducing(): timeVsThreads produced 0 samples
2026-04-30 17:26:02,093 INFO o.a.j.r.p.AbstractSampleConsumer: class org.apache.jmeter.report.processor.graph.impl.ResponseTimeDistributionGraphConsumer#stopProducing(): responseTimeDistribution produced 0 samples
2026-04-30 17:26:02,093 INFO o.a.j.r.p.AbstractSampleConsumer: class org.apache.jmeter.report.processor.graph.impl.TransactionsPerSecondGraphConsumer#stopProducing(): transactionsPerSecond produced 0 samples
2026-04-30 17:26:02,093 INFO o.a.j.r.p.AbstractSampleConsumer: class org.apache.jmeter.report.processor.graph.impl.ResponseTimePercentilesGraphConsumer#stopProducing(): responseTimePercentiles produced 0 samples
2026-04-30 17:26:02,094 INFO o.a.j.r.p.AbstractSampleConsumer: class org.apache.jmeter.report.processor.graph.impl.ResponseTimePercentilesOverTimeGraphConsumer#stopProducing(): responseTimePercentilesOverTime produced 0 samples
2026-04-30 17:26:02,094 INFO o.a.j.r.p.AbstractSampleConsumer: class org.apache.jmeter.report.processor.graph.impl.ResponseTimeOverTimeGraphConsumer#stopProducing(): responseTimesOverTime produced 0 samples
2026-04-30 17:26:02,094 INFO o.a.j.r.p.AbstractSampleConsumer: class org.apache.jmeter.report.processor.graph.impl.ConnectTimeOverTimeGraphConsumer#stopProducing(): connectTimeOverTime produced 0 samples
2026-04-30 17:26:02,094 INFO o.a.j.r.p.AbstractSampleConsumer: class org.apache.jmeter.report.processor.graph.impl.LatencyOverTimeGraphConsumer#stopProducing(): latenciesOverTime produced 0 samples
2026-04-30 17:26:02,094 INFO o.a.j.r.p.AbstractSampleConsumer: class org.apache.jmeter.report.processor.FilterConsumer#stopProducing(): nameFilter produced 22500 samples
2026-04-30 17:26:02,094 INFO o.a.j.r.p.AbstractSampleConsumer: class org.apache.jmeter.report.processor.FilterConsumer#stopProducing(): dateRangeFilter produced 4500 samples
2026-04-30 17:26:02,094 INFO o.a.j.r.p.AbstractSampleConsumer: class org.apache.jmeter.report.processor.NormalizerSampleConsumer#stopProducing(): normalizer produced 1500 samples
2026-04-30 17:26:02,095 INFO o.a.j.r.p.CsvFileSampleSource: produce(): 1500 samples produced in 102ms on channel 0
2026-04-30 17:26:02,095 INFO o.a.j.r.d.ReportGenerator: Exporting data using exporter:'json' of className:'org.apache.jmeter.report.dashboard.JsonExporter'
2026-04-30 17:26:02,120 INFO o.a.j.r.d.JsonExporter: Found data for consumer statisticsSummary in context
2026-04-30 17:26:02,121 INFO o.a.j.r.d.JsonExporter: Creating statistics for overall
2026-04-30 17:26:02,121 INFO o.a.j.r.d.JsonExporter: Creating statistics for other transactions
2026-04-30 17:26:02,121 INFO o.a.j.r.d.JsonExporter: Checking output folder
2026-04-30 17:26:02,122 INFO o.a.j.r.d.JsonExporter: Writing statistics JSON to /Users/spartan/Documents/data236/lab1/jmeter/results/html_500/statistics.json
2026-04-30 17:26:02,136 INFO o.a.j.r.d.ReportGenerator: Exporting data using exporter:'html' of className:'org.apache.jmeter.report.dashboard.HtmlTemplateExporter'
2026-04-30 17:26:02,137 INFO o.a.j.r.d.HtmlTemplateExporter: Will generate dashboard in folder: /Users/spartan/Documents/data236/lab1/jmeter/results/html_500
2026-04-30 17:26:02,170 INFO o.a.j.r.d.HtmlTemplateExporter: Report will be generated in: /Users/spartan/Documents/data236/lab1/jmeter/results/html_500, creating folder structure
2026-04-30 17:26:02,171 INFO o.a.j.r.d.TemplateVisitor: Copying folder from '/opt/homebrew/Cellar/jmeter/5.6.3/libexec/bin/report-template' to '/Users/spartan/Documents/data236/lab1/jmeter/results/html_500', got message: /Users/spartan/Documents/data236/lab1/jmeter/results/html_500, found non empty folder with following content [/Users/spartan/Documents/data236/lab1/jmeter/results/html_500/statistics.json], will be ignored
2026-04-30 17:26:02,345 INFO o.a.j.JMeter: Dashboard generated
