timeStamp,elapsed,label,responseCode,responseMessage,threadName,dataType,success,failureMessage,bytes,sentBytes,grpThreads,allThreads,URL,Latency,IdleTime,Connect
1777593080220,2380,01 - POST /auth/user/login,200,OK,Virtual Users [200 threads] 1-1,text,true,,405,361,17,17,http://k8s-forkfind-forkfind-8e65d48af1-1990260306.us-east-1.elb.amazonaws.com/auth/user/login,2380,0,110
1777593082619,81,02 - GET /restaurants (search),200,OK,Virtual Users [200 threads] 1-1,text,true,,790,433,17,17,http://k8s-forkfind-forkfind-8e65d48af1-1990260306.us-east-1.elb.amazonaws.com/restaurants?q=pizza&limit=12&sort=rating,81,0,0
1777593082701,109,03 - POST /restaurants/5/reviews,201,Created,Virtual Users [200 threads] 1-1,text,true,,566,567,18,18,http://k8s-forkfind-forkfind-8e65d48af1-1990260306.us-east-1.elb.amazonaws.com/restaurants/5/reviews,109,0,0
1777593080336,16070,01 - POST /auth/user/login,200,OK,Virtual Users [200 threads] 1-2,text,true,,399,359,108,108,http://k8s-forkfind-forkfind-8e65d48af1-1990260306.us-east-1.elb.amazonaws.com/auth/user/login,16070,0,77
1777593096408,86,02 - GET /restaurants (search),200,OK,Virtual Users [200 threads] 1-2,text,true,,790,433,108,108,http://k8s-forkfind-forkfind-8e65d48af1-1990260306.us-east-1.elb.amazonaws.com/restaurants?q=pizza&limit=12&sort=rating,86,0,0
1777593096496,96,03 - POST /restaurants/5/reviews,201,Created,Virtual Users [200 threads] 1-2,text,true,,563,567,109,109,http://k8s-forkfind-forkfind-8e65d48af1-1990260306.us-east-1.elb.amazonaws.com/restaurants/5/reviews,96,0,0
1777593081086,17478,01 - POST /auth/user/login,200,OK,Virtual Users [200 threads] 1-7,text,true,,402,361,121,121,http://k8s-forkfind-forkfind-8e65d48af1-1990260306.us-east-1.elb.amazonaws.com/auth/user/login,17478,0,72
1777593098566,81,02 - GET /restaurants (search),200,OK,Virtual Users [200 threads] 1-7,text,true,,790,436,122,122,http://k8s-forkfind-forkfind-8e65d48af1-1990260306.us-east-1.elb.amazonaws.com/restaurants?q=pizza&limit=12&sort=rating,81,0,0
1777593098649,103,03 - POST /restaurants/5/reviews,201,Created,Virtual Users [200 threads] 1-7,text,true,,563,570,122,122,http://k8s-forkfind-forkfind-8e65d48af1-1990260306.us-east-1.elb.amazonaws.com/restaurants/5/reviews,103,0,0
1777593081830,17773,01 - POST /auth/user/login,200,OK,Virtual Users [200 threads] 1-12,text,true,,400,360,127,127,http://k8s-forkfind-forkfind-8e65d48af1-1990260306.us-east-1.elb.amazonaws.com/auth/user/login,17773,0,88
1777593099605,129,02 - GET /restaurants (search),200,OK,Virtual Users [200 threads] 1-12,text,true,,790,436,128,128,http://k8s-forkfind-forkfind-8e65d48af1-1990260306.us-east-1.elb.amazonaws.com/restaurants?q=pizza&limit=12&sort=rating,128,0,0
1777593080633,19168,01 - POST /auth/user/login,200,OK,Virtual Users [200 threads] 1-4,text,true,,401,361,128,128,http://k8s-forkfind-forkfind-8e65d48af1-1990260306.us-east-1.elb.amazonaws.com/auth/user/login,19168,0,85
1777593099735,114,03 - POST /restaurants/5/reviews,201,Created,Virtual Users [200 threads] 1-12,text,true,,562,571,129,129,http://k8s-forkfind-forkfind-8e65d48af1-1990260306.us-east-1.elb.amazonaws.com/restaurants/5/reviews,114,0,0
1777593099802,77,02 - GET /restaurants (search),200,OK,Virtual Users [200 threads] 1-4,text,true,,790,433,128,128,http://k8s-forkfind-forkfind-8e65d48af1-1990260306.us-east-1.elb.amazonaws.com/restaurants?q=pizza&limit=12&sort=rating,77,0,0
1777593099880,122,03 - POST /restaurants/5/reviews,201,Created,Virtual Users [200 threads] 1-4,text,true,,562,567,129,129,http://k8s-forkfind-forkfind-8e65d48af1-1990260306.us-east-1.elb.amazonaws.com/restaurants/5/reviews,122,0,0
1777593108346,160,01 - POST /auth/user/login,503,Service Temporarily Unavailable,Virtual Users [200 threads] 1-189,text,false,Login failed — check credentials in users.csv,337,363,185,185,http://k8s-forkfind-forkfind-8e65d48af1-1990260306.us-east-1.elb.amazonaws.com/auth/user/login,160,0,77
1777593108510,85,02 - GET /restaurants (search),200,OK,Virtual Users [200 threads] 1-189,text,true,,790,311,185,185,http://k8s-forkfind-forkfind-8e65d48af1-1990260306.us-east-1.elb.amazonaws.com/restaurants?q=pizza&limit=12&sort=rating,85,0,0
1777593108494,159,01 - POST /auth/user/login,503,Service Temporarily Unavailable,Virtual Users [200 threads] 1-190,text,false,Login failed — check credentials in users.csv,337,363,186,186,http://k8s-forkfind-forkfind-8e65d48af1-1990260306.us-east-1.elb.amazonaws.com/auth/user/login,159,0,86
1777593108596,74,03 - POST /restaurants/5/reviews,401,Unauthorized,Virtual Users [200 threads] 1-189,text,false,"Review submission returned unexpected status (401 = bad token, 5xx = server error)",255,447,186,186,http://k8s-forkfind-forkfind-8e65d48af1-1990260306.us-east-1.elb.amazonaws.com/restaurants/5/reviews,73,0,0
1777593108655,78,02 - GET /restaurants (search),200,OK,Virtual Users [200 threads] 1-190,text,true,,790,311,185,185,http://k8s-forkfind-forkfind-8e65d48af1-1990260306.us-east-1.elb.amazonaws.com/restaurants?q=pizza&limit=12&sort=rating,78,0,0
1777593108643,146,01 - POST /auth/user/login,503,Service Temporarily Unavailable,Virtual Users [200 threads] 1-191,text,false,Login failed — check credentials in users.csv,337,363,185,185,http://k8s-forkfind-forkfind-8e65d48af1-1990260306.us-east-1.elb.amazonaws.com/auth/user/login,146,0,75
1777593108735,73,03 - POST /restaurants/5/reviews,401,Unauthorized,Virtual Users [200 threads] 1-190,text,false,"Review submission returned unexpected status (401 = bad token, 5xx = server error)",255,447,186,186,http://k8s-forkfind-forkfind-8e65d48af1-1990260306.us-east-1.elb.amazonaws.com/restaurants/5/reviews,73,0,0
1777593108791,82,02 - GET /restaurants (search),200,OK,Virtual Users [200 threads] 1-191,text,true,,790,311,185,185,http://k8s-forkfind-forkfind-8e65d48af1-1990260306.us-east-1.elb.amazonaws.com/restaurants?q=pizza&limit=12&sort=rating,81,0,0
1777593108793,150,01 - POST /auth/user/login,503,Service Temporarily Unavailable,Virtual Users [200 threads] 1-192,text,false,Login failed — check credentials in users.csv,337,363,186,186,http://k8s-forkfind-forkfind-8e65d48af1-1990260306.us-east-1.elb.amazonaws.com/auth/user/login,150,0,73
1777593108874,78,03 - POST /restaurants/5/reviews,401,Unauthorized,Virtual Users [200 threads] 1-191,text,false,"Review submission returned unexpected status (401 = bad token, 5xx = server error)",255,447,186,186,http://k8s-forkfind-forkfind-8e65d48af1-1990260306.us-east-1.elb.amazonaws.com/restaurants/5/reviews,78,0,0
1777593108944,92,02 - GET /restaurants (search),200,OK,Virtual Users [200 threads] 1-192,text,true,,790,311,185,185,http://k8s-forkfind-forkfind-8e65d48af1-1990260306.us-east-1.elb.amazonaws.com/restaurants?q=pizza&limit=12&sort=rating,92,0,0
1777593108943,145,01 - POST /auth/user/login,503,Service Temporarily Unavailable,Virtual Users [200 threads] 1-193,text,false,Login failed — check credentials in users.csv,337,363,185,185,http://k8s-forkfind-forkfind-8e65d48af1-1990260306.us-east-1.elb.amazonaws.com/auth/user/login,145,0,73
1777593109038,88,03 - POST /restaurants/5/reviews,401,Unauthorized,Virtual Users [200 threads] 1-192,text,false,"Review submission returned unexpected status (401 = bad token, 5xx = server error)",255,447,186,186,http://k8s-forkfind-forkfind-8e65d48af1-1990260306.us-east-1.elb.amazonaws.com/restaurants/5/reviews,88,0,0
1777593109089,82,02 - GET /restaurants (search),200,OK,Virtual Users [200 threads] 1-193,text,true,,790,311,185,185,http://k8s-forkfind-forkfind-8e65d48af1-1990260306.us-east-1.elb.amazonaws.com/restaurants?q=pizza&limit=12&sort=rating,82,0,0
1777593109172,77,03 - POST /restaurants/5/reviews,401,Unauthorized,Virtual Users [200 threads] 1-193,text,false,"Review submission returned unexpected status (401 = bad token, 5xx = server error)",255,447,186,186,http://k8s-forkfind-forkfind-8e65d48af1-1990260306.us-east-1.elb.amazonaws.com/restaurants/5/reviews,77,0,0
1777593109100,149,01 - POST /auth/user/login,503,Service Temporarily Unavailable,Virtual Users [200 threads] 1-194,text,false,Login failed — check credentials in users.csv,337,363,186,186,http://k8s-forkfind-forkfind-8e65d48af1-1990260306.us-east-1.elb.amazonaws.com/auth/user/login,149,0,73
1777593109250,77,02 - GET /restaurants (search),200,OK,Virtual Users [200 threads] 1-194,text,true,,790,311,185,185,http://k8s-forkfind-forkfind-8e65d48af1-1990260306.us-east-1.elb.amazonaws.com/restaurants?q=pizza&limit=12&sort=rating,77,0,0
1777593109238,145,01 - POST /auth/user/login,503,Service Temporarily Unavailable,Virtual Users [200 threads] 1-195,text,false,Login failed — check credentials in users.csv,337,363,185,185,http://k8s-forkfind-forkfind-8e65d48af1-1990260306.us-east-1.elb.amazonaws.com/auth/user/login,145,0,73
1777593109329,73,03 - POST /restaurants/5/reviews,401,Unauthorized,Virtual Users [200 threads] 1-194,text,false,"Review submission returned unexpected status (401 = bad token, 5xx = server error)",255,447,186,186,http://k8s-forkfind-forkfind-8e65d48af1-1990260306.us-east-1.elb.amazonaws.com/restaurants/5/reviews,73,0,0
1777593109385,80,02 - GET /restaurants (search),200,OK,Virtual Users [200 threads] 1-195,text,true,,790,311,185,185,http://k8s-forkfind-forkfind-8e65d48af1-1990260306.us-east-1.elb.amazonaws.com/restaurants?q=pizza&limit=12&sort=rating,80,0,0
1777593109465,74,03 - POST /restaurants/5/reviews,401,Unauthorized,Virtual Users [200 threads] 1-195,text,false,"Review submission returned unexpected status (401 = bad token, 5xx = server error)",255,447,185,185,http://k8s-forkfind-forkfind-8e65d48af1-1990260306.us-east-1.elb.amazonaws.com/restaurants/5/reviews,74,0,0
1777593109393,146,01 - POST /auth/user/login,503,Service Temporarily Unavailable,Virtual Users [200 threads] 1-196,text,false,Login failed — check credentials in users.csv,337,363,185,185,http://k8s-forkfind-forkfind-8e65d48af1-1990260306.us-east-1.elb.amazonaws.com/auth/user/login,146,0,72
1777593109540,81,02 - GET /restaurants (search),200,OK,Virtual Users [200 threads] 1-196,text,true,,790,311,185,185,http://k8s-forkfind-forkfind-8e65d48af1-1990260306.us-east-1.elb.amazonaws.com/restaurants?q=pizza&limit=12&sort=rating,81,0,0
1777593109547,149,01 - POST /auth/user/login,503,Service Temporarily Unavailable,Virtual Users [200 threads] 1-197,text,false,Login failed — check credentials in users.csv,337,363,186,186,http://k8s-forkfind-forkfind-8e65d48af1-1990260306.us-east-1.elb.amazonaws.com/auth/user/login,149,0,73
1777593109622,76,03 - POST /restaurants/5/reviews,401,Unauthorized,Virtual Users [200 threads] 1-196,text,false,"Review submission returned unexpected status (401 = bad token, 5xx = server error)",255,447,186,186,http://k8s-forkfind-forkfind-8e65d48af1-1990260306.us-east-1.elb.amazonaws.com/restaurants/5/reviews,76,0,0
1777593109698,139,02 - GET /restaurants (search),200,OK,Virtual Users [200 threads] 1-197,text,true,,790,311,185,185,http://k8s-forkfind-forkfind-8e65d48af1-1990260306.us-east-1.elb.amazonaws.com/restaurants?q=pizza&limit=12&sort=rating,139,0,0
1777593109698,211,01 - POST /auth/user/login,503,Service Temporarily Unavailable,Virtual Users [200 threads] 1-198,text,false,Login failed — check credentials in users.csv,337,363,186,186,http://k8s-forkfind-forkfind-8e65d48af1-1990260306.us-east-1.elb.amazonaws.com/auth/user/login,211,0,138
1777593109838,73,03 - POST /restaurants/5/reviews,401,Unauthorized,Virtual Users [200 threads] 1-197,text,false,"Review submission returned unexpected status (401 = bad token, 5xx = server error)",255,447,186,186,http://k8s-forkfind-forkfind-8e65d48af1-1990260306.us-east-1.elb.amazonaws.com/restaurants/5/reviews,73,0,0
1777593109911,83,02 - GET /restaurants (search),200,OK,Virtual Users [200 threads] 1-198,text,true,,790,311,185,185,http://k8s-forkfind-forkfind-8e65d48af1-1990260306.us-east-1.elb.amazonaws.com/restaurants?q=pizza&limit=12&sort=rating,82,0,0
1777593109849,145,01 - POST /auth/user/login,503,Service Temporarily Unavailable,Virtual Users [200 threads] 1-199,text,false,Login failed — check credentials in users.csv,337,363,185,185,http://k8s-forkfind-forkfind-8e65d48af1-1990260306.us-east-1.elb.amazonaws.com/auth/user/login,144,0,72
1777593109995,75,03 - POST /restaurants/5/reviews,401,Unauthorized,Virtual Users [200 threads] 1-198,text,false,"Review submission returned unexpected status (401 = bad token, 5xx = server error)",255,447,186,186,http://k8s-forkfind-forkfind-8e65d48af1-1990260306.us-east-1.elb.amazonaws.com/restaurants/5/reviews,75,0,0
1777593109995,77,02 - GET /restaurants (search),200,OK,Virtual Users [200 threads] 1-199,text,true,,790,311,185,185,http://k8s-forkfind-forkfind-8e65d48af1-1990260306.us-east-1.elb.amazonaws.com/restaurants?q=pizza&limit=12&sort=rating,77,0,0
1777593109997,144,01 - POST /auth/user/login,503,Service Temporarily Unavailable,Virtual Users [200 threads] 1-200,text,false,Login failed — check credentials in users.csv,337,363,185,185,http://k8s-forkfind-forkfind-8e65d48af1-1990260306.us-east-1.elb.amazonaws.com/auth/user/login,144,0,72
1777593110073,74,03 - POST /restaurants/5/reviews,401,Unauthorized,Virtual Users [200 threads] 1-199,text,false,"Review submission returned unexpected status (401 = bad token, 5xx = server error)",255,447,185,185,http://k8s-forkfind-forkfind-8e65d48af1-1990260306.us-east-1.elb.amazonaws.com/restaurants/5/reviews,74,0,0
1777593110143,75,02 - GET /restaurants (search),200,OK,Virtual Users [200 threads] 1-200,text,true,,790,311,184,184,http://k8s-forkfind-forkfind-8e65d48af1-1990260306.us-east-1.elb.amazonaws.com/restaurants?q=pizza&limit=12&sort=rating,75,0,0
1777593110220,76,03 - POST /restaurants/5/reviews,401,Unauthorized,Virtual Users [200 threads] 1-200,text,false,"Review submission returned unexpected status (401 = bad token, 5xx = server error)",255,447,184,184,http://k8s-forkfind-forkfind-8e65d48af1-1990260306.us-east-1.elb.amazonaws.com/restaurants/5/reviews,76,0,0
1777593080488,30075,01 - POST /auth/user/login,Non HTTP response code: java.net.SocketTimeoutException,Non HTTP response message: Read timed out,Virtual Users [200 threads] 1-3,text,false,Login failed — check credentials in users.csv,2679,0,183,183,http://k8s-forkfind-forkfind-8e65d48af1-1990260306.us-east-1.elb.amazonaws.com/auth/user/login,0,0,72
1777593110566,157,02 - GET /restaurants (search),200,OK,Virtual Users [200 threads] 1-3,text,true,,790,311,183,183,http://k8s-forkfind-forkfind-8e65d48af1-1990260306.us-east-1.elb.amazonaws.com/restaurants?q=pizza&limit=12&sort=rating,157,0,70
1777593110724,81,03 - POST /restaurants/5/reviews,401,Unauthorized,Virtual Users [200 threads] 1-3,text,false,"Review submission returned unexpected status (401 = bad token, 5xx = server error)",255,445,183,183,http://k8s-forkfind-forkfind-8e65d48af1-1990260306.us-east-1.elb.amazonaws.com/restaurants/5/reviews,81,0,0
1777593080786,30076,01 - POST /auth/user/login,Non HTTP response code: java.net.SocketTimeoutException,Non HTTP response message: Read timed out,Virtual Users [200 threads] 1-5,text,false,Login failed — check credentials in users.csv,2679,0,182,182,http://k8s-forkfind-forkfind-8e65d48af1-1990260306.us-east-1.elb.amazonaws.com/auth/user/login,0,0,74
1777593080936,30074,01 - POST /auth/user/login,Non HTTP response code: java.net.SocketTimeoutException,Non HTTP response message: Read timed out,Virtual Users [200 threads] 1-6,text,false,Login failed — check credentials in users.csv,2679,0,182,182,http://k8s-forkfind-forkfind-8e65d48af1-1990260306.us-east-1.elb.amazonaws.com/auth/user/login,0,0,71
1777593110865,148,02 - GET /restaurants (search),200,OK,Virtual Users [200 threads] 1-5,text,true,,790,311,182,182,http://k8s-forkfind-forkfind-8e65d48af1-1990260306.us-east-1.elb.amazonaws.com/restaurants?q=pizza&limit=12&sort=rating,148,0,77
1777593111014,75,03 - POST /restaurants/5/reviews,401,Unauthorized,Virtual Users [200 threads] 1-5,text,false,"Review submission returned unexpected status (401 = bad token, 5xx = server error)",255,445,182,182,http://k8s-forkfind-forkfind-8e65d48af1-1990260306.us-east-1.elb.amazonaws.com/restaurants/5/reviews,75,0,0
1777593111012,143,02 - GET /restaurants (search),200,OK,Virtual Users [200 threads] 1-6,text,true,,790,311,181,181,http://k8s-forkfind-forkfind-8e65d48af1-1990260306.us-east-1.elb.amazonaws.com/restaurants?q=pizza&limit=12&sort=rating,143,0,65
1777593083329,27855,01 - POST /auth/user/login,200,OK,Virtual Users [200 threads] 1-22,text,true,,406,363,181,181,http://k8s-forkfind-forkfind-8e65d48af1-1990260306.us-east-1.elb.amazonaws.com/auth/user/login,27855,0,75
1777593111156,79,03 - POST /restaurants/5/reviews,401,Unauthorized,Virtual Users [200 threads] 1-6,text,false,"Review submission returned unexpected status (401 = bad token, 5xx = server error)",255,445,181,181,http://k8s-forkfind-forkfind-8e65d48af1-1990260306.us-east-1.elb.amazonaws.com/restaurants/5/reviews,79,0,0
1777593111186,84,02 - GET /restaurants (search),200,OK,Virtual Users [200 threads] 1-22,text,true,,790,436,180,180,http://k8s-forkfind-forkfind-8e65d48af1-1990260306.us-east-1.elb.amazonaws.com/restaurants?q=pizza&limit=12&sort=rating,84,0,0
1777593081230,30084,01 - POST /auth/user/login,Non HTTP response code: java.net.SocketTimeoutException,Non HTTP response message: Read timed out,Virtual Users [200 threads] 1-8,text,false,Login failed — check credentials in users.csv,2679,0,180,180,http://k8s-forkfind-forkfind-8e65d48af1-1990260306.us-east-1.elb.amazonaws.com/auth/user/login,0,0,81
1777593111271,83,03 - POST /restaurants/5/reviews,201,Created,Virtual Users [200 threads] 1-22,text,true,,566,571,180,180,http://k8s-forkfind-forkfind-8e65d48af1-1990260306.us-east-1.elb.amazonaws.com/restaurants/5/reviews,83,0,0
1777593111316,140,02 - GET /restaurants (search),200,OK,Virtual Users [200 threads] 1-8,text,true,,790,311,179,179,http://k8s-forkfind-forkfind-8e65d48af1-1990260306.us-east-1.elb.amazonaws.com/restaurants?q=pizza&limit=12&sort=rating,140,0,69
1777593081386,30076,01 - POST /auth/user/login,Non HTTP response code: java.net.SocketTimeoutException,Non HTTP response message: Read timed out,Virtual Users [200 threads] 1-9,text,false,Login failed — check credentials in users.csv,2679,0,179,179,http://k8s-forkfind-forkfind-8e65d48af1-1990260306.us-east-1.elb.amazonaws.com/auth/user/login,0,0,73
1777593111457,72,03 - POST /restaurants/5/reviews,401,Unauthorized,Virtual Users [200 threads] 1-8,text,false,"Review submission returned unexpected status (401 = bad token, 5xx = server error)",255,445,179,179,http://k8s-forkfind-forkfind-8e65d48af1-1990260306.us-east-1.elb.amazonaws.com/restaurants/5/reviews,72,0,0
1777593111464,145,02 - GET /restaurants (search),200,OK,Virtual Users [200 threads] 1-9,text,true,,790,311,178,178,http://k8s-forkfind-forkfind-8e65d48af1-1990260306.us-east-1.elb.amazonaws.com/restaurants?q=pizza&limit=12&sort=rating,145,0,67
1777593081534,30080,01 - POST /auth/user/login,Non HTTP response code: java.net.SocketTimeoutException,Non HTTP response message: Read timed out,Virtual Users [200 threads] 1-10,text,false,Login failed — check credentials in users.csv,2679,0,178,178,http://k8s-forkfind-forkfind-8e65d48af1-1990260306.us-east-1.elb.amazonaws.com/auth/user/login,0,0,78
1777593111610,76,03 - POST /restaurants/5/reviews,401,Unauthorized,Virtual Users [200 threads] 1-9,text,false,"Review submission returned unexpected status (401 = bad token, 5xx = server error)",255,445,178,178,http://k8s-forkfind-forkfind-8e65d48af1-1990260306.us-east-1.elb.amazonaws.com/restaurants/5/reviews,76,0,0
1777593084530,27156,01 - POST /auth/user/login,200,OK,Virtual Users [200 threads] 1-30,text,true,,406,363,178,178,http://k8s-forkfind-forkfind-8e65d48af1-1990260306.us-east-1.elb.amazonaws.com/auth/user/login,27156,0,73
1777593081685,30074,01 - POST /auth/user/login,Non HTTP response code: java.net.SocketTimeoutException,Non HTTP response message: Read timed out,Virtual Users [200 threads] 1-11,text,false,Login failed — check credentials in users.csv,2679,0,177,177,http://k8s-forkfind-forkfind-8e65d48af1-1990260306.us-east-1.elb.amazonaws.com/auth/user/login,0,0,72
1777593111616,144,02 - GET /restaurants (search),200,OK,Virtual Users [200 threads] 1-10,text,true,,790,311,177,177,http://k8s-forkfind-forkfind-8e65d48af1-1990260306.us-east-1.elb.amazonaws.com/restaurants?q=pizza&limit=12&sort=rating,144,0,70
1777593111687,81,02 - GET /restaurants (search),200,OK,Virtual Users [200 threads] 1-30,text,true,,790,436,177,177,http://k8s-forkfind-forkfind-8e65d48af1-1990260306.us-east-1.elb.amazonaws.com/restaurants?q=pizza&limit=12&sort=rating,81,0,0
1777593111761,67,03 - POST /restaurants/5/reviews,401,Unauthorized,Virtual Users [200 threads] 1-10,text,false,"Review submission returned unexpected status (401 = bad token, 5xx = server error)",255,446,177,177,http://k8s-forkfind-forkfind-8e65d48af1-1990260306.us-east-1.elb.amazonaws.com/restaurants/5/reviews,67,0,0
1777593111769,83,03 - POST /restaurants/5/reviews,201,Created,Virtual Users [200 threads] 1-30,text,true,,566,571,176,176,http://k8s-forkfind-forkfind-8e65d48af1-1990260306.us-east-1.elb.amazonaws.com/restaurants/5/reviews,83,0,0
1777593111760,145,02 - GET /restaurants (search),200,OK,Virtual Users [200 threads] 1-11,text,true,,790,311,175,175,http://k8s-forkfind-forkfind-8e65d48af1-1990260306.us-east-1.elb.amazonaws.com/restaurants?q=pizza&limit=12&sort=rating,145,0,67
1777593111906,77,03 - POST /restaurants/5/reviews,401,Unauthorized,Virtual Users [200 threads] 1-11,text,false,"Review submission returned unexpected status (401 = bad token, 5xx = server error)",255,446,175,175,http://k8s-forkfind-forkfind-8e65d48af1-1990260306.us-east-1.elb.amazonaws.com/restaurants/5/reviews,77,0,0
1777593081978,30075,01 - POST /auth/user/login,Non HTTP response code: java.net.SocketTimeoutException,Non HTTP response message: Read timed out,Virtual Users [200 threads] 1-13,text,false,Login failed — check credentials in users.csv,2679,0,174,174,http://k8s-forkfind-forkfind-8e65d48af1-1990260306.us-east-1.elb.amazonaws.com/auth/user/login,0,0,72
1777593082131,30073,01 - POST /auth/user/login,Non HTTP response code: java.net.SocketTimeoutException,Non HTTP response message: Read timed out,Virtual Users [200 threads] 1-14,text,false,Login failed — check credentials in users.csv,2679,0,174,174,http://k8s-forkfind-forkfind-8e65d48af1-1990260306.us-east-1.elb.amazonaws.com/auth/user/login,0,0,71
1777593112055,156,02 - GET /restaurants (search),200,OK,Virtual Users [200 threads] 1-13,text,true,,790,311,174,174,http://k8s-forkfind-forkfind-8e65d48af1-1990260306.us-east-1.elb.amazonaws.com/restaurants?q=pizza&limit=12&sort=rating,155,0,81
1777593112211,93,03 - POST /restaurants/5/reviews,401,Unauthorized,Virtual Users [200 threads] 1-13,text,false,"Review submission returned unexpected status (401 = bad token, 5xx = server error)",255,446,174,174,http://k8s-forkfind-forkfind-8e65d48af1-1990260306.us-east-1.elb.amazonaws.com/restaurants/5/reviews,93,0,0
1777593112206,142,02 - GET /restaurants (search),200,OK,Virtual Users [200 threads] 1-14,text,true,,790,311,173,173,http://k8s-forkfind-forkfind-8e65d48af1-1990260306.us-east-1.elb.amazonaws.com/restaurants?q=pizza&limit=12&sort=rating,142,0,69
1777593082280,30072,01 - POST /auth/user/login,Non HTTP response code: java.net.SocketTimeoutException,Non HTTP response message: Read timed out,Virtual Users [200 threads] 1-15,text,false,Login failed — check credentials in users.csv,2679,0,173,173,http://k8s-forkfind-forkfind-8e65d48af1-1990260306.us-east-1.elb.amazonaws.com/auth/user/login,0,0,70
1777593112349,117,03 - POST /restaurants/5/reviews,401,Unauthorized,Virtual Users [200 threads] 1-14,text,false,"Review submission returned unexpected status (401 = bad token, 5xx = server error)",255,446,173,173,http://k8s-forkfind-forkfind-8e65d48af1-1990260306.us-east-1.elb.amazonaws.com/restaurants/5/reviews,117,0,0
1777593082428,30075,01 - POST /auth/user/login,Non HTTP response code: java.net.SocketTimeoutException,Non HTTP response message: Read timed out,Virtual Users [200 threads] 1-16,text,false,Login failed — check credentials in users.csv,2679,0,172,172,http://k8s-forkfind-forkfind-8e65d48af1-1990260306.us-east-1.elb.amazonaws.com/auth/user/login,0,0,73
1777593112354,182,02 - GET /restaurants (search),200,OK,Virtual Users [200 threads] 1-15,text,true,,790,311,172,172,http://k8s-forkfind-forkfind-8e65d48af1-1990260306.us-east-1.elb.amazonaws.com/restaurants?q=pizza&limit=12&sort=rating,182,0,111
1777593112537,69,03 - POST /restaurants/5/reviews,401,Unauthorized,Virtual Users [200 threads] 1-15,text,false,"Review submission returned unexpected status (401 = bad token, 5xx = server error)",255,446,172,172,http://k8s-forkfind-forkfind-8e65d48af1-1990260306.us-east-1.elb.amazonaws.com/restaurants/5/reviews,69,0,0
1777593112506,143,02 - GET /restaurants (search),200,OK,Virtual Users [200 threads] 1-16,text,true,,790,311,171,171,http://k8s-forkfind-forkfind-8e65d48af1-1990260306.us-east-1.elb.amazonaws.com/restaurants?q=pizza&limit=12&sort=rating,143,0,69
1777593082580,30074,01 - POST /auth/user/login,Non HTTP response code: java.net.SocketTimeoutException,Non HTTP response message: Read timed out,Virtual Users [200 threads] 1-17,text,false,Login failed — check credentials in users.csv,2679,0,171,171,http://k8s-forkfind-forkfind-8e65d48af1-1990260306.us-east-1.elb.amazonaws.com/auth/user/login,0,0,73
1777593112649,81,03 - POST /restaurants/5/reviews,401,Unauthorized,Virtual Users [200 threads] 1-16,text,false,"Review submission returned unexpected status (401 = bad token, 5xx = server error)",255,446,171,171,http://k8s-forkfind-forkfind-8e65d48af1-1990260306.us-east-1.elb.amazonaws.com/restaurants/5/reviews,81,0,0
1777593112655,147,02 - GET /restaurants (search),200,OK,Virtual Users [200 threads] 1-17,text,true,,790,311,170,170,http://k8s-forkfind-forkfind-8e65d48af1-1990260306.us-east-1.elb.amazonaws.com/restaurants?q=pizza&limit=12&sort=rating,146,0,75
1777593082724,30087,01 - POST /auth/user/login,Non HTTP response code: java.net.SocketTimeoutException,Non HTTP response message: Read timed out,Virtual Users [200 threads] 1-18,text,false,Login failed — check credentials in users.csv,2679,0,170,170,http://k8s-forkfind-forkfind-8e65d48af1-1990260306.us-east-1.elb.amazonaws.com/auth/user/login,0,0,86
1777593112802,97,03 - POST /restaurants/5/reviews,401,Unauthorized,Virtual Users [200 threads] 1-17,text,false,"Review submission returned unexpected status (401 = bad token, 5xx = server error)",255,446,170,170,http://k8s-forkfind-forkfind-8e65d48af1-1990260306.us-east-1.elb.amazonaws.com/restaurants/5/reviews,97,0,0
1777593082883,30080,01 - POST /auth/user/login,Non HTTP response code: java.net.SocketTimeoutException,Non HTTP response message: Read timed out,Virtual Users [200 threads] 1-19,text,false,Login failed — check credentials in users.csv,2679,0,169,169,http://k8s-forkfind-forkfind-8e65d48af1-1990260306.us-east-1.elb.amazonaws.com/auth/user/login,0,0,78
1777593112813,166,02 - GET /restaurants (search),200,OK,Virtual Users [200 threads] 1-18,text,true,,790,311,169,169,http://k8s-forkfind-forkfind-8e65d48af1-1990260306.us-east-1.elb.amazonaws.com/restaurants?q=pizza&limit=12&sort=rating,166,0,85
1777593112979,68,03 - POST /restaurants/5/reviews,401,Unauthorized,Virtual Users [200 threads] 1-18,text,false,"Review submission returned unexpected status (401 = bad token, 5xx = server error)",255,446,169,169,http://k8s-forkfind-forkfind-8e65d48af1-1990260306.us-east-1.elb.amazonaws.com/restaurants/5/reviews,68,0,0
1777593083030,30072,01 - POST /auth/user/login,Non HTTP response code: java.net.SocketTimeoutException,Non HTTP response message: Read timed out,Virtual Users [200 threads] 1-20,text,false,Login failed — check credentials in users.csv,2679,0,168,168,http://k8s-forkfind-forkfind-8e65d48af1-1990260306.us-east-1.elb.amazonaws.com/auth/user/login,0,0,71
1777593112964,147,02 - GET /restaurants (search),200,OK,Virtual Users [200 threads] 1-19,text,true,,790,311,168,168,http://k8s-forkfind-forkfind-8e65d48af1-1990260306.us-east-1.elb.amazonaws.com/restaurants?q=pizza&limit=12&sort=rating,147,0,70
1777593113111,87,03 - POST /restaurants/5/reviews,401,Unauthorized,Virtual Users [200 threads] 1-19,text,false,"Review submission returned unexpected status (401 = bad token, 5xx = server error)",255,446,168,168,http://k8s-forkfind-forkfind-8e65d48af1-1990260306.us-east-1.elb.amazonaws.com/restaurants/5/reviews,87,0,0
1777593113103,149,02 - GET /restaurants (search),200,OK,Virtual Users [200 threads] 1-20,text,true,,790,311,167,167,http://k8s-forkfind-forkfind-8e65d48af1-1990260306.us-east-1.elb.amazonaws.com/restaurants?q=pizza&limit=12&sort=rating,149,0,72
1777593083180,30103,01 - POST /auth/user/login,Non HTTP response code: java.net.SocketTimeoutException,Non HTTP response message: Read timed out,Virtual Users [200 threads] 1-21,text,false,Login failed — check credentials in users.csv,2679,0,167,167,http://k8s-forkfind-forkfind-8e65d48af1-1990260306.us-east-1.elb.amazonaws.com/auth/user/login,0,0,100
1777593113254,68,03 - POST /restaurants/5/reviews,401,Unauthorized,Virtual Users [200 threads] 1-20,text,false,"Review submission returned unexpected status (401 = bad token, 5xx = server error)",255,446,167,167,http://k8s-forkfind-forkfind-8e65d48af1-1990260306.us-east-1.elb.amazonaws.com/restaurants/5/reviews,68,0,0
1777593113285,140,02 - GET /restaurants (search),200,OK,Virtual Users [200 threads] 1-21,text,true,,790,311,166,166,http://k8s-forkfind-forkfind-8e65d48af1-1990260306.us-east-1.elb.amazonaws.com/restaurants?q=pizza&limit=12&sort=rating,140,0,66
1777593113426,68,03 - POST /restaurants/5/reviews,401,Unauthorized,Virtual Users [200 threads] 1-21,text,false,"Review submission returned unexpected status (401 = bad token, 5xx = server error)",255,446,166,166,http://k8s-forkfind-forkfind-8e65d48af1-1990260306.us-east-1.elb.amazonaws.com/restaurants/5/reviews,67,0,0
1777593083476,30073,01 - POST /auth/user/login,Non HTTP response code: java.net.SocketTimeoutException,Non HTTP response message: Read timed out,Virtual Users [200 threads] 1-23,text,false,Login failed — check credentials in users.csv,2679,0,165,165,http://k8s-forkfind-forkfind-8e65d48af1-1990260306.us-east-1.elb.amazonaws.com/auth/user/login,0,0,71
1777593113551,145,02 - GET /restaurants (search),200,OK,Virtual Users [200 threads] 1-23,text,true,,790,311,165,165,http://k8s-forkfind-forkfind-8e65d48af1-1990260306.us-east-1.elb.amazonaws.com/restaurants?q=pizza&limit=12&sort=rating,145,0,66
1777593083630,30075,01 - POST /auth/user/login,Non HTTP response code: java.net.SocketTimeoutException,Non HTTP response message: Read timed out,Virtual Users [200 threads] 1-24,text,false,Login failed — check credentials in users.csv,2679,0,165,165,http://k8s-forkfind-forkfind-8e65d48af1-1990260306.us-east-1.elb.amazonaws.com/auth/user/login,0,0,73
1777593113697,75,03 - POST /restaurants/5/reviews,401,Unauthorized,Virtual Users [200 threads] 1-23,text,false,"Review submission returned unexpected status (401 = bad token, 5xx = server error)",255,446,165,165,http://k8s-forkfind-forkfind-8e65d48af1-1990260306.us-east-1.elb.amazonaws.com/restaurants/5/reviews,75,0,0
1777593113706,147,02 - GET /restaurants (search),200,OK,Virtual Users [200 threads] 1-24,text,true,,790,311,164,164,http://k8s-forkfind-forkfind-8e65d48af1-1990260306.us-east-1.elb.amazonaws.com/restaurants?q=pizza&limit=12&sort=rating,147,0,66
1777593083780,30086,01 - POST /auth/user/login,Non HTTP response code: java.net.SocketTimeoutException,Non HTTP response message: Read timed out,Virtual Users [200 threads] 1-25,text,false,Login failed — check credentials in users.csv,2679,0,164,164,http://k8s-forkfind-forkfind-8e65d48af1-1990260306.us-east-1.elb.amazonaws.com/auth/user/login,0,0,83
1777593113854,79,03 - POST /restaurants/5/reviews,401,Unauthorized,Virtual Users [200 threads] 1-24,text,false,"Review submission returned unexpected status (401 = bad token, 5xx = server error)",255,446,164,164,http://k8s-forkfind-forkfind-8e65d48af1-1990260306.us-east-1.elb.amazonaws.com/restaurants/5/reviews,79,0,0
1777593083930,30073,01 - POST /auth/user/login,Non HTTP response code: java.net.SocketTimeoutException,Non HTTP response message: Read timed out,Virtual Users [200 threads] 1-26,text,false,Login failed — check credentials in users.csv,2679,0,163,163,http://k8s-forkfind-forkfind-8e65d48af1-1990260306.us-east-1.elb.amazonaws.com/auth/user/login,0,0,71
1777593113868,138,02 - GET /restaurants (search),200,OK,Virtual Users [200 threads] 1-25,text,true,,790,311,163,163,http://k8s-forkfind-forkfind-8e65d48af1-1990260306.us-east-1.elb.amazonaws.com/restaurants?q=pizza&limit=12&sort=rating,138,0,65
1777593114006,71,03 - POST /restaurants/5/reviews,401,Unauthorized,Virtual Users [200 threads] 1-25,text,false,"Review submission returned unexpected status (401 = bad token, 5xx = server error)",255,446,163,163,http://k8s-forkfind-forkfind-8e65d48af1-1990260306.us-east-1.elb.amazonaws.com/restaurants/5/reviews,71,0,0
1777593084078,30074,01 - POST /auth/user/login,Non HTTP response code: java.net.SocketTimeoutException,Non HTTP response message: Read timed out,Virtual Users [200 threads] 1-27,text,false,Login failed — check credentials in users.csv,2679,0,162,162,http://k8s-forkfind-forkfind-8e65d48af1-1990260306.us-east-1.elb.amazonaws.com/auth/user/login,0,0,72
1777593114004,205,02 - GET /restaurants (search),200,OK,Virtual Users [200 threads] 1-26,text,true,,790,311,162,162,http://k8s-forkfind-forkfind-8e65d48af1-1990260306.us-east-1.elb.amazonaws.com/restaurants?q=pizza&limit=12&sort=rating,205,0,72
1777593114210,76,03 - POST /restaurants/5/reviews,401,Unauthorized,Virtual Users [200 threads] 1-26,text,false,"Review submission returned unexpected status (401 = bad token, 5xx = server error)",255,446,162,162,http://k8s-forkfind-forkfind-8e65d48af1-1990260306.us-east-1.elb.amazonaws.com/restaurants/5/reviews,76,0,0
1777593084230,30078,01 - POST /auth/user/login,Non HTTP response code: java.net.SocketTimeoutException,Non HTTP response message: Read timed out,Virtual Users [200 threads] 1-28,text,false,Login failed — check credentials in users.csv,2679,0,161,161,http://k8s-forkfind-forkfind-8e65d48af1-1990260306.us-east-1.elb.amazonaws.com/auth/user/login,0,0,76
1777593114154,257,02 - GET /restaurants (search),200,OK,Virtual Users [200 threads] 1-27,text,true,,790,311,161,161,http://k8s-forkfind-forkfind-8e65d48af1-1990260306.us-east-1.elb.amazonaws.com/restaurants?q=pizza&limit=12&sort=rating,257,0,85
1777593084379,30077,01 - POST /auth/user/login,Non HTTP response code: java.net.SocketTimeoutException,Non HTTP response message: Read timed out,Virtual Users [200 threads] 1-29,text,false,Login failed — check credentials in users.csv,2679,0,161,161,http://k8s-forkfind-forkfind-8e65d48af1-1990260306.us-east-1.elb.amazonaws.com/auth/user/login,0,0,75
1777593114412,68,03 - POST /restaurants/5/reviews,401,Unauthorized,Virtual Users [200 threads] 1-27,text,false,"Review submission returned unexpected status (401 = bad token, 5xx = server error)",255,446,161,161,http://k8s-forkfind-forkfind-8e65d48af1-1990260306.us-east-1.elb.amazonaws.com/restaurants/5/reviews,68,0,0
1777593114310,203,02 - GET /restaurants (search),200,OK,Virtual Users [200 threads] 1-28,text,true,,790,311,160,160,http://k8s-forkfind-forkfind-8e65d48af1-1990260306.us-east-1.elb.amazonaws.com/restaurants?q=pizza&limit=12&sort=rating,202,0,65
1777593114513,72,03 - POST /restaurants/5/reviews,401,Unauthorized,Virtual Users [200 threads] 1-28,text,false,"Review submission returned unexpected status (401 = bad token, 5xx = server error)",255,446,160,160,http://k8s-forkfind-forkfind-8e65d48af1-1990260306.us-east-1.elb.amazonaws.com/restaurants/5/reviews,72,0,0
1777593114458,156,02 - GET /restaurants (search),200,OK,Virtual Users [200 threads] 1-29,text,true,,790,311,159,159,http://k8s-forkfind-forkfind-8e65d48af1-1990260306.us-east-1.elb.amazonaws.com/restaurants?q=pizza&limit=12&sort=rating,156,0,73
1777593114616,92,03 - POST /restaurants/5/reviews,401,Unauthorized,Virtual Users [200 threads] 1-29,text,false,"Review submission returned unexpected status (401 = bad token, 5xx = server error)",255,446,159,159,http://k8s-forkfind-forkfind-8e65d48af1-1990260306.us-east-1.elb.amazonaws.com/restaurants/5/reviews,92,0,0
1777593084674,30075,01 - POST /auth/user/login,Non HTTP response code: java.net.SocketTimeoutException,Non HTTP response message: Read timed out,Virtual Users [200 threads] 1-31,text,false,Login failed — check credentials in users.csv,2679,0,158,158,http://k8s-forkfind-forkfind-8e65d48af1-1990260306.us-east-1.elb.amazonaws.com/auth/user/login,0,0,73
1777593084825,30074,01 - POST /auth/user/login,Non HTTP response code: java.net.SocketTimeoutException,Non HTTP response message: Read timed out,Virtual Users [200 threads] 1-32,text,false,Login failed — check credentials in users.csv,2679,0,158,158,http://k8s-forkfind-forkfind-8e65d48af1-1990260306.us-east-1.elb.amazonaws.com/auth/user/login,0,0,72
1777593114751,162,02 - GET /restaurants (search),200,OK,Virtual Users [200 threads] 1-31,text,true,,790,311,158,158,http://k8s-forkfind-forkfind-8e65d48af1-1990260306.us-east-1.elb.amazonaws.com/restaurants?q=pizza&limit=12&sort=rating,161,0,67
1777593114913,72,03 - POST /restaurants/5/reviews,401,Unauthorized,Virtual Users [200 threads] 1-31,text,false,"Review submission returned unexpected status (401 = bad token, 5xx = server error)",255,446,158,158,http://k8s-forkfind-forkfind-8e65d48af1-1990260306.us-east-1.elb.amazonaws.com/restaurants/5/reviews,72,0,0
1777593084979,30075,01 - POST /auth/user/login,Non HTTP response code: java.net.SocketTimeoutException,Non HTTP response message: Read timed out,Virtual Users [200 threads] 1-33,text,false,Login failed — check credentials in users.csv,2679,0,157,157,http://k8s-forkfind-forkfind-8e65d48af1-1990260306.us-east-1.elb.amazonaws.com/auth/user/login,0,0,73
1777593114901,193,02 - GET /restaurants (search),200,OK,Virtual Users [200 threads] 1-32,text,true,,790,311,157,157,http://k8s-forkfind-forkfind-8e65d48af1-1990260306.us-east-1.elb.amazonaws.com/restaurants?q=pizza&limit=12&sort=rating,193,0,68
1777593115095,75,03 - POST /restaurants/5/reviews,401,Unauthorized,Virtual Users [200 threads] 1-32,text,false,"Review submission returned unexpected status (401 = bad token, 5xx = server error)",255,446,157,157,http://k8s-forkfind-forkfind-8e65d48af1-1990260306.us-east-1.elb.amazonaws.com/restaurants/5/reviews,75,0,0
1777593115055,145,02 - GET /restaurants (search),200,OK,Virtual Users [200 threads] 1-33,text,true,,790,311,156,156,http://k8s-forkfind-forkfind-8e65d48af1-1990260306.us-east-1.elb.amazonaws.com/restaurants?q=pizza&limit=12&sort=rating,145,0,68
1777593085127,30075,01 - POST /auth/user/login,Non HTTP response code: java.net.SocketTimeoutException,Non HTTP response message: Read timed out,Virtual Users [200 threads] 1-34,text,false,Login failed — check credentials in users.csv,2679,0,156,156,http://k8s-forkfind-forkfind-8e65d48af1-1990260306.us-east-1.elb.amazonaws.com/auth/user/login,0,0,73
1777593115201,71,03 - POST /restaurants/5/reviews,401,Unauthorized,Virtual Users [200 threads] 1-33,text,false,"Review submission returned unexpected status (401 = bad token, 5xx = server error)",255,446,156,156,http://k8s-forkfind-forkfind-8e65d48af1-1990260306.us-east-1.elb.amazonaws.com/restaurants/5/reviews,71,0,0
1777593085279,30075,01 - POST /auth/user/login,Non HTTP response code: java.net.SocketTimeoutException,Non HTTP response message: Read timed out,Virtual Users [200 threads] 1-35,text,false,Login failed — check credentials in users.csv,2679,0,155,155,http://k8s-forkfind-forkfind-8e65d48af1-1990260306.us-east-1.elb.amazonaws.com/auth/user/login,0,0,73
1777593115203,227,02 - GET /restaurants (search),200,OK,Virtual Users [200 threads] 1-34,text,true,,790,311,155,155,http://k8s-forkfind-forkfind-8e65d48af1-1990260306.us-east-1.elb.amazonaws.com/restaurants?q=pizza&limit=12&sort=rating,227,0,68
1777593085425,30074,01 - POST /auth/user/login,Non HTTP response code: java.net.SocketTimeoutException,Non HTTP response message: Read timed out,Virtual Users [200 threads] 1-36,text,false,Login failed — check credentials in users.csv,2679,0,155,155,http://k8s-forkfind-forkfind-8e65d48af1-1990260306.us-east-1.elb.amazonaws.com/auth/user/login,0,0,72
1777593115355,181,02 - GET /restaurants (search),200,OK,Virtual Users [200 threads] 1-35,text,true,,790,311,155,155,http://k8s-forkfind-forkfind-8e65d48af1-1990260306.us-east-1.elb.amazonaws.com/restaurants?q=pizza&limit=12&sort=rating,181,0,77
1777593115431,105,03 - POST /restaurants/5/reviews,401,Unauthorized,Virtual Users [200 threads] 1-34,text,false,"Review submission returned unexpected status (401 = bad token, 5xx = server error)",255,446,155,155,http://k8s-forkfind-forkfind-8e65d48af1-1990260306.us-east-1.elb.amazonaws.com/restaurants/5/reviews,105,0,0
1777593085579,30077,01 - POST /auth/user/login,Non HTTP response code: java.net.SocketTimeoutException,Non HTTP response message: Read timed out,Virtual Users [200 threads] 1-37,text,false,Login failed — check credentials in users.csv,2679,0,154,154,http://k8s-forkfind-forkfind-8e65d48af1-1990260306.us-east-1.elb.amazonaws.com/auth/user/login,0,0,75
1777593115500,169,02 - GET /restaurants (search),200,OK,Virtual Users [200 threads] 1-36,text,true,,790,311,154,154,http://k8s-forkfind-forkfind-8e65d48af1-1990260306.us-east-1.elb.amazonaws.com/restaurants?q=pizza&limit=12&sort=rating,169,0,71
1777593115537,132,03 - POST /restaurants/5/reviews,401,Unauthorized,Virtual Users [200 threads] 1-35,text,false,"Review submission returned unexpected status (401 = bad token, 5xx = server error)",255,446,154,154,http://k8s-forkfind-forkfind-8e65d48af1-1990260306.us-east-1.elb.amazonaws.com/restaurants/5/reviews,132,0,0
1777593115670,73,03 - POST /restaurants/5/reviews,401,Unauthorized,Virtual Users [200 threads] 1-36,text,false,"Review submission returned unexpected status (401 = bad token, 5xx = server error)",255,446,153,153,http://k8s-forkfind-forkfind-8e65d48af1-1990260306.us-east-1.elb.amazonaws.com/restaurants/5/reviews,73,0,0
1777593085727,30076,01 - POST /auth/user/login,Non HTTP response code: java.net.SocketTimeoutException,Non HTTP response message: Read timed out,Virtual Users [200 threads] 1-38,text,false,Login failed — check credentials in users.csv,2679,0,152,152,http://k8s-forkfind-forkfind-8e65d48af1-1990260306.us-east-1.elb.amazonaws.com/auth/user/login,0,0,74
1777593115658,175,02 - GET /restaurants (search),200,OK,Virtual Users [200 threads] 1-37,text,true,,790,311,152,152,http://k8s-forkfind-forkfind-8e65d48af1-1990260306.us-east-1.elb.amazonaws.com/restaurants?q=pizza&limit=12&sort=rating,174,0,85
1777593115833,76,03 - POST /restaurants/5/reviews,401,Unauthorized,Virtual Users [200 threads] 1-37,text,false,"Review submission returned unexpected status (401 = bad token, 5xx = server error)",255,446,152,152,http://k8s-forkfind-forkfind-8e65d48af1-1990260306.us-east-1.elb.amazonaws.com/restaurants/5/reviews,76,0,0
1777593115804,148,02 - GET /restaurants (search),200,OK,Virtual Users [200 threads] 1-38,text,true,,790,311,151,151,http://k8s-forkfind-forkfind-8e65d48af1-1990260306.us-east-1.elb.amazonaws.com/restaurants?q=pizza&limit=12&sort=rating,148,0,73
1777593085873,30085,01 - POST /auth/user/login,Non HTTP response code: java.net.SocketTimeoutException,Non HTTP response message: Read timed out,Virtual Users [200 threads] 1-39,text,false,Login failed — check credentials in users.csv,2679,0,151,151,http://k8s-forkfind-forkfind-8e65d48af1-1990260306.us-east-1.elb.amazonaws.com/auth/user/login,0,0,83
1777593115953,71,03 - POST /restaurants/5/reviews,401,Unauthorized,Virtual Users [200 threads] 1-38,text,false,"Review submission returned unexpected status (401 = bad token, 5xx = server error)",255,446,151,151,http://k8s-forkfind-forkfind-8e65d48af1-1990260306.us-east-1.elb.amazonaws.com/restaurants/5/reviews,71,0,0
1777593086024,30074,01 - POST /auth/user/login,Non HTTP response code: java.net.SocketTimeoutException,Non HTTP response message: Read timed out,Virtual Users [200 threads] 1-40,text,false,Login failed — check credentials in users.csv,2679,0,150,150,http://k8s-forkfind-forkfind-8e65d48af1-1990260306.us-east-1.elb.amazonaws.com/auth/user/login,0,0,72
1777593115959,238,02 - GET /restaurants (search),200,OK,Virtual Users [200 threads] 1-39,text,true,,790,311,150,150,http://k8s-forkfind-forkfind-8e65d48af1-1990260306.us-east-1.elb.amazonaws.com/restaurants?q=pizza&limit=12&sort=rating,238,0,89
1777593086174,30074,01 - POST /auth/user/login,Non HTTP response code: java.net.SocketTimeoutException,Non HTTP response message: Read timed out,Virtual Users [200 threads] 1-41,text,false,Login failed — check credentials in users.csv,2679,0,150,150,http://k8s-forkfind-forkfind-8e65d48af1-1990260306.us-east-1.elb.amazonaws.com/auth/user/login,0,0,71
1777593116198,87,03 - POST /restaurants/5/reviews,401,Unauthorized,Virtual Users [200 threads] 1-39,text,false,"Review submission returned unexpected status (401 = bad token, 5xx = server error)",255,446,150,150,http://k8s-forkfind-forkfind-8e65d48af1-1990260306.us-east-1.elb.amazonaws.com/restaurants/5/reviews,87,0,0
1777593116100,186,02 - GET /restaurants (search),200,OK,Virtual Users [200 threads] 1-40,text,true,,790,311,150,150,http://k8s-forkfind-forkfind-8e65d48af1-1990260306.us-east-1.elb.amazonaws.com/restaurants?q=pizza&limit=12&sort=rating,186,0,96
1777593116286,75,03 - POST /restaurants/5/reviews,401,Unauthorized,Virtual Users [200 threads] 1-40,text,false,"Review submission returned unexpected status (401 = bad token, 5xx = server error)",255,446,149,149,http://k8s-forkfind-forkfind-8e65d48af1-1990260306.us-east-1.elb.amazonaws.com/restaurants/5/reviews,75,0,0
1777593116249,144,02 - GET /restaurants (search),200,OK,Virtual Users [200 threads] 1-41,text,true,,790,311,148,148,http://k8s-forkfind-forkfind-8e65d48af1-1990260306.us-east-1.elb.amazonaws.com/restaurants?q=pizza&limit=12&sort=rating,144,0,67
1777593086328,30077,01 - POST /auth/user/login,Non HTTP response code: java.net.SocketTimeoutException,Non HTTP response message: Read timed out,Virtual Users [200 threads] 1-42,text,false,Login failed — check credentials in users.csv,2679,0,148,148,http://k8s-forkfind-forkfind-8e65d48af1-1990260306.us-east-1.elb.amazonaws.com/auth/user/login,0,0,75
1777593116394,69,03 - POST /restaurants/5/reviews,401,Unauthorized,Virtual Users [200 threads] 1-41,text,false,"Review submission returned unexpected status (401 = bad token, 5xx = server error)",255,446,148,148,http://k8s-forkfind-forkfind-8e65d48af1-1990260306.us-east-1.elb.amazonaws.com/restaurants/5/reviews,69,0,0
1777593116406,136,02 - GET /restaurants (search),200,OK,Virtual Users [200 threads] 1-42,text,true,,790,311,147,147,http://k8s-forkfind-forkfind-8e65d48af1-1990260306.us-east-1.elb.amazonaws.com/restaurants?q=pizza&limit=12&sort=rating,136,0,64
1777593086479,30075,01 - POST /auth/user/login,Non HTTP response code: java.net.SocketTimeoutException,Non HTTP response message: Read timed out,Virtual Users [200 threads] 1-43,text,false,Login failed — check credentials in users.csv,2679,0,147,147,http://k8s-forkfind-forkfind-8e65d48af1-1990260306.us-east-1.elb.amazonaws.com/auth/user/login,0,0,73
1777593116543,107,03 - POST /restaurants/5/reviews,401,Unauthorized,Virtual Users [200 threads] 1-42,text,false,"Review submission returned unexpected status (401 = bad token, 5xx = server error)",255,446,147,147,http://k8s-forkfind-forkfind-8e65d48af1-1990260306.us-east-1.elb.amazonaws.com/restaurants/5/reviews,107,0,0
1777593086628,30074,01 - POST /auth/user/login,Non HTTP response code: java.net.SocketTimeoutException,Non HTTP response message: Read timed out,Virtual Users [200 threads] 1-44,text,false,Login failed — check credentials in users.csv,2679,0,146,146,http://k8s-forkfind-forkfind-8e65d48af1-1990260306.us-east-1.elb.amazonaws.com/auth/user/login,0,0,72
1777593116555,166,02 - GET /restaurants (search),200,OK,Virtual Users [200 threads] 1-43,text,true,,790,311,146,146,http://k8s-forkfind-forkfind-8e65d48af1-1990260306.us-east-1.elb.amazonaws.com/restaurants?q=pizza&limit=12&sort=rating,165,0,94
1777593116722,72,03 - POST /restaurants/5/reviews,401,Unauthorized,Virtual Users [200 threads] 1-43,text,false,"Review submission returned unexpected status (401 = bad token, 5xx = server error)",255,446,146,146,http://k8s-forkfind-forkfind-8e65d48af1-1990260306.us-east-1.elb.amazonaws.com/restaurants/5/reviews,72,0,0
1777593116704,147,02 - GET /restaurants (search),200,OK,Virtual Users [200 threads] 1-44,text,true,,790,311,145,145,http://k8s-forkfind-forkfind-8e65d48af1-1990260306.us-east-1.elb.amazonaws.com/restaurants?q=pizza&limit=12&sort=rating,147,0,68
1777593086774,30077,01 - POST /auth/user/login,Non HTTP response code: java.net.SocketTimeoutException,Non HTTP response message: Read timed out,Virtual Users [200 threads] 1-45,text,false,Login failed — check credentials in users.csv,2679,0,145,145,http://k8s-forkfind-forkfind-8e65d48af1-1990260306.us-east-1.elb.amazonaws.com/auth/user/login,0,0,74
1777593116852,77,03 - POST /restaurants/5/reviews,401,Unauthorized,Virtual Users [200 threads] 1-44,text,false,"Review submission returned unexpected status (401 = bad token, 5xx = server error)",255,446,145,145,http://k8s-forkfind-forkfind-8e65d48af1-1990260306.us-east-1.elb.amazonaws.com/restaurants/5/reviews,77,0,0
1777593086926,30074,01 - POST /auth/user/login,Non HTTP response code: java.net.SocketTimeoutException,Non HTTP response message: Read timed out,Virtual Users [200 threads] 1-46,text,false,Login failed — check credentials in users.csv,2679,0,144,144,http://k8s-forkfind-forkfind-8e65d48af1-1990260306.us-east-1.elb.amazonaws.com/auth/user/login,0,0,71
1777593116852,224,02 - GET /restaurants (search),200,OK,Virtual Users [200 threads] 1-45,text,true,,790,311,144,144,http://k8s-forkfind-forkfind-8e65d48af1-1990260306.us-east-1.elb.amazonaws.com/restaurants?q=pizza&limit=12&sort=rating,224,0,76
1777593117003,147,02 - GET /restaurants (search),200,OK,Virtual Users [200 threads] 1-46,text,true,,790,311,144,144,http://k8s-forkfind-forkfind-8e65d48af1-1990260306.us-east-1.elb.amazonaws.com/restaurants?q=pizza&limit=12&sort=rating,147,0,73
1777593117077,73,03 - POST /restaurants/5/reviews,401,Unauthorized,Virtual Users [200 threads] 1-45,text,false,"Review submission returned unexpected status (401 = bad token, 5xx = server error)",255,446,144,144,http://k8s-forkfind-forkfind-8e65d48af1-1990260306.us-east-1.elb.amazonaws.com/restaurants/5/reviews,73,0,0
1777593087077,30075,01 - POST /auth/user/login,Non HTTP response code: java.net.SocketTimeoutException,Non HTTP response message: Read timed out,Virtual Users [200 threads] 1-47,text,false,Login failed — check credentials in users.csv,2679,0,143,143,http://k8s-forkfind-forkfind-8e65d48af1-1990260306.us-east-1.elb.amazonaws.com/auth/user/login,0,0,73
1777593117151,71,03 - POST /restaurants/5/reviews,401,Unauthorized,Virtual Users [200 threads] 1-46,text,false,"Review submission returned unexpected status (401 = bad token, 5xx = server error)",255,446,143,143,http://k8s-forkfind-forkfind-8e65d48af1-1990260306.us-east-1.elb.amazonaws.com/restaurants/5/reviews,71,0,0
1777593117154,139,02 - GET /restaurants (search),200,OK,Virtual Users [200 threads] 1-47,text,true,,790,311,142,142,http://k8s-forkfind-forkfind-8e65d48af1-1990260306.us-east-1.elb.amazonaws.com/restaurants?q=pizza&limit=12&sort=rating,139,0,67
1777593087219,30083,01 - POST /auth/user/login,Non HTTP response code: java.net.SocketTimeoutException,Non HTTP response message: Read timed out,Virtual Users [200 threads] 1-48,text,false,Login failed — check credentials in users.csv,2679,0,142,142,http://k8s-forkfind-forkfind-8e65d48af1-1990260306.us-east-1.elb.amazonaws.com/auth/user/login,0,0,81
1777593117294,71,03 - POST /restaurants/5/reviews,401,Unauthorized,Virtual Users [200 threads] 1-47,text,false,"Review submission returned unexpected status (401 = bad token, 5xx = server error)",255,446,142,142,http://k8s-forkfind-forkfind-8e65d48af1-1990260306.us-east-1.elb.amazonaws.com/restaurants/5/reviews,71,0,0
1777593117304,164,02 - GET /restaurants (search),200,OK,Virtual Users [200 threads] 1-48,text,true,,790,311,141,141,http://k8s-forkfind-forkfind-8e65d48af1-1990260306.us-east-1.elb.amazonaws.com/restaurants?q=pizza&limit=12&sort=rating,164,0,68
1777593087376,30171,01 - POST /auth/user/login,Non HTTP response code: java.net.SocketTimeoutException,Non HTTP response message: Read timed out,Virtual Users [200 threads] 1-49,text,false,Login failed — check credentials in users.csv,2679,0,141,141,http://k8s-forkfind-forkfind-8e65d48af1-1990260306.us-east-1.elb.amazonaws.com/auth/user/login,0,0,169
1777593117469,81,03 - POST /restaurants/5/reviews,401,Unauthorized,Virtual Users [200 threads] 1-48,text,false,"Review submission returned unexpected status (401 = bad token, 5xx = server error)",255,446,141,141,http://k8s-forkfind-forkfind-8e65d48af1-1990260306.us-east-1.elb.amazonaws.com/restaurants/5/reviews,81,0,0
1777593087525,30079,01 - POST /auth/user/login,Non HTTP response code: java.net.SocketTimeoutException,Non HTTP response message: Read timed out,Virtual Users [200 threads] 1-50,text,false,Login failed — check credentials in users.csv,2679,0,140,140,http://k8s-forkfind-forkfind-8e65d48af1-1990260306.us-east-1.elb.amazonaws.com/auth/user/login,0,0,77
1777593117549,157,02 - GET /restaurants (search),200,OK,Virtual Users [200 threads] 1-49,text,true,,790,311,140,140,http://k8s-forkfind-forkfind-8e65d48af1-1990260306.us-east-1.elb.amazonaws.com/restaurants?q=pizza&limit=12&sort=rating,157,0,68
1777593117605,139,02 - GET /restaurants (search),200,OK,Virtual Users [200 threads] 1-50,text,true,,790,311,140,140,http://k8s-forkfind-forkfind-8e65d48af1-1990260306.us-east-1.elb.amazonaws.com/restaurants?q=pizza&limit=12&sort=rating,139,0,65
1777593087676,30075,01 - POST /auth/user/login,Non HTTP response code: java.net.SocketTimeoutException,Non HTTP response message: Read timed out,Virtual Users [200 threads] 1-51,text,false,Login failed — check credentials in users.csv,2679,0,140,140,http://k8s-forkfind-forkfind-8e65d48af1-1990260306.us-east-1.elb.amazonaws.com/auth/user/login,0,0,74
1777593117707,67,03 - POST /restaurants/5/reviews,401,Unauthorized,Virtual Users [200 threads] 1-49,text,false,"Review submission returned unexpected status (401 = bad token, 5xx = server error)",255,446,140,140,http://k8s-forkfind-forkfind-8e65d48af1-1990260306.us-east-1.elb.amazonaws.com/restaurants/5/reviews,67,0,0
1777593117745,69,03 - POST /restaurants/5/reviews,401,Unauthorized,Virtual Users [200 threads] 1-50,text,false,"Review submission returned unexpected status (401 = bad token, 5xx = server error)",255,446,139,139,http://k8s-forkfind-forkfind-8e65d48af1-1990260306.us-east-1.elb.amazonaws.com/restaurants/5/reviews,68,0,0
1777593117753,143,02 - GET /restaurants (search),200,OK,Virtual Users [200 threads] 1-51,text,true,,790,311,138,138,http://k8s-forkfind-forkfind-8e65d48af1-1990260306.us-east-1.elb.amazonaws.com/restaurants?q=pizza&limit=12&sort=rating,143,0,65
1777593087827,30075,01 - POST /auth/user/login,Non HTTP response code: java.net.SocketTimeoutException,Non HTTP response message: Read timed out,Virtual Users [200 threads] 1-52,text,false,Login failed — check credentials in users.csv,2679,0,138,138,http://k8s-forkfind-forkfind-8e65d48af1-1990260306.us-east-1.elb.amazonaws.com/auth/user/login,0,0,73
1777593117896,69,03 - POST /restaurants/5/reviews,401,Unauthorized,Virtual Users [200 threads] 1-51,text,false,"Review submission returned unexpected status (401 = bad token, 5xx = server error)",255,446,138,138,http://k8s-forkfind-forkfind-8e65d48af1-1990260306.us-east-1.elb.amazonaws.com/restaurants/5/reviews,69,0,0
1777593087973,30075,01 - POST /auth/user/login,Non HTTP response code: java.net.SocketTimeoutException,Non HTTP response message: Read timed out,Virtual Users [200 threads] 1-53,text,false,Login failed — check credentials in users.csv,2679,0,137,137,http://k8s-forkfind-forkfind-8e65d48af1-1990260306.us-east-1.elb.amazonaws.com/auth/user/login,0,0,72
1777593117903,146,02 - GET /restaurants (search),200,OK,Virtual Users [200 threads] 1-52,text,true,,790,311,137,137,http://k8s-forkfind-forkfind-8e65d48af1-1990260306.us-east-1.elb.amazonaws.com/restaurants?q=pizza&limit=12&sort=rating,146,0,71
1777593118050,68,03 - POST /restaurants/5/reviews,401,Unauthorized,Virtual Users [200 threads] 1-52,text,false,"Review submission returned unexpected status (401 = bad token, 5xx = server error)",255,446,137,137,http://k8s-forkfind-forkfind-8e65d48af1-1990260306.us-east-1.elb.amazonaws.com/restaurants/5/reviews,68,0,0
1777593118050,148,02 - GET /restaurants (search),200,OK,Virtual Users [200 threads] 1-53,text,true,,790,311,136,136,http://k8s-forkfind-forkfind-8e65d48af1-1990260306.us-east-1.elb.amazonaws.com/restaurants?q=pizza&limit=12&sort=rating,148,0,68
1777593088125,30082,01 - POST /auth/user/login,Non HTTP response code: java.net.SocketTimeoutException,Non HTTP response message: Read timed out,Virtual Users [200 threads] 1-54,text,false,Login failed — check credentials in users.csv,2679,0,136,136,http://k8s-forkfind-forkfind-8e65d48af1-1990260306.us-east-1.elb.amazonaws.com/auth/user/login,0,0,80
1777593118199,79,03 - POST /restaurants/5/reviews,401,Unauthorized,Virtual Users [200 threads] 1-53,text,false,"Review submission returned unexpected status (401 = bad token, 5xx = server error)",255,446,136,136,http://k8s-forkfind-forkfind-8e65d48af1-1990260306.us-east-1.elb.amazonaws.com/restaurants/5/reviews,78,0,0
1777593118208,141,02 - GET /restaurants (search),200,OK,Virtual Users [200 threads] 1-54,text,true,,790,311,135,135,http://k8s-forkfind-forkfind-8e65d48af1-1990260306.us-east-1.elb.amazonaws.com/restaurants?q=pizza&limit=12&sort=rating,141,0,69
1777593088277,30075,01 - POST /auth/user/login,Non HTTP response code: java.net.SocketTimeoutException,Non HTTP response message: Read timed out,Virtual Users [200 threads] 1-55,text,false,Login failed — check credentials in users.csv,2679,0,135,135,http://k8s-forkfind-forkfind-8e65d48af1-1990260306.us-east-1.elb.amazonaws.com/auth/user/login,0,0,73
1777593118350,67,03 - POST /restaurants/5/reviews,401,Unauthorized,Virtual Users [200 threads] 1-54,text,false,"Review submission returned unexpected status (401 = bad token, 5xx = server error)",255,446,135,135,http://k8s-forkfind-forkfind-8e65d48af1-1990260306.us-east-1.elb.amazonaws.com/restaurants/5/reviews,67,0,0
1777593088421,30078,01 - POST /auth/user/login,Non HTTP response code: java.net.SocketTimeoutException,Non HTTP response message: Read timed out,Virtual Users [200 threads] 1-56,text,false,Login failed — check credentials in users.csv,2679,0,134,134,http://k8s-forkfind-forkfind-8e65d48af1-1990260306.us-east-1.elb.amazonaws.com/auth/user/login,0,0,76
1777593118353,150,02 - GET /restaurants (search),200,OK,Virtual Users [200 threads] 1-55,text,true,,790,311,134,134,http://k8s-forkfind-forkfind-8e65d48af1-1990260306.us-east-1.elb.amazonaws.com/restaurants?q=pizza&limit=12&sort=rating,150,0,68
1777593118504,66,03 - POST /restaurants/5/reviews,401,Unauthorized,Virtual Users [200 threads] 1-55,text,false,"Review submission returned unexpected status (401 = bad token, 5xx = server error)",255,446,134,134,http://k8s-forkfind-forkfind-8e65d48af1-1990260306.us-east-1.elb.amazonaws.com/restaurants/5/reviews,66,0,0
1777593118501,139,02 - GET /restaurants (search),200,OK,Virtual Users [200 threads] 1-56,text,true,,790,311,133,133,http://k8s-forkfind-forkfind-8e65d48af1-1990260306.us-east-1.elb.amazonaws.com/restaurants?q=pizza&limit=12&sort=rating,139,0,69
1777593088572,30088,01 - POST /auth/user/login,Non HTTP response code: java.net.SocketTimeoutException,Non HTTP response message: Read timed out,Virtual Users [200 threads] 1-57,text,false,Login failed — check credentials in users.csv,2679,0,133,133,http://k8s-forkfind-forkfind-8e65d48af1-1990260306.us-east-1.elb.amazonaws.com/auth/user/login,0,0,86
1777593118640,67,03 - POST /restaurants/5/reviews,401,Unauthorized,Virtual Users [200 threads] 1-56,text,false,"Review submission returned unexpected status (401 = bad token, 5xx = server error)",255,446,133,133,http://k8s-forkfind-forkfind-8e65d48af1-1990260306.us-east-1.elb.amazonaws.com/restaurants/5/reviews,67,0,0
1777593118662,138,02 - GET /restaurants (search),200,OK,Virtual Users [200 threads] 1-57,text,true,,790,311,132,132,http://k8s-forkfind-forkfind-8e65d48af1-1990260306.us-east-1.elb.amazonaws.com/restaurants?q=pizza&limit=12&sort=rating,138,0,68
1777593088726,30074,01 - POST /auth/user/login,Non HTTP response code: java.net.SocketTimeoutException,Non HTTP response message: Read timed out,Virtual Users [200 threads] 1-58,text,false,Login failed — check credentials in users.csv,2679,0,132,132,http://k8s-forkfind-forkfind-8e65d48af1-1990260306.us-east-1.elb.amazonaws.com/auth/user/login,0,0,72
1777593118800,70,03 - POST /restaurants/5/reviews,401,Unauthorized,Virtual Users [200 threads] 1-57,text,false,"Review submission returned unexpected status (401 = bad token, 5xx = server error)",255,446,132,132,http://k8s-forkfind-forkfind-8e65d48af1-1990260306.us-east-1.elb.amazonaws.com/restaurants/5/reviews,70,0,0
1777593118801,134,02 - GET /restaurants (search),200,OK,Virtual Users [200 threads] 1-58,text,true,,790,311,131,131,http://k8s-forkfind-forkfind-8e65d48af1-1990260306.us-east-1.elb.amazonaws.com/restaurants?q=pizza&limit=12&sort=rating,134,0,64
1777593088875,30097,01 - POST /auth/user/login,Non HTTP response code: java.net.SocketTimeoutException,Non HTTP response message: Read timed out,Virtual Users [200 threads] 1-59,text,false,Login failed — check credentials in users.csv,2679,0,131,131,http://k8s-forkfind-forkfind-8e65d48af1-1990260306.us-east-1.elb.amazonaws.com/auth/user/login,0,0,95
1777593118937,67,03 - POST /restaurants/5/reviews,401,Unauthorized,Virtual Users [200 threads] 1-58,text,false,"Review submission returned unexpected status (401 = bad token, 5xx = server error)",255,446,131,131,http://k8s-forkfind-forkfind-8e65d48af1-1990260306.us-east-1.elb.amazonaws.com/restaurants/5/reviews,67,0,0
1777593089025,30078,01 - POST /auth/user/login,Non HTTP response code: java.net.SocketTimeoutException,Non HTTP response message: Read timed out,Virtual Users [200 threads] 1-60,text,false,Login failed — check credentials in users.csv,2679,0,130,130,http://k8s-forkfind-forkfind-8e65d48af1-1990260306.us-east-1.elb.amazonaws.com/auth/user/login,0,0,75
1777593118974,136,02 - GET /restaurants (search),200,OK,Virtual Users [200 threads] 1-59,text,true,,790,311,130,130,http://k8s-forkfind-forkfind-8e65d48af1-1990260306.us-east-1.elb.amazonaws.com/restaurants?q=pizza&limit=12&sort=rating,136,0,65
1777593119111,71,03 - POST /restaurants/5/reviews,401,Unauthorized,Virtual Users [200 threads] 1-59,text,false,"Review submission returned unexpected status (401 = bad token, 5xx = server error)",255,446,130,130,http://k8s-forkfind-forkfind-8e65d48af1-1990260306.us-east-1.elb.amazonaws.com/restaurants/5/reviews,71,0,0
1777593119104,141,02 - GET /restaurants (search),200,OK,Virtual Users [200 threads] 1-60,text,true,,790,311,129,129,http://k8s-forkfind-forkfind-8e65d48af1-1990260306.us-east-1.elb.amazonaws.com/restaurants?q=pizza&limit=12&sort=rating,141,0,66
1777593089176,30075,01 - POST /auth/user/login,Non HTTP response code: java.net.SocketTimeoutException,Non HTTP response message: Read timed out,Virtual Users [200 threads] 1-61,text,false,Login failed — check credentials in users.csv,2679,0,129,129,http://k8s-forkfind-forkfind-8e65d48af1-1990260306.us-east-1.elb.amazonaws.com/auth/user/login,0,0,73
1777593119246,67,03 - POST /restaurants/5/reviews,401,Unauthorized,Virtual Users [200 threads] 1-60,text,false,"Review submission returned unexpected status (401 = bad token, 5xx = server error)",255,446,129,129,http://k8s-forkfind-forkfind-8e65d48af1-1990260306.us-east-1.elb.amazonaws.com/restaurants/5/reviews,67,0,0
1777593089318,30074,01 - POST /auth/user/login,Non HTTP response code: java.net.SocketTimeoutException,Non HTTP response message: Read timed out,Virtual Users [200 threads] 1-62,text,false,Login failed — check credentials in users.csv,2679,0,128,128,http://k8s-forkfind-forkfind-8e65d48af1-1990260306.us-east-1.elb.amazonaws.com/auth/user/login,0,0,72
1777593119253,153,02 - GET /restaurants (search),200,OK,Virtual Users [200 threads] 1-61,text,true,,790,311,128,128,http://k8s-forkfind-forkfind-8e65d48af1-1990260306.us-east-1.elb.amazonaws.com/restaurants?q=pizza&limit=12&sort=rating,153,0,68
1777593119407,71,03 - POST /restaurants/5/reviews,401,Unauthorized,Virtual Users [200 threads] 1-61,text,false,"Review submission returned unexpected status (401 = bad token, 5xx = server error)",255,446,128,128,http://k8s-forkfind-forkfind-8e65d48af1-1990260306.us-east-1.elb.amazonaws.com/restaurants/5/reviews,71,0,0
1777593119393,145,02 - GET /restaurants (search),200,OK,Virtual Users [200 threads] 1-62,text,true,,790,311,127,127,http://k8s-forkfind-forkfind-8e65d48af1-1990260306.us-east-1.elb.amazonaws.com/restaurants?q=pizza&limit=12&sort=rating,145,0,67
1777593089469,30076,01 - POST /auth/user/login,Non HTTP response code: java.net.SocketTimeoutException,Non HTTP response message: Read timed out,Virtual Users [200 threads] 1-63,text,false,Login failed — check credentials in users.csv,2679,0,127,127,http://k8s-forkfind-forkfind-8e65d48af1-1990260306.us-east-1.elb.amazonaws.com/auth/user/login,0,0,74
1777593119539,69,03 - POST /restaurants/5/reviews,401,Unauthorized,Virtual Users [200 threads] 1-62,text,false,"Review submission returned unexpected status (401 = bad token, 5xx = server error)",255,446,127,127,http://k8s-forkfind-forkfind-8e65d48af1-1990260306.us-east-1.elb.amazonaws.com/restaurants/5/reviews,69,0,0
1777593119547,150,02 - GET /restaurants (search),200,OK,Virtual Users [200 threads] 1-63,text,true,,790,311,126,126,http://k8s-forkfind-forkfind-8e65d48af1-1990260306.us-east-1.elb.amazonaws.com/restaurants?q=pizza&limit=12&sort=rating,150,0,72
1777593089625,30077,01 - POST /auth/user/login,Non HTTP response code: java.net.SocketTimeoutException,Non HTTP response message: Read timed out,Virtual Users [200 threads] 1-64,text,false,Login failed — check credentials in users.csv,2679,0,126,126,http://k8s-forkfind-forkfind-8e65d48af1-1990260306.us-east-1.elb.amazonaws.com/auth/user/login,0,0,75
1777593119698,71,03 - POST /restaurants/5/reviews,401,Unauthorized,Virtual Users [200 threads] 1-63,text,false,"Review submission returned unexpected status (401 = bad token, 5xx = server error)",255,446,126,126,http://k8s-forkfind-forkfind-8e65d48af1-1990260306.us-east-1.elb.amazonaws.com/restaurants/5/reviews,71,0,0
1777593089769,30075,01 - POST /auth/user/login,Non HTTP response code: java.net.SocketTimeoutException,Non HTTP response message: Read timed out,Virtual Users [200 threads] 1-65,text,false,Login failed — check credentials in users.csv,2679,0,125,125,http://k8s-forkfind-forkfind-8e65d48af1-1990260306.us-east-1.elb.amazonaws.com/auth/user/login,0,0,73
1777593119704,155,02 - GET /restaurants (search),200,OK,Virtual Users [200 threads] 1-64,text,true,,790,311,125,125,http://k8s-forkfind-forkfind-8e65d48af1-1990260306.us-east-1.elb.amazonaws.com/restaurants?q=pizza&limit=12&sort=rating,155,0,72
1777593119860,67,03 - POST /restaurants/5/reviews,401,Unauthorized,Virtual Users [200 threads] 1-64,text,false,"Review submission returned unexpected status (401 = bad token, 5xx = server error)",255,446,125,125,http://k8s-forkfind-forkfind-8e65d48af1-1990260306.us-east-1.elb.amazonaws.com/restaurants/5/reviews,67,0,0
1777593119846,147,02 - GET /restaurants (search),200,OK,Virtual Users [200 threads] 1-65,text,true,,790,311,124,124,http://k8s-forkfind-forkfind-8e65d48af1-1990260306.us-east-1.elb.amazonaws.com/restaurants?q=pizza&limit=12&sort=rating,147,0,66
1777593089918,30086,01 - POST /auth/user/login,Non HTTP response code: java.net.SocketTimeoutException,Non HTTP response message: Read timed out,Virtual Users [200 threads] 1-66,text,false,Login failed — check credentials in users.csv,2679,0,124,124,http://k8s-forkfind-forkfind-8e65d48af1-1990260306.us-east-1.elb.amazonaws.com/auth/user/login,0,0,84
1777593119994,96,03 - POST /restaurants/5/reviews,401,Unauthorized,Virtual Users [200 threads] 1-65,text,false,"Review submission returned unexpected status (401 = bad token, 5xx = server error)",255,446,124,124,http://k8s-forkfind-forkfind-8e65d48af1-1990260306.us-east-1.elb.amazonaws.com/restaurants/5/reviews,95,0,0
1777593090069,30077,01 - POST /auth/user/login,Non HTTP response code: java.net.SocketTimeoutException,Non HTTP response message: Read timed out,Virtual Users [200 threads] 1-67,text,false,Login failed — check credentials in users.csv,2679,0,123,123,http://k8s-forkfind-forkfind-8e65d48af1-1990260306.us-east-1.elb.amazonaws.com/auth/user/login,0,0,74
1777593120009,164,02 - GET /restaurants (search),200,OK,Virtual Users [200 threads] 1-66,text,true,,790,311,123,123,http://k8s-forkfind-forkfind-8e65d48af1-1990260306.us-east-1.elb.amazonaws.com/restaurants?q=pizza&limit=12&sort=rating,164,0,68
1777593120174,67,03 - POST /restaurants/5/reviews,401,Unauthorized,Virtual Users [200 threads] 1-66,text,false,"Review submission returned unexpected status (401 = bad token, 5xx = server error)",255,446,123,123,http://k8s-forkfind-forkfind-8e65d48af1-1990260306.us-east-1.elb.amazonaws.com/restaurants/5/reviews,67,0,0
1777593120148,152,02 - GET /restaurants (search),200,OK,Virtual Users [200 threads] 1-67,text,true,,790,311,122,122,http://k8s-forkfind-forkfind-8e65d48af1-1990260306.us-east-1.elb.amazonaws.com/restaurants?q=pizza&limit=12&sort=rating,152,0,70
1777593090219,30098,01 - POST /auth/user/login,Non HTTP response code: java.net.SocketTimeoutException,Non HTTP response message: Read timed out,Virtual Users [200 threads] 1-68,text,false,Login failed — check credentials in users.csv,2679,0,122,122,http://k8s-forkfind-forkfind-8e65d48af1-1990260306.us-east-1.elb.amazonaws.com/auth/user/login,0,0,95
1777593120301,67,03 - POST /restaurants/5/reviews,401,Unauthorized,Virtual Users [200 threads] 1-67,text,false,"Review submission returned unexpected status (401 = bad token, 5xx = server error)",255,446,122,122,http://k8s-forkfind-forkfind-8e65d48af1-1990260306.us-east-1.elb.amazonaws.com/restaurants/5/reviews,67,0,0
1777593090373,30078,01 - POST /auth/user/login,Non HTTP response code: java.net.SocketTimeoutException,Non HTTP response message: Read timed out,Virtual Users [200 threads] 1-69,text,false,Login failed — check credentials in users.csv,2679,0,121,121,http://k8s-forkfind-forkfind-8e65d48af1-1990260306.us-east-1.elb.amazonaws.com/auth/user/login,0,0,76
1777593120318,135,02 - GET /restaurants (search),200,OK,Virtual Users [200 threads] 1-68,text,true,,790,311,121,121,http://k8s-forkfind-forkfind-8e65d48af1-1990260306.us-east-1.elb.amazonaws.com/restaurants?q=pizza&limit=12&sort=rating,135,0,65
1777593120453,75,03 - POST /restaurants/5/reviews,401,Unauthorized,Virtual Users [200 threads] 1-68,text,false,"Review submission returned unexpected status (401 = bad token, 5xx = server error)",255,446,121,121,http://k8s-forkfind-forkfind-8e65d48af1-1990260306.us-east-1.elb.amazonaws.com/restaurants/5/reviews,75,0,0
1777593090519,30075,01 - POST /auth/user/login,Non HTTP response code: java.net.SocketTimeoutException,Non HTTP response message: Read timed out,Virtual Users [200 threads] 1-70,text,false,Login failed — check credentials in users.csv,2679,0,120,120,http://k8s-forkfind-forkfind-8e65d48af1-1990260306.us-east-1.elb.amazonaws.com/auth/user/login,0,0,73
1777593120453,147,02 - GET /restaurants (search),200,OK,Virtual Users [200 threads] 1-69,text,true,,790,311,120,120,http://k8s-forkfind-forkfind-8e65d48af1-1990260306.us-east-1.elb.amazonaws.com/restaurants?q=pizza&limit=12&sort=rating,147,0,75
1777593120601,69,03 - POST /restaurants/5/reviews,401,Unauthorized,Virtual Users [200 threads] 1-69,text,false,"Review submission returned unexpected status (401 = bad token, 5xx = server error)",255,446,120,120,http://k8s-forkfind-forkfind-8e65d48af1-1990260306.us-east-1.elb.amazonaws.com/restaurants/5/reviews,69,0,0
1777593120596,141,02 - GET /restaurants (search),200,OK,Virtual Users [200 threads] 1-70,text,true,,790,311,119,119,http://k8s-forkfind-forkfind-8e65d48af1-1990260306.us-east-1.elb.amazonaws.com/restaurants?q=pizza&limit=12&sort=rating,141,0,69
1777593090671,30074,01 - POST /auth/user/login,Non HTTP response code: java.net.SocketTimeoutException,Non HTTP response message: Read timed out,Virtual Users [200 threads] 1-71,text,false,Login failed — check credentials in users.csv,2679,0,119,119,http://k8s-forkfind-forkfind-8e65d48af1-1990260306.us-east-1.elb.amazonaws.com/auth/user/login,0,0,72
1777593120738,73,03 - POST /restaurants/5/reviews,401,Unauthorized,Virtual Users [200 threads] 1-70,text,false,"Review submission returned unexpected status (401 = bad token, 5xx = server error)",255,446,119,119,http://k8s-forkfind-forkfind-8e65d48af1-1990260306.us-east-1.elb.amazonaws.com/restaurants/5/reviews,73,0,0
1777593090819,30077,01 - POST /auth/user/login,Non HTTP response code: java.net.SocketTimeoutException,Non HTTP response message: Read timed out,Virtual Users [200 threads] 1-72,text,false,Login failed — check credentials in users.csv,2679,0,118,118,http://k8s-forkfind-forkfind-8e65d48af1-1990260306.us-east-1.elb.amazonaws.com/auth/user/login,0,0,74
1777593120747,155,02 - GET /restaurants (search),200,OK,Virtual Users [200 threads] 1-71,text,true,,790,311,118,118,http://k8s-forkfind-forkfind-8e65d48af1-1990260306.us-east-1.elb.amazonaws.com/restaurants?q=pizza&limit=12&sort=rating,155,0,65
1777593120903,85,03 - POST /restaurants/5/reviews,401,Unauthorized,Virtual Users [200 threads] 1-71,text,false,"Review submission returned unexpected status (401 = bad token, 5xx = server error)",255,446,118,118,http://k8s-forkfind-forkfind-8e65d48af1-1990260306.us-east-1.elb.amazonaws.com/restaurants/5/reviews,85,0,0
1777593090971,30075,01 - POST /auth/user/login,Non HTTP response code: java.net.SocketTimeoutException,Non HTTP response message: Read timed out,Virtual Users [200 threads] 1-73,text,false,Login failed — check credentials in users.csv,2679,0,117,117,http://k8s-forkfind-forkfind-8e65d48af1-1990260306.us-east-1.elb.amazonaws.com/auth/user/login,0,0,73
1777593120897,165,02 - GET /restaurants (search),200,OK,Virtual Users [200 threads] 1-72,text,true,,790,311,117,117,http://k8s-forkfind-forkfind-8e65d48af1-1990260306.us-east-1.elb.amazonaws.com/restaurants?q=pizza&limit=12&sort=rating,165,0,90
1777593121063,67,03 - POST /restaurants/5/reviews,401,Unauthorized,Virtual Users [200 threads] 1-72,text,false,"Review submission returned unexpected status (401 = bad token, 5xx = server error)",255,446,117,117,http://k8s-forkfind-forkfind-8e65d48af1-1990260306.us-east-1.elb.amazonaws.com/restaurants/5/reviews,67,0,0
1777593091123,30074,01 - POST /auth/user/login,Non HTTP response code: java.net.SocketTimeoutException,Non HTTP response message: Read timed out,Virtual Users [200 threads] 1-74,text,false,Login failed — check credentials in users.csv,2679,0,116,116,http://k8s-forkfind-forkfind-8e65d48af1-1990260306.us-east-1.elb.amazonaws.com/auth/user/login,0,0,72
1777593121048,175,02 - GET /restaurants (search),200,OK,Virtual Users [200 threads] 1-73,text,true,,790,311,116,116,http://k8s-forkfind-forkfind-8e65d48af1-1990260306.us-east-1.elb.amazonaws.com/restaurants?q=pizza&limit=12&sort=rating,175,0,71
1777593121224,75,03 - POST /restaurants/5/reviews,401,Unauthorized,Virtual Users [200 threads] 1-73,text,false,"Review submission returned unexpected status (401 = bad token, 5xx = server error)",255,446,116,116,http://k8s-forkfind-forkfind-8e65d48af1-1990260306.us-east-1.elb.amazonaws.com/restaurants/5/reviews,75,0,0
1777593091267,30075,01 - POST /auth/user/login,Non HTTP response code: java.net.SocketTimeoutException,Non HTTP response message: Read timed out,Virtual Users [200 threads] 1-75,text,false,Login failed — check credentials in users.csv,2679,0,115,115,http://k8s-forkfind-forkfind-8e65d48af1-1990260306.us-east-1.elb.amazonaws.com/auth/user/login,0,0,72
1777593121199,168,02 - GET /restaurants (search),200,OK,Virtual Users [200 threads] 1-74,text,true,,790,311,115,115,http://k8s-forkfind-forkfind-8e65d48af1-1990260306.us-east-1.elb.amazonaws.com/restaurants?q=pizza&limit=12&sort=rating,168,0,74
1777593121368,68,03 - POST /restaurants/5/reviews,401,Unauthorized,Virtual Users [200 threads] 1-74,text,false,"Review submission returned unexpected status (401 = bad token, 5xx = server error)",255,446,115,115,http://k8s-forkfind-forkfind-8e65d48af1-1990260306.us-east-1.elb.amazonaws.com/restaurants/5/reviews,68,0,0
1777593091421,30074,01 - POST /auth/user/login,Non HTTP response code: java.net.SocketTimeoutException,Non HTTP response message: Read timed out,Virtual Users [200 threads] 1-76,text,false,Login failed — check credentials in users.csv,2679,0,114,114,http://k8s-forkfind-forkfind-8e65d48af1-1990260306.us-east-1.elb.amazonaws.com/auth/user/login,0,0,72
1777593121344,159,02 - GET /restaurants (search),200,OK,Virtual Users [200 threads] 1-75,text,true,,790,311,114,114,http://k8s-forkfind-forkfind-8e65d48af1-1990260306.us-east-1.elb.amazonaws.com/restaurants?q=pizza&limit=12&sort=rating,158,0,69
1777593121503,102,03 - POST /restaurants/5/reviews,401,Unauthorized,Virtual Users [200 threads] 1-75,text,false,"Review submission returned unexpected status (401 = bad token, 5xx = server error)",255,446,114,114,http://k8s-forkfind-forkfind-8e65d48af1-1990260306.us-east-1.elb.amazonaws.com/restaurants/5/reviews,102,0,0
1777593091571,30075,01 - POST /auth/user/login,Non HTTP response code: java.net.SocketTimeoutException,Non HTTP response message: Read timed out,Virtual Users [200 threads] 1-77,text,false,Login failed — check credentials in users.csv,2679,0,113,113,http://k8s-forkfind-forkfind-8e65d48af1-1990260306.us-east-1.elb.amazonaws.com/auth/user/login,0,0,73
1777593121497,157,02 - GET /restaurants (search),200,OK,Virtual Users [200 threads] 1-76,text,true,,790,311,113,113,http://k8s-forkfind-forkfind-8e65d48af1-1990260306.us-east-1.elb.amazonaws.com/restaurants?q=pizza&limit=12&sort=rating,157,0,65
1777593121655,84,03 - POST /restaurants/5/reviews,401,Unauthorized,Virtual Users [200 threads] 1-76,text,false,"Review submission returned unexpected status (401 = bad token, 5xx = server error)",255,446,113,113,http://k8s-forkfind-forkfind-8e65d48af1-1990260306.us-east-1.elb.amazonaws.com/restaurants/5/reviews,84,0,0
1777593121647,144,02 - GET /restaurants (search),200,OK,Virtual Users [200 threads] 1-77,text,true,,790,311,112,112,http://k8s-forkfind-forkfind-8e65d48af1-1990260306.us-east-1.elb.amazonaws.com/restaurants?q=pizza&limit=12&sort=rating,144,0,67
1777593091718,30080,01 - POST /auth/user/login,Non HTTP response code: java.net.SocketTimeoutException,Non HTTP response message: Read timed out,Virtual Users [200 threads] 1-78,text,false,Login failed — check credentials in users.csv,2679,0,112,112,http://k8s-forkfind-forkfind-8e65d48af1-1990260306.us-east-1.elb.amazonaws.com/auth/user/login,0,0,78
1777593121792,73,03 - POST /restaurants/5/reviews,401,Unauthorized,Virtual Users [200 threads] 1-77,text,false,"Review submission returned unexpected status (401 = bad token, 5xx = server error)",255,446,112,112,http://k8s-forkfind-forkfind-8e65d48af1-1990260306.us-east-1.elb.amazonaws.com/restaurants/5/reviews,73,0,0
1777593091867,30079,01 - POST /auth/user/login,Non HTTP response code: java.net.SocketTimeoutException,Non HTTP response message: Read timed out,Virtual Users [200 threads] 1-79,text,false,Login failed — check credentials in users.csv,2679,0,111,111,http://k8s-forkfind-forkfind-8e65d48af1-1990260306.us-east-1.elb.amazonaws.com/auth/user/login,0,0,76
1777593121800,218,02 - GET /restaurants (search),200,OK,Virtual Users [200 threads] 1-78,text,true,,790,311,111,111,http://k8s-forkfind-forkfind-8e65d48af1-1990260306.us-east-1.elb.amazonaws.com/restaurants?q=pizza&limit=12&sort=rating,218,0,70
1777593092020,30073,01 - POST /auth/user/login,Non HTTP response code: java.net.SocketTimeoutException,Non HTTP response message: Read timed out,Virtual Users [200 threads] 1-80,text,false,Login failed — check credentials in users.csv,2679,0,111,111,http://k8s-forkfind-forkfind-8e65d48af1-1990260306.us-east-1.elb.amazonaws.com/auth/user/login,0,0,71
1777593121947,170,02 - GET /restaurants (search),200,OK,Virtual Users [200 threads] 1-79,text,true,,790,311,111,111,http://k8s-forkfind-forkfind-8e65d48af1-1990260306.us-east-1.elb.amazonaws.com/restaurants?q=pizza&limit=12&sort=rating,170,0,71
1777593122019,116,03 - POST /restaurants/5/reviews,401,Unauthorized,Virtual Users [200 threads] 1-78,text,false,"Review submission returned unexpected status (401 = bad token, 5xx = server error)",255,446,111,111,http://k8s-forkfind-forkfind-8e65d48af1-1990260306.us-east-1.elb.amazonaws.com/restaurants/5/reviews,116,0,0
1777593122118,93,03 - POST /restaurants/5/reviews,401,Unauthorized,Virtual Users [200 threads] 1-79,text,false,"Review submission returned unexpected status (401 = bad token, 5xx = server error)",255,446,110,110,http://k8s-forkfind-forkfind-8e65d48af1-1990260306.us-east-1.elb.amazonaws.com/restaurants/5/reviews,93,0,0
1777593092167,30081,01 - POST /auth/user/login,Non HTTP response code: java.net.SocketTimeoutException,Non HTTP response message: Read timed out,Virtual Users [200 threads] 1-81,text,false,Login failed — check credentials in users.csv,2679,0,109,109,http://k8s-forkfind-forkfind-8e65d48af1-1990260306.us-east-1.elb.amazonaws.com/auth/user/login,0,0,79
1777593122095,165,02 - GET /restaurants (search),200,OK,Virtual Users [200 threads] 1-80,text,true,,790,311,109,109,http://k8s-forkfind-forkfind-8e65d48af1-1990260306.us-east-1.elb.amazonaws.com/restaurants?q=pizza&limit=12&sort=rating,165,0,78
1777593122261,77,03 - POST /restaurants/5/reviews,401,Unauthorized,Virtual Users [200 threads] 1-80,text,false,"Review submission returned unexpected status (401 = bad token, 5xx = server error)",255,446,109,109,http://k8s-forkfind-forkfind-8e65d48af1-1990260306.us-east-1.elb.amazonaws.com/restaurants/5/reviews,77,0,0
1777593092320,30073,01 - POST /auth/user/login,Non HTTP response code: java.net.SocketTimeoutException,Non HTTP response message: Read timed out,Virtual Users [200 threads] 1-82,text,false,Login failed — check credentials in users.csv,2679,0,108,108,http://k8s-forkfind-forkfind-8e65d48af1-1990260306.us-east-1.elb.amazonaws.com/auth/user/login,0,0,71
1777593122250,174,02 - GET /restaurants (search),200,OK,Virtual Users [200 threads] 1-81,text,true,,790,311,108,108,http://k8s-forkfind-forkfind-8e65d48af1-1990260306.us-east-1.elb.amazonaws.com/restaurants?q=pizza&limit=12&sort=rating,174,0,71
1777593122425,72,03 - POST /restaurants/5/reviews,401,Unauthorized,Virtual Users [200 threads] 1-81,text,false,"Review submission returned unexpected status (401 = bad token, 5xx = server error)",255,446,108,108,http://k8s-forkfind-forkfind-8e65d48af1-1990260306.us-east-1.elb.amazonaws.com/restaurants/5/reviews,72,0,0
1777593092472,30080,01 - POST /auth/user/login,Non HTTP response code: java.net.SocketTimeoutException,Non HTTP response message: Read timed out,Virtual Users [200 threads] 1-83,text,false,Login failed — check credentials in users.csv,2679,0,107,107,http://k8s-forkfind-forkfind-8e65d48af1-1990260306.us-east-1.elb.amazonaws.com/auth/user/login,0,0,77
1777593122395,226,02 - GET /restaurants (search),200,OK,Virtual Users [200 threads] 1-82,text,true,,790,311,107,107,http://k8s-forkfind-forkfind-8e65d48af1-1990260306.us-east-1.elb.amazonaws.com/restaurants?q=pizza&limit=12&sort=rating,226,0,65
1777593092622,30074,01 - POST /auth/user/login,Non HTTP response code: java.net.SocketTimeoutException,Non HTTP response message: Read timed out,Virtual Users [200 threads] 1-84,text,false,Login failed — check credentials in users.csv,2679,0,107,107,http://k8s-forkfind-forkfind-8e65d48af1-1990260306.us-east-1.elb.amazonaws.com/auth/user/login,0,0,72
1777593122622,92,03 - POST /restaurants/5/reviews,401,Unauthorized,Virtual Users [200 threads] 1-82,text,false,"Review submission returned unexpected status (401 = bad token, 5xx = server error)",255,446,107,107,http://k8s-forkfind-forkfind-8e65d48af1-1990260306.us-east-1.elb.amazonaws.com/restaurants/5/reviews,92,0,0
1777593122554,218,02 - GET /restaurants (search),200,OK,Virtual Users [200 threads] 1-83,text,true,,790,311,106,106,http://k8s-forkfind-forkfind-8e65d48af1-1990260306.us-east-1.elb.amazonaws.com/restaurants?q=pizza&limit=12&sort=rating,218,0,66
1777593092769,30075,01 - POST /auth/user/login,Non HTTP response code: java.net.SocketTimeoutException,Non HTTP response message: Read timed out,Virtual Users [200 threads] 1-85,text,false,Login failed — check credentials in users.csv,2679,0,106,106,http://k8s-forkfind-forkfind-8e65d48af1-1990260306.us-east-1.elb.amazonaws.com/auth/user/login,0,0,73
1777593122773,92,03 - POST /restaurants/5/reviews,401,Unauthorized,Virtual Users [200 threads] 1-83,text,false,"Review submission returned unexpected status (401 = bad token, 5xx = server error)",255,446,106,106,http://k8s-forkfind-forkfind-8e65d48af1-1990260306.us-east-1.elb.amazonaws.com/restaurants/5/reviews,92,0,0
1777593122698,167,02 - GET /restaurants (search),200,OK,Virtual Users [200 threads] 1-84,text,true,,790,311,106,106,http://k8s-forkfind-forkfind-8e65d48af1-1990260306.us-east-1.elb.amazonaws.com/restaurants?q=pizza&limit=12&sort=rating,167,0,66
1777593092919,30075,01 - POST /auth/user/login,Non HTTP response code: java.net.SocketTimeoutException,Non HTTP response message: Read timed out,Virtual Users [200 threads] 1-86,text,false,Login failed — check credentials in users.csv,2679,0,105,105,http://k8s-forkfind-forkfind-8e65d48af1-1990260306.us-east-1.elb.amazonaws.com/auth/user/login,0,0,73
1777593122866,197,03 - POST /restaurants/5/reviews,401,Unauthorized,Virtual Users [200 threads] 1-84,text,false,"Review submission returned unexpected status (401 = bad token, 5xx = server error)",255,446,105,105,http://k8s-forkfind-forkfind-8e65d48af1-1990260306.us-east-1.elb.amazonaws.com/restaurants/5/reviews,197,0,0
1777593122846,242,02 - GET /restaurants (search),200,OK,Virtual Users [200 threads] 1-85,text,true,,790,311,104,104,http://k8s-forkfind-forkfind-8e65d48af1-1990260306.us-east-1.elb.amazonaws.com/restaurants?q=pizza&limit=12&sort=rating,242,0,71
1777593093067,30074,01 - POST /auth/user/login,Non HTTP response code: java.net.SocketTimeoutException,Non HTTP response message: Read timed out,Virtual Users [200 threads] 1-87,text,false,Login failed — check credentials in users.csv,2679,0,104,104,http://k8s-forkfind-forkfind-8e65d48af1-1990260306.us-east-1.elb.amazonaws.com/auth/user/login,0,0,72
1777593122996,161,02 - GET /restaurants (search),200,OK,Virtual Users [200 threads] 1-86,text,true,,790,311,104,104,http://k8s-forkfind-forkfind-8e65d48af1-1990260306.us-east-1.elb.amazonaws.com/restaurants?q=pizza&limit=12&sort=rating,161,0,67
1777593123089,72,03 - POST /restaurants/5/reviews,401,Unauthorized,Virtual Users [200 threads] 1-85,text,false,"Review submission returned unexpected status (401 = bad token, 5xx = server error)",255,446,104,104,http://k8s-forkfind-forkfind-8e65d48af1-1990260306.us-east-1.elb.amazonaws.com/restaurants/5/reviews,72,0,0
1777593123157,81,03 - POST /restaurants/5/reviews,401,Unauthorized,Virtual Users [200 threads] 1-86,text,false,"Review submission returned unexpected status (401 = bad token, 5xx = server error)",255,446,103,103,http://k8s-forkfind-forkfind-8e65d48af1-1990260306.us-east-1.elb.amazonaws.com/restaurants/5/reviews,81,0,0
1777593093219,30074,01 - POST /auth/user/login,Non HTTP response code: java.net.SocketTimeoutException,Non HTTP response message: Read timed out,Virtual Users [200 threads] 1-88,text,false,Login failed — check credentials in users.csv,2679,0,102,102,http://k8s-forkfind-forkfind-8e65d48af1-1990260306.us-east-1.elb.amazonaws.com/auth/user/login,0,0,72
1777593123143,166,02 - GET /restaurants (search),200,OK,Virtual Users [200 threads] 1-87,text,true,,790,311,102,102,http://k8s-forkfind-forkfind-8e65d48af1-1990260306.us-east-1.elb.amazonaws.com/restaurants?q=pizza&limit=12&sort=rating,166,0,73
1777593123310,85,03 - POST /restaurants/5/reviews,401,Unauthorized,Virtual Users [200 threads] 1-87,text,false,"Review submission returned unexpected status (401 = bad token, 5xx = server error)",255,446,102,102,http://k8s-forkfind-forkfind-8e65d48af1-1990260306.us-east-1.elb.amazonaws.com/restaurants/5/reviews,85,0,0
1777593093368,30075,01 - POST /auth/user/login,Non HTTP response code: java.net.SocketTimeoutException,Non HTTP response message: Read timed out,Virtual Users [200 threads] 1-89,text,false,Login failed — check credentials in users.csv,2679,0,101,101,http://k8s-forkfind-forkfind-8e65d48af1-1990260306.us-east-1.elb.amazonaws.com/auth/user/login,0,0,73
1777593123295,165,02 - GET /restaurants (search),200,OK,Virtual Users [200 threads] 1-88,text,true,,790,311,101,101,http://k8s-forkfind-forkfind-8e65d48af1-1990260306.us-east-1.elb.amazonaws.com/restaurants?q=pizza&limit=12&sort=rating,165,0,88
1777593123461,70,03 - POST /restaurants/5/reviews,401,Unauthorized,Virtual Users [200 threads] 1-88,text,false,"Review submission returned unexpected status (401 = bad token, 5xx = server error)",255,446,101,101,http://k8s-forkfind-forkfind-8e65d48af1-1990260306.us-east-1.elb.amazonaws.com/restaurants/5/reviews,70,0,0
1777593093514,30075,01 - POST /auth/user/login,Non HTTP response code: java.net.SocketTimeoutException,Non HTTP response message: Read timed out,Virtual Users [200 threads] 1-90,text,false,Login failed — check credentials in users.csv,2679,0,100,100,http://k8s-forkfind-forkfind-8e65d48af1-1990260306.us-east-1.elb.amazonaws.com/auth/user/login,0,0,73
1777593123446,154,02 - GET /restaurants (search),200,OK,Virtual Users [200 threads] 1-89,text,true,,790,311,100,100,http://k8s-forkfind-forkfind-8e65d48af1-1990260306.us-east-1.elb.amazonaws.com/restaurants?q=pizza&limit=12&sort=rating,154,0,64
1777593123600,77,03 - POST /restaurants/5/reviews,401,Unauthorized,Virtual Users [200 threads] 1-89,text,false,"Review submission returned unexpected status (401 = bad token, 5xx = server error)",255,446,100,100,http://k8s-forkfind-forkfind-8e65d48af1-1990260306.us-east-1.elb.amazonaws.com/restaurants/5/reviews,77,0,0
1777593123590,141,02 - GET /restaurants (search),200,OK,Virtual Users [200 threads] 1-90,text,true,,790,311,99,99,http://k8s-forkfind-forkfind-8e65d48af1-1990260306.us-east-1.elb.amazonaws.com/restaurants?q=pizza&limit=12&sort=rating,141,0,64
1777593093667,30079,01 - POST /auth/user/login,Non HTTP response code: java.net.SocketTimeoutException,Non HTTP response message: Read timed out,Virtual Users [200 threads] 1-91,text,false,Login failed — check credentials in users.csv,2679,0,99,99,http://k8s-forkfind-forkfind-8e65d48af1-1990260306.us-east-1.elb.amazonaws.com/auth/user/login,0,0,78
1777593123732,75,03 - POST /restaurants/5/reviews,401,Unauthorized,Virtual Users [200 threads] 1-90,text,false,"Review submission returned unexpected status (401 = bad token, 5xx = server error)",255,446,99,99,http://k8s-forkfind-forkfind-8e65d48af1-1990260306.us-east-1.elb.amazonaws.com/restaurants/5/reviews,75,0,0
1777593093819,30076,01 - POST /auth/user/login,Non HTTP response code: java.net.SocketTimeoutException,Non HTTP response message: Read timed out,Virtual Users [200 threads] 1-92,text,false,Login failed — check credentials in users.csv,2679,0,98,98,http://k8s-forkfind-forkfind-8e65d48af1-1990260306.us-east-1.elb.amazonaws.com/auth/user/login,0,0,75
1777593123747,168,02 - GET /restaurants (search),200,OK,Virtual Users [200 threads] 1-91,text,true,,790,311,98,98,http://k8s-forkfind-forkfind-8e65d48af1-1990260306.us-east-1.elb.amazonaws.com/restaurants?q=pizza&limit=12&sort=rating,168,0,68
1777593123916,80,03 - POST /restaurants/5/reviews,401,Unauthorized,Virtual Users [200 threads] 1-91,text,false,"Review submission returned unexpected status (401 = bad token, 5xx = server error)",255,446,98,98,http://k8s-forkfind-forkfind-8e65d48af1-1990260306.us-east-1.elb.amazonaws.com/restaurants/5/reviews,80,0,0
1777593123896,155,02 - GET /restaurants (search),200,OK,Virtual Users [200 threads] 1-92,text,true,,790,311,97,97,http://k8s-forkfind-forkfind-8e65d48af1-1990260306.us-east-1.elb.amazonaws.com/restaurants?q=pizza&limit=12&sort=rating,155,0,70
1777593093966,30104,01 - POST /auth/user/login,Non HTTP response code: java.net.SocketTimeoutException,Non HTTP response message: Read timed out,Virtual Users [200 threads] 1-93,text,false,Login failed — check credentials in users.csv,2679,0,97,97,http://k8s-forkfind-forkfind-8e65d48af1-1990260306.us-east-1.elb.amazonaws.com/auth/user/login,0,0,102
1777593124051,78,03 - POST /restaurants/5/reviews,401,Unauthorized,Virtual Users [200 threads] 1-92,text,false,"Review submission returned unexpected status (401 = bad token, 5xx = server error)",255,446,97,97,http://k8s-forkfind-forkfind-8e65d48af1-1990260306.us-east-1.elb.amazonaws.com/restaurants/5/reviews,78,0,0
1777593094117,30075,01 - POST /auth/user/login,Non HTTP response code: java.net.SocketTimeoutException,Non HTTP response message: Read timed out,Virtual Users [200 threads] 1-94,text,false,Login failed — check credentials in users.csv,2679,0,96,96,http://k8s-forkfind-forkfind-8e65d48af1-1990260306.us-east-1.elb.amazonaws.com/auth/user/login,0,0,73
1777593124071,166,02 - GET /restaurants (search),200,OK,Virtual Users [200 threads] 1-93,text,true,,790,311,96,96,http://k8s-forkfind-forkfind-8e65d48af1-1990260306.us-east-1.elb.amazonaws.com/restaurants?q=pizza&limit=12&sort=rating,165,0,65
1777593124238,69,03 - POST /restaurants/5/reviews,401,Unauthorized,Virtual Users [200 threads] 1-93,text,false,"Review submission returned unexpected status (401 = bad token, 5xx = server error)",255,446,96,96,http://k8s-forkfind-forkfind-8e65d48af1-1990260306.us-east-1.elb.amazonaws.com/restaurants/5/reviews,69,0,0
1777593094261,30074,01 - POST /auth/user/login,Non HTTP response code: java.net.SocketTimeoutException,Non HTTP response message: Read timed out,Virtual Users [200 threads] 1-95,text,false,Login failed — check credentials in users.csv,2679,0,95,95,http://k8s-forkfind-forkfind-8e65d48af1-1990260306.us-east-1.elb.amazonaws.com/auth/user/login,0,0,72
1777593124193,217,02 - GET /restaurants (search),200,OK,Virtual Users [200 threads] 1-94,text,true,,790,311,95,95,http://k8s-forkfind-forkfind-8e65d48af1-1990260306.us-east-1.elb.amazonaws.com/restaurants?q=pizza&limit=12&sort=rating,217,0,66
1777593124410,73,03 - POST /restaurants/5/reviews,401,Unauthorized,Virtual Users [200 threads] 1-94,text,false,"Review submission returned unexpected status (401 = bad token, 5xx = server error)",255,446,95,95,http://k8s-forkfind-forkfind-8e65d48af1-1990260306.us-east-1.elb.amazonaws.com/restaurants/5/reviews,73,0,0
1777593094415,30081,01 - POST /auth/user/login,Non HTTP response code: java.net.SocketTimeoutException,Non HTTP response message: Read timed out,Virtual Users [200 threads] 1-96,text,false,Login failed — check credentials in users.csv,2679,0,94,94,http://k8s-forkfind-forkfind-8e65d48af1-1990260306.us-east-1.elb.amazonaws.com/auth/user/login,0,0,79
1777593124335,184,02 - GET /restaurants (search),200,OK,Virtual Users [200 threads] 1-95,text,true,,790,311,94,94,http://k8s-forkfind-forkfind-8e65d48af1-1990260306.us-east-1.elb.amazonaws.com/restaurants?q=pizza&limit=12&sort=rating,184,0,65
1777593124519,87,03 - POST /restaurants/5/reviews,401,Unauthorized,Virtual Users [200 threads] 1-95,text,false,"Review submission returned unexpected status (401 = bad token, 5xx = server error)",255,446,94,94,http://k8s-forkfind-forkfind-8e65d48af1-1990260306.us-east-1.elb.amazonaws.com/restaurants/5/reviews,87,0,0
1777593094565,30074,01 - POST /auth/user/login,Non HTTP response code: java.net.SocketTimeoutException,Non HTTP response message: Read timed out,Virtual Users [200 threads] 1-97,text,false,Login failed — check credentials in users.csv,2679,0,93,93,http://k8s-forkfind-forkfind-8e65d48af1-1990260306.us-east-1.elb.amazonaws.com/auth/user/login,0,0,72
1777593124497,146,02 - GET /restaurants (search),200,OK,Virtual Users [200 threads] 1-96,text,true,,790,311,93,93,http://k8s-forkfind-forkfind-8e65d48af1-1990260306.us-east-1.elb.amazonaws.com/restaurants?q=pizza&limit=12&sort=rating,146,0,70
1777593124643,76,03 - POST /restaurants/5/reviews,401,Unauthorized,Virtual Users [200 threads] 1-96,text,false,"Review submission returned unexpected status (401 = bad token, 5xx = server error)",255,446,93,93,http://k8s-forkfind-forkfind-8e65d48af1-1990260306.us-east-1.elb.amazonaws.com/restaurants/5/reviews,76,0,0
1777593094715,30074,01 - POST /auth/user/login,Non HTTP response code: java.net.SocketTimeoutException,Non HTTP response message: Read timed out,Virtual Users [200 threads] 1-98,text,false,Login failed — check credentials in users.csv,2679,0,92,92,http://k8s-forkfind-forkfind-8e65d48af1-1990260306.us-east-1.elb.amazonaws.com/auth/user/login,0,0,72
1777593124640,169,02 - GET /restaurants (search),200,OK,Virtual Users [200 threads] 1-97,text,true,,790,311,92,92,http://k8s-forkfind-forkfind-8e65d48af1-1990260306.us-east-1.elb.amazonaws.com/restaurants?q=pizza&limit=12&sort=rating,169,0,78
1777593124810,78,03 - POST /restaurants/5/reviews,401,Unauthorized,Virtual Users [200 threads] 1-97,text,false,"Review submission returned unexpected status (401 = bad token, 5xx = server error)",255,446,92,92,http://k8s-forkfind-forkfind-8e65d48af1-1990260306.us-east-1.elb.amazonaws.com/restaurants/5/reviews,78,0,0
1777593124791,137,02 - GET /restaurants (search),200,OK,Virtual Users [200 threads] 1-98,text,true,,790,311,91,91,http://k8s-forkfind-forkfind-8e65d48af1-1990260306.us-east-1.elb.amazonaws.com/restaurants?q=pizza&limit=12&sort=rating,137,0,65
1777593094862,30074,01 - POST /auth/user/login,Non HTTP response code: java.net.SocketTimeoutException,Non HTTP response message: Read timed out,Virtual Users [200 threads] 1-99,text,false,Login failed — check credentials in users.csv,2679,0,91,91,http://k8s-forkfind-forkfind-8e65d48af1-1990260306.us-east-1.elb.amazonaws.com/auth/user/login,0,0,72
1777593124929,74,03 - POST /restaurants/5/reviews,401,Unauthorized,Virtual Users [200 threads] 1-98,text,false,"Review submission returned unexpected status (401 = bad token, 5xx = server error)",255,446,91,91,http://k8s-forkfind-forkfind-8e65d48af1-1990260306.us-east-1.elb.amazonaws.com/restaurants/5/reviews,74,0,0
1777593095011,30074,01 - POST /auth/user/login,Non HTTP response code: java.net.SocketTimeoutException,Non HTTP response message: Read timed out,Virtual Users [200 threads] 1-100,text,false,Login failed — check credentials in users.csv,2679,0,90,90,http://k8s-forkfind-forkfind-8e65d48af1-1990260306.us-east-1.elb.amazonaws.com/auth/user/login,0,0,71
1777593124937,175,02 - GET /restaurants (search),200,OK,Virtual Users [200 threads] 1-99,text,true,,790,311,90,90,http://k8s-forkfind-forkfind-8e65d48af1-1990260306.us-east-1.elb.amazonaws.com/restaurants?q=pizza&limit=12&sort=rating,175,0,66
1777593125112,73,03 - POST /restaurants/5/reviews,401,Unauthorized,Virtual Users [200 threads] 1-99,text,false,"Review submission returned unexpected status (401 = bad token, 5xx = server error)",255,446,90,90,http://k8s-forkfind-forkfind-8e65d48af1-1990260306.us-east-1.elb.amazonaws.com/restaurants/5/reviews,73,0,0
1777593095159,30073,01 - POST /auth/user/login,Non HTTP response code: java.net.SocketTimeoutException,Non HTTP response message: Read timed out,Virtual Users [200 threads] 1-101,text,false,Login failed — check credentials in users.csv,2679,0,89,89,http://k8s-forkfind-forkfind-8e65d48af1-1990260306.us-east-1.elb.amazonaws.com/auth/user/login,0,0,72
1777593125086,151,02 - GET /restaurants (search),200,OK,Virtual Users [200 threads] 1-100,text,true,,790,311,89,89,http://k8s-forkfind-forkfind-8e65d48af1-1990260306.us-east-1.elb.amazonaws.com/restaurants?q=pizza&limit=12&sort=rating,151,0,79
1777593125237,67,03 - POST /restaurants/5/reviews,401,Unauthorized,Virtual Users [200 threads] 1-100,text,false,"Review submission returned unexpected status (401 = bad token, 5xx = server error)",255,447,89,89,http://k8s-forkfind-forkfind-8e65d48af1-1990260306.us-east-1.elb.amazonaws.com/restaurants/5/reviews,67,0,0
1777593125233,153,02 - GET /restaurants (search),200,OK,Virtual Users [200 threads] 1-101,text,true,,790,311,88,88,http://k8s-forkfind-forkfind-8e65d48af1-1990260306.us-east-1.elb.amazonaws.com/restaurants?q=pizza&limit=12&sort=rating,153,0,68
1777593095309,30079,01 - POST /auth/user/login,Non HTTP response code: java.net.SocketTimeoutException,Non HTTP response message: Read timed out,Virtual Users [200 threads] 1-102,text,false,Login failed — check credentials in users.csv,2679,0,88,88,http://k8s-forkfind-forkfind-8e65d48af1-1990260306.us-east-1.elb.amazonaws.com/auth/user/login,0,0,78
1777593125387,80,03 - POST /restaurants/5/reviews,401,Unauthorized,Virtual Users [200 threads] 1-101,text,false,"Review submission returned unexpected status (401 = bad token, 5xx = server error)",255,447,88,88,http://k8s-forkfind-forkfind-8e65d48af1-1990260306.us-east-1.elb.amazonaws.com/restaurants/5/reviews,80,0,0
1777593095458,30080,01 - POST /auth/user/login,Non HTTP response code: java.net.SocketTimeoutException,Non HTTP response message: Read timed out,Virtual Users [200 threads] 1-103,text,false,Login failed — check credentials in users.csv,2679,0,87,87,http://k8s-forkfind-forkfind-8e65d48af1-1990260306.us-east-1.elb.amazonaws.com/auth/user/login,0,0,78
1777593125388,152,02 - GET /restaurants (search),200,OK,Virtual Users [200 threads] 1-102,text,true,,790,311,87,87,http://k8s-forkfind-forkfind-8e65d48af1-1990260306.us-east-1.elb.amazonaws.com/restaurants?q=pizza&limit=12&sort=rating,152,0,79
1777593125540,68,03 - POST /restaurants/5/reviews,401,Unauthorized,Virtual Users [200 threads] 1-102,text,false,"Review submission returned unexpected status (401 = bad token, 5xx = server error)",255,447,87,87,http://k8s-forkfind-forkfind-8e65d48af1-1990260306.us-east-1.elb.amazonaws.com/restaurants/5/reviews,68,0,0
1777593095610,30074,01 - POST /auth/user/login,Non HTTP response code: java.net.SocketTimeoutException,Non HTTP response message: Read timed out,Virtual Users [200 threads] 1-104,text,false,Login failed — check credentials in users.csv,2679,0,86,86,http://k8s-forkfind-forkfind-8e65d48af1-1990260306.us-east-1.elb.amazonaws.com/auth/user/login,0,0,72
1777593125538,167,02 - GET /restaurants (search),200,OK,Virtual Users [200 threads] 1-103,text,true,,790,311,86,86,http://k8s-forkfind-forkfind-8e65d48af1-1990260306.us-east-1.elb.amazonaws.com/restaurants?q=pizza&limit=12&sort=rating,167,0,66
1777593125705,102,03 - POST /restaurants/5/reviews,401,Unauthorized,Virtual Users [200 threads] 1-103,text,false,"Review submission returned unexpected status (401 = bad token, 5xx = server error)",255,447,86,86,http://k8s-forkfind-forkfind-8e65d48af1-1990260306.us-east-1.elb.amazonaws.com/restaurants/5/reviews,102,0,0
1777593095757,30075,01 - POST /auth/user/login,Non HTTP response code: java.net.SocketTimeoutException,Non HTTP response message: Read timed out,Virtual Users [200 threads] 1-105,text,false,Login failed — check credentials in users.csv,2679,0,85,85,http://k8s-forkfind-forkfind-8e65d48af1-1990260306.us-east-1.elb.amazonaws.com/auth/user/login,0,0,73
1777593125684,207,02 - GET /restaurants (search),200,OK,Virtual Users [200 threads] 1-104,text,true,,790,311,85,85,http://k8s-forkfind-forkfind-8e65d48af1-1990260306.us-east-1.elb.amazonaws.com/restaurants?q=pizza&limit=12&sort=rating,207,0,123
1777593125892,82,03 - POST /restaurants/5/reviews,401,Unauthorized,Virtual Users [200 threads] 1-104,text,false,"Review submission returned unexpected status (401 = bad token, 5xx = server error)",255,447,85,85,http://k8s-forkfind-forkfind-8e65d48af1-1990260306.us-east-1.elb.amazonaws.com/restaurants/5/reviews,82,0,0
1777593095910,30074,01 - POST /auth/user/login,Non HTTP response code: java.net.SocketTimeoutException,Non HTTP response message: Read timed out,Virtual Users [200 threads] 1-106,text,false,Login failed — check credentials in users.csv,2679,0,84,84,http://k8s-forkfind-forkfind-8e65d48af1-1990260306.us-east-1.elb.amazonaws.com/auth/user/login,0,0,72
1777593125834,158,02 - GET /restaurants (search),200,OK,Virtual Users [200 threads] 1-105,text,true,,790,311,84,84,http://k8s-forkfind-forkfind-8e65d48af1-1990260306.us-east-1.elb.amazonaws.com/restaurants?q=pizza&limit=12&sort=rating,158,0,76
1777593125993,95,03 - POST /restaurants/5/reviews,401,Unauthorized,Virtual Users [200 threads] 1-105,text,false,"Review submission returned unexpected status (401 = bad token, 5xx = server error)",255,447,84,84,http://k8s-forkfind-forkfind-8e65d48af1-1990260306.us-east-1.elb.amazonaws.com/restaurants/5/reviews,95,0,0
1777593096057,30075,01 - POST /auth/user/login,Non HTTP response code: java.net.SocketTimeoutException,Non HTTP response message: Read timed out,Virtual Users [200 threads] 1-107,text,false,Login failed — check credentials in users.csv,2679,0,83,83,http://k8s-forkfind-forkfind-8e65d48af1-1990260306.us-east-1.elb.amazonaws.com/auth/user/login,0,0,73
1777593125985,153,02 - GET /restaurants (search),200,OK,Virtual Users [200 threads] 1-106,text,true,,790,311,83,83,http://k8s-forkfind-forkfind-8e65d48af1-1990260306.us-east-1.elb.amazonaws.com/restaurants?q=pizza&limit=12&sort=rating,153,0,73
1777593126138,124,03 - POST /restaurants/5/reviews,401,Unauthorized,Virtual Users [200 threads] 1-106,text,false,"Review submission returned unexpected status (401 = bad token, 5xx = server error)",255,447,83,83,http://k8s-forkfind-forkfind-8e65d48af1-1990260306.us-east-1.elb.amazonaws.com/restaurants/5/reviews,124,0,0
1777593096207,30074,01 - POST /auth/user/login,Non HTTP response code: java.net.SocketTimeoutException,Non HTTP response message: Read timed out,Virtual Users [200 threads] 1-108,text,false,Login failed — check credentials in users.csv,2679,0,82,82,http://k8s-forkfind-forkfind-8e65d48af1-1990260306.us-east-1.elb.amazonaws.com/auth/user/login,0,0,72
1777593126135,165,02 - GET /restaurants (search),200,OK,Virtual Users [200 threads] 1-107,text,true,,790,311,82,82,http://k8s-forkfind-forkfind-8e65d48af1-1990260306.us-east-1.elb.amazonaws.com/restaurants?q=pizza&limit=12&sort=rating,165,0,69
1777593126301,69,03 - POST /restaurants/5/reviews,Non HTTP response code: java.net.SocketException,Non HTTP response message: Connection reset,Virtual Users [200 threads] 1-107,text,false,"Review submission returned unexpected status (401 = bad token, 5xx = server error)",2601,0,82,82,http://k8s-forkfind-forkfind-8e65d48af1-1990260306.us-east-1.elb.amazonaws.com/restaurants/5/reviews,0,0,0
1777593096358,30073,01 - POST /auth/user/login,Non HTTP response code: java.net.SocketTimeoutException,Non HTTP response message: Read timed out,Virtual Users [200 threads] 1-109,text,false,Login failed — check credentials in users.csv,2679,0,81,81,http://k8s-forkfind-forkfind-8e65d48af1-1990260306.us-east-1.elb.amazonaws.com/auth/user/login,0,0,72
1777593126282,161,02 - GET /restaurants (search),200,OK,Virtual Users [200 threads] 1-108,text,true,,790,311,81,81,http://k8s-forkfind-forkfind-8e65d48af1-1990260306.us-east-1.elb.amazonaws.com/restaurants?q=pizza&limit=12&sort=rating,161,0,69
1777593126443,74,03 - POST /restaurants/5/reviews,Non HTTP response code: java.net.SocketException,Non HTTP response message: Connection reset,Virtual Users [200 threads] 1-108,text,false,"Review submission returned unexpected status (401 = bad token, 5xx = server error)",2601,0,81,81,http://k8s-forkfind-forkfind-8e65d48af1-1990260306.us-east-1.elb.amazonaws.com/restaurants/5/reviews,0,0,0
1777593096509,30074,01 - POST /auth/user/login,Non HTTP response code: java.net.SocketTimeoutException,Non HTTP response message: Read timed out,Virtual Users [200 threads] 1-110,text,false,Login failed — check credentials in users.csv,2679,0,80,80,http://k8s-forkfind-forkfind-8e65d48af1-1990260306.us-east-1.elb.amazonaws.com/auth/user/login,0,0,72
1777593126432,157,02 - GET /restaurants (search),200,OK,Virtual Users [200 threads] 1-109,text,true,,790,311,80,80,http://k8s-forkfind-forkfind-8e65d48af1-1990260306.us-east-1.elb.amazonaws.com/restaurants?q=pizza&limit=12&sort=rating,157,0,76
1777593126589,68,03 - POST /restaurants/5/reviews,Non HTTP response code: java.net.SocketException,Non HTTP response message: Connection reset,Virtual Users [200 threads] 1-109,text,false,"Review submission returned unexpected status (401 = bad token, 5xx = server error)",2601,0,80,80,http://k8s-forkfind-forkfind-8e65d48af1-1990260306.us-east-1.elb.amazonaws.com/restaurants/5/reviews,0,0,0
1777593126584,146,02 - GET /restaurants (search),200,OK,Virtual Users [200 threads] 1-110,text,true,,790,311,79,79,http://k8s-forkfind-forkfind-8e65d48af1-1990260306.us-east-1.elb.amazonaws.com/restaurants?q=pizza&limit=12&sort=rating,146,0,73
1777593096658,30073,01 - POST /auth/user/login,Non HTTP response code: java.net.SocketTimeoutException,Non HTTP response message: Read timed out,Virtual Users [200 threads] 1-111,text,false,Login failed — check credentials in users.csv,2679,0,79,79,http://k8s-forkfind-forkfind-8e65d48af1-1990260306.us-east-1.elb.amazonaws.com/auth/user/login,0,0,72
1777593126730,68,03 - POST /restaurants/5/reviews,Non HTTP response code: java.net.SocketException,Non HTTP response message: Connection reset,Virtual Users [200 threads] 1-110,text,false,"Review submission returned unexpected status (401 = bad token, 5xx = server error)",2601,0,79,79,http://k8s-forkfind-forkfind-8e65d48af1-1990260306.us-east-1.elb.amazonaws.com/restaurants/5/reviews,0,0,0
1777593126732,142,02 - GET /restaurants (search),200,OK,Virtual Users [200 threads] 1-111,text,true,,790,311,78,78,http://k8s-forkfind-forkfind-8e65d48af1-1990260306.us-east-1.elb.amazonaws.com/restaurants?q=pizza&limit=12&sort=rating,142,0,64
1777593096804,30073,01 - POST /auth/user/login,Non HTTP response code: java.net.SocketTimeoutException,Non HTTP response message: Read timed out,Virtual Users [200 threads] 1-112,text,false,Login failed — check credentials in users.csv,2679,0,78,78,http://k8s-forkfind-forkfind-8e65d48af1-1990260306.us-east-1.elb.amazonaws.com/auth/user/login,0,0,71
1777593126875,155,03 - POST /restaurants/5/reviews,Non HTTP response code: java.net.SocketException,Non HTTP response message: Connection reset,Virtual Users [200 threads] 1-111,text,false,"Review submission returned unexpected status (401 = bad token, 5xx = server error)",2601,0,78,78,http://k8s-forkfind-forkfind-8e65d48af1-1990260306.us-east-1.elb.amazonaws.com/restaurants/5/reviews,0,0,0
1777593096956,30074,01 - POST /auth/user/login,Non HTTP response code: java.net.SocketTimeoutException,Non HTTP response message: Read timed out,Virtual Users [200 threads] 1-113,text,false,Login failed — check credentials in users.csv,2679,0,78,78,http://k8s-forkfind-forkfind-8e65d48af1-1990260306.us-east-1.elb.amazonaws.com/auth/user/login,0,0,72
1777593126878,254,02 - GET /restaurants (search),200,OK,Virtual Users [200 threads] 1-112,text,true,,790,311,77,77,http://k8s-forkfind-forkfind-8e65d48af1-1990260306.us-east-1.elb.amazonaws.com/restaurants?q=pizza&limit=12&sort=rating,254,0,152
1777593097108,30081,01 - POST /auth/user/login,Non HTTP response code: java.net.SocketTimeoutException,Non HTTP response message: Read timed out,Virtual Users [200 threads] 1-114,text,false,Login failed — check credentials in users.csv,2679,0,77,77,http://k8s-forkfind-forkfind-8e65d48af1-1990260306.us-east-1.elb.amazonaws.com/auth/user/login,0,0,79
1777593127132,84,03 - POST /restaurants/5/reviews,Non HTTP response code: java.net.SocketException,Non HTTP response message: Connection reset,Virtual Users [200 threads] 1-112,text,false,"Review submission returned unexpected status (401 = bad token, 5xx = server error)",2601,0,77,77,http://k8s-forkfind-forkfind-8e65d48af1-1990260306.us-east-1.elb.amazonaws.com/restaurants/5/reviews,0,0,0
1777593127032,185,02 - GET /restaurants (search),200,OK,Virtual Users [200 threads] 1-113,text,true,,790,311,77,77,http://k8s-forkfind-forkfind-8e65d48af1-1990260306.us-east-1.elb.amazonaws.com/restaurants?q=pizza&limit=12&sort=rating,185,0,99
1777593127217,94,03 - POST /restaurants/5/reviews,Non HTTP response code: java.net.SocketException,Non HTTP response message: Connection reset,Virtual Users [200 threads] 1-113,text,false,"Review submission returned unexpected status (401 = bad token, 5xx = server error)",2601,0,76,76,http://k8s-forkfind-forkfind-8e65d48af1-1990260306.us-east-1.elb.amazonaws.com/restaurants/5/reviews,0,0,0
1777593127191,139,02 - GET /restaurants (search),200,OK,Virtual Users [200 threads] 1-114,text,true,,790,311,75,75,http://k8s-forkfind-forkfind-8e65d48af1-1990260306.us-east-1.elb.amazonaws.com/restaurants?q=pizza&limit=12&sort=rating,139,0,69
1777593097255,30076,01 - POST /auth/user/login,Non HTTP response code: java.net.SocketTimeoutException,Non HTTP response message: Read timed out,Virtual Users [200 threads] 1-115,text,false,Login failed — check credentials in users.csv,2679,0,75,75,http://k8s-forkfind-forkfind-8e65d48af1-1990260306.us-east-1.elb.amazonaws.com/auth/user/login,0,0,74
1777593127331,67,03 - POST /restaurants/5/reviews,Non HTTP response code: java.net.SocketException,Non HTTP response message: Connection reset,Virtual Users [200 threads] 1-114,text,false,"Review submission returned unexpected status (401 = bad token, 5xx = server error)",2601,0,75,75,http://k8s-forkfind-forkfind-8e65d48af1-1990260306.us-east-1.elb.amazonaws.com/restaurants/5/reviews,0,0,0
1777593097408,30074,01 - POST /auth/user/login,Non HTTP response code: java.net.SocketTimeoutException,Non HTTP response message: Read timed out,Virtual Users [200 threads] 1-116,text,false,Login failed — check credentials in users.csv,2679,0,74,74,http://k8s-forkfind-forkfind-8e65d48af1-1990260306.us-east-1.elb.amazonaws.com/auth/user/login,0,0,72
1777593127333,154,02 - GET /restaurants (search),200,OK,Virtual Users [200 threads] 1-115,text,true,,790,311,74,74,http://k8s-forkfind-forkfind-8e65d48af1-1990260306.us-east-1.elb.amazonaws.com/restaurants?q=pizza&limit=12&sort=rating,153,0,79
1777593127487,68,03 - POST /restaurants/5/reviews,Non HTTP response code: java.net.SocketException,Non HTTP response message: Connection reset,Virtual Users [200 threads] 1-115,text,false,"Review submission returned unexpected status (401 = bad token, 5xx = server error)",2601,0,74,74,http://k8s-forkfind-forkfind-8e65d48af1-1990260306.us-east-1.elb.amazonaws.com/restaurants/5/reviews,0,0,0
1777593097557,30078,01 - POST /auth/user/login,Non HTTP response code: java.net.SocketTimeoutException,Non HTTP response message: Read timed out,Virtual Users [200 threads] 1-117,text,false,Login failed — check credentials in users.csv,2679,0,73,73,http://k8s-forkfind-forkfind-8e65d48af1-1990260306.us-east-1.elb.amazonaws.com/auth/user/login,0,0,76
1777593127484,153,02 - GET /restaurants (search),200,OK,Virtual Users [200 threads] 1-116,text,true,,790,311,73,73,http://k8s-forkfind-forkfind-8e65d48af1-1990260306.us-east-1.elb.amazonaws.com/restaurants?q=pizza&limit=12&sort=rating,153,0,65
1777593127638,67,03 - POST /restaurants/5/reviews,Non HTTP response code: java.net.SocketException,Non HTTP response message: Connection reset,Virtual Users [200 threads] 1-116,text,false,"Review submission returned unexpected status (401 = bad token, 5xx = server error)",2601,0,73,73,http://k8s-forkfind-forkfind-8e65d48af1-1990260306.us-east-1.elb.amazonaws.com/restaurants/5/reviews,0,0,0
1777593097708,30074,01 - POST /auth/user/login,Non HTTP response code: java.net.SocketTimeoutException,Non HTTP response message: Read timed out,Virtual Users [200 threads] 1-118,text,false,Login failed — check credentials in users.csv,2679,0,72,72,http://k8s-forkfind-forkfind-8e65d48af1-1990260306.us-east-1.elb.amazonaws.com/auth/user/login,0,0,72
1777593127637,146,02 - GET /restaurants (search),200,OK,Virtual Users [200 threads] 1-117,text,true,,790,311,72,72,http://k8s-forkfind-forkfind-8e65d48af1-1990260306.us-east-1.elb.amazonaws.com/restaurants?q=pizza&limit=12&sort=rating,146,0,67
1777593127784,111,03 - POST /restaurants/5/reviews,Non HTTP response code: java.net.SocketException,Non HTTP response message: Connection reset,Virtual Users [200 threads] 1-117,text,false,"Review submission returned unexpected status (401 = bad token, 5xx = server error)",2601,0,72,72,http://k8s-forkfind-forkfind-8e65d48af1-1990260306.us-east-1.elb.amazonaws.com/restaurants/5/reviews,0,0,0
1777593097859,30074,01 - POST /auth/user/login,Non HTTP response code: java.net.SocketTimeoutException,Non HTTP response message: Read timed out,Virtual Users [200 threads] 1-119,text,false,Login failed — check credentials in users.csv,2679,0,71,71,http://k8s-forkfind-forkfind-8e65d48af1-1990260306.us-east-1.elb.amazonaws.com/auth/user/login,0,0,71
1777593127783,191,02 - GET /restaurants (search),200,OK,Virtual Users [200 threads] 1-118,text,true,,790,311,71,71,http://k8s-forkfind-forkfind-8e65d48af1-1990260306.us-east-1.elb.amazonaws.com/restaurants?q=pizza&limit=12&sort=rating,191,0,111
1777593127975,68,03 - POST /restaurants/5/reviews,Non HTTP response code: java.net.SocketException,Non HTTP response message: Connection reset,Virtual Users [200 threads] 1-118,text,false,"Review submission returned unexpected status (401 = bad token, 5xx = server error)",2601,0,71,71,http://k8s-forkfind-forkfind-8e65d48af1-1990260306.us-east-1.elb.amazonaws.com/restaurants/5/reviews,0,0,0
1777593098008,30073,01 - POST /auth/user/login,Non HTTP response code: java.net.SocketTimeoutException,Non HTTP response message: Read timed out,Virtual Users [200 threads] 1-120,text,false,Login failed — check credentials in users.csv,2679,0,70,70,http://k8s-forkfind-forkfind-8e65d48af1-1990260306.us-east-1.elb.amazonaws.com/auth/user/login,0,0,71
1777593127934,150,02 - GET /restaurants (search),200,OK,Virtual Users [200 threads] 1-119,text,true,,790,311,70,70,http://k8s-forkfind-forkfind-8e65d48af1-1990260306.us-east-1.elb.amazonaws.com/restaurants?q=pizza&limit=12&sort=rating,150,0,70
1777593128084,67,03 - POST /restaurants/5/reviews,Non HTTP response code: java.net.SocketException,Non HTTP response message: Connection reset,Virtual Users [200 threads] 1-119,text,false,"Review submission returned unexpected status (401 = bad token, 5xx = server error)",2601,0,70,70,http://k8s-forkfind-forkfind-8e65d48af1-1990260306.us-east-1.elb.amazonaws.com/restaurants/5/reviews,0,0,0
1777593128082,140,02 - GET /restaurants (search),200,OK,Virtual Users [200 threads] 1-120,text,true,,790,311,69,69,http://k8s-forkfind-forkfind-8e65d48af1-1990260306.us-east-1.elb.amazonaws.com/restaurants?q=pizza&limit=12&sort=rating,140,0,67
1777593098157,30085,01 - POST /auth/user/login,Non HTTP response code: java.net.SocketTimeoutException,Non HTTP response message: Read timed out,Virtual Users [200 threads] 1-121,text,false,Login failed — check credentials in users.csv,2679,0,69,69,http://k8s-forkfind-forkfind-8e65d48af1-1990260306.us-east-1.elb.amazonaws.com/auth/user/login,0,0,83
1777593128223,86,03 - POST /restaurants/5/reviews,Non HTTP response code: java.net.SocketException,Non HTTP response message: Connection reset,Virtual Users [200 threads] 1-120,text,false,"Review submission returned unexpected status (401 = bad token, 5xx = server error)",2601,0,69,69,http://k8s-forkfind-forkfind-8e65d48af1-1990260306.us-east-1.elb.amazonaws.com/restaurants/5/reviews,0,0,0
1777593098306,30076,01 - POST /auth/user/login,Non HTTP response code: java.net.SocketTimeoutException,Non HTTP response message: Read timed out,Virtual Users [200 threads] 1-122,text,false,Login failed — check credentials in users.csv,2679,0,68,68,http://k8s-forkfind-forkfind-8e65d48af1-1990260306.us-east-1.elb.amazonaws.com/auth/user/login,0,0,73
1777593128243,149,02 - GET /restaurants (search),200,OK,Virtual Users [200 threads] 1-121,text,true,,790,311,68,68,http://k8s-forkfind-forkfind-8e65d48af1-1990260306.us-east-1.elb.amazonaws.com/restaurants?q=pizza&limit=12&sort=rating,149,0,66
1777593128392,67,03 - POST /restaurants/5/reviews,Non HTTP response code: java.net.SocketException,Non HTTP response message: Connection reset,Virtual Users [200 threads] 1-121,text,false,"Review submission returned unexpected status (401 = bad token, 5xx = server error)",2601,0,68,68,http://k8s-forkfind-forkfind-8e65d48af1-1990260306.us-east-1.elb.amazonaws.com/restaurants/5/reviews,0,0,0
1777593128385,138,02 - GET /restaurants (search),200,OK,Virtual Users [200 threads] 1-122,text,true,,790,311,67,67,http://k8s-forkfind-forkfind-8e65d48af1-1990260306.us-east-1.elb.amazonaws.com/restaurants?q=pizza&limit=12&sort=rating,138,0,67
1777593098458,30081,01 - POST /auth/user/login,Non HTTP response code: java.net.SocketTimeoutException,Non HTTP response message: Read timed out,Virtual Users [200 threads] 1-123,text,false,Login failed — check credentials in users.csv,2679,0,67,67,http://k8s-forkfind-forkfind-8e65d48af1-1990260306.us-east-1.elb.amazonaws.com/auth/user/login,0,0,80
1777593128524,69,03 - POST /restaurants/5/reviews,Non HTTP response code: java.net.SocketException,Non HTTP response message: Connection reset,Virtual Users [200 threads] 1-122,text,false,"Review submission returned unexpected status (401 = bad token, 5xx = server error)",2601,0,67,67,http://k8s-forkfind-forkfind-8e65d48af1-1990260306.us-east-1.elb.amazonaws.com/restaurants/5/reviews,0,0,0
1777593098605,30075,01 - POST /auth/user/login,Non HTTP response code: java.net.SocketTimeoutException,Non HTTP response message: Read timed out,Virtual Users [200 threads] 1-124,text,false,Login failed — check credentials in users.csv,2679,0,66,66,http://k8s-forkfind-forkfind-8e65d48af1-1990260306.us-east-1.elb.amazonaws.com/auth/user/login,0,0,73
1777593128540,144,02 - GET /restaurants (search),200,OK,Virtual Users [200 threads] 1-123,text,true,,790,311,66,66,http://k8s-forkfind-forkfind-8e65d48af1-1990260306.us-east-1.elb.amazonaws.com/restaurants?q=pizza&limit=12&sort=rating,144,0,65
1777593128685,68,03 - POST /restaurants/5/reviews,Non HTTP response code: java.net.SocketException,Non HTTP response message: Connection reset,Virtual Users [200 threads] 1-123,text,false,"Review submission returned unexpected status (401 = bad token, 5xx = server error)",2601,0,66,66,http://k8s-forkfind-forkfind-8e65d48af1-1990260306.us-east-1.elb.amazonaws.com/restaurants/5/reviews,0,0,0
1777593128682,141,02 - GET /restaurants (search),200,OK,Virtual Users [200 threads] 1-124,text,true,,790,311,65,65,http://k8s-forkfind-forkfind-8e65d48af1-1990260306.us-east-1.elb.amazonaws.com/restaurants?q=pizza&limit=12&sort=rating,140,0,67
1777593098755,30074,01 - POST /auth/user/login,Non HTTP response code: java.net.SocketTimeoutException,Non HTTP response message: Read timed out,Virtual Users [200 threads] 1-125,text,false,Login failed — check credentials in users.csv,2679,0,65,65,http://k8s-forkfind-forkfind-8e65d48af1-1990260306.us-east-1.elb.amazonaws.com/auth/user/login,0,0,72
1777593128823,76,03 - POST /restaurants/5/reviews,Non HTTP response code: java.net.SocketException,Non HTTP response message: Connection reset,Virtual Users [200 threads] 1-124,text,false,"Review submission returned unexpected status (401 = bad token, 5xx = server error)",2601,0,65,65,http://k8s-forkfind-forkfind-8e65d48af1-1990260306.us-east-1.elb.amazonaws.com/restaurants/5/reviews,0,0,0
1777593128830,136,02 - GET /restaurants (search),200,OK,Virtual Users [200 threads] 1-125,text,true,,790,311,64,64,http://k8s-forkfind-forkfind-8e65d48af1-1990260306.us-east-1.elb.amazonaws.com/restaurants?q=pizza&limit=12&sort=rating,136,0,66
1777593098905,30076,01 - POST /auth/user/login,Non HTTP response code: java.net.SocketTimeoutException,Non HTTP response message: Read timed out,Virtual Users [200 threads] 1-126,text,false,Login failed — check credentials in users.csv,2679,0,64,64,http://k8s-forkfind-forkfind-8e65d48af1-1990260306.us-east-1.elb.amazonaws.com/auth/user/login,0,0,74
1777593128967,68,03 - POST /restaurants/5/reviews,Non HTTP response code: java.net.SocketException,Non HTTP response message: Connection reset,Virtual Users [200 threads] 1-125,text,false,"Review submission returned unexpected status (401 = bad token, 5xx = server error)",2601,0,64,64,http://k8s-forkfind-forkfind-8e65d48af1-1990260306.us-east-1.elb.amazonaws.com/restaurants/5/reviews,0,0,0
1777593128982,141,02 - GET /restaurants (search),200,OK,Virtual Users [200 threads] 1-126,text,true,,790,311,63,63,http://k8s-forkfind-forkfind-8e65d48af1-1990260306.us-east-1.elb.amazonaws.com/restaurants?q=pizza&limit=12&sort=rating,141,0,66
1777593099056,30077,01 - POST /auth/user/login,Non HTTP response code: java.net.SocketTimeoutException,Non HTTP response message: Read timed out,Virtual Users [200 threads] 1-127,text,false,Login failed — check credentials in users.csv,2679,0,63,63,http://k8s-forkfind-forkfind-8e65d48af1-1990260306.us-east-1.elb.amazonaws.com/auth/user/login,0,0,75
1777593129124,69,03 - POST /restaurants/5/reviews,Non HTTP response code: java.net.SocketException,Non HTTP response message: Connection reset,Virtual Users [200 threads] 1-126,text,false,"Review submission returned unexpected status (401 = bad token, 5xx = server error)",2601,0,63,63,http://k8s-forkfind-forkfind-8e65d48af1-1990260306.us-east-1.elb.amazonaws.com/restaurants/5/reviews,0,0,0
1777593129135,137,02 - GET /restaurants (search),200,OK,Virtual Users [200 threads] 1-127,text,true,,790,311,62,62,http://k8s-forkfind-forkfind-8e65d48af1-1990260306.us-east-1.elb.amazonaws.com/restaurants?q=pizza&limit=12&sort=rating,137,0,65
1777593099205,30075,01 - POST /auth/user/login,Non HTTP response code: java.net.SocketTimeoutException,Non HTTP response message: Read timed out,Virtual Users [200 threads] 1-128,text,false,Login failed — check credentials in users.csv,2679,0,62,62,http://k8s-forkfind-forkfind-8e65d48af1-1990260306.us-east-1.elb.amazonaws.com/auth/user/login,0,0,74
1777593129272,69,03 - POST /restaurants/5/reviews,Non HTTP response code: java.net.SocketException,Non HTTP response message: Connection reset,Virtual Users [200 threads] 1-127,text,false,"Review submission returned unexpected status (401 = bad token, 5xx = server error)",2601,0,62,62,http://k8s-forkfind-forkfind-8e65d48af1-1990260306.us-east-1.elb.amazonaws.com/restaurants/5/reviews,0,0,0
1777593099359,30073,01 - POST /auth/user/login,Non HTTP response code: java.net.SocketTimeoutException,Non HTTP response message: Read timed out,Virtual Users [200 threads] 1-129,text,false,Login failed — check credentials in users.csv,2679,0,61,61,http://k8s-forkfind-forkfind-8e65d48af1-1990260306.us-east-1.elb.amazonaws.com/auth/user/login,0,0,72
1777593129281,163,02 - GET /restaurants (search),200,OK,Virtual Users [200 threads] 1-128,text,true,,790,311,61,61,http://k8s-forkfind-forkfind-8e65d48af1-1990260306.us-east-1.elb.amazonaws.com/restaurants?q=pizza&limit=12&sort=rating,163,0,93
1777593129444,82,03 - POST /restaurants/5/reviews,Non HTTP response code: java.net.SocketException,Non HTTP response message: Connection reset,Virtual Users [200 threads] 1-128,text,false,"Review submission returned unexpected status (401 = bad token, 5xx = server error)",2601,0,61,61,http://k8s-forkfind-forkfind-8e65d48af1-1990260306.us-east-1.elb.amazonaws.com/restaurants/5/reviews,0,0,0
1777593129433,138,02 - GET /restaurants (search),200,OK,Virtual Users [200 threads] 1-129,text,true,,790,311,60,60,http://k8s-forkfind-forkfind-8e65d48af1-1990260306.us-east-1.elb.amazonaws.com/restaurants?q=pizza&limit=12&sort=rating,138,0,67
1777593099505,30074,01 - POST /auth/user/login,Non HTTP response code: java.net.SocketTimeoutException,Non HTTP response message: Read timed out,Virtual Users [200 threads] 1-130,text,false,Login failed — check credentials in users.csv,2679,0,60,60,http://k8s-forkfind-forkfind-8e65d48af1-1990260306.us-east-1.elb.amazonaws.com/auth/user/login,0,0,73
1777593129572,73,03 - POST /restaurants/5/reviews,Non HTTP response code: java.net.SocketException,Non HTTP response message: Connection reset,Virtual Users [200 threads] 1-129,text,false,"Review submission returned unexpected status (401 = bad token, 5xx = server error)",2601,0,60,60,http://k8s-forkfind-forkfind-8e65d48af1-1990260306.us-east-1.elb.amazonaws.com/restaurants/5/reviews,0,0,0
1777593129580,140,02 - GET /restaurants (search),200,OK,Virtual Users [200 threads] 1-130,text,true,,790,311,59,59,http://k8s-forkfind-forkfind-8e65d48af1-1990260306.us-east-1.elb.amazonaws.com/restaurants?q=pizza&limit=12&sort=rating,140,0,66
1777593099657,30078,01 - POST /auth/user/login,Non HTTP response code: java.net.SocketTimeoutException,Non HTTP response message: Read timed out,Virtual Users [200 threads] 1-131,text,false,Login failed — check credentials in users.csv,2679,0,59,59,http://k8s-forkfind-forkfind-8e65d48af1-1990260306.us-east-1.elb.amazonaws.com/auth/user/login,0,0,76
1777593129721,75,03 - POST /restaurants/5/reviews,Non HTTP response code: java.net.SocketException,Non HTTP response message: Connection reset,Virtual Users [200 threads] 1-130,text,false,"Review submission returned unexpected status (401 = bad token, 5xx = server error)",2601,0,59,59,http://k8s-forkfind-forkfind-8e65d48af1-1990260306.us-east-1.elb.amazonaws.com/restaurants/5/reviews,0,0,0
1777593099803,30078,01 - POST /auth/user/login,Non HTTP response code: java.net.SocketTimeoutException,Non HTTP response message: Read timed out,Virtual Users [200 threads] 1-132,text,false,Login failed — check credentials in users.csv,2679,0,58,58,http://k8s-forkfind-forkfind-8e65d48af1-1990260306.us-east-1.elb.amazonaws.com/auth/user/login,0,0,76
1777593129736,146,02 - GET /restaurants (search),200,OK,Virtual Users [200 threads] 1-131,text,true,,790,311,58,58,http://k8s-forkfind-forkfind-8e65d48af1-1990260306.us-east-1.elb.amazonaws.com/restaurants?q=pizza&limit=12&sort=rating,146,0,69
1777593129882,67,03 - POST /restaurants/5/reviews,Non HTTP response code: java.net.SocketException,Non HTTP response message: Connection reset,Virtual Users [200 threads] 1-131,text,false,"Review submission returned unexpected status (401 = bad token, 5xx = server error)",2601,0,58,58,http://k8s-forkfind-forkfind-8e65d48af1-1990260306.us-east-1.elb.amazonaws.com/restaurants/5/reviews,0,0,0
1777593129882,140,02 - GET /restaurants (search),200,OK,Virtual Users [200 threads] 1-132,text,true,,790,311,57,57,http://k8s-forkfind-forkfind-8e65d48af1-1990260306.us-east-1.elb.amazonaws.com/restaurants?q=pizza&limit=12&sort=rating,140,0,66
1777593099956,30074,01 - POST /auth/user/login,Non HTTP response code: java.net.SocketTimeoutException,Non HTTP response message: Read timed out,Virtual Users [200 threads] 1-133,text,false,Login failed — check credentials in users.csv,2679,0,57,57,http://k8s-forkfind-forkfind-8e65d48af1-1990260306.us-east-1.elb.amazonaws.com/auth/user/login,0,0,72
1777593130023,72,03 - POST /restaurants/5/reviews,Non HTTP response code: java.net.SocketException,Non HTTP response message: Connection reset,Virtual Users [200 threads] 1-132,text,false,"Review submission returned unexpected status (401 = bad token, 5xx = server error)",2601,0,57,57,http://k8s-forkfind-forkfind-8e65d48af1-1990260306.us-east-1.elb.amazonaws.com/restaurants/5/reviews,0,0,0
1777593130031,138,02 - GET /restaurants (search),200,OK,Virtual Users [200 threads] 1-133,text,true,,790,311,56,56,http://k8s-forkfind-forkfind-8e65d48af1-1990260306.us-east-1.elb.amazonaws.com/restaurants?q=pizza&limit=12&sort=rating,138,0,67
1777593100106,30084,01 - POST /auth/user/login,Non HTTP response code: java.net.SocketTimeoutException,Non HTTP response message: Read timed out,Virtual Users [200 threads] 1-134,text,false,Login failed — check credentials in users.csv,2679,0,56,56,http://k8s-forkfind-forkfind-8e65d48af1-1990260306.us-east-1.elb.amazonaws.com/auth/user/login,0,0,81
1777593130170,69,03 - POST /restaurants/5/reviews,Non HTTP response code: java.net.SocketException,Non HTTP response message: Connection reset,Virtual Users [200 threads] 1-133,text,false,"Review submission returned unexpected status (401 = bad token, 5xx = server error)",2601,0,56,56,http://k8s-forkfind-forkfind-8e65d48af1-1990260306.us-east-1.elb.amazonaws.com/restaurants/5/reviews,0,0,0
1777593130191,141,02 - GET /restaurants (search),200,OK,Virtual Users [200 threads] 1-134,text,true,,790,311,55,55,http://k8s-forkfind-forkfind-8e65d48af1-1990260306.us-east-1.elb.amazonaws.com/restaurants?q=pizza&limit=12&sort=rating,141,0,69
1777593100258,30075,01 - POST /auth/user/login,Non HTTP response code: java.net.SocketTimeoutException,Non HTTP response message: Read timed out,Virtual Users [200 threads] 1-135,text,false,Login failed — check credentials in users.csv,2679,0,55,55,http://k8s-forkfind-forkfind-8e65d48af1-1990260306.us-east-1.elb.amazonaws.com/auth/user/login,0,0,73
1777593130333,67,03 - POST /restaurants/5/reviews,Non HTTP response code: java.net.SocketException,Non HTTP response message: Connection reset,Virtual Users [200 threads] 1-134,text,false,"Review submission returned unexpected status (401 = bad token, 5xx = server error)",2601,0,55,55,http://k8s-forkfind-forkfind-8e65d48af1-1990260306.us-east-1.elb.amazonaws.com/restaurants/5/reviews,0,0,0
1777593130334,142,02 - GET /restaurants (search),200,OK,Virtual Users [200 threads] 1-135,text,true,,790,311,54,54,http://k8s-forkfind-forkfind-8e65d48af1-1990260306.us-east-1.elb.amazonaws.com/restaurants?q=pizza&limit=12&sort=rating,142,0,66
1777593100406,30074,01 - POST /auth/user/login,Non HTTP response code: java.net.SocketTimeoutException,Non HTTP response message: Read timed out,Virtual Users [200 threads] 1-136,text,false,Login failed — check credentials in users.csv,2679,0,54,54,http://k8s-forkfind-forkfind-8e65d48af1-1990260306.us-east-1.elb.amazonaws.com/auth/user/login,0,0,72
1777593130477,77,03 - POST /restaurants/5/reviews,Non HTTP response code: java.net.SocketException,Non HTTP response message: Connection reset,Virtual Users [200 threads] 1-135,text,false,"Review submission returned unexpected status (401 = bad token, 5xx = server error)",2601,0,54,54,http://k8s-forkfind-forkfind-8e65d48af1-1990260306.us-east-1.elb.amazonaws.com/restaurants/5/reviews,0,0,0
1777593130481,146,02 - GET /restaurants (search),200,OK,Virtual Users [200 threads] 1-136,text,true,,790,311,53,53,http://k8s-forkfind-forkfind-8e65d48af1-1990260306.us-east-1.elb.amazonaws.com/restaurants?q=pizza&limit=12&sort=rating,146,0,73
1777593100559,30077,01 - POST /auth/user/login,Non HTTP response code: java.net.SocketTimeoutException,Non HTTP response message: Read timed out,Virtual Users [200 threads] 1-137,text,false,Login failed — check credentials in users.csv,2679,0,53,53,http://k8s-forkfind-forkfind-8e65d48af1-1990260306.us-east-1.elb.amazonaws.com/auth/user/login,0,0,75
1777593130628,78,03 - POST /restaurants/5/reviews,Non HTTP response code: java.net.SocketException,Non HTTP response message: Connection reset,Virtual Users [200 threads] 1-136,text,false,"Review submission returned unexpected status (401 = bad token, 5xx = server error)",2601,0,53,53,http://k8s-forkfind-forkfind-8e65d48af1-1990260306.us-east-1.elb.amazonaws.com/restaurants/5/reviews,0,0,0
1777593130636,140,02 - GET /restaurants (search),200,OK,Virtual Users [200 threads] 1-137,text,true,,790,311,52,52,http://k8s-forkfind-forkfind-8e65d48af1-1990260306.us-east-1.elb.amazonaws.com/restaurants?q=pizza&limit=12&sort=rating,140,0,69
1777593100709,30076,01 - POST /auth/user/login,Non HTTP response code: java.net.SocketTimeoutException,Non HTTP response message: Read timed out,Virtual Users [200 threads] 1-138,text,false,Login failed — check credentials in users.csv,2679,0,52,52,http://k8s-forkfind-forkfind-8e65d48af1-1990260306.us-east-1.elb.amazonaws.com/auth/user/login,0,0,74
1777593130777,68,03 - POST /restaurants/5/reviews,Non HTTP response code: java.net.SocketException,Non HTTP response message: Connection reset,Virtual Users [200 threads] 1-137,text,false,"Review submission returned unexpected status (401 = bad token, 5xx = server error)",2601,0,52,52,http://k8s-forkfind-forkfind-8e65d48af1-1990260306.us-east-1.elb.amazonaws.com/restaurants/5/reviews,0,0,0
1777593130785,144,02 - GET /restaurants (search),200,OK,Virtual Users [200 threads] 1-138,text,true,,790,311,51,51,http://k8s-forkfind-forkfind-8e65d48af1-1990260306.us-east-1.elb.amazonaws.com/restaurants?q=pizza&limit=12&sort=rating,144,0,74
1777593100860,30073,01 - POST /auth/user/login,Non HTTP response code: java.net.SocketTimeoutException,Non HTTP response message: Read timed out,Virtual Users [200 threads] 1-139,text,false,Login failed — check credentials in users.csv,2679,0,51,51,http://k8s-forkfind-forkfind-8e65d48af1-1990260306.us-east-1.elb.amazonaws.com/auth/user/login,0,0,71
1777593130930,75,03 - POST /restaurants/5/reviews,Non HTTP response code: java.net.SocketException,Non HTTP response message: Connection reset,Virtual Users [200 threads] 1-138,text,false,"Review submission returned unexpected status (401 = bad token, 5xx = server error)",2601,0,51,51,http://k8s-forkfind-forkfind-8e65d48af1-1990260306.us-east-1.elb.amazonaws.com/restaurants/5/reviews,0,0,0
1777593130933,140,02 - GET /restaurants (search),200,OK,Virtual Users [200 threads] 1-139,text,true,,790,311,50,50,http://k8s-forkfind-forkfind-8e65d48af1-1990260306.us-east-1.elb.amazonaws.com/restaurants?q=pizza&limit=12&sort=rating,140,0,66
1777593101009,30075,01 - POST /auth/user/login,Non HTTP response code: java.net.SocketTimeoutException,Non HTTP response message: Read timed out,Virtual Users [200 threads] 1-140,text,false,Login failed — check credentials in users.csv,2679,0,50,50,http://k8s-forkfind-forkfind-8e65d48af1-1990260306.us-east-1.elb.amazonaws.com/auth/user/login,0,0,73
1777593131074,69,03 - POST /restaurants/5/reviews,Non HTTP response code: java.net.SocketException,Non HTTP response message: Connection reset,Virtual Users [200 threads] 1-139,text,false,"Review submission returned unexpected status (401 = bad token, 5xx = server error)",2601,0,50,50,http://k8s-forkfind-forkfind-8e65d48af1-1990260306.us-east-1.elb.amazonaws.com/restaurants/5/reviews,0,0,0
1777593131084,139,02 - GET /restaurants (search),200,OK,Virtual Users [200 threads] 1-140,text,true,,790,311,49,49,http://k8s-forkfind-forkfind-8e65d48af1-1990260306.us-east-1.elb.amazonaws.com/restaurants?q=pizza&limit=12&sort=rating,139,0,65
1777593101152,30073,01 - POST /auth/user/login,Non HTTP response code: java.net.SocketTimeoutException,Non HTTP response message: Read timed out,Virtual Users [200 threads] 1-141,text,false,Login failed — check credentials in users.csv,2679,0,49,49,http://k8s-forkfind-forkfind-8e65d48af1-1990260306.us-east-1.elb.amazonaws.com/auth/user/login,0,0,71
1777593131224,72,03 - POST /restaurants/5/reviews,Non HTTP response code: java.net.SocketException,Non HTTP response message: Connection reset,Virtual Users [200 threads] 1-140,text,false,"Review submission returned unexpected status (401 = bad token, 5xx = server error)",2601,0,49,49,http://k8s-forkfind-forkfind-8e65d48af1-1990260306.us-east-1.elb.amazonaws.com/restaurants/5/reviews,0,0,0
1777593131225,143,02 - GET /restaurants (search),200,OK,Virtual Users [200 threads] 1-141,text,true,,790,311,48,48,http://k8s-forkfind-forkfind-8e65d48af1-1990260306.us-east-1.elb.amazonaws.com/restaurants?q=pizza&limit=12&sort=rating,143,0,71
1777593101306,30076,01 - POST /auth/user/login,Non HTTP response code: java.net.SocketTimeoutException,Non HTTP response message: Read timed out,Virtual Users [200 threads] 1-142,text,false,Login failed — check credentials in users.csv,2679,0,48,48,http://k8s-forkfind-forkfind-8e65d48af1-1990260306.us-east-1.elb.amazonaws.com/auth/user/login,0,0,74
1777593131368,69,03 - POST /restaurants/5/reviews,Non HTTP response code: java.net.SocketException,Non HTTP response message: Connection reset,Virtual Users [200 threads] 1-141,text,false,"Review submission returned unexpected status (401 = bad token, 5xx = server error)",2601,0,48,48,http://k8s-forkfind-forkfind-8e65d48af1-1990260306.us-east-1.elb.amazonaws.com/restaurants/5/reviews,0,0,0
1777593131383,135,02 - GET /restaurants (search),200,OK,Virtual Users [200 threads] 1-142,text,true,,790,311,47,47,http://k8s-forkfind-forkfind-8e65d48af1-1990260306.us-east-1.elb.amazonaws.com/restaurants?q=pizza&limit=12&sort=rating,135,0,65
1777593101459,30075,01 - POST /auth/user/login,Non HTTP response code: java.net.SocketTimeoutException,Non HTTP response message: Read timed out,Virtual Users [200 threads] 1-143,text,false,Login failed — check credentials in users.csv,2679,0,47,47,http://k8s-forkfind-forkfind-8e65d48af1-1990260306.us-east-1.elb.amazonaws.com/auth/user/login,0,0,73
1777593131518,75,03 - POST /restaurants/5/reviews,Non HTTP response code: java.net.SocketException,Non HTTP response message: Connection reset,Virtual Users [200 threads] 1-142,text,false,"Review submission returned unexpected status (401 = bad token, 5xx = server error)",2601,0,47,47,http://k8s-forkfind-forkfind-8e65d48af1-1990260306.us-east-1.elb.amazonaws.com/restaurants/5/reviews,0,0,0
1777593101606,30077,01 - POST /auth/user/login,Non HTTP response code: java.net.SocketTimeoutException,Non HTTP response message: Read timed out,Virtual Users [200 threads] 1-144,text,false,Login failed — check credentials in users.csv,2679,0,46,46,http://k8s-forkfind-forkfind-8e65d48af1-1990260306.us-east-1.elb.amazonaws.com/auth/user/login,0,0,75
1777593131535,152,02 - GET /restaurants (search),200,OK,Virtual Users [200 threads] 1-143,text,true,,790,311,46,46,http://k8s-forkfind-forkfind-8e65d48af1-1990260306.us-east-1.elb.amazonaws.com/restaurants?q=pizza&limit=12&sort=rating,152,0,74
1777593131688,79,03 - POST /restaurants/5/reviews,Non HTTP response code: java.net.SocketException,Non HTTP response message: Connection reset,Virtual Users [200 threads] 1-143,text,false,"Review submission returned unexpected status (401 = bad token, 5xx = server error)",2601,0,46,46,http://k8s-forkfind-forkfind-8e65d48af1-1990260306.us-east-1.elb.amazonaws.com/restaurants/5/reviews,0,0,0
1777593101755,30073,01 - POST /auth/user/login,Non HTTP response code: java.net.SocketTimeoutException,Non HTTP response message: Read timed out,Virtual Users [200 threads] 1-145,text,false,Login failed — check credentials in users.csv,2679,0,45,45,http://k8s-forkfind-forkfind-8e65d48af1-1990260306.us-east-1.elb.amazonaws.com/auth/user/login,0,0,71
1777593131683,157,02 - GET /restaurants (search),200,OK,Virtual Users [200 threads] 1-144,text,true,,790,311,45,45,http://k8s-forkfind-forkfind-8e65d48af1-1990260306.us-east-1.elb.amazonaws.com/restaurants?q=pizza&limit=12&sort=rating,157,0,84
1777593131841,73,03 - POST /restaurants/5/reviews,Non HTTP response code: java.net.SocketException,Non HTTP response message: Connection reset,Virtual Users [200 threads] 1-144,text,false,"Review submission returned unexpected status (401 = bad token, 5xx = server error)",2601,0,45,45,http://k8s-forkfind-forkfind-8e65d48af1-1990260306.us-east-1.elb.amazonaws.com/restaurants/5/reviews,0,0,0
1777593131829,137,02 - GET /restaurants (search),200,OK,Virtual Users [200 threads] 1-145,text,true,,790,311,44,44,http://k8s-forkfind-forkfind-8e65d48af1-1990260306.us-east-1.elb.amazonaws.com/restaurants?q=pizza&limit=12&sort=rating,137,0,65
1777593101906,30076,01 - POST /auth/user/login,Non HTTP response code: java.net.SocketTimeoutException,Non HTTP response message: Read timed out,Virtual Users [200 threads] 1-146,text,false,Login failed — check credentials in users.csv,2679,0,44,44,http://k8s-forkfind-forkfind-8e65d48af1-1990260306.us-east-1.elb.amazonaws.com/auth/user/login,0,0,73
1777593131967,68,03 - POST /restaurants/5/reviews,Non HTTP response code: java.net.SocketException,Non HTTP response message: Connection reset,Virtual Users [200 threads] 1-145,text,false,"Review submission returned unexpected status (401 = bad token, 5xx = server error)",2601,0,44,44,http://k8s-forkfind-forkfind-8e65d48af1-1990260306.us-east-1.elb.amazonaws.com/restaurants/5/reviews,0,0,0
1777593131982,143,02 - GET /restaurants (search),200,OK,Virtual Users [200 threads] 1-146,text,true,,790,311,43,43,http://k8s-forkfind-forkfind-8e65d48af1-1990260306.us-east-1.elb.amazonaws.com/restaurants?q=pizza&limit=12&sort=rating,143,0,67
1777593102055,30075,01 - POST /auth/user/login,Non HTTP response code: java.net.SocketTimeoutException,Non HTTP response message: Read timed out,Virtual Users [200 threads] 1-147,text,false,Login failed — check credentials in users.csv,2679,0,43,43,http://k8s-forkfind-forkfind-8e65d48af1-1990260306.us-east-1.elb.amazonaws.com/auth/user/login,0,0,73
1777593132126,72,03 - POST /restaurants/5/reviews,Non HTTP response code: java.net.SocketException,Non HTTP response message: Connection reset,Virtual Users [200 threads] 1-146,text,false,"Review submission returned unexpected status (401 = bad token, 5xx = server error)",2601,0,43,43,http://k8s-forkfind-forkfind-8e65d48af1-1990260306.us-east-1.elb.amazonaws.com/restaurants/5/reviews,0,0,0
1777593132130,159,02 - GET /restaurants (search),200,OK,Virtual Users [200 threads] 1-147,text,true,,790,311,42,42,http://k8s-forkfind-forkfind-8e65d48af1-1990260306.us-east-1.elb.amazonaws.com/restaurants?q=pizza&limit=12&sort=rating,159,0,68
1777593102210,30084,01 - POST /auth/user/login,Non HTTP response code: java.net.SocketTimeoutException,Non HTTP response message: Read timed out,Virtual Users [200 threads] 1-148,text,false,Login failed — check credentials in users.csv,2679,0,42,42,http://k8s-forkfind-forkfind-8e65d48af1-1990260306.us-east-1.elb.amazonaws.com/auth/user/login,0,0,82
1777593132290,73,03 - POST /restaurants/5/reviews,Non HTTP response code: java.net.SocketException,Non HTTP response message: Connection reset,Virtual Users [200 threads] 1-147,text,false,"Review submission returned unexpected status (401 = bad token, 5xx = server error)",2601,0,42,42,http://k8s-forkfind-forkfind-8e65d48af1-1990260306.us-east-1.elb.amazonaws.com/restaurants/5/reviews,0,0,0
1777593132294,134,02 - GET /restaurants (search),200,OK,Virtual Users [200 threads] 1-148,text,true,,790,311,41,41,http://k8s-forkfind-forkfind-8e65d48af1-1990260306.us-east-1.elb.amazonaws.com/restaurants?q=pizza&limit=12&sort=rating,134,0,64
1777593102357,30078,01 - POST /auth/user/login,Non HTTP response code: java.net.SocketTimeoutException,Non HTTP response message: Read timed out,Virtual Users [200 threads] 1-149,text,false,Login failed — check credentials in users.csv,2679,0,41,41,http://k8s-forkfind-forkfind-8e65d48af1-1990260306.us-east-1.elb.amazonaws.com/auth/user/login,0,0,76
1777593132429,67,03 - POST /restaurants/5/reviews,Non HTTP response code: java.net.SocketException,Non HTTP response message: Connection reset,Virtual Users [200 threads] 1-148,text,false,"Review submission returned unexpected status (401 = bad token, 5xx = server error)",2601,0,41,41,http://k8s-forkfind-forkfind-8e65d48af1-1990260306.us-east-1.elb.amazonaws.com/restaurants/5/reviews,0,0,0
1777593132435,134,02 - GET /restaurants (search),200,OK,Virtual Users [200 threads] 1-149,text,true,,790,311,40,40,http://k8s-forkfind-forkfind-8e65d48af1-1990260306.us-east-1.elb.amazonaws.com/restaurants?q=pizza&limit=12&sort=rating,134,0,64
1777593102507,30083,01 - POST /auth/user/login,Non HTTP response code: java.net.SocketTimeoutException,Non HTTP response message: Read timed out,Virtual Users [200 threads] 1-150,text,false,Login failed — check credentials in users.csv,2679,0,40,40,http://k8s-forkfind-forkfind-8e65d48af1-1990260306.us-east-1.elb.amazonaws.com/auth/user/login,0,0,81
1777593132570,67,03 - POST /restaurants/5/reviews,Non HTTP response code: java.net.SocketException,Non HTTP response message: Connection reset,Virtual Users [200 threads] 1-149,text,false,"Review submission returned unexpected status (401 = bad token, 5xx = server error)",2601,0,40,40,http://k8s-forkfind-forkfind-8e65d48af1-1990260306.us-east-1.elb.amazonaws.com/restaurants/5/reviews,0,0,0
1777593102656,30075,01 - POST /auth/user/login,Non HTTP response code: java.net.SocketTimeoutException,Non HTTP response message: Read timed out,Virtual Users [200 threads] 1-151,text,false,Login failed — check credentials in users.csv,2679,0,39,39,http://k8s-forkfind-forkfind-8e65d48af1-1990260306.us-east-1.elb.amazonaws.com/auth/user/login,0,0,73
1777593132590,141,02 - GET /restaurants (search),200,OK,Virtual Users [200 threads] 1-150,text,true,,790,311,39,39,http://k8s-forkfind-forkfind-8e65d48af1-1990260306.us-east-1.elb.amazonaws.com/restaurants?q=pizza&limit=12&sort=rating,141,0,68
1777593132732,68,03 - POST /restaurants/5/reviews,Non HTTP response code: java.net.SocketException,Non HTTP response message: Connection reset,Virtual Users [200 threads] 1-150,text,false,"Review submission returned unexpected status (401 = bad token, 5xx = server error)",2601,0,39,39,http://k8s-forkfind-forkfind-8e65d48af1-1990260306.us-east-1.elb.amazonaws.com/restaurants/5/reviews,0,0,0
1777593102803,30072,01 - POST /auth/user/login,Non HTTP response code: java.net.SocketTimeoutException,Non HTTP response message: Read timed out,Virtual Users [200 threads] 1-152,text,false,Login failed — check credentials in users.csv,2679,0,38,38,http://k8s-forkfind-forkfind-8e65d48af1-1990260306.us-east-1.elb.amazonaws.com/auth/user/login,0,0,71
1777593132732,153,02 - GET /restaurants (search),200,OK,Virtual Users [200 threads] 1-151,text,true,,790,311,38,38,http://k8s-forkfind-forkfind-8e65d48af1-1990260306.us-east-1.elb.amazonaws.com/restaurants?q=pizza&limit=12&sort=rating,153,0,68
1777593132886,73,03 - POST /restaurants/5/reviews,Non HTTP response code: java.net.SocketException,Non HTTP response message: Connection reset,Virtual Users [200 threads] 1-151,text,false,"Review submission returned unexpected status (401 = bad token, 5xx = server error)",2601,0,38,38,http://k8s-forkfind-forkfind-8e65d48af1-1990260306.us-east-1.elb.amazonaws.com/restaurants/5/reviews,0,0,0
1777593132876,137,02 - GET /restaurants (search),200,OK,Virtual Users [200 threads] 1-152,text,true,,790,311,37,37,http://k8s-forkfind-forkfind-8e65d48af1-1990260306.us-east-1.elb.amazonaws.com/restaurants?q=pizza&limit=12&sort=rating,137,0,67
1777593102956,30072,01 - POST /auth/user/login,Non HTTP response code: java.net.SocketTimeoutException,Non HTTP response message: Read timed out,Virtual Users [200 threads] 1-153,text,false,Login failed — check credentials in users.csv,2679,0,37,37,http://k8s-forkfind-forkfind-8e65d48af1-1990260306.us-east-1.elb.amazonaws.com/auth/user/login,0,0,70
1777593133013,80,03 - POST /restaurants/5/reviews,Non HTTP response code: java.net.SocketException,Non HTTP response message: Connection reset,Virtual Users [200 threads] 1-152,text,false,"Review submission returned unexpected status (401 = bad token, 5xx = server error)",2601,0,37,37,http://k8s-forkfind-forkfind-8e65d48af1-1990260306.us-east-1.elb.amazonaws.com/restaurants/5/reviews,0,0,0
1777593133028,145,02 - GET /restaurants (search),200,OK,Virtual Users [200 threads] 1-153,text,true,,790,311,36,36,http://k8s-forkfind-forkfind-8e65d48af1-1990260306.us-east-1.elb.amazonaws.com/restaurants?q=pizza&limit=12&sort=rating,145,0,73
1777593103106,30081,01 - POST /auth/user/login,Non HTTP response code: java.net.SocketTimeoutException,Non HTTP response message: Read timed out,Virtual Users [200 threads] 1-154,text,false,Login failed — check credentials in users.csv,2679,0,36,36,http://k8s-forkfind-forkfind-8e65d48af1-1990260306.us-east-1.elb.amazonaws.com/auth/user/login,0,0,79
1777593133174,71,03 - POST /restaurants/5/reviews,Non HTTP response code: java.net.SocketException,Non HTTP response message: Connection reset,Virtual Users [200 threads] 1-153,text,false,"Review submission returned unexpected status (401 = bad token, 5xx = server error)",2601,0,36,36,http://k8s-forkfind-forkfind-8e65d48af1-1990260306.us-east-1.elb.amazonaws.com/restaurants/5/reviews,0,0,0
1777593103250,30072,01 - POST /auth/user/login,Non HTTP response code: java.net.SocketTimeoutException,Non HTTP response message: Read timed out,Virtual Users [200 threads] 1-155,text,false,Login failed — check credentials in users.csv,2679,0,35,35,http://k8s-forkfind-forkfind-8e65d48af1-1990260306.us-east-1.elb.amazonaws.com/auth/user/login,0,0,70
1777593133187,140,02 - GET /restaurants (search),200,OK,Virtual Users [200 threads] 1-154,text,true,,790,311,35,35,http://k8s-forkfind-forkfind-8e65d48af1-1990260306.us-east-1.elb.amazonaws.com/restaurants?q=pizza&limit=12&sort=rating,140,0,69
1777593133328,79,03 - POST /restaurants/5/reviews,Non HTTP response code: java.net.SocketException,Non HTTP response message: Connection reset,Virtual Users [200 threads] 1-154,text,false,"Review submission returned unexpected status (401 = bad token, 5xx = server error)",2601,0,35,35,http://k8s-forkfind-forkfind-8e65d48af1-1990260306.us-east-1.elb.amazonaws.com/restaurants/5/reviews,0,0,0
1777593103399,30074,01 - POST /auth/user/login,Non HTTP response code: java.net.SocketTimeoutException,Non HTTP response message: Read timed out,Virtual Users [200 threads] 1-156,text,false,Login failed — check credentials in users.csv,2679,0,34,34,http://k8s-forkfind-forkfind-8e65d48af1-1990260306.us-east-1.elb.amazonaws.com/auth/user/login,0,0,72
1777593133473,149,02 - GET /restaurants (search),200,OK,Virtual Users [200 threads] 1-156,text,true,,790,311,34,34,http://k8s-forkfind-forkfind-8e65d48af1-1990260306.us-east-1.elb.amazonaws.com/restaurants?q=pizza&limit=12&sort=rating,149,0,75
1777593103551,30083,01 - POST /auth/user/login,Non HTTP response code: java.net.SocketTimeoutException,Non HTTP response message: Read timed out,Virtual Users [200 threads] 1-157,text,false,Login failed — check credentials in users.csv,2679,0,34,34,http://k8s-forkfind-forkfind-8e65d48af1-1990260306.us-east-1.elb.amazonaws.com/auth/user/login,0,0,81
1777593133623,73,03 - POST /restaurants/5/reviews,Non HTTP response code: java.net.SocketException,Non HTTP response message: Connection reset,Virtual Users [200 threads] 1-156,text,false,"Review submission returned unexpected status (401 = bad token, 5xx = server error)",2601,0,34,34,http://k8s-forkfind-forkfind-8e65d48af1-1990260306.us-east-1.elb.amazonaws.com/restaurants/5/reviews,0,0,0
1777593103706,30075,01 - POST /auth/user/login,Non HTTP response code: java.net.SocketTimeoutException,Non HTTP response message: Read timed out,Virtual Users [200 threads] 1-158,text,false,Login failed — check credentials in users.csv,2679,0,33,33,http://k8s-forkfind-forkfind-8e65d48af1-1990260306.us-east-1.elb.amazonaws.com/auth/user/login,0,0,73
1777593133634,186,02 - GET /restaurants (search),200,OK,Virtual Users [200 threads] 1-157,text,true,,790,311,33,33,http://k8s-forkfind-forkfind-8e65d48af1-1990260306.us-east-1.elb.amazonaws.com/restaurants?q=pizza&limit=12&sort=rating,186,0,65
1777593133821,68,03 - POST /restaurants/5/reviews,Non HTTP response code: java.net.SocketException,Non HTTP response message: Connection reset,Virtual Users [200 threads] 1-157,text,false,"Review submission returned unexpected status (401 = bad token, 5xx = server error)",2601,0,33,33,http://k8s-forkfind-forkfind-8e65d48af1-1990260306.us-east-1.elb.amazonaws.com/restaurants/5/reviews,0,0,0
1777593133781,143,02 - GET /restaurants (search),200,OK,Virtual Users [200 threads] 1-158,text,true,,790,311,32,32,http://k8s-forkfind-forkfind-8e65d48af1-1990260306.us-east-1.elb.amazonaws.com/restaurants?q=pizza&limit=12&sort=rating,143,0,69
1777593103856,30074,01 - POST /auth/user/login,Non HTTP response code: java.net.SocketTimeoutException,Non HTTP response message: Read timed out,Virtual Users [200 threads] 1-159,text,false,Login failed — check credentials in users.csv,2679,0,32,32,http://k8s-forkfind-forkfind-8e65d48af1-1990260306.us-east-1.elb.amazonaws.com/auth/user/login,0,0,72
1777593133925,81,03 - POST /restaurants/5/reviews,Non HTTP response code: java.net.SocketException,Non HTTP response message: Connection reset,Virtual Users [200 threads] 1-158,text,false,"Review submission returned unexpected status (401 = bad token, 5xx = server error)",2601,0,32,32,http://k8s-forkfind-forkfind-8e65d48af1-1990260306.us-east-1.elb.amazonaws.com/restaurants/5/reviews,0,0,0
1777593104006,30076,01 - POST /auth/user/login,Non HTTP response code: java.net.SocketTimeoutException,Non HTTP response message: Read timed out,Virtual Users [200 threads] 1-160,text,false,Login failed — check credentials in users.csv,2679,0,31,31,http://k8s-forkfind-forkfind-8e65d48af1-1990260306.us-east-1.elb.amazonaws.com/auth/user/login,0,0,74
1777593133930,188,02 - GET /restaurants (search),200,OK,Virtual Users [200 threads] 1-159,text,true,,790,311,31,31,http://k8s-forkfind-forkfind-8e65d48af1-1990260306.us-east-1.elb.amazonaws.com/restaurants?q=pizza&limit=12&sort=rating,188,0,76
1777593134119,75,03 - POST /restaurants/5/reviews,Non HTTP response code: java.net.SocketException,Non HTTP response message: Connection reset,Virtual Users [200 threads] 1-159,text,false,"Review submission returned unexpected status (401 = bad token, 5xx = server error)",2601,0,31,31,http://k8s-forkfind-forkfind-8e65d48af1-1990260306.us-east-1.elb.amazonaws.com/restaurants/5/reviews,0,0,0
1777593134083,139,02 - GET /restaurants (search),200,OK,Virtual Users [200 threads] 1-160,text,true,,790,311,30,30,http://k8s-forkfind-forkfind-8e65d48af1-1990260306.us-east-1.elb.amazonaws.com/restaurants?q=pizza&limit=12&sort=rating,139,0,67
1777593104156,30089,01 - POST /auth/user/login,Non HTTP response code: java.net.SocketTimeoutException,Non HTTP response message: Read timed out,Virtual Users [200 threads] 1-161,text,false,Login failed — check credentials in users.csv,2679,0,30,30,http://k8s-forkfind-forkfind-8e65d48af1-1990260306.us-east-1.elb.amazonaws.com/auth/user/login,0,0,87
1777593134223,72,03 - POST /restaurants/5/reviews,Non HTTP response code: java.net.SocketException,Non HTTP response message: Connection reset,Virtual Users [200 threads] 1-160,text,false,"Review submission returned unexpected status (401 = bad token, 5xx = server error)",2601,0,30,30,http://k8s-forkfind-forkfind-8e65d48af1-1990260306.us-east-1.elb.amazonaws.com/restaurants/5/reviews,0,0,0
1777593104306,30074,01 - POST /auth/user/login,Non HTTP response code: java.net.SocketTimeoutException,Non HTTP response message: Read timed out,Virtual Users [200 threads] 1-162,text,false,Login failed — check credentials in users.csv,2679,0,29,29,http://k8s-forkfind-forkfind-8e65d48af1-1990260306.us-east-1.elb.amazonaws.com/auth/user/login,0,0,72
1777593134245,166,02 - GET /restaurants (search),200,OK,Virtual Users [200 threads] 1-161,text,true,,790,311,29,29,http://k8s-forkfind-forkfind-8e65d48af1-1990260306.us-east-1.elb.amazonaws.com/restaurants?q=pizza&limit=12&sort=rating,166,0,70
1777593134411,70,03 - POST /restaurants/5/reviews,Non HTTP response code: java.net.SocketException,Non HTTP response message: Connection reset,Virtual Users [200 threads] 1-161,text,false,"Review submission returned unexpected status (401 = bad token, 5xx = server error)",2601,0,29,29,http://k8s-forkfind-forkfind-8e65d48af1-1990260306.us-east-1.elb.amazonaws.com/restaurants/5/reviews,0,0,0
1777593133323,1171,02 - GET /restaurants (search),200,OK,Virtual Users [200 threads] 1-155,text,true,,790,311,28,28,http://k8s-forkfind-forkfind-8e65d48af1-1990260306.us-east-1.elb.amazonaws.com/restaurants?q=pizza&limit=12&sort=rating,1171,0,1066
1777593134381,137,02 - GET /restaurants (search),200,OK,Virtual Users [200 threads] 1-162,text,true,,790,311,28,28,http://k8s-forkfind-forkfind-8e65d48af1-1990260306.us-east-1.elb.amazonaws.com/restaurants?q=pizza&limit=12&sort=rating,137,0,66
1777593104455,30077,01 - POST /auth/user/login,Non HTTP response code: java.net.SocketTimeoutException,Non HTTP response message: Read timed out,Virtual Users [200 threads] 1-163,text,false,Login failed — check credentials in users.csv,2679,0,28,28,http://k8s-forkfind-forkfind-8e65d48af1-1990260306.us-east-1.elb.amazonaws.com/auth/user/login,0,0,74
1777593134495,67,03 - POST /restaurants/5/reviews,Non HTTP response code: java.net.SocketException,Non HTTP response message: Connection reset,Virtual Users [200 threads] 1-155,text,false,"Review submission returned unexpected status (401 = bad token, 5xx = server error)",2601,0,28,28,http://k8s-forkfind-forkfind-8e65d48af1-1990260306.us-east-1.elb.amazonaws.com/restaurants/5/reviews,0,0,0
1777593134519,69,03 - POST /restaurants/5/reviews,Non HTTP response code: java.net.SocketException,Non HTTP response message: Connection reset,Virtual Users [200 threads] 1-162,text,false,"Review submission returned unexpected status (401 = bad token, 5xx = server error)",2601,0,27,27,http://k8s-forkfind-forkfind-8e65d48af1-1990260306.us-east-1.elb.amazonaws.com/restaurants/5/reviews,0,0,0
1777593104605,30078,01 - POST /auth/user/login,Non HTTP response code: java.net.SocketTimeoutException,Non HTTP response message: Read timed out,Virtual Users [200 threads] 1-164,text,false,Login failed — check credentials in users.csv,2679,0,26,26,http://k8s-forkfind-forkfind-8e65d48af1-1990260306.us-east-1.elb.amazonaws.com/auth/user/login,0,0,75
1777593134532,156,02 - GET /restaurants (search),200,OK,Virtual Users [200 threads] 1-163,text,true,,790,311,26,26,http://k8s-forkfind-forkfind-8e65d48af1-1990260306.us-east-1.elb.amazonaws.com/restaurants?q=pizza&limit=12&sort=rating,156,0,68
1777593134688,78,03 - POST /restaurants/5/reviews,Non HTTP response code: java.net.SocketException,Non HTTP response message: Connection reset,Virtual Users [200 threads] 1-163,text,false,"Review submission returned unexpected status (401 = bad token, 5xx = server error)",2601,0,26,26,http://k8s-forkfind-forkfind-8e65d48af1-1990260306.us-east-1.elb.amazonaws.com/restaurants/5/reviews,0,0,0
1777593104752,30073,01 - POST /auth/user/login,Non HTTP response code: java.net.SocketTimeoutException,Non HTTP response message: Read timed out,Virtual Users [200 threads] 1-165,text,false,Login failed — check credentials in users.csv,2679,0,25,25,http://k8s-forkfind-forkfind-8e65d48af1-1990260306.us-east-1.elb.amazonaws.com/auth/user/login,0,0,71
1777593134683,145,02 - GET /restaurants (search),200,OK,Virtual Users [200 threads] 1-164,text,true,,790,311,25,25,http://k8s-forkfind-forkfind-8e65d48af1-1990260306.us-east-1.elb.amazonaws.com/restaurants?q=pizza&limit=12&sort=rating,145,0,70
1777593134828,69,03 - POST /restaurants/5/reviews,Non HTTP response code: java.net.SocketException,Non HTTP response message: Connection reset,Virtual Users [200 threads] 1-164,text,false,"Review submission returned unexpected status (401 = bad token, 5xx = server error)",2601,0,25,25,http://k8s-forkfind-forkfind-8e65d48af1-1990260306.us-east-1.elb.amazonaws.com/restaurants/5/reviews,0,0,0
1777593104899,30074,01 - POST /auth/user/login,Non HTTP response code: java.net.SocketTimeoutException,Non HTTP response message: Read timed out,Virtual Users [200 threads] 1-166,text,false,Login failed — check credentials in users.csv,2679,0,24,24,http://k8s-forkfind-forkfind-8e65d48af1-1990260306.us-east-1.elb.amazonaws.com/auth/user/login,0,0,72
1777593134826,180,02 - GET /restaurants (search),200,OK,Virtual Users [200 threads] 1-165,text,true,,790,311,24,24,http://k8s-forkfind-forkfind-8e65d48af1-1990260306.us-east-1.elb.amazonaws.com/restaurants?q=pizza&limit=12&sort=rating,180,0,67
1777593135007,70,03 - POST /restaurants/5/reviews,Non HTTP response code: java.net.SocketException,Non HTTP response message: Connection reset,Virtual Users [200 threads] 1-165,text,false,"Review submission returned unexpected status (401 = bad token, 5xx = server error)",2601,0,24,24,http://k8s-forkfind-forkfind-8e65d48af1-1990260306.us-east-1.elb.amazonaws.com/restaurants/5/reviews,0,0,0
1777593105051,30075,01 - POST /auth/user/login,Non HTTP response code: java.net.SocketTimeoutException,Non HTTP response message: Read timed out,Virtual Users [200 threads] 1-167,text,false,Login failed — check credentials in users.csv,2679,0,23,23,http://k8s-forkfind-forkfind-8e65d48af1-1990260306.us-east-1.elb.amazonaws.com/auth/user/login,0,0,73
1777593134974,158,02 - GET /restaurants (search),200,OK,Virtual Users [200 threads] 1-166,text,true,,790,311,23,23,http://k8s-forkfind-forkfind-8e65d48af1-1990260306.us-east-1.elb.amazonaws.com/restaurants?q=pizza&limit=12&sort=rating,158,0,88
1777593135132,68,03 - POST /restaurants/5/reviews,Non HTTP response code: java.net.SocketException,Non HTTP response message: Connection reset,Virtual Users [200 threads] 1-166,text,false,"Review submission returned unexpected status (401 = bad token, 5xx = server error)",2601,0,23,23,http://k8s-forkfind-forkfind-8e65d48af1-1990260306.us-east-1.elb.amazonaws.com/restaurants/5/reviews,0,0,0
1777593105202,30083,01 - POST /auth/user/login,Non HTTP response code: java.net.SocketTimeoutException,Non HTTP response message: Read timed out,Virtual Users [200 threads] 1-168,text,false,Login failed — check credentials in users.csv,2679,0,22,22,http://k8s-forkfind-forkfind-8e65d48af1-1990260306.us-east-1.elb.amazonaws.com/auth/user/login,0,0,80
1777593135127,163,02 - GET /restaurants (search),200,OK,Virtual Users [200 threads] 1-167,text,true,,790,311,22,22,http://k8s-forkfind-forkfind-8e65d48af1-1990260306.us-east-1.elb.amazonaws.com/restaurants?q=pizza&limit=12&sort=rating,163,0,65
1777593135290,68,03 - POST /restaurants/5/reviews,Non HTTP response code: java.net.SocketException,Non HTTP response message: Connection reset,Virtual Users [200 threads] 1-167,text,false,"Review submission returned unexpected status (401 = bad token, 5xx = server error)",2601,0,22,22,http://k8s-forkfind-forkfind-8e65d48af1-1990260306.us-east-1.elb.amazonaws.com/restaurants/5/reviews,0,0,0
1777593105351,30075,01 - POST /auth/user/login,Non HTTP response code: java.net.SocketTimeoutException,Non HTTP response message: Read timed out,Virtual Users [200 threads] 1-169,text,false,Login failed — check credentials in users.csv,2679,0,21,21,http://k8s-forkfind-forkfind-8e65d48af1-1990260306.us-east-1.elb.amazonaws.com/auth/user/login,0,0,73
1777593135285,147,02 - GET /restaurants (search),200,OK,Virtual Users [200 threads] 1-168,text,true,,790,311,21,21,http://k8s-forkfind-forkfind-8e65d48af1-1990260306.us-east-1.elb.amazonaws.com/restaurants?q=pizza&limit=12&sort=rating,147,0,73
1777593135433,71,03 - POST /restaurants/5/reviews,Non HTTP response code: java.net.SocketException,Non HTTP response message: Connection reset,Virtual Users [200 threads] 1-168,text,false,"Review submission returned unexpected status (401 = bad token, 5xx = server error)",2601,0,21,21,http://k8s-forkfind-forkfind-8e65d48af1-1990260306.us-east-1.elb.amazonaws.com/restaurants/5/reviews,0,0,0
1777593135428,135,02 - GET /restaurants (search),200,OK,Virtual Users [200 threads] 1-169,text,true,,790,311,20,20,http://k8s-forkfind-forkfind-8e65d48af1-1990260306.us-east-1.elb.amazonaws.com/restaurants?q=pizza&limit=12&sort=rating,135,0,65
1777593105501,30089,01 - POST /auth/user/login,Non HTTP response code: java.net.SocketTimeoutException,Non HTTP response message: Read timed out,Virtual Users [200 threads] 1-170,text,false,Login failed — check credentials in users.csv,2679,0,20,20,http://k8s-forkfind-forkfind-8e65d48af1-1990260306.us-east-1.elb.amazonaws.com/auth/user/login,0,0,87
1777593135564,67,03 - POST /restaurants/5/reviews,Non HTTP response code: java.net.SocketException,Non HTTP response message: Connection reset,Virtual Users [200 threads] 1-169,text,false,"Review submission returned unexpected status (401 = bad token, 5xx = server error)",2601,0,20,20,http://k8s-forkfind-forkfind-8e65d48af1-1990260306.us-east-1.elb.amazonaws.com/restaurants/5/reviews,0,0,0
1777593105653,30076,01 - POST /auth/user/login,Non HTTP response code: java.net.SocketTimeoutException,Non HTTP response message: Read timed out,Virtual Users [200 threads] 1-171,text,false,Login failed — check credentials in users.csv,2679,0,19,19,http://k8s-forkfind-forkfind-8e65d48af1-1990260306.us-east-1.elb.amazonaws.com/auth/user/login,0,0,74
1777593135592,169,02 - GET /restaurants (search),200,OK,Virtual Users [200 threads] 1-170,text,true,,790,311,19,19,http://k8s-forkfind-forkfind-8e65d48af1-1990260306.us-east-1.elb.amazonaws.com/restaurants?q=pizza&limit=12&sort=rating,169,0,100
1777593135762,77,03 - POST /restaurants/5/reviews,Non HTTP response code: java.net.SocketException,Non HTTP response message: Connection reset,Virtual Users [200 threads] 1-170,text,false,"Review submission returned unexpected status (401 = bad token, 5xx = server error)",2601,0,19,19,http://k8s-forkfind-forkfind-8e65d48af1-1990260306.us-east-1.elb.amazonaws.com/restaurants/5/reviews,0,0,0
1777593105798,30077,01 - POST /auth/user/login,Non HTTP response code: java.net.SocketTimeoutException,Non HTTP response message: Read timed out,Virtual Users [200 threads] 1-172,text,false,Login failed — check credentials in users.csv,2679,0,18,18,http://k8s-forkfind-forkfind-8e65d48af1-1990260306.us-east-1.elb.amazonaws.com/auth/user/login,0,0,74
1777593135731,175,02 - GET /restaurants (search),200,OK,Virtual Users [200 threads] 1-171,text,true,,790,311,18,18,http://k8s-forkfind-forkfind-8e65d48af1-1990260306.us-east-1.elb.amazonaws.com/restaurants?q=pizza&limit=12&sort=rating,175,0,76
1777593135907,95,03 - POST /restaurants/5/reviews,Non HTTP response code: java.net.SocketException,Non HTTP response message: Connection reset,Virtual Users [200 threads] 1-171,text,false,"Review submission returned unexpected status (401 = bad token, 5xx = server error)",2601,0,18,18,http://k8s-forkfind-forkfind-8e65d48af1-1990260306.us-east-1.elb.amazonaws.com/restaurants/5/reviews,0,0,0
1777593105948,30074,01 - POST /auth/user/login,Non HTTP response code: java.net.SocketTimeoutException,Non HTTP response message: Read timed out,Virtual Users [200 threads] 1-173,text,false,Login failed — check credentials in users.csv,2679,0,17,17,http://k8s-forkfind-forkfind-8e65d48af1-1990260306.us-east-1.elb.amazonaws.com/auth/user/login,0,0,71
1777593135877,167,02 - GET /restaurants (search),200,OK,Virtual Users [200 threads] 1-172,text,true,,790,311,17,17,http://k8s-forkfind-forkfind-8e65d48af1-1990260306.us-east-1.elb.amazonaws.com/restaurants?q=pizza&limit=12&sort=rating,167,0,81
1777593136045,66,03 - POST /restaurants/5/reviews,Non HTTP response code: java.net.SocketException,Non HTTP response message: Connection reset,Virtual Users [200 threads] 1-172,text,false,"Review submission returned unexpected status (401 = bad token, 5xx = server error)",2601,0,17,17,http://k8s-forkfind-forkfind-8e65d48af1-1990260306.us-east-1.elb.amazonaws.com/restaurants/5/reviews,0,0,0
1777593136023,150,02 - GET /restaurants (search),200,OK,Virtual Users [200 threads] 1-173,text,true,,790,311,16,16,http://k8s-forkfind-forkfind-8e65d48af1-1990260306.us-east-1.elb.amazonaws.com/restaurants?q=pizza&limit=12&sort=rating,150,0,71
1777593106101,30074,01 - POST /auth/user/login,Non HTTP response code: java.net.SocketTimeoutException,Non HTTP response message: Read timed out,Virtual Users [200 threads] 1-174,text,false,Login failed — check credentials in users.csv,2679,0,16,16,http://k8s-forkfind-forkfind-8e65d48af1-1990260306.us-east-1.elb.amazonaws.com/auth/user/login,0,0,72
1777593136174,69,03 - POST /restaurants/5/reviews,Non HTTP response code: java.net.SocketException,Non HTTP response message: Connection reset,Virtual Users [200 threads] 1-173,text,false,"Review submission returned unexpected status (401 = bad token, 5xx = server error)",2601,0,16,16,http://k8s-forkfind-forkfind-8e65d48af1-1990260306.us-east-1.elb.amazonaws.com/restaurants/5/reviews,0,0,0
1777593136176,141,02 - GET /restaurants (search),200,OK,Virtual Users [200 threads] 1-174,text,true,,790,311,15,15,http://k8s-forkfind-forkfind-8e65d48af1-1990260306.us-east-1.elb.amazonaws.com/restaurants?q=pizza&limit=12&sort=rating,141,0,70
1777593106248,30077,01 - POST /auth/user/login,Non HTTP response code: java.net.SocketTimeoutException,Non HTTP response message: Read timed out,Virtual Users [200 threads] 1-175,text,false,Login failed — check credentials in users.csv,2679,0,15,15,http://k8s-forkfind-forkfind-8e65d48af1-1990260306.us-east-1.elb.amazonaws.com/auth/user/login,0,0,75
1777593136318,79,03 - POST /restaurants/5/reviews,Non HTTP response code: java.net.SocketException,Non HTTP response message: Connection reset,Virtual Users [200 threads] 1-174,text,false,"Review submission returned unexpected status (401 = bad token, 5xx = server error)",2601,0,15,15,http://k8s-forkfind-forkfind-8e65d48af1-1990260306.us-east-1.elb.amazonaws.com/restaurants/5/reviews,0,0,0
1777593136326,143,02 - GET /restaurants (search),200,OK,Virtual Users [200 threads] 1-175,text,true,,790,311,14,14,http://k8s-forkfind-forkfind-8e65d48af1-1990260306.us-east-1.elb.amazonaws.com/restaurants?q=pizza&limit=12&sort=rating,143,0,71
1777593106397,30074,01 - POST /auth/user/login,Non HTTP response code: java.net.SocketTimeoutException,Non HTTP response message: Read timed out,Virtual Users [200 threads] 1-176,text,false,Login failed — check credentials in users.csv,2679,0,14,14,http://k8s-forkfind-forkfind-8e65d48af1-1990260306.us-east-1.elb.amazonaws.com/auth/user/login,0,0,72
1777593136470,80,03 - POST /restaurants/5/reviews,Non HTTP response code: java.net.SocketException,Non HTTP response message: Connection reset,Virtual Users [200 threads] 1-175,text,false,"Review submission returned unexpected status (401 = bad token, 5xx = server error)",2601,0,14,14,http://k8s-forkfind-forkfind-8e65d48af1-1990260306.us-east-1.elb.amazonaws.com/restaurants/5/reviews,0,0,0
1777593136472,147,02 - GET /restaurants (search),200,OK,Virtual Users [200 threads] 1-176,text,true,,790,311,13,13,http://k8s-forkfind-forkfind-8e65d48af1-1990260306.us-east-1.elb.amazonaws.com/restaurants?q=pizza&limit=12&sort=rating,147,0,76
1777593106545,30074,01 - POST /auth/user/login,Non HTTP response code: java.net.SocketTimeoutException,Non HTTP response message: Read timed out,Virtual Users [200 threads] 1-177,text,false,Login failed — check credentials in users.csv,2679,0,13,13,http://k8s-forkfind-forkfind-8e65d48af1-1990260306.us-east-1.elb.amazonaws.com/auth/user/login,0,0,72
1777593136620,79,03 - POST /restaurants/5/reviews,Non HTTP response code: java.net.SocketException,Non HTTP response message: Connection reset,Virtual Users [200 threads] 1-176,text,false,"Review submission returned unexpected status (401 = bad token, 5xx = server error)",2601,0,13,13,http://k8s-forkfind-forkfind-8e65d48af1-1990260306.us-east-1.elb.amazonaws.com/restaurants/5/reviews,0,0,0
1777593136620,137,02 - GET /restaurants (search),200,OK,Virtual Users [200 threads] 1-177,text,true,,790,311,12,12,http://k8s-forkfind-forkfind-8e65d48af1-1990260306.us-east-1.elb.amazonaws.com/restaurants?q=pizza&limit=12&sort=rating,137,0,66
1777593106700,30075,01 - POST /auth/user/login,Non HTTP response code: java.net.SocketTimeoutException,Non HTTP response message: Read timed out,Virtual Users [200 threads] 1-178,text,false,Login failed — check credentials in users.csv,2679,0,12,12,http://k8s-forkfind-forkfind-8e65d48af1-1990260306.us-east-1.elb.amazonaws.com/auth/user/login,0,0,73
1777593136758,69,03 - POST /restaurants/5/reviews,Non HTTP response code: java.net.SocketException,Non HTTP response message: Connection reset,Virtual Users [200 threads] 1-177,text,false,"Review submission returned unexpected status (401 = bad token, 5xx = server error)",2601,0,12,12,http://k8s-forkfind-forkfind-8e65d48af1-1990260306.us-east-1.elb.amazonaws.com/restaurants/5/reviews,0,0,0
1777593106847,30075,01 - POST /auth/user/login,Non HTTP response code: java.net.SocketTimeoutException,Non HTTP response message: Read timed out,Virtual Users [200 threads] 1-179,text,false,Login failed — check credentials in users.csv,2679,0,11,11,http://k8s-forkfind-forkfind-8e65d48af1-1990260306.us-east-1.elb.amazonaws.com/auth/user/login,0,0,73
1777593136776,150,02 - GET /restaurants (search),200,OK,Virtual Users [200 threads] 1-178,text,true,,790,311,11,11,http://k8s-forkfind-forkfind-8e65d48af1-1990260306.us-east-1.elb.amazonaws.com/restaurants?q=pizza&limit=12&sort=rating,150,0,67
1777593136926,69,03 - POST /restaurants/5/reviews,Non HTTP response code: java.net.SocketException,Non HTTP response message: Connection reset,Virtual Users [200 threads] 1-178,text,false,"Review submission returned unexpected status (401 = bad token, 5xx = server error)",2601,0,11,11,http://k8s-forkfind-forkfind-8e65d48af1-1990260306.us-east-1.elb.amazonaws.com/restaurants/5/reviews,0,0,0
1777593136924,135,02 - GET /restaurants (search),200,OK,Virtual Users [200 threads] 1-179,text,true,,790,311,10,10,http://k8s-forkfind-forkfind-8e65d48af1-1990260306.us-east-1.elb.amazonaws.com/restaurants?q=pizza&limit=12&sort=rating,135,0,66
1777593106997,30079,01 - POST /auth/user/login,Non HTTP response code: java.net.SocketTimeoutException,Non HTTP response message: Read timed out,Virtual Users [200 threads] 1-180,text,false,Login failed — check credentials in users.csv,2679,0,10,10,http://k8s-forkfind-forkfind-8e65d48af1-1990260306.us-east-1.elb.amazonaws.com/auth/user/login,0,0,77
1777593137060,67,03 - POST /restaurants/5/reviews,Non HTTP response code: java.net.SocketException,Non HTTP response message: Connection reset,Virtual Users [200 threads] 1-179,text,false,"Review submission returned unexpected status (401 = bad token, 5xx = server error)",2601,0,10,10,http://k8s-forkfind-forkfind-8e65d48af1-1990260306.us-east-1.elb.amazonaws.com/restaurants/5/reviews,0,0,0
1777593137078,147,02 - GET /restaurants (search),200,OK,Virtual Users [200 threads] 1-180,text,true,,790,311,9,9,http://k8s-forkfind-forkfind-8e65d48af1-1990260306.us-east-1.elb.amazonaws.com/restaurants?q=pizza&limit=12&sort=rating,147,0,76
1777593107151,30086,01 - POST /auth/user/login,Non HTTP response code: java.net.SocketTimeoutException,Non HTTP response message: Read timed out,Virtual Users [200 threads] 1-181,text,false,Login failed — check credentials in users.csv,2679,0,9,9,http://k8s-forkfind-forkfind-8e65d48af1-1990260306.us-east-1.elb.amazonaws.com/auth/user/login,0,0,83
1777593137225,73,03 - POST /restaurants/5/reviews,Non HTTP response code: java.net.SocketException,Non HTTP response message: Connection reset,Virtual Users [200 threads] 1-180,text,false,"Review submission returned unexpected status (401 = bad token, 5xx = server error)",2601,0,9,9,http://k8s-forkfind-forkfind-8e65d48af1-1990260306.us-east-1.elb.amazonaws.com/restaurants/5/reviews,0,0,0
1777593107295,30075,01 - POST /auth/user/login,Non HTTP response code: java.net.SocketTimeoutException,Non HTTP response message: Read timed out,Virtual Users [200 threads] 1-182,text,false,Login failed — check credentials in users.csv,2679,0,8,8,http://k8s-forkfind-forkfind-8e65d48af1-1990260306.us-east-1.elb.amazonaws.com/auth/user/login,0,0,73
1777593137238,146,02 - GET /restaurants (search),200,OK,Virtual Users [200 threads] 1-181,text,true,,790,311,8,8,http://k8s-forkfind-forkfind-8e65d48af1-1990260306.us-east-1.elb.amazonaws.com/restaurants?q=pizza&limit=12&sort=rating,146,0,65
1777593137385,68,03 - POST /restaurants/5/reviews,Non HTTP response code: java.net.SocketException,Non HTTP response message: Connection reset,Virtual Users [200 threads] 1-181,text,false,"Review submission returned unexpected status (401 = bad token, 5xx = server error)",2601,0,8,8,http://k8s-forkfind-forkfind-8e65d48af1-1990260306.us-east-1.elb.amazonaws.com/restaurants/5/reviews,0,0,0
1777593137371,149,02 - GET /restaurants (search),200,OK,Virtual Users [200 threads] 1-182,text,true,,790,311,7,7,http://k8s-forkfind-forkfind-8e65d48af1-1990260306.us-east-1.elb.amazonaws.com/restaurants?q=pizza&limit=12&sort=rating,149,0,76
1777593107448,30073,01 - POST /auth/user/login,Non HTTP response code: java.net.SocketTimeoutException,Non HTTP response message: Read timed out,Virtual Users [200 threads] 1-183,text,false,Login failed — check credentials in users.csv,2679,0,7,7,http://k8s-forkfind-forkfind-8e65d48af1-1990260306.us-east-1.elb.amazonaws.com/auth/user/login,0,0,71
1777593137521,67,03 - POST /restaurants/5/reviews,Non HTTP response code: java.net.SocketException,Non HTTP response message: Connection reset,Virtual Users [200 threads] 1-182,text,false,"Review submission returned unexpected status (401 = bad token, 5xx = server error)",2601,0,7,7,http://k8s-forkfind-forkfind-8e65d48af1-1990260306.us-east-1.elb.amazonaws.com/restaurants/5/reviews,0,0,0
1777593137522,136,02 - GET /restaurants (search),200,OK,Virtual Users [200 threads] 1-183,text,true,,790,311,6,6,http://k8s-forkfind-forkfind-8e65d48af1-1990260306.us-east-1.elb.amazonaws.com/restaurants?q=pizza&limit=12&sort=rating,136,0,66
1777593107596,30076,01 - POST /auth/user/login,Non HTTP response code: java.net.SocketTimeoutException,Non HTTP response message: Read timed out,Virtual Users [200 threads] 1-184,text,false,Login failed — check credentials in users.csv,2679,0,6,6,http://k8s-forkfind-forkfind-8e65d48af1-1990260306.us-east-1.elb.amazonaws.com/auth/user/login,0,0,74
1777593137659,68,03 - POST /restaurants/5/reviews,Non HTTP response code: java.net.SocketException,Non HTTP response message: Connection reset,Virtual Users [200 threads] 1-183,text,false,"Review submission returned unexpected status (401 = bad token, 5xx = server error)",2601,0,6,6,http://k8s-forkfind-forkfind-8e65d48af1-1990260306.us-east-1.elb.amazonaws.com/restaurants/5/reviews,0,0,0
1777593137673,140,02 - GET /restaurants (search),200,OK,Virtual Users [200 threads] 1-184,text,true,,790,311,5,5,http://k8s-forkfind-forkfind-8e65d48af1-1990260306.us-east-1.elb.amazonaws.com/restaurants?q=pizza&limit=12&sort=rating,140,0,66
1777593107745,30074,01 - POST /auth/user/login,Non HTTP response code: java.net.SocketTimeoutException,Non HTTP response message: Read timed out,Virtual Users [200 threads] 1-185,text,false,Login failed — check credentials in users.csv,2679,0,5,5,http://k8s-forkfind-forkfind-8e65d48af1-1990260306.us-east-1.elb.amazonaws.com/auth/user/login,0,0,72
1777593137814,81,03 - POST /restaurants/5/reviews,Non HTTP response code: java.net.SocketException,Non HTTP response message: Connection reset,Virtual Users [200 threads] 1-184,text,false,"Review submission returned unexpected status (401 = bad token, 5xx = server error)",2601,0,5,5,http://k8s-forkfind-forkfind-8e65d48af1-1990260306.us-east-1.elb.amazonaws.com/restaurants/5/reviews,0,0,0
1777593107899,30092,01 - POST /auth/user/login,Non HTTP response code: java.net.SocketTimeoutException,Non HTTP response message: Read timed out,Virtual Users [200 threads] 1-186,text,false,Login failed — check credentials in users.csv,2679,0,4,4,http://k8s-forkfind-forkfind-8e65d48af1-1990260306.us-east-1.elb.amazonaws.com/auth/user/login,0,0,89
1777593137820,177,02 - GET /restaurants (search),200,OK,Virtual Users [200 threads] 1-185,text,true,,790,311,4,4,http://k8s-forkfind-forkfind-8e65d48af1-1990260306.us-east-1.elb.amazonaws.com/restaurants?q=pizza&limit=12&sort=rating,177,0,67
1777593137998,70,03 - POST /restaurants/5/reviews,Non HTTP response code: java.net.SocketException,Non HTTP response message: Connection reset,Virtual Users [200 threads] 1-185,text,false,"Review submission returned unexpected status (401 = bad token, 5xx = server error)",2601,0,4,4,http://k8s-forkfind-forkfind-8e65d48af1-1990260306.us-east-1.elb.amazonaws.com/restaurants/5/reviews,0,0,0
1777593137992,141,02 - GET /restaurants (search),200,OK,Virtual Users [200 threads] 1-186,text,true,,790,311,3,3,http://k8s-forkfind-forkfind-8e65d48af1-1990260306.us-east-1.elb.amazonaws.com/restaurants?q=pizza&limit=12&sort=rating,141,0,67
1777593108046,30093,01 - POST /auth/user/login,Non HTTP response code: java.net.SocketTimeoutException,Non HTTP response message: Read timed out,Virtual Users [200 threads] 1-187,text,false,Login failed — check credentials in users.csv,2679,0,3,3,http://k8s-forkfind-forkfind-8e65d48af1-1990260306.us-east-1.elb.amazonaws.com/auth/user/login,0,0,90
1777593138134,69,03 - POST /restaurants/5/reviews,Non HTTP response code: java.net.SocketException,Non HTTP response message: Connection reset,Virtual Users [200 threads] 1-186,text,false,"Review submission returned unexpected status (401 = bad token, 5xx = server error)",2601,0,3,3,http://k8s-forkfind-forkfind-8e65d48af1-1990260306.us-east-1.elb.amazonaws.com/restaurants/5/reviews,0,0,0
1777593108195,30074,01 - POST /auth/user/login,Non HTTP response code: java.net.SocketTimeoutException,Non HTTP response message: Read timed out,Virtual Users [200 threads] 1-188,text,false,Login failed — check credentials in users.csv,2679,0,2,2,http://k8s-forkfind-forkfind-8e65d48af1-1990260306.us-east-1.elb.amazonaws.com/auth/user/login,0,0,72
1777593138140,146,02 - GET /restaurants (search),200,OK,Virtual Users [200 threads] 1-187,text,true,,790,311,2,2,http://k8s-forkfind-forkfind-8e65d48af1-1990260306.us-east-1.elb.amazonaws.com/restaurants?q=pizza&limit=12&sort=rating,146,0,66
1777593138287,66,03 - POST /restaurants/5/reviews,Non HTTP response code: java.net.SocketException,Non HTTP response message: Connection reset,Virtual Users [200 threads] 1-187,text,false,"Review submission returned unexpected status (401 = bad token, 5xx = server error)",2601,0,2,2,http://k8s-forkfind-forkfind-8e65d48af1-1990260306.us-east-1.elb.amazonaws.com/restaurants/5/reviews,0,0,0
1777593138270,147,02 - GET /restaurants (search),200,OK,Virtual Users [200 threads] 1-188,text,true,,790,311,1,1,http://k8s-forkfind-forkfind-8e65d48af1-1990260306.us-east-1.elb.amazonaws.com/restaurants?q=pizza&limit=12&sort=rating,147,0,74
1777593138417,75,03 - POST /restaurants/5/reviews,Non HTTP response code: java.net.SocketException,Non HTTP response message: Connection reset,Virtual Users [200 threads] 1-188,text,false,"Review submission returned unexpected status (401 = bad token, 5xx = server error)",2601,0,1,1,http://k8s-forkfind-forkfind-8e65d48af1-1990260306.us-east-1.elb.amazonaws.com/restaurants/5/reviews,0,0,0
1777594239935,2199,01 - POST /auth/user/login,200,OK,Virtual Users [200 threads] 1-1,text,true,,405,361,15,15,http://k8s-forkfind-forkfind-8e65d48af1-1990260306.us-east-1.elb.amazonaws.com/auth/user/login,2199,0,97
1777594242162,79,02 - GET /restaurants (search),200,OK,Virtual Users [200 threads] 1-1,text,true,,790,433,16,16,http://k8s-forkfind-forkfind-8e65d48af1-1990260306.us-east-1.elb.amazonaws.com/restaurants?q=pizza&limit=12&sort=rating,79,0,0
1777594242242,71,03 - POST /restaurants/5/reviews,400,Bad Request,Virtual Users [200 threads] 1-1,text,false,,266,567,17,17,http://k8s-forkfind-forkfind-8e65d48af1-1990260306.us-east-1.elb.amazonaws.com/restaurants/5/reviews,71,0,0
1777594241250,23077,01 - POST /auth/user/login,200,OK,Virtual Users [200 threads] 1-10,text,true,,400,360,163,163,http://k8s-forkfind-forkfind-8e65d48af1-1990260306.us-east-1.elb.amazonaws.com/auth/user/login,23077,0,66
1777594240648,23679,01 - POST /auth/user/login,200,OK,Virtual Users [200 threads] 1-6,text,true,,402,361,163,163,http://k8s-forkfind-forkfind-8e65d48af1-1990260306.us-east-1.elb.amazonaws.com/auth/user/login,23679,0,66
1777594241094,23248,01 - POST /auth/user/login,200,OK,Virtual Users [200 threads] 1-9,text,true,,400,360,163,163,http://k8s-forkfind-forkfind-8e65d48af1-1990260306.us-east-1.elb.amazonaws.com/auth/user/login,23248,0,65
1777594240346,23996,01 - POST /auth/user/login,200,OK,Virtual Users [200 threads] 1-4,text,true,,401,361,163,163,http://k8s-forkfind-forkfind-8e65d48af1-1990260306.us-east-1.elb.amazonaws.com/auth/user/login,23996,0,65
1777594240946,23396,01 - POST /auth/user/login,200,OK,Virtual Users [200 threads] 1-8,text,true,,402,361,163,163,http://k8s-forkfind-forkfind-8e65d48af1-1990260306.us-east-1.elb.amazonaws.com/auth/user/login,23396,0,65
1777594243037,21305,01 - POST /auth/user/login,200,OK,Virtual Users [200 threads] 1-22,text,true,,406,363,163,163,http://k8s-forkfind-forkfind-8e65d48af1-1990260306.us-east-1.elb.amazonaws.com/auth/user/login,21305,0,66
1777594241391,22951,01 - POST /auth/user/login,200,OK,Virtual Users [200 threads] 1-11,text,true,,400,360,163,163,http://k8s-forkfind-forkfind-8e65d48af1-1990260306.us-east-1.elb.amazonaws.com/auth/user/login,22951,0,74
1777594240049,24293,01 - POST /auth/user/login,200,OK,Virtual Users [200 threads] 1-2,text,true,,399,359,163,163,http://k8s-forkfind-forkfind-8e65d48af1-1990260306.us-east-1.elb.amazonaws.com/auth/user/login,24293,0,64
1777594242143,22199,01 - POST /auth/user/login,200,OK,Virtual Users [200 threads] 1-16,text,true,,402,361,163,163,http://k8s-forkfind-forkfind-8e65d48af1-1990260306.us-east-1.elb.amazonaws.com/auth/user/login,22199,0,72
1777594241997,22345,01 - POST /auth/user/login,200,OK,Virtual Users [200 threads] 1-15,text,true,,404,362,163,163,http://k8s-forkfind-forkfind-8e65d48af1-1990260306.us-east-1.elb.amazonaws.com/auth/user/login,22345,0,70
1777594240795,23547,01 - POST /auth/user/login,200,OK,Virtual Users [200 threads] 1-7,text,true,,402,361,163,163,http://k8s-forkfind-forkfind-8e65d48af1-1990260306.us-east-1.elb.amazonaws.com/auth/user/login,23547,0,67
1777594240195,24148,01 - POST /auth/user/login,200,OK,Virtual Users [200 threads] 1-3,text,true,,403,361,163,163,http://k8s-forkfind-forkfind-8e65d48af1-1990260306.us-east-1.elb.amazonaws.com/auth/user/login,24148,0,66
1777594264328,109,02 - GET /restaurants (search),200,OK,Virtual Users [200 threads] 1-6,text,true,,790,436,163,163,http://k8s-forkfind-forkfind-8e65d48af1-1990260306.us-east-1.elb.amazonaws.com/restaurants?q=pizza&limit=12&sort=rating,109,0,0
1777594264330,162,02 - GET /restaurants (search),200,OK,Virtual Users [200 threads] 1-10,text,true,,790,436,164,164,http://k8s-forkfind-forkfind-8e65d48af1-1990260306.us-east-1.elb.amazonaws.com/restaurants?q=pizza&limit=12&sort=rating,162,0,0
1777594264343,179,02 - GET /restaurants (search),200,OK,Virtual Users [200 threads] 1-2,text,true,,790,433,164,164,http://k8s-forkfind-forkfind-8e65d48af1-1990260306.us-east-1.elb.amazonaws.com/restaurants?q=pizza&limit=12&sort=rating,179,0,0
1777594264344,178,02 - GET /restaurants (search),200,OK,Virtual Users [200 threads] 1-15,text,true,,790,436,164,164,http://k8s-forkfind-forkfind-8e65d48af1-1990260306.us-east-1.elb.amazonaws.com/restaurants?q=pizza&limit=12&sort=rating,178,0,0
1777594264343,186,02 - GET /restaurants (search),200,OK,Virtual Users [200 threads] 1-11,text,true,,790,436,164,164,http://k8s-forkfind-forkfind-8e65d48af1-1990260306.us-east-1.elb.amazonaws.com/restaurants?q=pizza&limit=12&sort=rating,186,0,0
1777594264345,190,02 - GET /restaurants (search),200,OK,Virtual Users [200 threads] 1-3,text,true,,790,433,164,164,http://k8s-forkfind-forkfind-8e65d48af1-1990260306.us-east-1.elb.amazonaws.com/restaurants?q=pizza&limit=12&sort=rating,189,0,0
1777594264344,191,02 - GET /restaurants (search),200,OK,Virtual Users [200 threads] 1-16,text,true,,790,436,164,164,http://k8s-forkfind-forkfind-8e65d48af1-1990260306.us-east-1.elb.amazonaws.com/restaurants?q=pizza&limit=12&sort=rating,190,0,0
1777594264344,191,02 - GET /restaurants (search),200,OK,Virtual Users [200 threads] 1-4,text,true,,790,433,164,164,http://k8s-forkfind-forkfind-8e65d48af1-1990260306.us-east-1.elb.amazonaws.com/restaurants?q=pizza&limit=12&sort=rating,190,0,0
1777594264344,191,02 - GET /restaurants (search),200,OK,Virtual Users [200 threads] 1-7,text,true,,790,436,164,164,http://k8s-forkfind-forkfind-8e65d48af1-1990260306.us-east-1.elb.amazonaws.com/restaurants?q=pizza&limit=12&sort=rating,190,0,0
1777594264344,191,02 - GET /restaurants (search),200,OK,Virtual Users [200 threads] 1-9,text,true,,790,436,164,164,http://k8s-forkfind-forkfind-8e65d48af1-1990260306.us-east-1.elb.amazonaws.com/restaurants?q=pizza&limit=12&sort=rating,190,0,0
1777594264344,194,02 - GET /restaurants (search),200,OK,Virtual Users [200 threads] 1-22,text,true,,790,436,164,164,http://k8s-forkfind-forkfind-8e65d48af1-1990260306.us-east-1.elb.amazonaws.com/restaurants?q=pizza&limit=12&sort=rating,194,0,0
1777594264344,195,02 - GET /restaurants (search),200,OK,Virtual Users [200 threads] 1-8,text,true,,790,436,164,164,http://k8s-forkfind-forkfind-8e65d48af1-1990260306.us-east-1.elb.amazonaws.com/restaurants?q=pizza&limit=12&sort=rating,195,0,0
1777594264437,176,03 - POST /restaurants/5/reviews,201,Created,Virtual Users [200 threads] 1-6,text,true,,563,570,165,165,http://k8s-forkfind-forkfind-8e65d48af1-1990260306.us-east-1.elb.amazonaws.com/restaurants/5/reviews,176,0,0
1777594264523,101,03 - POST /restaurants/5/reviews,400,Bad Request,Virtual Users [200 threads] 1-2,text,false,,266,567,164,164,http://k8s-forkfind-forkfind-8e65d48af1-1990260306.us-east-1.elb.amazonaws.com/restaurants/5/reviews,101,0,0
1777594264535,107,03 - POST /restaurants/5/reviews,400,Bad Request,Virtual Users [200 threads] 1-7,text,false,,266,570,163,163,http://k8s-forkfind-forkfind-8e65d48af1-1990260306.us-east-1.elb.amazonaws.com/restaurants/5/reviews,107,0,0
1777594264493,157,03 - POST /restaurants/5/reviews,201,Created,Virtual Users [200 threads] 1-10,text,true,,563,571,162,162,http://k8s-forkfind-forkfind-8e65d48af1-1990260306.us-east-1.elb.amazonaws.com/restaurants/5/reviews,157,0,0
1777594264535,178,03 - POST /restaurants/5/reviews,400,Bad Request,Virtual Users [200 threads] 1-3,text,false,,266,567,161,161,http://k8s-forkfind-forkfind-8e65d48af1-1990260306.us-east-1.elb.amazonaws.com/restaurants/5/reviews,178,0,0
1777594264535,178,03 - POST /restaurants/5/reviews,400,Bad Request,Virtual Users [200 threads] 1-4,text,false,,266,567,161,161,http://k8s-forkfind-forkfind-8e65d48af1-1990260306.us-east-1.elb.amazonaws.com/restaurants/5/reviews,178,0,0
1777594264538,175,03 - POST /restaurants/5/reviews,400,Bad Request,Virtual Users [200 threads] 1-22,text,false,,266,571,161,161,http://k8s-forkfind-forkfind-8e65d48af1-1990260306.us-east-1.elb.amazonaws.com/restaurants/5/reviews,175,0,0
1777594264523,197,03 - POST /restaurants/5/reviews,201,Created,Virtual Users [200 threads] 1-15,text,true,,566,571,158,158,http://k8s-forkfind-forkfind-8e65d48af1-1990260306.us-east-1.elb.amazonaws.com/restaurants/5/reviews,197,0,0
1777594264530,190,03 - POST /restaurants/5/reviews,201,Created,Virtual Users [200 threads] 1-11,text,true,,564,571,158,158,http://k8s-forkfind-forkfind-8e65d48af1-1990260306.us-east-1.elb.amazonaws.com/restaurants/5/reviews,190,0,0
1777594264536,185,03 - POST /restaurants/5/reviews,201,Created,Virtual Users [200 threads] 1-9,text,true,,563,570,156,156,http://k8s-forkfind-forkfind-8e65d48af1-1990260306.us-east-1.elb.amazonaws.com/restaurants/5/reviews,185,0,0
1777594264540,185,03 - POST /restaurants/5/reviews,201,Created,Virtual Users [200 threads] 1-8,text,true,,564,570,155,155,http://k8s-forkfind-forkfind-8e65d48af1-1990260306.us-east-1.elb.amazonaws.com/restaurants/5/reviews,185,0,0
1777594264535,191,03 - POST /restaurants/5/reviews,201,Created,Virtual Users [200 threads] 1-16,text,true,,565,571,155,155,http://k8s-forkfind-forkfind-8e65d48af1-1990260306.us-east-1.elb.amazonaws.com/restaurants/5/reviews,191,0,0
1777594240500,24285,01 - POST /auth/user/login,200,OK,Virtual Users [200 threads] 1-5,text,true,,398,359,154,154,http://k8s-forkfind-forkfind-8e65d48af1-1990260306.us-east-1.elb.amazonaws.com/auth/user/login,24285,0,66
1777594241545,23240,01 - POST /auth/user/login,200,OK,Virtual Users [200 threads] 1-12,text,true,,400,360,154,154,http://k8s-forkfind-forkfind-8e65d48af1-1990260306.us-east-1.elb.amazonaws.com/auth/user/login,23240,0,66
1777594264786,112,02 - GET /restaurants (search),200,OK,Virtual Users [200 threads] 1-12,text,true,,790,436,154,154,http://k8s-forkfind-forkfind-8e65d48af1-1990260306.us-east-1.elb.amazonaws.com/restaurants?q=pizza&limit=12&sort=rating,112,0,0
1777594264786,112,02 - GET /restaurants (search),200,OK,Virtual Users [200 threads] 1-5,text,true,,790,436,154,154,http://k8s-forkfind-forkfind-8e65d48af1-1990260306.us-east-1.elb.amazonaws.com/restaurants?q=pizza&limit=12&sort=rating,112,0,0
1777594264898,110,03 - POST /restaurants/5/reviews,400,Bad Request,Virtual Users [200 threads] 1-12,text,false,,266,571,155,155,http://k8s-forkfind-forkfind-8e65d48af1-1990260306.us-east-1.elb.amazonaws.com/restaurants/5/reviews,110,0,0
1777594264898,128,03 - POST /restaurants/5/reviews,201,Created,Virtual Users [200 threads] 1-5,text,true,,561,570,154,154,http://k8s-forkfind-forkfind-8e65d48af1-1990260306.us-east-1.elb.amazonaws.com/restaurants/5/reviews,128,0,0
1777594241698,23729,01 - POST /auth/user/login,200,OK,Virtual Users [200 threads] 1-13,text,true,,398,359,156,156,http://k8s-forkfind-forkfind-8e65d48af1-1990260306.us-east-1.elb.amazonaws.com/auth/user/login,23729,0,67
1777594241847,23581,01 - POST /auth/user/login,200,OK,Virtual Users [200 threads] 1-14,text,true,,400,360,156,156,http://k8s-forkfind-forkfind-8e65d48af1-1990260306.us-east-1.elb.amazonaws.com/auth/user/login,23581,0,65
1777594265429,77,02 - GET /restaurants (search),200,OK,Virtual Users [200 threads] 1-14,text,true,,790,436,157,157,http://k8s-forkfind-forkfind-8e65d48af1-1990260306.us-east-1.elb.amazonaws.com/restaurants?q=pizza&limit=12&sort=rating,77,0,0
1777594265429,77,02 - GET /restaurants (search),200,OK,Virtual Users [200 threads] 1-13,text,true,,790,436,157,157,http://k8s-forkfind-forkfind-8e65d48af1-1990260306.us-east-1.elb.amazonaws.com/restaurants?q=pizza&limit=12&sort=rating,77,0,0
1777594265507,90,03 - POST /restaurants/5/reviews,201,Created,Virtual Users [200 threads] 1-14,text,true,,563,571,157,157,http://k8s-forkfind-forkfind-8e65d48af1-1990260306.us-east-1.elb.amazonaws.com/restaurants/5/reviews,90,0,0
1777594265507,90,03 - POST /restaurants/5/reviews,201,Created,Virtual Users [200 threads] 1-13,text,true,,563,571,157,157,http://k8s-forkfind-forkfind-8e65d48af1-1990260306.us-east-1.elb.amazonaws.com/restaurants/5/reviews,90,0,0
1777594244842,22384,01 - POST /auth/user/login,200,OK,Virtual Users [200 threads] 1-34,text,true,,406,363,166,166,http://k8s-forkfind-forkfind-8e65d48af1-1990260306.us-east-1.elb.amazonaws.com/auth/user/login,22384,0,68
1777594267228,71,02 - GET /restaurants (search),200,OK,Virtual Users [200 threads] 1-34,text,true,,790,436,166,166,http://k8s-forkfind-forkfind-8e65d48af1-1990260306.us-east-1.elb.amazonaws.com/restaurants?q=pizza&limit=12&sort=rating,71,0,0
1777594267299,100,03 - POST /restaurants/5/reviews,201,Created,Virtual Users [200 threads] 1-34,text,true,,566,571,167,167,http://k8s-forkfind-forkfind-8e65d48af1-1990260306.us-east-1.elb.amazonaws.com/restaurants/5/reviews,100,0,0
1777594245143,23178,01 - POST /auth/user/login,200,OK,Virtual Users [200 threads] 1-36,text,true,,406,363,172,172,http://k8s-forkfind-forkfind-8e65d48af1-1990260306.us-east-1.elb.amazonaws.com/auth/user/login,23178,0,66
1777594268323,72,02 - GET /restaurants (search),200,OK,Virtual Users [200 threads] 1-36,text,true,,790,436,173,173,http://k8s-forkfind-forkfind-8e65d48af1-1990260306.us-east-1.elb.amazonaws.com/restaurants?q=pizza&limit=12&sort=rating,72,0,0
1777594268396,105,03 - POST /restaurants/5/reviews,201,Created,Virtual Users [200 threads] 1-36,text,true,,567,571,173,173,http://k8s-forkfind-forkfind-8e65d48af1-1990260306.us-east-1.elb.amazonaws.com/restaurants/5/reviews,105,0,0
1777594245590,40918,01 - POST /auth/user/login,200,OK,Virtual Users [200 threads] 1-39,text,true,,406,363,181,181,http://k8s-forkfind-forkfind-8e65d48af1-1990260306.us-east-1.elb.amazonaws.com/auth/user/login,40918,0,66
1777594286510,78,02 - GET /restaurants (search),200,OK,Virtual Users [200 threads] 1-39,text,true,,790,436,181,181,http://k8s-forkfind-forkfind-8e65d48af1-1990260306.us-east-1.elb.amazonaws.com/restaurants?q=pizza&limit=12&sort=rating,78,0,0
1777594286589,77,03 - POST /restaurants/5/reviews,201,Created,Virtual Users [200 threads] 1-39,text,true,,567,571,181,181,http://k8s-forkfind-forkfind-8e65d48af1-1990260306.us-east-1.elb.amazonaws.com/restaurants/5/reviews,77,0,0
1777594245737,51892,01 - POST /auth/user/login,200,OK,Virtual Users [200 threads] 1-40,text,true,,406,363,180,180,http://k8s-forkfind-forkfind-8e65d48af1-1990260306.us-east-1.elb.amazonaws.com/auth/user/login,51892,0,66
1777594297630,71,02 - GET /restaurants (search),200,OK,Virtual Users [200 threads] 1-40,text,true,,790,436,180,180,http://k8s-forkfind-forkfind-8e65d48af1-1990260306.us-east-1.elb.amazonaws.com/restaurants?q=pizza&limit=12&sort=rating,71,0,0
1777594297702,99,03 - POST /restaurants/5/reviews,201,Created,Virtual Users [200 threads] 1-40,text,true,,566,571,180,180,http://k8s-forkfind-forkfind-8e65d48af1-1990260306.us-east-1.elb.amazonaws.com/restaurants/5/reviews,99,0,0
1777594242892,56036,01 - POST /auth/user/login,200,OK,Virtual Users [200 threads] 1-21,text,true,,406,363,179,179,http://k8s-forkfind-forkfind-8e65d48af1-1990260306.us-east-1.elb.amazonaws.com/auth/user/login,56036,0,66
1777594298929,76,02 - GET /restaurants (search),200,OK,Virtual Users [200 threads] 1-21,text,true,,790,436,179,179,http://k8s-forkfind-forkfind-8e65d48af1-1990260306.us-east-1.elb.amazonaws.com/restaurants?q=pizza&limit=12&sort=rating,76,0,0
1777594299006,92,03 - POST /restaurants/5/reviews,201,Created,Virtual Users [200 threads] 1-21,text,true,,567,571,179,179,http://k8s-forkfind-forkfind-8e65d48af1-1990260306.us-east-1.elb.amazonaws.com/restaurants/5/reviews,92,0,0
1777594243343,56293,01 - POST /auth/user/login,200,OK,Virtual Users [200 threads] 1-24,text,true,,406,363,178,178,http://k8s-forkfind-forkfind-8e65d48af1-1990260306.us-east-1.elb.amazonaws.com/auth/user/login,56293,0,64
1777594299638,72,02 - GET /restaurants (search),200,OK,Virtual Users [200 threads] 1-24,text,true,,790,436,178,178,http://k8s-forkfind-forkfind-8e65d48af1-1990260306.us-east-1.elb.amazonaws.com/restaurants?q=pizza&limit=12&sort=rating,71,0,0
1777594244086,55650,01 - POST /auth/user/login,200,OK,Virtual Users [200 threads] 1-29,text,true,,406,363,178,178,http://k8s-forkfind-forkfind-8e65d48af1-1990260306.us-east-1.elb.amazonaws.com/auth/user/login,55650,0,66
1777594299710,90,03 - POST /restaurants/5/reviews,201,Created,Virtual Users [200 threads] 1-24,text,true,,566,571,178,178,http://k8s-forkfind-forkfind-8e65d48af1-1990260306.us-east-1.elb.amazonaws.com/restaurants/5/reviews,89,0,0
1777594299738,71,02 - GET /restaurants (search),200,OK,Virtual Users [200 threads] 1-29,text,true,,790,436,177,177,http://k8s-forkfind-forkfind-8e65d48af1-1990260306.us-east-1.elb.amazonaws.com/restaurants?q=pizza&limit=12&sort=rating,71,0,0
1777594244540,55343,01 - POST /auth/user/login,200,OK,Virtual Users [200 threads] 1-32,text,true,,406,363,177,177,http://k8s-forkfind-forkfind-8e65d48af1-1990260306.us-east-1.elb.amazonaws.com/auth/user/login,55343,0,72
1777594243493,56390,01 - POST /auth/user/login,200,OK,Virtual Users [200 threads] 1-25,text,true,,406,363,177,177,http://k8s-forkfind-forkfind-8e65d48af1-1990260306.us-east-1.elb.amazonaws.com/auth/user/login,56390,0,66
1777594244689,55194,01 - POST /auth/user/login,200,OK,Virtual Users [200 threads] 1-33,text,true,,406,363,177,177,http://k8s-forkfind-forkfind-8e65d48af1-1990260306.us-east-1.elb.amazonaws.com/auth/user/login,55194,0,81
1777594299810,136,03 - POST /restaurants/5/reviews,201,Created,Virtual Users [200 threads] 1-29,text,true,,566,571,177,177,http://k8s-forkfind-forkfind-8e65d48af1-1990260306.us-east-1.elb.amazonaws.com/restaurants/5/reviews,136,0,0
1777594299884,78,02 - GET /restaurants (search),200,OK,Virtual Users [200 threads] 1-32,text,true,,790,436,176,176,http://k8s-forkfind-forkfind-8e65d48af1-1990260306.us-east-1.elb.amazonaws.com/restaurants?q=pizza&limit=12&sort=rating,78,0,0
1777594299887,76,02 - GET /restaurants (search),200,OK,Virtual Users [200 threads] 1-25,text,true,,790,436,176,176,http://k8s-forkfind-forkfind-8e65d48af1-1990260306.us-east-1.elb.amazonaws.com/restaurants?q=pizza&limit=12&sort=rating,76,0,0
1777594299887,76,02 - GET /restaurants (search),200,OK,Virtual Users [200 threads] 1-33,text,true,,790,436,176,176,http://k8s-forkfind-forkfind-8e65d48af1-1990260306.us-east-1.elb.amazonaws.com/restaurants?q=pizza&limit=12&sort=rating,76,0,0
1777594299964,141,03 - POST /restaurants/5/reviews,201,Created,Virtual Users [200 threads] 1-25,text,true,,567,571,176,176,http://k8s-forkfind-forkfind-8e65d48af1-1990260306.us-east-1.elb.amazonaws.com/restaurants/5/reviews,141,0,0
1777594299963,142,03 - POST /restaurants/5/reviews,201,Created,Virtual Users [200 threads] 1-32,text,true,,567,571,176,176,http://k8s-forkfind-forkfind-8e65d48af1-1990260306.us-east-1.elb.amazonaws.com/restaurants/5/reviews,142,0,0
1777594299964,141,03 - POST /restaurants/5/reviews,201,Created,Virtual Users [200 threads] 1-33,text,true,,567,571,176,176,http://k8s-forkfind-forkfind-8e65d48af1-1990260306.us-east-1.elb.amazonaws.com/restaurants/5/reviews,141,0,0
1777594244241,55888,01 - POST /auth/user/login,200,OK,Virtual Users [200 threads] 1-30,text,true,,406,363,173,173,http://k8s-forkfind-forkfind-8e65d48af1-1990260306.us-east-1.elb.amazonaws.com/auth/user/login,55888,0,65
1777594244387,55742,01 - POST /auth/user/login,200,OK,Virtual Users [200 threads] 1-31,text,true,,406,363,173,173,http://k8s-forkfind-forkfind-8e65d48af1-1990260306.us-east-1.elb.amazonaws.com/auth/user/login,55742,0,74
1777594243788,56341,01 - POST /auth/user/login,200,OK,Virtual Users [200 threads] 1-27,text,true,,406,363,173,173,http://k8s-forkfind-forkfind-8e65d48af1-1990260306.us-east-1.elb.amazonaws.com/auth/user/login,56341,0,66
1777594300131,79,02 - GET /restaurants (search),200,OK,Virtual Users [200 threads] 1-31,text,true,,790,436,173,173,http://k8s-forkfind-forkfind-8e65d48af1-1990260306.us-east-1.elb.amazonaws.com/restaurants?q=pizza&limit=12&sort=rating,79,0,0
1777594300131,79,02 - GET /restaurants (search),200,OK,Virtual Users [200 threads] 1-27,text,true,,790,436,173,173,http://k8s-forkfind-forkfind-8e65d48af1-1990260306.us-east-1.elb.amazonaws.com/restaurants?q=pizza&limit=12&sort=rating,79,0,0
1777594300131,79,02 - GET /restaurants (search),200,OK,Virtual Users [200 threads] 1-30,text,true,,790,436,173,173,http://k8s-forkfind-forkfind-8e65d48af1-1990260306.us-east-1.elb.amazonaws.com/restaurants?q=pizza&limit=12&sort=rating,79,0,0
1777594242447,57835,01 - POST /auth/user/login,200,OK,Virtual Users [200 threads] 1-18,text,true,,404,362,173,173,http://k8s-forkfind-forkfind-8e65d48af1-1990260306.us-east-1.elb.amazonaws.com/auth/user/login,57835,0,69
1777594242295,57987,01 - POST /auth/user/login,200,OK,Virtual Users [200 threads] 1-17,text,true,,402,361,173,173,http://k8s-forkfind-forkfind-8e65d48af1-1990260306.us-east-1.elb.amazonaws.com/auth/user/login,57987,0,64
1777594300211,80,03 - POST /restaurants/5/reviews,400,Bad Request,Virtual Users [200 threads] 1-30,text,false,,266,571,173,173,http://k8s-forkfind-forkfind-8e65d48af1-1990260306.us-east-1.elb.amazonaws.com/restaurants/5/reviews,80,0,0
1777594300211,87,03 - POST /restaurants/5/reviews,201,Created,Virtual Users [200 threads] 1-31,text,true,,567,571,172,172,http://k8s-forkfind-forkfind-8e65d48af1-1990260306.us-east-1.elb.amazonaws.com/restaurants/5/reviews,87,0,0
1777594300211,89,03 - POST /restaurants/5/reviews,201,Created,Virtual Users [200 threads] 1-27,text,true,,567,571,171,171,http://k8s-forkfind-forkfind-8e65d48af1-1990260306.us-east-1.elb.amazonaws.com/restaurants/5/reviews,89,0,0
1777594300284,75,02 - GET /restaurants (search),200,OK,Virtual Users [200 threads] 1-18,text,true,,790,436,170,170,http://k8s-forkfind-forkfind-8e65d48af1-1990260306.us-east-1.elb.amazonaws.com/restaurants?q=pizza&limit=12&sort=rating,75,0,0
1777594300284,75,02 - GET /restaurants (search),200,OK,Virtual Users [200 threads] 1-17,text,true,,790,436,170,170,http://k8s-forkfind-forkfind-8e65d48af1-1990260306.us-east-1.elb.amazonaws.com/restaurants?q=pizza&limit=12&sort=rating,75,0,0
1777594242593,57888,01 - POST /auth/user/login,200,OK,Virtual Users [200 threads] 1-19,text,true,,398,359,170,170,http://k8s-forkfind-forkfind-8e65d48af1-1990260306.us-east-1.elb.amazonaws.com/auth/user/login,57888,0,80
1777594242743,57738,01 - POST /auth/user/login,200,OK,Virtual Users [200 threads] 1-20,text,true,,400,360,170,170,http://k8s-forkfind-forkfind-8e65d48af1-1990260306.us-east-1.elb.amazonaws.com/auth/user/login,57738,0,67
1777594300360,139,03 - POST /restaurants/5/reviews,201,Created,Virtual Users [200 threads] 1-18,text,true,,566,571,170,170,http://k8s-forkfind-forkfind-8e65d48af1-1990260306.us-east-1.elb.amazonaws.com/restaurants/5/reviews,139,0,0
1777594300360,140,03 - POST /restaurants/5/reviews,201,Created,Virtual Users [200 threads] 1-17,text,true,,565,571,169,169,http://k8s-forkfind-forkfind-8e65d48af1-1990260306.us-east-1.elb.amazonaws.com/restaurants/5/reviews,140,0,0
1777594300482,75,02 - GET /restaurants (search),200,OK,Virtual Users [200 threads] 1-19,text,true,,790,436,168,168,http://k8s-forkfind-forkfind-8e65d48af1-1990260306.us-east-1.elb.amazonaws.com/restaurants?q=pizza&limit=12&sort=rating,75,0,0
1777594300482,75,02 - GET /restaurants (search),200,OK,Virtual Users [200 threads] 1-20,text,true,,790,436,168,168,http://k8s-forkfind-forkfind-8e65d48af1-1990260306.us-east-1.elb.amazonaws.com/restaurants?q=pizza&limit=12&sort=rating,75,0,0
1777594300558,93,03 - POST /restaurants/5/reviews,201,Created,Virtual Users [200 threads] 1-19,text,true,,563,571,168,168,http://k8s-forkfind-forkfind-8e65d48af1-1990260306.us-east-1.elb.amazonaws.com/restaurants/5/reviews,93,0,0
1777594300558,93,03 - POST /restaurants/5/reviews,201,Created,Virtual Users [200 threads] 1-20,text,true,,564,571,168,168,http://k8s-forkfind-forkfind-8e65d48af1-1990260306.us-east-1.elb.amazonaws.com/restaurants/5/reviews,93,0,0
1777594245293,55533,01 - POST /auth/user/login,200,OK,Virtual Users [200 threads] 1-37,text,true,,406,363,166,166,http://k8s-forkfind-forkfind-8e65d48af1-1990260306.us-east-1.elb.amazonaws.com/auth/user/login,55533,0,66
1777594243193,57633,01 - POST /auth/user/login,200,OK,Virtual Users [200 threads] 1-23,text,true,,406,363,166,166,http://k8s-forkfind-forkfind-8e65d48af1-1990260306.us-east-1.elb.amazonaws.com/auth/user/login,57633,0,66
1777594300827,75,02 - GET /restaurants (search),200,OK,Virtual Users [200 threads] 1-23,text,true,,790,436,166,166,http://k8s-forkfind-forkfind-8e65d48af1-1990260306.us-east-1.elb.amazonaws.com/restaurants?q=pizza&limit=12&sort=rating,75,0,0
1777594300827,75,02 - GET /restaurants (search),200,OK,Virtual Users [200 threads] 1-37,text,true,,790,436,166,166,http://k8s-forkfind-forkfind-8e65d48af1-1990260306.us-east-1.elb.amazonaws.com/restaurants?q=pizza&limit=12&sort=rating,75,0,0
1777594243944,56991,01 - POST /auth/user/login,200,OK,Virtual Users [200 threads] 1-28,text,true,,406,363,166,166,http://k8s-forkfind-forkfind-8e65d48af1-1990260306.us-east-1.elb.amazonaws.com/auth/user/login,56991,0,66
1777594245892,55043,01 - POST /auth/user/login,200,OK,Virtual Users [200 threads] 1-41,text,true,,406,363,166,166,http://k8s-forkfind-forkfind-8e65d48af1-1990260306.us-east-1.elb.amazonaws.com/auth/user/login,55043,0,72
1777594300903,97,03 - POST /restaurants/5/reviews,201,Created,Virtual Users [200 threads] 1-23,text,true,,567,571,166,166,http://k8s-forkfind-forkfind-8e65d48af1-1990260306.us-east-1.elb.amazonaws.com/restaurants/5/reviews,97,0,0
1777594300903,97,03 - POST /restaurants/5/reviews,201,Created,Virtual Users [200 threads] 1-37,text,true,,567,571,166,166,http://k8s-forkfind-forkfind-8e65d48af1-1990260306.us-east-1.elb.amazonaws.com/restaurants/5/reviews,97,0,0
1777594300939,76,02 - GET /restaurants (search),200,OK,Virtual Users [200 threads] 1-28,text,true,,790,436,164,164,http://k8s-forkfind-forkfind-8e65d48af1-1990260306.us-east-1.elb.amazonaws.com/restaurants?q=pizza&limit=12&sort=rating,76,0,0
1777594300939,76,02 - GET /restaurants (search),200,OK,Virtual Users [200 threads] 1-41,text,true,,790,436,164,164,http://k8s-forkfind-forkfind-8e65d48af1-1990260306.us-east-1.elb.amazonaws.com/restaurants?q=pizza&limit=12&sort=rating,76,0,0
1777594243642,57383,01 - POST /auth/user/login,200,OK,Virtual Users [200 threads] 1-26,text,true,,406,363,164,164,http://k8s-forkfind-forkfind-8e65d48af1-1990260306.us-east-1.elb.amazonaws.com/auth/user/login,57383,0,65
1777594301015,85,03 - POST /restaurants/5/reviews,201,Created,Virtual Users [200 threads] 1-28,text,true,,567,571,164,164,http://k8s-forkfind-forkfind-8e65d48af1-1990260306.us-east-1.elb.amazonaws.com/restaurants/5/reviews,85,0,0
1777594301015,85,03 - POST /restaurants/5/reviews,201,Created,Virtual Users [200 threads] 1-41,text,true,,567,571,164,164,http://k8s-forkfind-forkfind-8e65d48af1-1990260306.us-east-1.elb.amazonaws.com/restaurants/5/reviews,85,0,0
1777594301025,75,02 - GET /restaurants (search),200,OK,Virtual Users [200 threads] 1-26,text,true,,790,436,164,164,http://k8s-forkfind-forkfind-8e65d48af1-1990260306.us-east-1.elb.amazonaws.com/restaurants?q=pizza&limit=12&sort=rating,75,0,0
1777594301101,102,03 - POST /restaurants/5/reviews,201,Created,Virtual Users [200 threads] 1-26,text,true,,567,571,162,162,http://k8s-forkfind-forkfind-8e65d48af1-1990260306.us-east-1.elb.amazonaws.com/restaurants/5/reviews,102,0,0
1777594244992,60130,01 - POST /auth/user/login,504,Gateway Time-out,Virtual Users [200 threads] 1-35,text,false,Login failed — check credentials in users.csv,292,363,161,161,http://k8s-forkfind-forkfind-8e65d48af1-1990260306.us-east-1.elb.amazonaws.com/auth/user/login,60130,0,65
1777594305124,153,02 - GET /restaurants (search),200,OK,Virtual Users [200 threads] 1-35,text,true,,790,311,161,161,http://k8s-forkfind-forkfind-8e65d48af1-1990260306.us-east-1.elb.amazonaws.com/restaurants?q=pizza&limit=12&sort=rating,153,0,73
1777594305278,74,03 - POST /restaurants/5/reviews,401,Unauthorized,Virtual Users [200 threads] 1-35,text,false,"Review submission returned unexpected status (401 = bad token, 5xx = server error)",255,446,161,161,http://k8s-forkfind-forkfind-8e65d48af1-1990260306.us-east-1.elb.amazonaws.com/restaurants/5/reviews,74,0,0
1777594245442,60133,01 - POST /auth/user/login,504,Gateway Time-out,Virtual Users [200 threads] 1-38,text,false,Login failed — check credentials in users.csv,292,363,160,160,http://k8s-forkfind-forkfind-8e65d48af1-1990260306.us-east-1.elb.amazonaws.com/auth/user/login,60133,0,65
1777594305576,175,02 - GET /restaurants (search),200,OK,Virtual Users [200 threads] 1-38,text,true,,790,311,160,160,http://k8s-forkfind-forkfind-8e65d48af1-1990260306.us-east-1.elb.amazonaws.com/restaurants?q=pizza&limit=12&sort=rating,175,0,84
1777594305752,85,03 - POST /restaurants/5/reviews,401,Unauthorized,Virtual Users [200 threads] 1-38,text,false,"Review submission returned unexpected status (401 = bad token, 5xx = server error)",255,446,160,160,http://k8s-forkfind-forkfind-8e65d48af1-1990260306.us-east-1.elb.amazonaws.com/restaurants/5/reviews,85,0,0
1777594246041,60137,01 - POST /auth/user/login,504,Gateway Time-out,Virtual Users [200 threads] 1-42,text,false,Login failed — check credentials in users.csv,292,363,159,159,http://k8s-forkfind-forkfind-8e65d48af1-1990260306.us-east-1.elb.amazonaws.com/auth/user/login,60137,0,67
1777594306179,154,02 - GET /restaurants (search),200,OK,Virtual Users [200 threads] 1-42,text,true,,790,311,159,159,http://k8s-forkfind-forkfind-8e65d48af1-1990260306.us-east-1.elb.amazonaws.com/restaurants?q=pizza&limit=12&sort=rating,154,0,72
1777594246183,60149,01 - POST /auth/user/login,504,Gateway Time-out,Virtual Users [200 threads] 1-43,text,false,Login failed — check credentials in users.csv,292,363,159,159,http://k8s-forkfind-forkfind-8e65d48af1-1990260306.us-east-1.elb.amazonaws.com/auth/user/login,60149,0,81
1777594306334,73,03 - POST /restaurants/5/reviews,401,Unauthorized,Virtual Users [200 threads] 1-42,text,false,"Review submission returned unexpected status (401 = bad token, 5xx = server error)",255,446,159,159,http://k8s-forkfind-forkfind-8e65d48af1-1990260306.us-east-1.elb.amazonaws.com/restaurants/5/reviews,73,0,0
1777594246339,60136,01 - POST /auth/user/login,504,Gateway Time-out,Virtual Users [200 threads] 1-44,text,false,Login failed — check credentials in users.csv,292,363,158,158,http://k8s-forkfind-forkfind-8e65d48af1-1990260306.us-east-1.elb.amazonaws.com/auth/user/login,60135,0,68
1777594306334,147,02 - GET /restaurants (search),200,OK,Virtual Users [200 threads] 1-43,text,true,,790,311,158,158,http://k8s-forkfind-forkfind-8e65d48af1-1990260306.us-east-1.elb.amazonaws.com/restaurants?q=pizza&limit=12&sort=rating,147,0,71
1777594306482,72,03 - POST /restaurants/5/reviews,401,Unauthorized,Virtual Users [200 threads] 1-43,text,false,"Review submission returned unexpected status (401 = bad token, 5xx = server error)",255,446,158,158,http://k8s-forkfind-forkfind-8e65d48af1-1990260306.us-east-1.elb.amazonaws.com/restaurants/5/reviews,72,0,0
1777594246490,60134,01 - POST /auth/user/login,504,Gateway Time-out,Virtual Users [200 threads] 1-45,text,false,Login failed — check credentials in users.csv,292,363,157,157,http://k8s-forkfind-forkfind-8e65d48af1-1990260306.us-east-1.elb.amazonaws.com/auth/user/login,60134,0,65
1777594306476,163,02 - GET /restaurants (search),200,OK,Virtual Users [200 threads] 1-44,text,true,,790,311,157,157,http://k8s-forkfind-forkfind-8e65d48af1-1990260306.us-east-1.elb.amazonaws.com/restaurants?q=pizza&limit=12&sort=rating,162,0,77
1777594306639,74,03 - POST /restaurants/5/reviews,401,Unauthorized,Virtual Users [200 threads] 1-44,text,false,"Review submission returned unexpected status (401 = bad token, 5xx = server error)",255,446,157,157,http://k8s-forkfind-forkfind-8e65d48af1-1990260306.us-east-1.elb.amazonaws.com/restaurants/5/reviews,74,0,0
1777594306626,151,02 - GET /restaurants (search),200,OK,Virtual Users [200 threads] 1-45,text,true,,790,311,156,156,http://k8s-forkfind-forkfind-8e65d48af1-1990260306.us-east-1.elb.amazonaws.com/restaurants?q=pizza&limit=12&sort=rating,151,0,71
1777594246642,60135,01 - POST /auth/user/login,504,Gateway Time-out,Virtual Users [200 threads] 1-46,text,false,Login failed — check credentials in users.csv,292,363,156,156,http://k8s-forkfind-forkfind-8e65d48af1-1990260306.us-east-1.elb.amazonaws.com/auth/user/login,60135,0,65
1777594306778,87,03 - POST /restaurants/5/reviews,401,Unauthorized,Virtual Users [200 threads] 1-45,text,false,"Review submission returned unexpected status (401 = bad token, 5xx = server error)",255,446,156,156,http://k8s-forkfind-forkfind-8e65d48af1-1990260306.us-east-1.elb.amazonaws.com/restaurants/5/reviews,87,0,0
1777594246792,60132,01 - POST /auth/user/login,504,Gateway Time-out,Virtual Users [200 threads] 1-47,text,false,Login failed — check credentials in users.csv,292,363,155,155,http://k8s-forkfind-forkfind-8e65d48af1-1990260306.us-east-1.elb.amazonaws.com/auth/user/login,60132,0,65
1777594306778,175,02 - GET /restaurants (search),200,OK,Virtual Users [200 threads] 1-46,text,true,,790,311,155,155,http://k8s-forkfind-forkfind-8e65d48af1-1990260306.us-east-1.elb.amazonaws.com/restaurants?q=pizza&limit=12&sort=rating,175,0,74
1777594306954,142,03 - POST /restaurants/5/reviews,401,Unauthorized,Virtual Users [200 threads] 1-46,text,false,"Review submission returned unexpected status (401 = bad token, 5xx = server error)",255,446,155,155,http://k8s-forkfind-forkfind-8e65d48af1-1990260306.us-east-1.elb.amazonaws.com/restaurants/5/reviews,142,0,0
1777594306926,170,02 - GET /restaurants (search),200,OK,Virtual Users [200 threads] 1-47,text,true,,790,311,155,155,http://k8s-forkfind-forkfind-8e65d48af1-1990260306.us-east-1.elb.amazonaws.com/restaurants?q=pizza&limit=12&sort=rating,170,0,71
1777594246938,60158,01 - POST /auth/user/login,504,Gateway Time-out,Virtual Users [200 threads] 1-48,text,false,Login failed — check credentials in users.csv,292,363,155,155,http://k8s-forkfind-forkfind-8e65d48af1-1990260306.us-east-1.elb.amazonaws.com/auth/user/login,60158,0,74
1777594307097,77,03 - POST /restaurants/5/reviews,401,Unauthorized,Virtual Users [200 threads] 1-47,text,false,"Review submission returned unexpected status (401 = bad token, 5xx = server error)",255,446,154,154,http://k8s-forkfind-forkfind-8e65d48af1-1990260306.us-east-1.elb.amazonaws.com/restaurants/5/reviews,77,0,0
1777594247083,60131,01 - POST /auth/user/login,504,Gateway Time-out,Virtual Users [200 threads] 1-49,text,false,Login failed — check credentials in users.csv,292,363,153,153,http://k8s-forkfind-forkfind-8e65d48af1-1990260306.us-east-1.elb.amazonaws.com/auth/user/login,60131,0,67
1777594307098,159,02 - GET /restaurants (search),200,OK,Virtual Users [200 threads] 1-48,text,true,,790,311,153,153,http://k8s-forkfind-forkfind-8e65d48af1-1990260306.us-east-1.elb.amazonaws.com/restaurants?q=pizza&limit=12&sort=rating,158,0,75
1777594307257,74,03 - POST /restaurants/5/reviews,401,Unauthorized,Virtual Users [200 threads] 1-48,text,false,"Review submission returned unexpected status (401 = bad token, 5xx = server error)",255,446,153,153,http://k8s-forkfind-forkfind-8e65d48af1-1990260306.us-east-1.elb.amazonaws.com/restaurants/5/reviews,74,0,0
1777594307216,146,02 - GET /restaurants (search),200,OK,Virtual Users [200 threads] 1-49,text,true,,790,311,152,152,http://k8s-forkfind-forkfind-8e65d48af1-1990260306.us-east-1.elb.amazonaws.com/restaurants?q=pizza&limit=12&sort=rating,146,0,71
1777594247241,60136,01 - POST /auth/user/login,504,Gateway Time-out,Virtual Users [200 threads] 1-50,text,false,Login failed — check credentials in users.csv,292,363,152,152,http://k8s-forkfind-forkfind-8e65d48af1-1990260306.us-east-1.elb.amazonaws.com/auth/user/login,60135,0,65
1777594307363,73,03 - POST /restaurants/5/reviews,401,Unauthorized,Virtual Users [200 threads] 1-49,text,false,"Review submission returned unexpected status (401 = bad token, 5xx = server error)",255,446,152,152,http://k8s-forkfind-forkfind-8e65d48af1-1990260306.us-east-1.elb.amazonaws.com/restaurants/5/reviews,73,0,0
1777594247386,60131,01 - POST /auth/user/login,504,Gateway Time-out,Virtual Users [200 threads] 1-51,text,false,Login failed — check credentials in users.csv,292,363,151,151,http://k8s-forkfind-forkfind-8e65d48af1-1990260306.us-east-1.elb.amazonaws.com/auth/user/login,60131,0,68
1777594307377,147,02 - GET /restaurants (search),200,OK,Virtual Users [200 threads] 1-50,text,true,,790,311,151,151,http://k8s-forkfind-forkfind-8e65d48af1-1990260306.us-east-1.elb.amazonaws.com/restaurants?q=pizza&limit=12&sort=rating,147,0,70
1777594307524,75,03 - POST /restaurants/5/reviews,401,Unauthorized,Virtual Users [200 threads] 1-50,text,false,"Review submission returned unexpected status (401 = bad token, 5xx = server error)",255,446,151,151,http://k8s-forkfind-forkfind-8e65d48af1-1990260306.us-east-1.elb.amazonaws.com/restaurants/5/reviews,75,0,0
1777594307518,150,02 - GET /restaurants (search),200,OK,Virtual Users [200 threads] 1-51,text,true,,790,311,150,150,http://k8s-forkfind-forkfind-8e65d48af1-1990260306.us-east-1.elb.amazonaws.com/restaurants?q=pizza&limit=12&sort=rating,150,0,72
1777594247541,60132,01 - POST /auth/user/login,504,Gateway Time-out,Virtual Users [200 threads] 1-52,text,false,Login failed — check credentials in users.csv,292,363,150,150,http://k8s-forkfind-forkfind-8e65d48af1-1990260306.us-east-1.elb.amazonaws.com/auth/user/login,60132,0,67
1777594307669,73,03 - POST /restaurants/5/reviews,401,Unauthorized,Virtual Users [200 threads] 1-51,text,false,"Review submission returned unexpected status (401 = bad token, 5xx = server error)",255,446,150,150,http://k8s-forkfind-forkfind-8e65d48af1-1990260306.us-east-1.elb.amazonaws.com/restaurants/5/reviews,73,0,0
1777594247685,60132,01 - POST /auth/user/login,504,Gateway Time-out,Virtual Users [200 threads] 1-53,text,false,Login failed — check credentials in users.csv,292,363,149,149,http://k8s-forkfind-forkfind-8e65d48af1-1990260306.us-east-1.elb.amazonaws.com/auth/user/login,60132,0,69
1777594307674,148,02 - GET /restaurants (search),200,OK,Virtual Users [200 threads] 1-52,text,true,,790,311,149,149,http://k8s-forkfind-forkfind-8e65d48af1-1990260306.us-east-1.elb.amazonaws.com/restaurants?q=pizza&limit=12&sort=rating,147,0,71
1777594307822,73,03 - POST /restaurants/5/reviews,401,Unauthorized,Virtual Users [200 threads] 1-52,text,false,"Review submission returned unexpected status (401 = bad token, 5xx = server error)",255,446,149,149,http://k8s-forkfind-forkfind-8e65d48af1-1990260306.us-east-1.elb.amazonaws.com/restaurants/5/reviews,73,0,0
1777594307819,149,02 - GET /restaurants (search),200,OK,Virtual Users [200 threads] 1-53,text,true,,790,311,148,148,http://k8s-forkfind-forkfind-8e65d48af1-1990260306.us-east-1.elb.amazonaws.com/restaurants?q=pizza&limit=12&sort=rating,149,0,72
1777594247840,60133,01 - POST /auth/user/login,504,Gateway Time-out,Virtual Users [200 threads] 1-54,text,false,Login failed — check credentials in users.csv,292,363,148,148,http://k8s-forkfind-forkfind-8e65d48af1-1990260306.us-east-1.elb.amazonaws.com/auth/user/login,60133,0,68
1777594307969,77,03 - POST /restaurants/5/reviews,401,Unauthorized,Virtual Users [200 threads] 1-53,text,false,"Review submission returned unexpected status (401 = bad token, 5xx = server error)",255,446,148,148,http://k8s-forkfind-forkfind-8e65d48af1-1990260306.us-east-1.elb.amazonaws.com/restaurants/5/reviews,77,0,0
1777594247988,60129,01 - POST /auth/user/login,504,Gateway Time-out,Virtual Users [200 threads] 1-55,text,false,Login failed — check credentials in users.csv,292,363,147,147,http://k8s-forkfind-forkfind-8e65d48af1-1990260306.us-east-1.elb.amazonaws.com/auth/user/login,60129,0,67
1777594307974,147,02 - GET /restaurants (search),200,OK,Virtual Users [200 threads] 1-54,text,true,,790,311,147,147,http://k8s-forkfind-forkfind-8e65d48af1-1990260306.us-east-1.elb.amazonaws.com/restaurants?q=pizza&limit=12&sort=rating,147,0,71
1777594308123,75,03 - POST /restaurants/5/reviews,401,Unauthorized,Virtual Users [200 threads] 1-54,text,false,"Review submission returned unexpected status (401 = bad token, 5xx = server error)",255,446,147,147,http://k8s-forkfind-forkfind-8e65d48af1-1990260306.us-east-1.elb.amazonaws.com/restaurants/5/reviews,74,0,0
1777594308119,160,02 - GET /restaurants (search),200,OK,Virtual Users [200 threads] 1-55,text,true,,790,311,146,146,http://k8s-forkfind-forkfind-8e65d48af1-1990260306.us-east-1.elb.amazonaws.com/restaurants?q=pizza&limit=12&sort=rating,160,0,72
1777594248133,60146,01 - POST /auth/user/login,504,Gateway Time-out,Virtual Users [200 threads] 1-56,text,false,Login failed — check credentials in users.csv,292,363,146,146,http://k8s-forkfind-forkfind-8e65d48af1-1990260306.us-east-1.elb.amazonaws.com/auth/user/login,60146,0,67
1777594308280,73,03 - POST /restaurants/5/reviews,401,Unauthorized,Virtual Users [200 threads] 1-55,text,false,"Review submission returned unexpected status (401 = bad token, 5xx = server error)",255,446,146,146,http://k8s-forkfind-forkfind-8e65d48af1-1990260306.us-east-1.elb.amazonaws.com/restaurants/5/reviews,73,0,0
1777594248284,60132,01 - POST /auth/user/login,504,Gateway Time-out,Virtual Users [200 threads] 1-57,text,false,Login failed — check credentials in users.csv,292,363,145,145,http://k8s-forkfind-forkfind-8e65d48af1-1990260306.us-east-1.elb.amazonaws.com/auth/user/login,60132,0,66
1777594308280,162,02 - GET /restaurants (search),200,OK,Virtual Users [200 threads] 1-56,text,true,,790,311,145,145,http://k8s-forkfind-forkfind-8e65d48af1-1990260306.us-east-1.elb.amazonaws.com/restaurants?q=pizza&limit=12&sort=rating,161,0,71
1777594308442,74,03 - POST /restaurants/5/reviews,401,Unauthorized,Virtual Users [200 threads] 1-56,text,false,"Review submission returned unexpected status (401 = bad token, 5xx = server error)",255,446,145,145,http://k8s-forkfind-forkfind-8e65d48af1-1990260306.us-east-1.elb.amazonaws.com/restaurants/5/reviews,74,0,0
1777594308417,153,02 - GET /restaurants (search),200,OK,Virtual Users [200 threads] 1-57,text,true,,790,311,144,144,http://k8s-forkfind-forkfind-8e65d48af1-1990260306.us-east-1.elb.amazonaws.com/restaurants?q=pizza&limit=12&sort=rating,153,0,72
1777594248439,60153,01 - POST /auth/user/login,504,Gateway Time-out,Virtual Users [200 threads] 1-58,text,false,Login failed — check credentials in users.csv,292,363,144,144,http://k8s-forkfind-forkfind-8e65d48af1-1990260306.us-east-1.elb.amazonaws.com/auth/user/login,60153,0,87
1777594308571,74,03 - POST /restaurants/5/reviews,401,Unauthorized,Virtual Users [200 threads] 1-57,text,false,"Review submission returned unexpected status (401 = bad token, 5xx = server error)",255,446,144,144,http://k8s-forkfind-forkfind-8e65d48af1-1990260306.us-east-1.elb.amazonaws.com/restaurants/5/reviews,74,0,0
1777594248587,60135,01 - POST /auth/user/login,504,Gateway Time-out,Virtual Users [200 threads] 1-59,text,false,Login failed — check credentials in users.csv,292,363,143,143,http://k8s-forkfind-forkfind-8e65d48af1-1990260306.us-east-1.elb.amazonaws.com/auth/user/login,60135,0,67
1777594308593,151,02 - GET /restaurants (search),200,OK,Virtual Users [200 threads] 1-58,text,true,,790,311,143,143,http://k8s-forkfind-forkfind-8e65d48af1-1990260306.us-east-1.elb.amazonaws.com/restaurants?q=pizza&limit=12&sort=rating,151,0,71
1777594308745,75,03 - POST /restaurants/5/reviews,401,Unauthorized,Virtual Users [200 threads] 1-58,text,false,"Review submission returned unexpected status (401 = bad token, 5xx = server error)",255,446,143,143,http://k8s-forkfind-forkfind-8e65d48af1-1990260306.us-east-1.elb.amazonaws.com/restaurants/5/reviews,75,0,0
1777594248735,60132,01 - POST /auth/user/login,504,Gateway Time-out,Virtual Users [200 threads] 1-60,text,false,Login failed — check credentials in users.csv,292,363,142,142,http://k8s-forkfind-forkfind-8e65d48af1-1990260306.us-east-1.elb.amazonaws.com/auth/user/login,60132,0,66
1777594308724,148,02 - GET /restaurants (search),200,OK,Virtual Users [200 threads] 1-59,text,true,,790,311,142,142,http://k8s-forkfind-forkfind-8e65d48af1-1990260306.us-east-1.elb.amazonaws.com/restaurants?q=pizza&limit=12&sort=rating,148,0,72
1777594308872,75,03 - POST /restaurants/5/reviews,401,Unauthorized,Virtual Users [200 threads] 1-59,text,false,"Review submission returned unexpected status (401 = bad token, 5xx = server error)",255,446,142,142,http://k8s-forkfind-forkfind-8e65d48af1-1990260306.us-east-1.elb.amazonaws.com/restaurants/5/reviews,75,0,0
1777594308868,146,02 - GET /restaurants (search),200,OK,Virtual Users [200 threads] 1-60,text,true,,790,311,141,141,http://k8s-forkfind-forkfind-8e65d48af1-1990260306.us-east-1.elb.amazonaws.com/restaurants?q=pizza&limit=12&sort=rating,146,0,70
1777594248886,60135,01 - POST /auth/user/login,504,Gateway Time-out,Virtual Users [200 threads] 1-61,text,false,Login failed — check credentials in users.csv,292,363,141,141,http://k8s-forkfind-forkfind-8e65d48af1-1990260306.us-east-1.elb.amazonaws.com/auth/user/login,60135,0,72
1777594309015,75,03 - POST /restaurants/5/reviews,401,Unauthorized,Virtual Users [200 threads] 1-60,text,false,"Review submission returned unexpected status (401 = bad token, 5xx = server error)",255,446,141,141,http://k8s-forkfind-forkfind-8e65d48af1-1990260306.us-east-1.elb.amazonaws.com/restaurants/5/reviews,75,0,0
1777594249036,60128,01 - POST /auth/user/login,504,Gateway Time-out,Virtual Users [200 threads] 1-62,text,false,Login failed — check credentials in users.csv,292,363,140,140,http://k8s-forkfind-forkfind-8e65d48af1-1990260306.us-east-1.elb.amazonaws.com/auth/user/login,60128,0,66
1777594309022,147,02 - GET /restaurants (search),200,OK,Virtual Users [200 threads] 1-61,text,true,,790,311,140,140,http://k8s-forkfind-forkfind-8e65d48af1-1990260306.us-east-1.elb.amazonaws.com/restaurants?q=pizza&limit=12&sort=rating,147,0,71
1777594309170,74,03 - POST /restaurants/5/reviews,401,Unauthorized,Virtual Users [200 threads] 1-61,text,false,"Review submission returned unexpected status (401 = bad token, 5xx = server error)",255,446,140,140,http://k8s-forkfind-forkfind-8e65d48af1-1990260306.us-east-1.elb.amazonaws.com/restaurants/5/reviews,74,0,0
1777594309166,153,02 - GET /restaurants (search),200,OK,Virtual Users [200 threads] 1-62,text,true,,790,311,139,139,http://k8s-forkfind-forkfind-8e65d48af1-1990260306.us-east-1.elb.amazonaws.com/restaurants?q=pizza&limit=12&sort=rating,153,0,72
1777594249188,60131,01 - POST /auth/user/login,504,Gateway Time-out,Virtual Users [200 threads] 1-63,text,false,Login failed — check credentials in users.csv,292,363,139,139,http://k8s-forkfind-forkfind-8e65d48af1-1990260306.us-east-1.elb.amazonaws.com/auth/user/login,60131,0,66
1777594309320,76,03 - POST /restaurants/5/reviews,401,Unauthorized,Virtual Users [200 threads] 1-62,text,false,"Review submission returned unexpected status (401 = bad token, 5xx = server error)",255,446,139,139,http://k8s-forkfind-forkfind-8e65d48af1-1990260306.us-east-1.elb.amazonaws.com/restaurants/5/reviews,76,0,0
1777594309320,159,02 - GET /restaurants (search),200,OK,Virtual Users [200 threads] 1-63,text,true,,790,311,138,138,http://k8s-forkfind-forkfind-8e65d48af1-1990260306.us-east-1.elb.amazonaws.com/restaurants?q=pizza&limit=12&sort=rating,159,0,72
1777594249339,60140,01 - POST /auth/user/login,504,Gateway Time-out,Virtual Users [200 threads] 1-64,text,false,Login failed — check credentials in users.csv,292,363,138,138,http://k8s-forkfind-forkfind-8e65d48af1-1990260306.us-east-1.elb.amazonaws.com/auth/user/login,60140,0,68
1777594309480,86,03 - POST /restaurants/5/reviews,401,Unauthorized,Virtual Users [200 threads] 1-63,text,false,"Review submission returned unexpected status (401 = bad token, 5xx = server error)",255,446,138,138,http://k8s-forkfind-forkfind-8e65d48af1-1990260306.us-east-1.elb.amazonaws.com/restaurants/5/reviews,85,0,0
1777594249485,60137,01 - POST /auth/user/login,504,Gateway Time-out,Virtual Users [200 threads] 1-65,text,false,Login failed — check credentials in users.csv,292,363,137,137,http://k8s-forkfind-forkfind-8e65d48af1-1990260306.us-east-1.elb.amazonaws.com/auth/user/login,60137,0,71
1777594309480,162,02 - GET /restaurants (search),200,OK,Virtual Users [200 threads] 1-64,text,true,,790,311,137,137,http://k8s-forkfind-forkfind-8e65d48af1-1990260306.us-east-1.elb.amazonaws.com/restaurants?q=pizza&limit=12&sort=rating,162,0,71
1777594309643,75,03 - POST /restaurants/5/reviews,401,Unauthorized,Virtual Users [200 threads] 1-64,text,false,"Review submission returned unexpected status (401 = bad token, 5xx = server error)",255,446,137,137,http://k8s-forkfind-forkfind-8e65d48af1-1990260306.us-east-1.elb.amazonaws.com/restaurants/5/reviews,75,0,0
1777594249637,60130,01 - POST /auth/user/login,504,Gateway Time-out,Virtual Users [200 threads] 1-66,text,false,Login failed — check credentials in users.csv,292,363,136,136,http://k8s-forkfind-forkfind-8e65d48af1-1990260306.us-east-1.elb.amazonaws.com/auth/user/login,60130,0,65
1777594309623,148,02 - GET /restaurants (search),200,OK,Virtual Users [200 threads] 1-65,text,true,,790,311,136,136,http://k8s-forkfind-forkfind-8e65d48af1-1990260306.us-east-1.elb.amazonaws.com/restaurants?q=pizza&limit=12&sort=rating,148,0,72
1777594309772,81,03 - POST /restaurants/5/reviews,401,Unauthorized,Virtual Users [200 threads] 1-65,text,false,"Review submission returned unexpected status (401 = bad token, 5xx = server error)",255,446,136,136,http://k8s-forkfind-forkfind-8e65d48af1-1990260306.us-east-1.elb.amazonaws.com/restaurants/5/reviews,81,0,0
1777594249784,60131,01 - POST /auth/user/login,504,Gateway Time-out,Virtual Users [200 threads] 1-67,text,false,Login failed — check credentials in users.csv,292,363,135,135,http://k8s-forkfind-forkfind-8e65d48af1-1990260306.us-east-1.elb.amazonaws.com/auth/user/login,60131,0,65
1777594309769,164,02 - GET /restaurants (search),200,OK,Virtual Users [200 threads] 1-66,text,true,,790,311,135,135,http://k8s-forkfind-forkfind-8e65d48af1-1990260306.us-east-1.elb.amazonaws.com/restaurants?q=pizza&limit=12&sort=rating,164,0,83
1777594309934,73,03 - POST /restaurants/5/reviews,401,Unauthorized,Virtual Users [200 threads] 1-66,text,false,"Review submission returned unexpected status (401 = bad token, 5xx = server error)",255,446,135,135,http://k8s-forkfind-forkfind-8e65d48af1-1990260306.us-east-1.elb.amazonaws.com/restaurants/5/reviews,73,0,0
1777594249934,60130,01 - POST /auth/user/login,504,Gateway Time-out,Virtual Users [200 threads] 1-68,text,false,Login failed — check credentials in users.csv,292,363,134,134,http://k8s-forkfind-forkfind-8e65d48af1-1990260306.us-east-1.elb.amazonaws.com/auth/user/login,60129,0,65
1777594309916,150,02 - GET /restaurants (search),200,OK,Virtual Users [200 threads] 1-67,text,true,,790,311,134,134,http://k8s-forkfind-forkfind-8e65d48af1-1990260306.us-east-1.elb.amazonaws.com/restaurants?q=pizza&limit=12&sort=rating,150,0,72
1777594310066,76,03 - POST /restaurants/5/reviews,401,Unauthorized,Virtual Users [200 threads] 1-67,text,false,"Review submission returned unexpected status (401 = bad token, 5xx = server error)",255,446,134,134,http://k8s-forkfind-forkfind-8e65d48af1-1990260306.us-east-1.elb.amazonaws.com/restaurants/5/reviews,76,0,0
1777594310065,151,02 - GET /restaurants (search),200,OK,Virtual Users [200 threads] 1-68,text,true,,790,311,133,133,http://k8s-forkfind-forkfind-8e65d48af1-1990260306.us-east-1.elb.amazonaws.com/restaurants?q=pizza&limit=12&sort=rating,151,0,72
1777594250084,60144,01 - POST /auth/user/login,504,Gateway Time-out,Virtual Users [200 threads] 1-69,text,false,Login failed — check credentials in users.csv,292,363,133,133,http://k8s-forkfind-forkfind-8e65d48af1-1990260306.us-east-1.elb.amazonaws.com/auth/user/login,60144,0,77
1777594310217,74,03 - POST /restaurants/5/reviews,401,Unauthorized,Virtual Users [200 threads] 1-68,text,false,"Review submission returned unexpected status (401 = bad token, 5xx = server error)",255,446,133,133,http://k8s-forkfind-forkfind-8e65d48af1-1990260306.us-east-1.elb.amazonaws.com/restaurants/5/reviews,74,0,0
1777594250237,60131,01 - POST /auth/user/login,504,Gateway Time-out,Virtual Users [200 threads] 1-70,text,false,Login failed — check credentials in users.csv,292,363,132,132,http://k8s-forkfind-forkfind-8e65d48af1-1990260306.us-east-1.elb.amazonaws.com/auth/user/login,60131,0,70
1777594310229,148,02 - GET /restaurants (search),200,OK,Virtual Users [200 threads] 1-69,text,true,,790,311,132,132,http://k8s-forkfind-forkfind-8e65d48af1-1990260306.us-east-1.elb.amazonaws.com/restaurants?q=pizza&limit=12&sort=rating,148,0,71
1777594310377,73,03 - POST /restaurants/5/reviews,401,Unauthorized,Virtual Users [200 threads] 1-69,text,false,"Review submission returned unexpected status (401 = bad token, 5xx = server error)",255,446,132,132,http://k8s-forkfind-forkfind-8e65d48af1-1990260306.us-east-1.elb.amazonaws.com/restaurants/5/reviews,73,0,0
1777594250384,60130,01 - POST /auth/user/login,504,Gateway Time-out,Virtual Users [200 threads] 1-71,text,false,Login failed — check credentials in users.csv,292,363,131,131,http://k8s-forkfind-forkfind-8e65d48af1-1990260306.us-east-1.elb.amazonaws.com/auth/user/login,60130,0,65
1777594310370,149,02 - GET /restaurants (search),200,OK,Virtual Users [200 threads] 1-70,text,true,,790,311,131,131,http://k8s-forkfind-forkfind-8e65d48af1-1990260306.us-east-1.elb.amazonaws.com/restaurants?q=pizza&limit=12&sort=rating,149,0,73
1777594310520,73,03 - POST /restaurants/5/reviews,401,Unauthorized,Virtual Users [200 threads] 1-70,text,false,"Review submission returned unexpected status (401 = bad token, 5xx = server error)",255,446,131,131,http://k8s-forkfind-forkfind-8e65d48af1-1990260306.us-east-1.elb.amazonaws.com/restaurants/5/reviews,73,0,0
1777594310515,148,02 - GET /restaurants (search),200,OK,Virtual Users [200 threads] 1-71,text,true,,790,311,130,130,http://k8s-forkfind-forkfind-8e65d48af1-1990260306.us-east-1.elb.amazonaws.com/restaurants?q=pizza&limit=12&sort=rating,148,0,72
1777594250535,60131,01 - POST /auth/user/login,504,Gateway Time-out,Virtual Users [200 threads] 1-72,text,false,Login failed — check credentials in users.csv,292,363,130,130,http://k8s-forkfind-forkfind-8e65d48af1-1990260306.us-east-1.elb.amazonaws.com/auth/user/login,60130,0,67
1777594310664,78,03 - POST /restaurants/5/reviews,401,Unauthorized,Virtual Users [200 threads] 1-71,text,false,"Review submission returned unexpected status (401 = bad token, 5xx = server error)",255,446,130,130,http://k8s-forkfind-forkfind-8e65d48af1-1990260306.us-east-1.elb.amazonaws.com/restaurants/5/reviews,78,0,0
1777594250684,60129,01 - POST /auth/user/login,504,Gateway Time-out,Virtual Users [200 threads] 1-73,text,false,Login failed — check credentials in users.csv,292,363,129,129,http://k8s-forkfind-forkfind-8e65d48af1-1990260306.us-east-1.elb.amazonaws.com/auth/user/login,60129,0,66
1777594310666,149,02 - GET /restaurants (search),200,OK,Virtual Users [200 threads] 1-72,text,true,,790,311,129,129,http://k8s-forkfind-forkfind-8e65d48af1-1990260306.us-east-1.elb.amazonaws.com/restaurants?q=pizza&limit=12&sort=rating,149,0,73
1777594310816,74,03 - POST /restaurants/5/reviews,401,Unauthorized,Virtual Users [200 threads] 1-72,text,false,"Review submission returned unexpected status (401 = bad token, 5xx = server error)",255,446,129,129,http://k8s-forkfind-forkfind-8e65d48af1-1990260306.us-east-1.elb.amazonaws.com/restaurants/5/reviews,74,0,0
1777594250831,60133,01 - POST /auth/user/login,504,Gateway Time-out,Virtual Users [200 threads] 1-74,text,false,Login failed — check credentials in users.csv,292,363,128,128,http://k8s-forkfind-forkfind-8e65d48af1-1990260306.us-east-1.elb.amazonaws.com/auth/user/login,60132,0,66
1777594310815,151,02 - GET /restaurants (search),200,OK,Virtual Users [200 threads] 1-73,text,true,,790,311,128,128,http://k8s-forkfind-forkfind-8e65d48af1-1990260306.us-east-1.elb.amazonaws.com/restaurants?q=pizza&limit=12&sort=rating,151,0,71
1777594310967,77,03 - POST /restaurants/5/reviews,401,Unauthorized,Virtual Users [200 threads] 1-73,text,false,"Review submission returned unexpected status (401 = bad token, 5xx = server error)",255,446,128,128,http://k8s-forkfind-forkfind-8e65d48af1-1990260306.us-east-1.elb.amazonaws.com/restaurants/5/reviews,77,0,0
1777594310965,150,02 - GET /restaurants (search),200,OK,Virtual Users [200 threads] 1-74,text,true,,790,311,127,127,http://k8s-forkfind-forkfind-8e65d48af1-1990260306.us-east-1.elb.amazonaws.com/restaurants?q=pizza&limit=12&sort=rating,150,0,73
1777594250983,60138,01 - POST /auth/user/login,504,Gateway Time-out,Virtual Users [200 threads] 1-75,text,false,Login failed — check credentials in users.csv,292,363,127,127,http://k8s-forkfind-forkfind-8e65d48af1-1990260306.us-east-1.elb.amazonaws.com/auth/user/login,60138,0,72
1777594311116,82,03 - POST /restaurants/5/reviews,401,Unauthorized,Virtual Users [200 threads] 1-74,text,false,"Review submission returned unexpected status (401 = bad token, 5xx = server error)",255,446,127,127,http://k8s-forkfind-forkfind-8e65d48af1-1990260306.us-east-1.elb.amazonaws.com/restaurants/5/reviews,82,0,0
1777594311122,154,02 - GET /restaurants (search),200,OK,Virtual Users [200 threads] 1-75,text,true,,790,311,126,126,http://k8s-forkfind-forkfind-8e65d48af1-1990260306.us-east-1.elb.amazonaws.com/restaurants?q=pizza&limit=12&sort=rating,154,0,75
1777594251136,60149,01 - POST /auth/user/login,504,Gateway Time-out,Virtual Users [200 threads] 1-76,text,false,Login failed — check credentials in users.csv,292,363,126,126,http://k8s-forkfind-forkfind-8e65d48af1-1990260306.us-east-1.elb.amazonaws.com/auth/user/login,60149,0,82
1777594311277,73,03 - POST /restaurants/5/reviews,401,Unauthorized,Virtual Users [200 threads] 1-75,text,false,"Review submission returned unexpected status (401 = bad token, 5xx = server error)",255,446,126,126,http://k8s-forkfind-forkfind-8e65d48af1-1990260306.us-east-1.elb.amazonaws.com/restaurants/5/reviews,73,0,0
1777594251284,60147,01 - POST /auth/user/login,504,Gateway Time-out,Virtual Users [200 threads] 1-77,text,false,Login failed — check credentials in users.csv,292,363,125,125,http://k8s-forkfind-forkfind-8e65d48af1-1990260306.us-east-1.elb.amazonaws.com/auth/user/login,60147,0,72
1777594311287,158,02 - GET /restaurants (search),200,OK,Virtual Users [200 threads] 1-76,text,true,,790,311,125,125,http://k8s-forkfind-forkfind-8e65d48af1-1990260306.us-east-1.elb.amazonaws.com/restaurants?q=pizza&limit=12&sort=rating,158,0,71
1777594311445,74,03 - POST /restaurants/5/reviews,401,Unauthorized,Virtual Users [200 threads] 1-76,text,false,"Review submission returned unexpected status (401 = bad token, 5xx = server error)",255,446,125,125,http://k8s-forkfind-forkfind-8e65d48af1-1990260306.us-east-1.elb.amazonaws.com/restaurants/5/reviews,74,0,0
1777594251436,60135,01 - POST /auth/user/login,504,Gateway Time-out,Virtual Users [200 threads] 1-78,text,false,Login failed — check credentials in users.csv,292,363,124,124,http://k8s-forkfind-forkfind-8e65d48af1-1990260306.us-east-1.elb.amazonaws.com/auth/user/login,60135,0,70
1777594311432,148,02 - GET /restaurants (search),200,OK,Virtual Users [200 threads] 1-77,text,true,,790,311,124,124,http://k8s-forkfind-forkfind-8e65d48af1-1990260306.us-east-1.elb.amazonaws.com/restaurants?q=pizza&limit=12&sort=rating,148,0,71
1777594311580,78,03 - POST /restaurants/5/reviews,401,Unauthorized,Virtual Users [200 threads] 1-77,text,false,"Review submission returned unexpected status (401 = bad token, 5xx = server error)",255,446,124,124,http://k8s-forkfind-forkfind-8e65d48af1-1990260306.us-east-1.elb.amazonaws.com/restaurants/5/reviews,78,0,0
1777594251585,60135,01 - POST /auth/user/login,504,Gateway Time-out,Virtual Users [200 threads] 1-79,text,false,Login failed — check credentials in users.csv,292,363,123,123,http://k8s-forkfind-forkfind-8e65d48af1-1990260306.us-east-1.elb.amazonaws.com/auth/user/login,60135,0,66
1777594311573,150,02 - GET /restaurants (search),200,OK,Virtual Users [200 threads] 1-78,text,true,,790,311,123,123,http://k8s-forkfind-forkfind-8e65d48af1-1990260306.us-east-1.elb.amazonaws.com/restaurants?q=pizza&limit=12&sort=rating,150,0,72
1777594311723,77,03 - POST /restaurants/5/reviews,401,Unauthorized,Virtual Users [200 threads] 1-78,text,false,"Review submission returned unexpected status (401 = bad token, 5xx = server error)",255,446,123,123,http://k8s-forkfind-forkfind-8e65d48af1-1990260306.us-east-1.elb.amazonaws.com/restaurants/5/reviews,77,0,0
1777594251726,60128,01 - POST /auth/user/login,504,Gateway Time-out,Virtual Users [200 threads] 1-80,text,false,Login failed — check credentials in users.csv,292,363,122,122,http://k8s-forkfind-forkfind-8e65d48af1-1990260306.us-east-1.elb.amazonaws.com/auth/user/login,60128,0,64
1777594311721,150,02 - GET /restaurants (search),200,OK,Virtual Users [200 threads] 1-79,text,true,,790,311,122,122,http://k8s-forkfind-forkfind-8e65d48af1-1990260306.us-east-1.elb.amazonaws.com/restaurants?q=pizza&limit=12&sort=rating,150,0,72
1777594311872,74,03 - POST /restaurants/5/reviews,401,Unauthorized,Virtual Users [200 threads] 1-79,text,false,"Review submission returned unexpected status (401 = bad token, 5xx = server error)",255,446,122,122,http://k8s-forkfind-forkfind-8e65d48af1-1990260306.us-east-1.elb.amazonaws.com/restaurants/5/reviews,74,0,0
1777594311856,148,02 - GET /restaurants (search),200,OK,Virtual Users [200 threads] 1-80,text,true,,790,311,121,121,http://k8s-forkfind-forkfind-8e65d48af1-1990260306.us-east-1.elb.amazonaws.com/restaurants?q=pizza&limit=12&sort=rating,148,0,72
1777594251883,60131,01 - POST /auth/user/login,504,Gateway Time-out,Virtual Users [200 threads] 1-81,text,false,Login failed — check credentials in users.csv,292,363,121,121,http://k8s-forkfind-forkfind-8e65d48af1-1990260306.us-east-1.elb.amazonaws.com/auth/user/login,60131,0,67
1777594312005,74,03 - POST /restaurants/5/reviews,401,Unauthorized,Virtual Users [200 threads] 1-80,text,false,"Review submission returned unexpected status (401 = bad token, 5xx = server error)",255,446,121,121,http://k8s-forkfind-forkfind-8e65d48af1-1990260306.us-east-1.elb.amazonaws.com/restaurants/5/reviews,74,0,0
1777594312015,151,02 - GET /restaurants (search),200,OK,Virtual Users [200 threads] 1-81,text,true,,790,311,120,120,http://k8s-forkfind-forkfind-8e65d48af1-1990260306.us-east-1.elb.amazonaws.com/restaurants?q=pizza&limit=12&sort=rating,151,0,73
1777594252027,60139,01 - POST /auth/user/login,504,Gateway Time-out,Virtual Users [200 threads] 1-82,text,false,Login failed — check credentials in users.csv,292,363,120,120,http://k8s-forkfind-forkfind-8e65d48af1-1990260306.us-east-1.elb.amazonaws.com/auth/user/login,60139,0,67
1777594312167,78,03 - POST /restaurants/5/reviews,401,Unauthorized,Virtual Users [200 threads] 1-81,text,false,"Review submission returned unexpected status (401 = bad token, 5xx = server error)",255,446,120,120,http://k8s-forkfind-forkfind-8e65d48af1-1990260306.us-east-1.elb.amazonaws.com/restaurants/5/reviews,78,0,0
1777594312167,164,02 - GET /restaurants (search),200,OK,Virtual Users [200 threads] 1-82,text,true,,790,311,119,119,http://k8s-forkfind-forkfind-8e65d48af1-1990260306.us-east-1.elb.amazonaws.com/restaurants?q=pizza&limit=12&sort=rating,164,0,76
1777594252184,60147,01 - POST /auth/user/login,504,Gateway Time-out,Virtual Users [200 threads] 1-83,text,false,Login failed — check credentials in users.csv,292,363,119,119,http://k8s-forkfind-forkfind-8e65d48af1-1990260306.us-east-1.elb.amazonaws.com/auth/user/login,60147,0,67
1777594312332,78,03 - POST /restaurants/5/reviews,401,Unauthorized,Virtual Users [200 threads] 1-82,text,false,"Review submission returned unexpected status (401 = bad token, 5xx = server error)",255,446,119,119,http://k8s-forkfind-forkfind-8e65d48af1-1990260306.us-east-1.elb.amazonaws.com/restaurants/5/reviews,78,0,0
1777594252335,60160,01 - POST /auth/user/login,504,Gateway Time-out,Virtual Users [200 threads] 1-84,text,false,Login failed — check credentials in users.csv,292,363,118,118,http://k8s-forkfind-forkfind-8e65d48af1-1990260306.us-east-1.elb.amazonaws.com/auth/user/login,60160,0,92
1777594312332,168,02 - GET /restaurants (search),200,OK,Virtual Users [200 threads] 1-83,text,true,,790,311,118,118,http://k8s-forkfind-forkfind-8e65d48af1-1990260306.us-east-1.elb.amazonaws.com/restaurants?q=pizza&limit=12&sort=rating,168,0,72
1777594312500,75,03 - POST /restaurants/5/reviews,401,Unauthorized,Virtual Users [200 threads] 1-83,text,false,"Review submission returned unexpected status (401 = bad token, 5xx = server error)",255,446,118,118,http://k8s-forkfind-forkfind-8e65d48af1-1990260306.us-east-1.elb.amazonaws.com/restaurants/5/reviews,75,0,0
1777594252479,60138,01 - POST /auth/user/login,504,Gateway Time-out,Virtual Users [200 threads] 1-85,text,false,Login failed — check credentials in users.csv,292,363,117,117,http://k8s-forkfind-forkfind-8e65d48af1-1990260306.us-east-1.elb.amazonaws.com/auth/user/login,60138,0,66
1777594312496,150,02 - GET /restaurants (search),200,OK,Virtual Users [200 threads] 1-84,text,true,,790,311,117,117,http://k8s-forkfind-forkfind-8e65d48af1-1990260306.us-east-1.elb.amazonaws.com/restaurants?q=pizza&limit=12&sort=rating,149,0,71
1777594312646,74,03 - POST /restaurants/5/reviews,401,Unauthorized,Virtual Users [200 threads] 1-84,text,false,"Review submission returned unexpected status (401 = bad token, 5xx = server error)",255,446,117,117,http://k8s-forkfind-forkfind-8e65d48af1-1990260306.us-east-1.elb.amazonaws.com/restaurants/5/reviews,73,0,0
1777594252633,60132,01 - POST /auth/user/login,504,Gateway Time-out,Virtual Users [200 threads] 1-86,text,false,Login failed — check credentials in users.csv,292,363,116,116,http://k8s-forkfind-forkfind-8e65d48af1-1990260306.us-east-1.elb.amazonaws.com/auth/user/login,60132,0,66
1777594312618,149,02 - GET /restaurants (search),200,OK,Virtual Users [200 threads] 1-85,text,true,,790,311,116,116,http://k8s-forkfind-forkfind-8e65d48af1-1990260306.us-east-1.elb.amazonaws.com/restaurants?q=pizza&limit=12&sort=rating,149,0,73
1777594312768,79,03 - POST /restaurants/5/reviews,401,Unauthorized,Virtual Users [200 threads] 1-85,text,false,"Review submission returned unexpected status (401 = bad token, 5xx = server error)",255,446,116,116,http://k8s-forkfind-forkfind-8e65d48af1-1990260306.us-east-1.elb.amazonaws.com/restaurants/5/reviews,79,0,0
1777594312767,148,02 - GET /restaurants (search),200,OK,Virtual Users [200 threads] 1-86,text,true,,790,311,115,115,http://k8s-forkfind-forkfind-8e65d48af1-1990260306.us-east-1.elb.amazonaws.com/restaurants?q=pizza&limit=12&sort=rating,148,0,72
1777594252785,60131,01 - POST /auth/user/login,504,Gateway Time-out,Virtual Users [200 threads] 1-87,text,false,Login failed — check credentials in users.csv,292,363,115,115,http://k8s-forkfind-forkfind-8e65d48af1-1990260306.us-east-1.elb.amazonaws.com/auth/user/login,60131,0,68
1777594312915,84,03 - POST /restaurants/5/reviews,401,Unauthorized,Virtual Users [200 threads] 1-86,text,false,"Review submission returned unexpected status (401 = bad token, 5xx = server error)",255,446,115,115,http://k8s-forkfind-forkfind-8e65d48af1-1990260306.us-east-1.elb.amazonaws.com/restaurants/5/reviews,84,0,0
1777594252924,60131,01 - POST /auth/user/login,504,Gateway Time-out,Virtual Users [200 threads] 1-88,text,false,Login failed — check credentials in users.csv,292,363,114,114,http://k8s-forkfind-forkfind-8e65d48af1-1990260306.us-east-1.elb.amazonaws.com/auth/user/login,60131,0,65
1777594312916,148,02 - GET /restaurants (search),200,OK,Virtual Users [200 threads] 1-87,text,true,,790,311,114,114,http://k8s-forkfind-forkfind-8e65d48af1-1990260306.us-east-1.elb.amazonaws.com/restaurants?q=pizza&limit=12&sort=rating,148,0,71
1777594313065,76,03 - POST /restaurants/5/reviews,401,Unauthorized,Virtual Users [200 threads] 1-87,text,false,"Review submission returned unexpected status (401 = bad token, 5xx = server error)",255,446,114,114,http://k8s-forkfind-forkfind-8e65d48af1-1990260306.us-east-1.elb.amazonaws.com/restaurants/5/reviews,76,0,0
1777594313056,152,02 - GET /restaurants (search),200,OK,Virtual Users [200 threads] 1-88,text,true,,790,311,113,113,http://k8s-forkfind-forkfind-8e65d48af1-1990260306.us-east-1.elb.amazonaws.com/restaurants?q=pizza&limit=12&sort=rating,152,0,73
1777594253077,60138,01 - POST /auth/user/login,504,Gateway Time-out,Virtual Users [200 threads] 1-89,text,false,Login failed — check credentials in users.csv,292,363,113,113,http://k8s-forkfind-forkfind-8e65d48af1-1990260306.us-east-1.elb.amazonaws.com/auth/user/login,60138,0,66
1777594313209,78,03 - POST /restaurants/5/reviews,401,Unauthorized,Virtual Users [200 threads] 1-88,text,false,"Review submission returned unexpected status (401 = bad token, 5xx = server error)",255,446,113,113,http://k8s-forkfind-forkfind-8e65d48af1-1990260306.us-east-1.elb.amazonaws.com/restaurants/5/reviews,78,0,0
1777594313216,148,02 - GET /restaurants (search),200,OK,Virtual Users [200 threads] 1-89,text,true,,790,311,112,112,http://k8s-forkfind-forkfind-8e65d48af1-1990260306.us-east-1.elb.amazonaws.com/restaurants?q=pizza&limit=12&sort=rating,148,0,71
1777594253235,60144,01 - POST /auth/user/login,504,Gateway Time-out,Virtual Users [200 threads] 1-90,text,false,Login failed — check credentials in users.csv,292,363,112,112,http://k8s-forkfind-forkfind-8e65d48af1-1990260306.us-east-1.elb.amazonaws.com/auth/user/login,60144,0,74
1777594313365,81,03 - POST /restaurants/5/reviews,401,Unauthorized,Virtual Users [200 threads] 1-89,text,false,"Review submission returned unexpected status (401 = bad token, 5xx = server error)",255,446,112,112,http://k8s-forkfind-forkfind-8e65d48af1-1990260306.us-east-1.elb.amazonaws.com/restaurants/5/reviews,81,0,0
1777594253382,60137,01 - POST /auth/user/login,504,Gateway Time-out,Virtual Users [200 threads] 1-91,text,false,Login failed — check credentials in users.csv,292,363,111,111,http://k8s-forkfind-forkfind-8e65d48af1-1990260306.us-east-1.elb.amazonaws.com/auth/user/login,60137,0,71
1777594313380,149,02 - GET /restaurants (search),200,OK,Virtual Users [200 threads] 1-90,text,true,,790,311,111,111,http://k8s-forkfind-forkfind-8e65d48af1-1990260306.us-east-1.elb.amazonaws.com/restaurants?q=pizza&limit=12&sort=rating,149,0,72
1777594313530,75,03 - POST /restaurants/5/reviews,401,Unauthorized,Virtual Users [200 threads] 1-90,text,false,"Review submission returned unexpected status (401 = bad token, 5xx = server error)",255,446,111,111,http://k8s-forkfind-forkfind-8e65d48af1-1990260306.us-east-1.elb.amazonaws.com/restaurants/5/reviews,75,0,0
1777594253532,60135,01 - POST /auth/user/login,504,Gateway Time-out,Virtual Users [200 threads] 1-92,text,false,Login failed — check credentials in users.csv,292,363,110,110,http://k8s-forkfind-forkfind-8e65d48af1-1990260306.us-east-1.elb.amazonaws.com/auth/user/login,60135,0,67
1777594313521,151,02 - GET /restaurants (search),200,OK,Virtual Users [200 threads] 1-91,text,true,,790,311,110,110,http://k8s-forkfind-forkfind-8e65d48af1-1990260306.us-east-1.elb.amazonaws.com/restaurants?q=pizza&limit=12&sort=rating,151,0,74
1777594313673,78,03 - POST /restaurants/5/reviews,401,Unauthorized,Virtual Users [200 threads] 1-91,text,false,"Review submission returned unexpected status (401 = bad token, 5xx = server error)",255,446,110,110,http://k8s-forkfind-forkfind-8e65d48af1-1990260306.us-east-1.elb.amazonaws.com/restaurants/5/reviews,78,0,0
1777594253685,60134,01 - POST /auth/user/login,504,Gateway Time-out,Virtual Users [200 threads] 1-93,text,false,Login failed — check credentials in users.csv,292,363,109,109,http://k8s-forkfind-forkfind-8e65d48af1-1990260306.us-east-1.elb.amazonaws.com/auth/user/login,60134,0,67
1777594313668,158,02 - GET /restaurants (search),200,OK,Virtual Users [200 threads] 1-92,text,true,,790,311,109,109,http://k8s-forkfind-forkfind-8e65d48af1-1990260306.us-east-1.elb.amazonaws.com/restaurants?q=pizza&limit=12&sort=rating,158,0,73
1777594313827,72,03 - POST /restaurants/5/reviews,401,Unauthorized,Virtual Users [200 threads] 1-92,text,false,"Review submission returned unexpected status (401 = bad token, 5xx = server error)",255,446,109,109,http://k8s-forkfind-forkfind-8e65d48af1-1990260306.us-east-1.elb.amazonaws.com/restaurants/5/reviews,72,0,0
1777594253830,60140,01 - POST /auth/user/login,504,Gateway Time-out,Virtual Users [200 threads] 1-94,text,false,Login failed — check credentials in users.csv,292,363,108,108,http://k8s-forkfind-forkfind-8e65d48af1-1990260306.us-east-1.elb.amazonaws.com/auth/user/login,60140,0,66
1777594313820,193,02 - GET /restaurants (search),200,OK,Virtual Users [200 threads] 1-93,text,true,,790,311,108,108,http://k8s-forkfind-forkfind-8e65d48af1-1990260306.us-east-1.elb.amazonaws.com/restaurants?q=pizza&limit=12&sort=rating,193,0,75
1777594253982,60132,01 - POST /auth/user/login,504,Gateway Time-out,Virtual Users [200 threads] 1-95,text,false,Login failed — check credentials in users.csv,292,363,108,108,http://k8s-forkfind-forkfind-8e65d48af1-1990260306.us-east-1.elb.amazonaws.com/auth/user/login,60132,0,68
1777594314014,139,03 - POST /restaurants/5/reviews,401,Unauthorized,Virtual Users [200 threads] 1-93,text,false,"Review submission returned unexpected status (401 = bad token, 5xx = server error)",255,446,108,108,http://k8s-forkfind-forkfind-8e65d48af1-1990260306.us-east-1.elb.amazonaws.com/restaurants/5/reviews,139,0,0
1777594313973,253,02 - GET /restaurants (search),200,OK,Virtual Users [200 threads] 1-94,text,true,,790,311,107,107,http://k8s-forkfind-forkfind-8e65d48af1-1990260306.us-east-1.elb.amazonaws.com/restaurants?q=pizza&limit=12&sort=rating,253,0,171
1777594314117,180,02 - GET /restaurants (search),200,OK,Virtual Users [200 threads] 1-95,text,true,,790,311,107,107,http://k8s-forkfind-forkfind-8e65d48af1-1990260306.us-east-1.elb.amazonaws.com/restaurants?q=pizza&limit=12&sort=rating,180,0,71
1777594314226,74,03 - POST /restaurants/5/reviews,401,Unauthorized,Virtual Users [200 threads] 1-94,text,false,"Review submission returned unexpected status (401 = bad token, 5xx = server error)",255,446,107,107,http://k8s-forkfind-forkfind-8e65d48af1-1990260306.us-east-1.elb.amazonaws.com/restaurants/5/reviews,74,0,0
1777594254129,60190,01 - POST /auth/user/login,504,Gateway Time-out,Virtual Users [200 threads] 1-96,text,false,Login failed — check credentials in users.csv,292,363,106,106,http://k8s-forkfind-forkfind-8e65d48af1-1990260306.us-east-1.elb.amazonaws.com/auth/user/login,60190,0,124
1777594314298,73,03 - POST /restaurants/5/reviews,401,Unauthorized,Virtual Users [200 threads] 1-95,text,false,"Review submission returned unexpected status (401 = bad token, 5xx = server error)",255,446,106,106,http://k8s-forkfind-forkfind-8e65d48af1-1990260306.us-east-1.elb.amazonaws.com/restaurants/5/reviews,73,0,0
1777594254279,60135,01 - POST /auth/user/login,504,Gateway Time-out,Virtual Users [200 threads] 1-97,text,false,Login failed — check credentials in users.csv,292,363,105,105,http://k8s-forkfind-forkfind-8e65d48af1-1990260306.us-east-1.elb.amazonaws.com/auth/user/login,60135,0,66
1777594314321,186,02 - GET /restaurants (search),200,OK,Virtual Users [200 threads] 1-96,text,true,,790,311,105,105,http://k8s-forkfind-forkfind-8e65d48af1-1990260306.us-east-1.elb.amazonaws.com/restaurants?q=pizza&limit=12&sort=rating,186,0,78
1777594254433,60137,01 - POST /auth/user/login,504,Gateway Time-out,Virtual Users [200 threads] 1-98,text,false,Login failed — check credentials in users.csv,292,363,105,105,http://k8s-forkfind-forkfind-8e65d48af1-1990260306.us-east-1.elb.amazonaws.com/auth/user/login,60137,0,67
1777594314508,88,03 - POST /restaurants/5/reviews,401,Unauthorized,Virtual Users [200 threads] 1-96,text,false,"Review submission returned unexpected status (401 = bad token, 5xx = server error)",255,446,105,105,http://k8s-forkfind-forkfind-8e65d48af1-1990260306.us-east-1.elb.amazonaws.com/restaurants/5/reviews,88,0,0
1777594314416,193,02 - GET /restaurants (search),200,OK,Virtual Users [200 threads] 1-97,text,true,,790,311,104,104,http://k8s-forkfind-forkfind-8e65d48af1-1990260306.us-east-1.elb.amazonaws.com/restaurants?q=pizza&limit=12&sort=rating,193,0,73
1777594314610,75,03 - POST /restaurants/5/reviews,401,Unauthorized,Virtual Users [200 threads] 1-97,text,false,"Review submission returned unexpected status (401 = bad token, 5xx = server error)",255,446,104,104,http://k8s-forkfind-forkfind-8e65d48af1-1990260306.us-east-1.elb.amazonaws.com/restaurants/5/reviews,75,0,0
1777594254581,60152,01 - POST /auth/user/login,504,Gateway Time-out,Virtual Users [200 threads] 1-99,text,false,Login failed — check credentials in users.csv,292,363,103,103,http://k8s-forkfind-forkfind-8e65d48af1-1990260306.us-east-1.elb.amazonaws.com/auth/user/login,60152,0,86
1777594314572,164,02 - GET /restaurants (search),200,OK,Virtual Users [200 threads] 1-98,text,true,,790,311,103,103,http://k8s-forkfind-forkfind-8e65d48af1-1990260306.us-east-1.elb.amazonaws.com/restaurants?q=pizza&limit=12&sort=rating,164,0,76
1777594314736,73,03 - POST /restaurants/5/reviews,401,Unauthorized,Virtual Users [200 threads] 1-98,text,false,"Review submission returned unexpected status (401 = bad token, 5xx = server error)",255,446,103,103,http://k8s-forkfind-forkfind-8e65d48af1-1990260306.us-east-1.elb.amazonaws.com/restaurants/5/reviews,73,0,0
1777594254731,60131,01 - POST /auth/user/login,504,Gateway Time-out,Virtual Users [200 threads] 1-100,text,false,Login failed — check credentials in users.csv,292,363,102,102,http://k8s-forkfind-forkfind-8e65d48af1-1990260306.us-east-1.elb.amazonaws.com/auth/user/login,60131,0,66
1777594314734,179,02 - GET /restaurants (search),200,OK,Virtual Users [200 threads] 1-99,text,true,,790,311,102,102,http://k8s-forkfind-forkfind-8e65d48af1-1990260306.us-east-1.elb.amazonaws.com/restaurants?q=pizza&limit=12&sort=rating,179,0,72
1777594314914,79,03 - POST /restaurants/5/reviews,401,Unauthorized,Virtual Users [200 threads] 1-99,text,false,"Review submission returned unexpected status (401 = bad token, 5xx = server error)",255,446,102,102,http://k8s-forkfind-forkfind-8e65d48af1-1990260306.us-east-1.elb.amazonaws.com/restaurants/5/reviews,79,0,0
1777594314863,149,02 - GET /restaurants (search),200,OK,Virtual Users [200 threads] 1-100,text,true,,790,311,101,101,http://k8s-forkfind-forkfind-8e65d48af1-1990260306.us-east-1.elb.amazonaws.com/restaurants?q=pizza&limit=12&sort=rating,149,0,71
1777594254882,60132,01 - POST /auth/user/login,504,Gateway Time-out,Virtual Users [200 threads] 1-101,text,false,Login failed — check credentials in users.csv,292,363,101,101,http://k8s-forkfind-forkfind-8e65d48af1-1990260306.us-east-1.elb.amazonaws.com/auth/user/login,60132,0,65
1777594315016,75,03 - POST /restaurants/5/reviews,401,Unauthorized,Virtual Users [200 threads] 1-100,text,false,"Review submission returned unexpected status (401 = bad token, 5xx = server error)",255,447,101,101,http://k8s-forkfind-forkfind-8e65d48af1-1990260306.us-east-1.elb.amazonaws.com/restaurants/5/reviews,75,0,0
1777594255025,60138,01 - POST /auth/user/login,504,Gateway Time-out,Virtual Users [200 threads] 1-102,text,false,Login failed — check credentials in users.csv,292,363,100,100,http://k8s-forkfind-forkfind-8e65d48af1-1990260306.us-east-1.elb.amazonaws.com/auth/user/login,60138,0,66
1777594315016,187,02 - GET /restaurants (search),200,OK,Virtual Users [200 threads] 1-101,text,true,,790,311,100,100,http://k8s-forkfind-forkfind-8e65d48af1-1990260306.us-east-1.elb.amazonaws.com/restaurants?q=pizza&limit=12&sort=rating,187,0,71
1777594315204,72,03 - POST /restaurants/5/reviews,401,Unauthorized,Virtual Users [200 threads] 1-101,text,false,"Review submission returned unexpected status (401 = bad token, 5xx = server error)",255,447,100,100,http://k8s-forkfind-forkfind-8e65d48af1-1990260306.us-east-1.elb.amazonaws.com/restaurants/5/reviews,72,0,0
1777594315165,155,02 - GET /restaurants (search),200,OK,Virtual Users [200 threads] 1-102,text,true,,790,311,99,99,http://k8s-forkfind-forkfind-8e65d48af1-1990260306.us-east-1.elb.amazonaws.com/restaurants?q=pizza&limit=12&sort=rating,155,0,73
1777594255179,60141,01 - POST /auth/user/login,504,Gateway Time-out,Virtual Users [200 threads] 1-103,text,false,Login failed — check credentials in users.csv,292,363,99,99,http://k8s-forkfind-forkfind-8e65d48af1-1990260306.us-east-1.elb.amazonaws.com/auth/user/login,60141,0,66
1777594315321,75,03 - POST /restaurants/5/reviews,401,Unauthorized,Virtual Users [200 threads] 1-102,text,false,"Review submission returned unexpected status (401 = bad token, 5xx = server error)",255,447,99,99,http://k8s-forkfind-forkfind-8e65d48af1-1990260306.us-east-1.elb.amazonaws.com/restaurants/5/reviews,75,0,0
1777594255328,60132,01 - POST /auth/user/login,504,Gateway Time-out,Virtual Users [200 threads] 1-104,text,false,Login failed — check credentials in users.csv,292,363,98,98,http://k8s-forkfind-forkfind-8e65d48af1-1990260306.us-east-1.elb.amazonaws.com/auth/user/login,60132,0,65
1777594315321,149,02 - GET /restaurants (search),200,OK,Virtual Users [200 threads] 1-103,text,true,,790,311,98,98,http://k8s-forkfind-forkfind-8e65d48af1-1990260306.us-east-1.elb.amazonaws.com/restaurants?q=pizza&limit=12&sort=rating,149,0,71
1777594315470,78,03 - POST /restaurants/5/reviews,401,Unauthorized,Virtual Users [200 threads] 1-103,text,false,"Review submission returned unexpected status (401 = bad token, 5xx = server error)",255,447,98,98,http://k8s-forkfind-forkfind-8e65d48af1-1990260306.us-east-1.elb.amazonaws.com/restaurants/5/reviews,78,0,0
1777594255478,60134,01 - POST /auth/user/login,504,Gateway Time-out,Virtual Users [200 threads] 1-105,text,false,Login failed — check credentials in users.csv,292,363,97,97,http://k8s-forkfind-forkfind-8e65d48af1-1990260306.us-east-1.elb.amazonaws.com/auth/user/login,60134,0,66
1777594315461,159,02 - GET /restaurants (search),200,OK,Virtual Users [200 threads] 1-104,text,true,,790,311,97,97,http://k8s-forkfind-forkfind-8e65d48af1-1990260306.us-east-1.elb.amazonaws.com/restaurants?q=pizza&limit=12&sort=rating,159,0,80
1777594315621,73,03 - POST /restaurants/5/reviews,401,Unauthorized,Virtual Users [200 threads] 1-104,text,false,"Review submission returned unexpected status (401 = bad token, 5xx = server error)",255,447,97,97,http://k8s-forkfind-forkfind-8e65d48af1-1990260306.us-east-1.elb.amazonaws.com/restaurants/5/reviews,73,0,0
1777594255623,60133,01 - POST /auth/user/login,504,Gateway Time-out,Virtual Users [200 threads] 1-106,text,false,Login failed — check credentials in users.csv,292,363,96,96,http://k8s-forkfind-forkfind-8e65d48af1-1990260306.us-east-1.elb.amazonaws.com/auth/user/login,60133,0,65
1777594315614,149,02 - GET /restaurants (search),200,OK,Virtual Users [200 threads] 1-105,text,true,,790,311,96,96,http://k8s-forkfind-forkfind-8e65d48af1-1990260306.us-east-1.elb.amazonaws.com/restaurants?q=pizza&limit=12&sort=rating,149,0,71
1777594315763,79,03 - POST /restaurants/5/reviews,401,Unauthorized,Virtual Users [200 threads] 1-105,text,false,"Review submission returned unexpected status (401 = bad token, 5xx = server error)",255,447,96,96,http://k8s-forkfind-forkfind-8e65d48af1-1990260306.us-east-1.elb.amazonaws.com/restaurants/5/reviews,79,0,0
1777594255774,60127,01 - POST /auth/user/login,504,Gateway Time-out,Virtual Users [200 threads] 1-107,text,false,Login failed — check credentials in users.csv,292,363,95,95,http://k8s-forkfind-forkfind-8e65d48af1-1990260306.us-east-1.elb.amazonaws.com/auth/user/login,60127,0,65
1777594315757,162,02 - GET /restaurants (search),200,OK,Virtual Users [200 threads] 1-106,text,true,,790,311,95,95,http://k8s-forkfind-forkfind-8e65d48af1-1990260306.us-east-1.elb.amazonaws.com/restaurants?q=pizza&limit=12&sort=rating,162,0,76
1777594315920,76,03 - POST /restaurants/5/reviews,401,Unauthorized,Virtual Users [200 threads] 1-106,text,false,"Review submission returned unexpected status (401 = bad token, 5xx = server error)",255,447,95,95,http://k8s-forkfind-forkfind-8e65d48af1-1990260306.us-east-1.elb.amazonaws.com/restaurants/5/reviews,76,0,0
1777594315902,149,02 - GET /restaurants (search),200,OK,Virtual Users [200 threads] 1-107,text,true,,790,311,94,94,http://k8s-forkfind-forkfind-8e65d48af1-1990260306.us-east-1.elb.amazonaws.com/restaurants?q=pizza&limit=12&sort=rating,149,0,72
1777594255924,60133,01 - POST /auth/user/login,504,Gateway Time-out,Virtual Users [200 threads] 1-108,text,false,Login failed — check credentials in users.csv,292,363,94,94,http://k8s-forkfind-forkfind-8e65d48af1-1990260306.us-east-1.elb.amazonaws.com/auth/user/login,60133,0,67
1777594316052,73,03 - POST /restaurants/5/reviews,401,Unauthorized,Virtual Users [200 threads] 1-107,text,false,"Review submission returned unexpected status (401 = bad token, 5xx = server error)",255,447,94,94,http://k8s-forkfind-forkfind-8e65d48af1-1990260306.us-east-1.elb.amazonaws.com/restaurants/5/reviews,73,0,0
1777594316058,149,02 - GET /restaurants (search),200,OK,Virtual Users [200 threads] 1-108,text,true,,790,311,93,93,http://k8s-forkfind-forkfind-8e65d48af1-1990260306.us-east-1.elb.amazonaws.com/restaurants?q=pizza&limit=12&sort=rating,149,0,70
1777594256072,60150,01 - POST /auth/user/login,504,Gateway Time-out,Virtual Users [200 threads] 1-109,text,false,Login failed — check credentials in users.csv,292,363,93,93,http://k8s-forkfind-forkfind-8e65d48af1-1990260306.us-east-1.elb.amazonaws.com/auth/user/login,60150,0,85
1777594316208,73,03 - POST /restaurants/5/reviews,401,Unauthorized,Virtual Users [200 threads] 1-108,text,false,"Review submission returned unexpected status (401 = bad token, 5xx = server error)",255,447,93,93,http://k8s-forkfind-forkfind-8e65d48af1-1990260306.us-east-1.elb.amazonaws.com/restaurants/5/reviews,73,0,0
1777594256224,60141,01 - POST /auth/user/login,504,Gateway Time-out,Virtual Users [200 threads] 1-110,text,false,Login failed — check credentials in users.csv,292,363,92,92,http://k8s-forkfind-forkfind-8e65d48af1-1990260306.us-east-1.elb.amazonaws.com/auth/user/login,60141,0,72
1777594316223,148,02 - GET /restaurants (search),200,OK,Virtual Users [200 threads] 1-109,text,true,,790,311,92,92,http://k8s-forkfind-forkfind-8e65d48af1-1990260306.us-east-1.elb.amazonaws.com/restaurants?q=pizza&limit=12&sort=rating,148,0,71
1777594316372,73,03 - POST /restaurants/5/reviews,401,Unauthorized,Virtual Users [200 threads] 1-109,text,false,"Review submission returned unexpected status (401 = bad token, 5xx = server error)",255,447,92,92,http://k8s-forkfind-forkfind-8e65d48af1-1990260306.us-east-1.elb.amazonaws.com/restaurants/5/reviews,73,0,0
1777594256374,60129,01 - POST /auth/user/login,504,Gateway Time-out,Virtual Users [200 threads] 1-111,text,false,Login failed — check credentials in users.csv,292,363,91,91,http://k8s-forkfind-forkfind-8e65d48af1-1990260306.us-east-1.elb.amazonaws.com/auth/user/login,60129,0,64
1777594316368,152,02 - GET /restaurants (search),200,OK,Virtual Users [200 threads] 1-110,text,true,,790,311,91,91,http://k8s-forkfind-forkfind-8e65d48af1-1990260306.us-east-1.elb.amazonaws.com/restaurants?q=pizza&limit=12&sort=rating,152,0,70
1777594316520,73,03 - POST /restaurants/5/reviews,401,Unauthorized,Virtual Users [200 threads] 1-110,text,false,"Review submission returned unexpected status (401 = bad token, 5xx = server error)",255,447,91,91,http://k8s-forkfind-forkfind-8e65d48af1-1990260306.us-east-1.elb.amazonaws.com/restaurants/5/reviews,73,0,0
1777594316503,152,02 - GET /restaurants (search),200,OK,Virtual Users [200 threads] 1-111,text,true,,790,311,90,90,http://k8s-forkfind-forkfind-8e65d48af1-1990260306.us-east-1.elb.amazonaws.com/restaurants?q=pizza&limit=12&sort=rating,152,0,74
1777594256524,60131,01 - POST /auth/user/login,504,Gateway Time-out,Virtual Users [200 threads] 1-112,text,false,Login failed — check credentials in users.csv,292,363,90,90,http://k8s-forkfind-forkfind-8e65d48af1-1990260306.us-east-1.elb.amazonaws.com/auth/user/login,60131,0,65
1777594316655,78,03 - POST /restaurants/5/reviews,401,Unauthorized,Virtual Users [200 threads] 1-111,text,false,"Review submission returned unexpected status (401 = bad token, 5xx = server error)",255,447,90,90,http://k8s-forkfind-forkfind-8e65d48af1-1990260306.us-east-1.elb.amazonaws.com/restaurants/5/reviews,78,0,0
1777594256671,60131,01 - POST /auth/user/login,504,Gateway Time-out,Virtual Users [200 threads] 1-113,text,false,Login failed — check credentials in users.csv,292,363,89,89,http://k8s-forkfind-forkfind-8e65d48af1-1990260306.us-east-1.elb.amazonaws.com/auth/user/login,60131,0,65
1777594316656,148,02 - GET /restaurants (search),200,OK,Virtual Users [200 threads] 1-112,text,true,,790,311,89,89,http://k8s-forkfind-forkfind-8e65d48af1-1990260306.us-east-1.elb.amazonaws.com/restaurants?q=pizza&limit=12&sort=rating,148,0,72
1777594316804,74,03 - POST /restaurants/5/reviews,401,Unauthorized,Virtual Users [200 threads] 1-112,text,false,"Review submission returned unexpected status (401 = bad token, 5xx = server error)",255,447,89,89,http://k8s-forkfind-forkfind-8e65d48af1-1990260306.us-east-1.elb.amazonaws.com/restaurants/5/reviews,74,0,0
1777594316804,151,02 - GET /restaurants (search),200,OK,Virtual Users [200 threads] 1-113,text,true,,790,311,88,88,http://k8s-forkfind-forkfind-8e65d48af1-1990260306.us-east-1.elb.amazonaws.com/restaurants?q=pizza&limit=12&sort=rating,151,0,71
1777594256823,60132,01 - POST /auth/user/login,504,Gateway Time-out,Virtual Users [200 threads] 1-114,text,false,Login failed — check credentials in users.csv,292,363,88,88,http://k8s-forkfind-forkfind-8e65d48af1-1990260306.us-east-1.elb.amazonaws.com/auth/user/login,60132,0,64
1777594316956,76,03 - POST /restaurants/5/reviews,401,Unauthorized,Virtual Users [200 threads] 1-113,text,false,"Review submission returned unexpected status (401 = bad token, 5xx = server error)",255,447,88,88,http://k8s-forkfind-forkfind-8e65d48af1-1990260306.us-east-1.elb.amazonaws.com/restaurants/5/reviews,76,0,0
1777594316956,147,02 - GET /restaurants (search),200,OK,Virtual Users [200 threads] 1-114,text,true,,790,311,87,87,http://k8s-forkfind-forkfind-8e65d48af1-1990260306.us-east-1.elb.amazonaws.com/restaurants?q=pizza&limit=12&sort=rating,147,0,71
1777594256971,60132,01 - POST /auth/user/login,504,Gateway Time-out,Virtual Users [200 threads] 1-115,text,false,Login failed — check credentials in users.csv,292,363,87,87,http://k8s-forkfind-forkfind-8e65d48af1-1990260306.us-east-1.elb.amazonaws.com/auth/user/login,60132,0,68
1777594317104,74,03 - POST /restaurants/5/reviews,401,Unauthorized,Virtual Users [200 threads] 1-114,text,false,"Review submission returned unexpected status (401 = bad token, 5xx = server error)",255,447,87,87,http://k8s-forkfind-forkfind-8e65d48af1-1990260306.us-east-1.elb.amazonaws.com/restaurants/5/reviews,74,0,0
1777594317104,152,02 - GET /restaurants (search),200,OK,Virtual Users [200 threads] 1-115,text,true,,790,311,86,86,http://k8s-forkfind-forkfind-8e65d48af1-1990260306.us-east-1.elb.amazonaws.com/restaurants?q=pizza&limit=12&sort=rating,152,0,71
1777594257123,60136,01 - POST /auth/user/login,504,Gateway Time-out,Virtual Users [200 threads] 1-116,text,false,Login failed — check credentials in users.csv,292,363,86,86,http://k8s-forkfind-forkfind-8e65d48af1-1990260306.us-east-1.elb.amazonaws.com/auth/user/login,60136,0,69
1777594317257,76,03 - POST /restaurants/5/reviews,401,Unauthorized,Virtual Users [200 threads] 1-115,text,false,"Review submission returned unexpected status (401 = bad token, 5xx = server error)",255,447,86,86,http://k8s-forkfind-forkfind-8e65d48af1-1990260306.us-east-1.elb.amazonaws.com/restaurants/5/reviews,76,0,0
1777594317260,152,02 - GET /restaurants (search),200,OK,Virtual Users [200 threads] 1-116,text,true,,790,311,85,85,http://k8s-forkfind-forkfind-8e65d48af1-1990260306.us-east-1.elb.amazonaws.com/restaurants?q=pizza&limit=12&sort=rating,152,0,71
1777594257272,60140,01 - POST /auth/user/login,504,Gateway Time-out,Virtual Users [200 threads] 1-117,text,false,Login failed — check credentials in users.csv,292,363,85,85,http://k8s-forkfind-forkfind-8e65d48af1-1990260306.us-east-1.elb.amazonaws.com/auth/user/login,60140,0,67
1777594317413,79,03 - POST /restaurants/5/reviews,401,Unauthorized,Virtual Users [200 threads] 1-116,text,false,"Review submission returned unexpected status (401 = bad token, 5xx = server error)",255,447,85,85,http://k8s-forkfind-forkfind-8e65d48af1-1990260306.us-east-1.elb.amazonaws.com/restaurants/5/reviews,79,0,0
1777594257420,60131,01 - POST /auth/user/login,504,Gateway Time-out,Virtual Users [200 threads] 1-118,text,false,Login failed — check credentials in users.csv,292,363,84,84,http://k8s-forkfind-forkfind-8e65d48af1-1990260306.us-east-1.elb.amazonaws.com/auth/user/login,60131,0,65
1777594317413,158,02 - GET /restaurants (search),200,OK,Virtual Users [200 threads] 1-117,text,true,,790,311,84,84,http://k8s-forkfind-forkfind-8e65d48af1-1990260306.us-east-1.elb.amazonaws.com/restaurants?q=pizza&limit=12&sort=rating,158,0,80
1777594317572,95,03 - POST /restaurants/5/reviews,401,Unauthorized,Virtual Users [200 threads] 1-117,text,false,"Review submission returned unexpected status (401 = bad token, 5xx = server error)",255,447,84,84,http://k8s-forkfind-forkfind-8e65d48af1-1990260306.us-east-1.elb.amazonaws.com/restaurants/5/reviews,95,0,0
1777594257574,60137,01 - POST /auth/user/login,504,Gateway Time-out,Virtual Users [200 threads] 1-119,text,false,Login failed — check credentials in users.csv,292,363,83,83,http://k8s-forkfind-forkfind-8e65d48af1-1990260306.us-east-1.elb.amazonaws.com/auth/user/login,60137,0,66
1777594317552,161,02 - GET /restaurants (search),200,OK,Virtual Users [200 threads] 1-118,text,true,,790,311,83,83,http://k8s-forkfind-forkfind-8e65d48af1-1990260306.us-east-1.elb.amazonaws.com/restaurants?q=pizza&limit=12&sort=rating,161,0,74
1777594317713,103,03 - POST /restaurants/5/reviews,401,Unauthorized,Virtual Users [200 threads] 1-118,text,false,"Review submission returned unexpected status (401 = bad token, 5xx = server error)",255,447,83,83,http://k8s-forkfind-forkfind-8e65d48af1-1990260306.us-east-1.elb.amazonaws.com/restaurants/5/reviews,103,0,0
1777594257723,60146,01 - POST /auth/user/login,504,Gateway Time-out,Virtual Users [200 threads] 1-120,text,false,Login failed — check credentials in users.csv,292,363,82,82,http://k8s-forkfind-forkfind-8e65d48af1-1990260306.us-east-1.elb.amazonaws.com/auth/user/login,60146,0,83
1777594317712,183,02 - GET /restaurants (search),200,OK,Virtual Users [200 threads] 1-119,text,true,,790,311,82,82,http://k8s-forkfind-forkfind-8e65d48af1-1990260306.us-east-1.elb.amazonaws.com/restaurants?q=pizza&limit=12&sort=rating,183,0,100
1777594317896,74,03 - POST /restaurants/5/reviews,401,Unauthorized,Virtual Users [200 threads] 1-119,text,false,"Review submission returned unexpected status (401 = bad token, 5xx = server error)",255,447,82,82,http://k8s-forkfind-forkfind-8e65d48af1-1990260306.us-east-1.elb.amazonaws.com/restaurants/5/reviews,74,0,0
1777594257872,60130,01 - POST /auth/user/login,504,Gateway Time-out,Virtual Users [200 threads] 1-121,text,false,Login failed — check credentials in users.csv,292,363,81,81,http://k8s-forkfind-forkfind-8e65d48af1-1990260306.us-east-1.elb.amazonaws.com/auth/user/login,60129,0,67
1777594317870,155,02 - GET /restaurants (search),200,OK,Virtual Users [200 threads] 1-120,text,true,,790,311,81,81,http://k8s-forkfind-forkfind-8e65d48af1-1990260306.us-east-1.elb.amazonaws.com/restaurants?q=pizza&limit=12&sort=rating,155,0,76
1777594318026,74,03 - POST /restaurants/5/reviews,401,Unauthorized,Virtual Users [200 threads] 1-120,text,false,"Review submission returned unexpected status (401 = bad token, 5xx = server error)",255,447,81,81,http://k8s-forkfind-forkfind-8e65d48af1-1990260306.us-east-1.elb.amazonaws.com/restaurants/5/reviews,74,0,0
1777594258021,60129,01 - POST /auth/user/login,504,Gateway Time-out,Virtual Users [200 threads] 1-122,text,false,Login failed — check credentials in users.csv,292,363,80,80,http://k8s-forkfind-forkfind-8e65d48af1-1990260306.us-east-1.elb.amazonaws.com/auth/user/login,60129,0,65
1777594318003,150,02 - GET /restaurants (search),200,OK,Virtual Users [200 threads] 1-121,text,true,,790,311,80,80,http://k8s-forkfind-forkfind-8e65d48af1-1990260306.us-east-1.elb.amazonaws.com/restaurants?q=pizza&limit=12&sort=rating,150,0,72
1777594318153,78,03 - POST /restaurants/5/reviews,401,Unauthorized,Virtual Users [200 threads] 1-121,text,false,"Review submission returned unexpected status (401 = bad token, 5xx = server error)",255,447,80,80,http://k8s-forkfind-forkfind-8e65d48af1-1990260306.us-east-1.elb.amazonaws.com/restaurants/5/reviews,78,0,0
1777594318151,149,02 - GET /restaurants (search),200,OK,Virtual Users [200 threads] 1-122,text,true,,790,311,79,79,http://k8s-forkfind-forkfind-8e65d48af1-1990260306.us-east-1.elb.amazonaws.com/restaurants?q=pizza&limit=12&sort=rating,149,0,71
1777594258174,60132,01 - POST /auth/user/login,504,Gateway Time-out,Virtual Users [200 threads] 1-123,text,false,Login failed — check credentials in users.csv,292,363,79,79,http://k8s-forkfind-forkfind-8e65d48af1-1990260306.us-east-1.elb.amazonaws.com/auth/user/login,60132,0,65
1777594318300,73,03 - POST /restaurants/5/reviews,401,Unauthorized,Virtual Users [200 threads] 1-122,text,false,"Review submission returned unexpected status (401 = bad token, 5xx = server error)",255,447,79,79,http://k8s-forkfind-forkfind-8e65d48af1-1990260306.us-east-1.elb.amazonaws.com/restaurants/5/reviews,73,0,0
1777594258319,60131,01 - POST /auth/user/login,504,Gateway Time-out,Virtual Users [200 threads] 1-124,text,false,Login failed — check credentials in users.csv,292,363,78,78,http://k8s-forkfind-forkfind-8e65d48af1-1990260306.us-east-1.elb.amazonaws.com/auth/user/login,60131,0,65
1777594318307,147,02 - GET /restaurants (search),200,OK,Virtual Users [200 threads] 1-123,text,true,,790,311,78,78,http://k8s-forkfind-forkfind-8e65d48af1-1990260306.us-east-1.elb.amazonaws.com/restaurants?q=pizza&limit=12&sort=rating,147,0,70
1777594318455,76,03 - POST /restaurants/5/reviews,401,Unauthorized,Virtual Users [200 threads] 1-123,text,false,"Review submission returned unexpected status (401 = bad token, 5xx = server error)",255,447,78,78,http://k8s-forkfind-forkfind-8e65d48af1-1990260306.us-east-1.elb.amazonaws.com/restaurants/5/reviews,76,0,0
1777594318452,161,02 - GET /restaurants (search),200,OK,Virtual Users [200 threads] 1-124,text,true,,790,311,77,77,http://k8s-forkfind-forkfind-8e65d48af1-1990260306.us-east-1.elb.amazonaws.com/restaurants?q=pizza&limit=12&sort=rating,161,0,72
1777594258472,60141,01 - POST /auth/user/login,504,Gateway Time-out,Virtual Users [200 threads] 1-125,text,false,Login failed — check credentials in users.csv,292,363,77,77,http://k8s-forkfind-forkfind-8e65d48af1-1990260306.us-east-1.elb.amazonaws.com/auth/user/login,60141,0,66
1777594318614,93,03 - POST /restaurants/5/reviews,401,Unauthorized,Virtual Users [200 threads] 1-124,text,false,"Review submission returned unexpected status (401 = bad token, 5xx = server error)",255,447,77,77,http://k8s-forkfind-forkfind-8e65d48af1-1990260306.us-east-1.elb.amazonaws.com/restaurants/5/reviews,93,0,0
1777594258622,60132,01 - POST /auth/user/login,504,Gateway Time-out,Virtual Users [200 threads] 1-126,text,false,Login failed — check credentials in users.csv,292,363,76,76,http://k8s-forkfind-forkfind-8e65d48af1-1990260306.us-east-1.elb.amazonaws.com/auth/user/login,60132,0,67
1777594318614,165,02 - GET /restaurants (search),200,OK,Virtual Users [200 threads] 1-125,text,true,,790,311,76,76,http://k8s-forkfind-forkfind-8e65d48af1-1990260306.us-east-1.elb.amazonaws.com/restaurants?q=pizza&limit=12&sort=rating,165,0,74
1777594318779,74,03 - POST /restaurants/5/reviews,401,Unauthorized,Virtual Users [200 threads] 1-125,text,false,"Review submission returned unexpected status (401 = bad token, 5xx = server error)",255,447,76,76,http://k8s-forkfind-forkfind-8e65d48af1-1990260306.us-east-1.elb.amazonaws.com/restaurants/5/reviews,74,0,0
1777594258772,60131,01 - POST /auth/user/login,504,Gateway Time-out,Virtual Users [200 threads] 1-127,text,false,Login failed — check credentials in users.csv,292,363,75,75,http://k8s-forkfind-forkfind-8e65d48af1-1990260306.us-east-1.elb.amazonaws.com/auth/user/login,60131,0,65
1777594318755,149,02 - GET /restaurants (search),200,OK,Virtual Users [200 threads] 1-126,text,true,,790,311,75,75,http://k8s-forkfind-forkfind-8e65d48af1-1990260306.us-east-1.elb.amazonaws.com/restaurants?q=pizza&limit=12&sort=rating,149,0,73
1777594318905,72,03 - POST /restaurants/5/reviews,401,Unauthorized,Virtual Users [200 threads] 1-126,text,false,"Review submission returned unexpected status (401 = bad token, 5xx = server error)",255,447,75,75,http://k8s-forkfind-forkfind-8e65d48af1-1990260306.us-east-1.elb.amazonaws.com/restaurants/5/reviews,72,0,0
1777594318904,147,02 - GET /restaurants (search),200,OK,Virtual Users [200 threads] 1-127,text,true,,790,311,74,74,http://k8s-forkfind-forkfind-8e65d48af1-1990260306.us-east-1.elb.amazonaws.com/restaurants?q=pizza&limit=12&sort=rating,147,0,71
1777594258914,60137,01 - POST /auth/user/login,504,Gateway Time-out,Virtual Users [200 threads] 1-128,text,false,Login failed — check credentials in users.csv,292,363,74,74,http://k8s-forkfind-forkfind-8e65d48af1-1990260306.us-east-1.elb.amazonaws.com/auth/user/login,60137,0,74
1777594319052,72,03 - POST /restaurants/5/reviews,401,Unauthorized,Virtual Users [200 threads] 1-127,text,false,"Review submission returned unexpected status (401 = bad token, 5xx = server error)",255,447,74,74,http://k8s-forkfind-forkfind-8e65d48af1-1990260306.us-east-1.elb.amazonaws.com/restaurants/5/reviews,72,0,0
1777594319053,148,02 - GET /restaurants (search),200,OK,Virtual Users [200 threads] 1-128,text,true,,790,311,73,73,http://k8s-forkfind-forkfind-8e65d48af1-1990260306.us-east-1.elb.amazonaws.com/restaurants?q=pizza&limit=12&sort=rating,148,0,71
1777594259070,60138,01 - POST /auth/user/login,504,Gateway Time-out,Virtual Users [200 threads] 1-129,text,false,Login failed — check credentials in users.csv,292,363,73,73,http://k8s-forkfind-forkfind-8e65d48af1-1990260306.us-east-1.elb.amazonaws.com/auth/user/login,60138,0,71
1777594319202,75,03 - POST /restaurants/5/reviews,401,Unauthorized,Virtual Users [200 threads] 1-128,text,false,"Review submission returned unexpected status (401 = bad token, 5xx = server error)",255,447,73,73,http://k8s-forkfind-forkfind-8e65d48af1-1990260306.us-east-1.elb.amazonaws.com/restaurants/5/reviews,75,0,0
1777594259217,60130,01 - POST /auth/user/login,504,Gateway Time-out,Virtual Users [200 threads] 1-130,text,false,Login failed — check credentials in users.csv,292,363,72,72,http://k8s-forkfind-forkfind-8e65d48af1-1990260306.us-east-1.elb.amazonaws.com/auth/user/login,60130,0,64
1777594319209,147,02 - GET /restaurants (search),200,OK,Virtual Users [200 threads] 1-129,text,true,,790,311,72,72,http://k8s-forkfind-forkfind-8e65d48af1-1990260306.us-east-1.elb.amazonaws.com/restaurants?q=pizza&limit=12&sort=rating,147,0,71
1777594319357,74,03 - POST /restaurants/5/reviews,401,Unauthorized,Virtual Users [200 threads] 1-129,text,false,"Review submission returned unexpected status (401 = bad token, 5xx = server error)",255,447,72,72,http://k8s-forkfind-forkfind-8e65d48af1-1990260306.us-east-1.elb.amazonaws.com/restaurants/5/reviews,74,0,0
1777594319348,151,02 - GET /restaurants (search),200,OK,Virtual Users [200 threads] 1-130,text,true,,790,311,71,71,http://k8s-forkfind-forkfind-8e65d48af1-1990260306.us-east-1.elb.amazonaws.com/restaurants?q=pizza&limit=12&sort=rating,151,0,72
1777594259371,60133,01 - POST /auth/user/login,504,Gateway Time-out,Virtual Users [200 threads] 1-131,text,false,Login failed — check credentials in users.csv,292,363,71,71,http://k8s-forkfind-forkfind-8e65d48af1-1990260306.us-east-1.elb.amazonaws.com/auth/user/login,60133,0,65
1777594319500,83,03 - POST /restaurants/5/reviews,401,Unauthorized,Virtual Users [200 threads] 1-130,text,false,"Review submission returned unexpected status (401 = bad token, 5xx = server error)",255,447,71,71,http://k8s-forkfind-forkfind-8e65d48af1-1990260306.us-east-1.elb.amazonaws.com/restaurants/5/reviews,83,0,0
1777594319504,156,02 - GET /restaurants (search),200,OK,Virtual Users [200 threads] 1-131,text,true,,790,311,70,70,http://k8s-forkfind-forkfind-8e65d48af1-1990260306.us-east-1.elb.amazonaws.com/restaurants?q=pizza&limit=12&sort=rating,156,0,79
1777594259516,60150,01 - POST /auth/user/login,504,Gateway Time-out,Virtual Users [200 threads] 1-132,text,false,Login failed — check credentials in users.csv,292,363,70,70,http://k8s-forkfind-forkfind-8e65d48af1-1990260306.us-east-1.elb.amazonaws.com/auth/user/login,60150,0,87
1777594319660,82,03 - POST /restaurants/5/reviews,401,Unauthorized,Virtual Users [200 threads] 1-131,text,false,"Review submission returned unexpected status (401 = bad token, 5xx = server error)",255,447,70,70,http://k8s-forkfind-forkfind-8e65d48af1-1990260306.us-east-1.elb.amazonaws.com/restaurants/5/reviews,82,0,0
1777594259665,60128,01 - POST /auth/user/login,504,Gateway Time-out,Virtual Users [200 threads] 1-133,text,false,Login failed — check credentials in users.csv,292,363,69,69,http://k8s-forkfind-forkfind-8e65d48af1-1990260306.us-east-1.elb.amazonaws.com/auth/user/login,60128,0,64
1777594319666,151,02 - GET /restaurants (search),200,OK,Virtual Users [200 threads] 1-132,text,true,,790,311,69,69,http://k8s-forkfind-forkfind-8e65d48af1-1990260306.us-east-1.elb.amazonaws.com/restaurants?q=pizza&limit=12&sort=rating,151,0,71
1777594319817,80,03 - POST /restaurants/5/reviews,401,Unauthorized,Virtual Users [200 threads] 1-132,text,false,"Review submission returned unexpected status (401 = bad token, 5xx = server error)",255,447,69,69,http://k8s-forkfind-forkfind-8e65d48af1-1990260306.us-east-1.elb.amazonaws.com/restaurants/5/reviews,80,0,0
1777594319794,163,02 - GET /restaurants (search),200,OK,Virtual Users [200 threads] 1-133,text,true,,790,311,68,68,http://k8s-forkfind-forkfind-8e65d48af1-1990260306.us-east-1.elb.amazonaws.com/restaurants?q=pizza&limit=12&sort=rating,163,0,71
1777594259815,60151,01 - POST /auth/user/login,504,Gateway Time-out,Virtual Users [200 threads] 1-134,text,false,Login failed — check credentials in users.csv,292,363,68,68,http://k8s-forkfind-forkfind-8e65d48af1-1990260306.us-east-1.elb.amazonaws.com/auth/user/login,60151,0,84
1777594319958,115,03 - POST /restaurants/5/reviews,401,Unauthorized,Virtual Users [200 threads] 1-133,text,false,"Review submission returned unexpected status (401 = bad token, 5xx = server error)",255,447,68,68,http://k8s-forkfind-forkfind-8e65d48af1-1990260306.us-east-1.elb.amazonaws.com/restaurants/5/reviews,115,0,0
1777594259965,60147,01 - POST /auth/user/login,504,Gateway Time-out,Virtual Users [200 threads] 1-135,text,false,Login failed — check credentials in users.csv,292,363,67,67,http://k8s-forkfind-forkfind-8e65d48af1-1990260306.us-east-1.elb.amazonaws.com/auth/user/login,60147,0,67
1777594319967,157,02 - GET /restaurants (search),200,OK,Virtual Users [200 threads] 1-134,text,true,,790,311,67,67,http://k8s-forkfind-forkfind-8e65d48af1-1990260306.us-east-1.elb.amazonaws.com/restaurants?q=pizza&limit=12&sort=rating,157,0,78
1777594320125,79,03 - POST /restaurants/5/reviews,401,Unauthorized,Virtual Users [200 threads] 1-134,text,false,"Review submission returned unexpected status (401 = bad token, 5xx = server error)",255,447,67,67,http://k8s-forkfind-forkfind-8e65d48af1-1990260306.us-east-1.elb.amazonaws.com/restaurants/5/reviews,79,0,0
1777594260118,60138,01 - POST /auth/user/login,504,Gateway Time-out,Virtual Users [200 threads] 1-136,text,false,Login failed — check credentials in users.csv,292,363,66,66,http://k8s-forkfind-forkfind-8e65d48af1-1990260306.us-east-1.elb.amazonaws.com/auth/user/login,60138,0,70
1777594320113,150,02 - GET /restaurants (search),200,OK,Virtual Users [200 threads] 1-135,text,true,,790,311,66,66,http://k8s-forkfind-forkfind-8e65d48af1-1990260306.us-east-1.elb.amazonaws.com/restaurants?q=pizza&limit=12&sort=rating,150,0,71
1777594320263,89,03 - POST /restaurants/5/reviews,401,Unauthorized,Virtual Users [200 threads] 1-135,text,false,"Review submission returned unexpected status (401 = bad token, 5xx = server error)",255,447,66,66,http://k8s-forkfind-forkfind-8e65d48af1-1990260306.us-east-1.elb.amazonaws.com/restaurants/5/reviews,88,0,0
1777594260264,60128,01 - POST /auth/user/login,504,Gateway Time-out,Virtual Users [200 threads] 1-137,text,false,Login failed — check credentials in users.csv,292,363,65,65,http://k8s-forkfind-forkfind-8e65d48af1-1990260306.us-east-1.elb.amazonaws.com/auth/user/login,60128,0,65
1777594320257,150,02 - GET /restaurants (search),200,OK,Virtual Users [200 threads] 1-136,text,true,,790,311,65,65,http://k8s-forkfind-forkfind-8e65d48af1-1990260306.us-east-1.elb.amazonaws.com/restaurants?q=pizza&limit=12&sort=rating,150,0,71
1777594320409,73,03 - POST /restaurants/5/reviews,401,Unauthorized,Virtual Users [200 threads] 1-136,text,false,"Review submission returned unexpected status (401 = bad token, 5xx = server error)",255,447,65,65,http://k8s-forkfind-forkfind-8e65d48af1-1990260306.us-east-1.elb.amazonaws.com/restaurants/5/reviews,73,0,0
1777594320393,152,02 - GET /restaurants (search),200,OK,Virtual Users [200 threads] 1-137,text,true,,790,311,64,64,http://k8s-forkfind-forkfind-8e65d48af1-1990260306.us-east-1.elb.amazonaws.com/restaurants?q=pizza&limit=12&sort=rating,152,0,71
1777594260416,60151,01 - POST /auth/user/login,504,Gateway Time-out,Virtual Users [200 threads] 1-138,text,false,Login failed — check credentials in users.csv,292,363,64,64,http://k8s-forkfind-forkfind-8e65d48af1-1990260306.us-east-1.elb.amazonaws.com/auth/user/login,60151,0,69
1777594320546,74,03 - POST /restaurants/5/reviews,401,Unauthorized,Virtual Users [200 threads] 1-137,text,false,"Review submission returned unexpected status (401 = bad token, 5xx = server error)",255,447,64,64,http://k8s-forkfind-forkfind-8e65d48af1-1990260306.us-east-1.elb.amazonaws.com/restaurants/5/reviews,74,0,0
1777594320568,149,02 - GET /restaurants (search),200,OK,Virtual Users [200 threads] 1-138,text,true,,790,311,63,63,http://k8s-forkfind-forkfind-8e65d48af1-1990260306.us-east-1.elb.amazonaws.com/restaurants?q=pizza&limit=12&sort=rating,149,0,72
1777594260569,60169,01 - POST /auth/user/login,504,Gateway Time-out,Virtual Users [200 threads] 1-139,text,false,Login failed — check credentials in users.csv,292,363,63,63,http://k8s-forkfind-forkfind-8e65d48af1-1990260306.us-east-1.elb.amazonaws.com/auth/user/login,60169,0,88
1777594320719,74,03 - POST /restaurants/5/reviews,401,Unauthorized,Virtual Users [200 threads] 1-138,text,false,"Review submission returned unexpected status (401 = bad token, 5xx = server error)",255,447,63,63,http://k8s-forkfind-forkfind-8e65d48af1-1990260306.us-east-1.elb.amazonaws.com/restaurants/5/reviews,74,0,0
1777594260716,60135,01 - POST /auth/user/login,504,Gateway Time-out,Virtual Users [200 threads] 1-140,text,false,Login failed — check credentials in users.csv,292,363,62,62,http://k8s-forkfind-forkfind-8e65d48af1-1990260306.us-east-1.elb.amazonaws.com/auth/user/login,60135,0,68
1777594320739,156,02 - GET /restaurants (search),200,OK,Virtual Users [200 threads] 1-139,text,true,,790,311,62,62,http://k8s-forkfind-forkfind-8e65d48af1-1990260306.us-east-1.elb.amazonaws.com/restaurants?q=pizza&limit=12&sort=rating,156,0,72
1777594320896,74,03 - POST /restaurants/5/reviews,Non HTTP response code: java.net.SocketException,Non HTTP response message: Connection reset,Virtual Users [200 threads] 1-139,text,false,"Review submission returned unexpected status (401 = bad token, 5xx = server error)",2601,0,62,62,http://k8s-forkfind-forkfind-8e65d48af1-1990260306.us-east-1.elb.amazonaws.com/restaurants/5/reviews,0,0,0
1777594260864,60132,01 - POST /auth/user/login,504,Gateway Time-out,Virtual Users [200 threads] 1-141,text,false,Login failed — check credentials in users.csv,292,363,61,61,http://k8s-forkfind-forkfind-8e65d48af1-1990260306.us-east-1.elb.amazonaws.com/auth/user/login,60132,0,64
1777594320852,149,02 - GET /restaurants (search),200,OK,Virtual Users [200 threads] 1-140,text,true,,790,311,61,61,http://k8s-forkfind-forkfind-8e65d48af1-1990260306.us-east-1.elb.amazonaws.com/restaurants?q=pizza&limit=12&sort=rating,149,0,73
1777594321002,74,03 - POST /restaurants/5/reviews,Non HTTP response code: java.net.SocketException,Non HTTP response message: Connection reset,Virtual Users [200 threads] 1-140,text,false,"Review submission returned unexpected status (401 = bad token, 5xx = server error)",2601,0,61,61,http://k8s-forkfind-forkfind-8e65d48af1-1990260306.us-east-1.elb.amazonaws.com/restaurants/5/reviews,0,0,0
1777594261013,60138,01 - POST /auth/user/login,504,Gateway Time-out,Virtual Users [200 threads] 1-142,text,false,Login failed — check credentials in users.csv,292,363,60,60,http://k8s-forkfind-forkfind-8e65d48af1-1990260306.us-east-1.elb.amazonaws.com/auth/user/login,60138,0,66
1777594320997,156,02 - GET /restaurants (search),200,OK,Virtual Users [200 threads] 1-141,text,true,,790,311,60,60,http://k8s-forkfind-forkfind-8e65d48af1-1990260306.us-east-1.elb.amazonaws.com/restaurants?q=pizza&limit=12&sort=rating,156,0,71
1777594321153,80,03 - POST /restaurants/5/reviews,Non HTTP response code: java.net.SocketException,Non HTTP response message: Connection reset,Virtual Users [200 threads] 1-141,text,false,"Review submission returned unexpected status (401 = bad token, 5xx = server error)",2601,0,60,60,http://k8s-forkfind-forkfind-8e65d48af1-1990260306.us-east-1.elb.amazonaws.com/restaurants/5/reviews,0,0,0
1777594321152,166,02 - GET /restaurants (search),200,OK,Virtual Users [200 threads] 1-142,text,true,,790,311,59,59,http://k8s-forkfind-forkfind-8e65d48af1-1990260306.us-east-1.elb.amazonaws.com/restaurants?q=pizza&limit=12&sort=rating,166,0,72
1777594261169,60149,01 - POST /auth/user/login,504,Gateway Time-out,Virtual Users [200 threads] 1-143,text,false,Login failed — check credentials in users.csv,292,363,59,59,http://k8s-forkfind-forkfind-8e65d48af1-1990260306.us-east-1.elb.amazonaws.com/auth/user/login,60149,0,66
1777594321319,95,03 - POST /restaurants/5/reviews,Non HTTP response code: java.net.SocketException,Non HTTP response message: Connection reset,Virtual Users [200 threads] 1-142,text,false,"Review submission returned unexpected status (401 = bad token, 5xx = server error)",2601,0,59,59,http://k8s-forkfind-forkfind-8e65d48af1-1990260306.us-east-1.elb.amazonaws.com/restaurants/5/reviews,0,0,0
1777594261315,60133,01 - POST /auth/user/login,504,Gateway Time-out,Virtual Users [200 threads] 1-144,text,false,Login failed — check credentials in users.csv,292,363,58,58,http://k8s-forkfind-forkfind-8e65d48af1-1990260306.us-east-1.elb.amazonaws.com/auth/user/login,60133,0,66
1777594321319,196,02 - GET /restaurants (search),200,OK,Virtual Users [200 threads] 1-143,text,true,,790,311,58,58,http://k8s-forkfind-forkfind-8e65d48af1-1990260306.us-east-1.elb.amazonaws.com/restaurants?q=pizza&limit=12&sort=rating,196,0,72
1777594261466,60132,01 - POST /auth/user/login,504,Gateway Time-out,Virtual Users [200 threads] 1-145,text,false,Login failed — check credentials in users.csv,292,363,58,58,http://k8s-forkfind-forkfind-8e65d48af1-1990260306.us-east-1.elb.amazonaws.com/auth/user/login,60132,0,66
1777594321516,90,03 - POST /restaurants/5/reviews,Non HTTP response code: java.net.SocketException,Non HTTP response message: Connection reset,Virtual Users [200 threads] 1-143,text,false,"Review submission returned unexpected status (401 = bad token, 5xx = server error)",2601,0,58,58,http://k8s-forkfind-forkfind-8e65d48af1-1990260306.us-east-1.elb.amazonaws.com/restaurants/5/reviews,0,0,0
1777594321449,246,02 - GET /restaurants (search),200,OK,Virtual Users [200 threads] 1-144,text,true,,790,311,57,57,http://k8s-forkfind-forkfind-8e65d48af1-1990260306.us-east-1.elb.amazonaws.com/restaurants?q=pizza&limit=12&sort=rating,246,0,71
1777594261610,60148,01 - POST /auth/user/login,504,Gateway Time-out,Virtual Users [200 threads] 1-146,text,false,Login failed — check credentials in users.csv,292,363,57,57,http://k8s-forkfind-forkfind-8e65d48af1-1990260306.us-east-1.elb.amazonaws.com/auth/user/login,60148,0,65
1777594321695,99,03 - POST /restaurants/5/reviews,Non HTTP response code: java.net.SocketException,Non HTTP response message: Connection reset,Virtual Users [200 threads] 1-144,text,false,"Review submission returned unexpected status (401 = bad token, 5xx = server error)",2601,0,57,57,http://k8s-forkfind-forkfind-8e65d48af1-1990260306.us-east-1.elb.amazonaws.com/restaurants/5/reviews,0,0,0
1777594321599,219,02 - GET /restaurants (search),200,OK,Virtual Users [200 threads] 1-145,text,true,,790,311,56,56,http://k8s-forkfind-forkfind-8e65d48af1-1990260306.us-east-1.elb.amazonaws.com/restaurants?q=pizza&limit=12&sort=rating,219,0,72
1777594321819,79,03 - POST /restaurants/5/reviews,Non HTTP response code: java.net.SocketException,Non HTTP response message: Connection reset,Virtual Users [200 threads] 1-145,text,false,"Review submission returned unexpected status (401 = bad token, 5xx = server error)",2601,0,56,56,http://k8s-forkfind-forkfind-8e65d48af1-1990260306.us-east-1.elb.amazonaws.com/restaurants/5/reviews,0,0,0
1777594261762,60150,01 - POST /auth/user/login,504,Gateway Time-out,Virtual Users [200 threads] 1-147,text,false,Login failed — check credentials in users.csv,292,363,55,55,http://k8s-forkfind-forkfind-8e65d48af1-1990260306.us-east-1.elb.amazonaws.com/auth/user/login,60150,0,77
1777594321759,181,02 - GET /restaurants (search),200,OK,Virtual Users [200 threads] 1-146,text,true,,790,311,55,55,http://k8s-forkfind-forkfind-8e65d48af1-1990260306.us-east-1.elb.amazonaws.com/restaurants?q=pizza&limit=12&sort=rating,180,0,71
1777594321940,100,03 - POST /restaurants/5/reviews,Non HTTP response code: java.net.SocketException,Non HTTP response message: Connection reset,Virtual Users [200 threads] 1-146,text,false,"Review submission returned unexpected status (401 = bad token, 5xx = server error)",2601,0,55,55,http://k8s-forkfind-forkfind-8e65d48af1-1990260306.us-east-1.elb.amazonaws.com/restaurants/5/reviews,0,0,0
1777594261913,60134,01 - POST /auth/user/login,504,Gateway Time-out,Virtual Users [200 threads] 1-148,text,false,Login failed — check credentials in users.csv,292,363,54,54,http://k8s-forkfind-forkfind-8e65d48af1-1990260306.us-east-1.elb.amazonaws.com/auth/user/login,60134,0,65
1777594321913,214,02 - GET /restaurants (search),200,OK,Virtual Users [200 threads] 1-147,text,true,,790,311,54,54,http://k8s-forkfind-forkfind-8e65d48af1-1990260306.us-east-1.elb.amazonaws.com/restaurants?q=pizza&limit=12&sort=rating,214,0,71
1777594262066,60129,01 - POST /auth/user/login,504,Gateway Time-out,Virtual Users [200 threads] 1-149,text,false,Login failed — check credentials in users.csv,292,363,54,54,http://k8s-forkfind-forkfind-8e65d48af1-1990260306.us-east-1.elb.amazonaws.com/auth/user/login,60129,0,64
1777594322127,110,03 - POST /restaurants/5/reviews,Non HTTP response code: java.net.SocketException,Non HTTP response message: Connection reset,Virtual Users [200 threads] 1-147,text,false,"Review submission returned unexpected status (401 = bad token, 5xx = server error)",2601,0,54,54,http://k8s-forkfind-forkfind-8e65d48af1-1990260306.us-east-1.elb.amazonaws.com/restaurants/5/reviews,0,0,0
1777594322048,250,02 - GET /restaurants (search),200,OK,Virtual Users [200 threads] 1-148,text,true,,790,311,53,53,http://k8s-forkfind-forkfind-8e65d48af1-1990260306.us-east-1.elb.amazonaws.com/restaurants?q=pizza&limit=12&sort=rating,250,0,79
1777594262218,60132,01 - POST /auth/user/login,504,Gateway Time-out,Virtual Users [200 threads] 1-150,text,false,Login failed — check credentials in users.csv,292,363,53,53,http://k8s-forkfind-forkfind-8e65d48af1-1990260306.us-east-1.elb.amazonaws.com/auth/user/login,60132,0,65
1777594322298,131,03 - POST /restaurants/5/reviews,Non HTTP response code: java.net.SocketException,Non HTTP response message: Connection reset,Virtual Users [200 threads] 1-148,text,false,"Review submission returned unexpected status (401 = bad token, 5xx = server error)",2601,0,53,53,http://k8s-forkfind-forkfind-8e65d48af1-1990260306.us-east-1.elb.amazonaws.com/restaurants/5/reviews,0,0,0
1777594322195,243,02 - GET /restaurants (search),200,OK,Virtual Users [200 threads] 1-149,text,true,,790,311,52,52,http://k8s-forkfind-forkfind-8e65d48af1-1990260306.us-east-1.elb.amazonaws.com/restaurants?q=pizza&limit=12&sort=rating,243,0,77
1777594262366,60136,01 - POST /auth/user/login,504,Gateway Time-out,Virtual Users [200 threads] 1-151,text,false,Login failed — check credentials in users.csv,292,363,52,52,http://k8s-forkfind-forkfind-8e65d48af1-1990260306.us-east-1.elb.amazonaws.com/auth/user/login,60136,0,65
1777594322439,145,03 - POST /restaurants/5/reviews,Non HTTP response code: java.net.SocketException,Non HTTP response message: Connection reset,Virtual Users [200 threads] 1-149,text,false,"Review submission returned unexpected status (401 = bad token, 5xx = server error)",2601,0,52,52,http://k8s-forkfind-forkfind-8e65d48af1-1990260306.us-east-1.elb.amazonaws.com/restaurants/5/reviews,0,0,0
1777594322351,279,02 - GET /restaurants (search),200,OK,Virtual Users [200 threads] 1-150,text,true,,790,311,51,51,http://k8s-forkfind-forkfind-8e65d48af1-1990260306.us-east-1.elb.amazonaws.com/restaurants?q=pizza&limit=12&sort=rating,279,0,78
1777594262514,60136,01 - POST /auth/user/login,504,Gateway Time-out,Virtual Users [200 threads] 1-152,text,false,Login failed — check credentials in users.csv,292,363,51,51,http://k8s-forkfind-forkfind-8e65d48af1-1990260306.us-east-1.elb.amazonaws.com/auth/user/login,60136,0,65
1777594322503,272,02 - GET /restaurants (search),200,OK,Virtual Users [200 threads] 1-151,text,true,,790,311,51,51,http://k8s-forkfind-forkfind-8e65d48af1-1990260306.us-east-1.elb.amazonaws.com/restaurants?q=pizza&limit=12&sort=rating,272,0,77
1777594322631,144,03 - POST /restaurants/5/reviews,Non HTTP response code: java.net.SocketException,Non HTTP response message: Connection reset,Virtual Users [200 threads] 1-150,text,false,"Review submission returned unexpected status (401 = bad token, 5xx = server error)",2601,0,51,51,http://k8s-forkfind-forkfind-8e65d48af1-1990260306.us-east-1.elb.amazonaws.com/restaurants/5/reviews,0,0,0
1777594262665,60130,01 - POST /auth/user/login,504,Gateway Time-out,Virtual Users [200 threads] 1-153,text,false,Login failed — check credentials in users.csv,292,363,50,50,http://k8s-forkfind-forkfind-8e65d48af1-1990260306.us-east-1.elb.amazonaws.com/auth/user/login,60130,0,65
1777594322775,114,03 - POST /restaurants/5/reviews,Non HTTP response code: java.net.SocketException,Non HTTP response message: Connection reset,Virtual Users [200 threads] 1-151,text,false,"Review submission returned unexpected status (401 = bad token, 5xx = server error)",2601,0,50,50,http://k8s-forkfind-forkfind-8e65d48af1-1990260306.us-east-1.elb.amazonaws.com/restaurants/5/reviews,0,0,0
1777594322651,263,02 - GET /restaurants (search),200,OK,Virtual Users [200 threads] 1-152,text,true,,790,311,49,49,http://k8s-forkfind-forkfind-8e65d48af1-1990260306.us-east-1.elb.amazonaws.com/restaurants?q=pizza&limit=12&sort=rating,263,0,71
1777594262816,60129,01 - POST /auth/user/login,504,Gateway Time-out,Virtual Users [200 threads] 1-154,text,false,Login failed — check credentials in users.csv,292,363,49,49,http://k8s-forkfind-forkfind-8e65d48af1-1990260306.us-east-1.elb.amazonaws.com/auth/user/login,60129,0,65
1777594322796,182,02 - GET /restaurants (search),200,OK,Virtual Users [200 threads] 1-153,text,true,,790,311,49,49,http://k8s-forkfind-forkfind-8e65d48af1-1990260306.us-east-1.elb.amazonaws.com/restaurants?q=pizza&limit=12&sort=rating,182,0,81
1777594322915,74,03 - POST /restaurants/5/reviews,Non HTTP response code: java.net.SocketException,Non HTTP response message: Connection reset,Virtual Users [200 threads] 1-152,text,false,"Review submission returned unexpected status (401 = bad token, 5xx = server error)",2601,0,49,49,http://k8s-forkfind-forkfind-8e65d48af1-1990260306.us-east-1.elb.amazonaws.com/restaurants/5/reviews,0,0,0
1777594322980,85,03 - POST /restaurants/5/reviews,Non HTTP response code: java.net.SocketException,Non HTTP response message: Connection reset,Virtual Users [200 threads] 1-153,text,false,"Review submission returned unexpected status (401 = bad token, 5xx = server error)",2601,0,48,48,http://k8s-forkfind-forkfind-8e65d48af1-1990260306.us-east-1.elb.amazonaws.com/restaurants/5/reviews,0,0,0
1777594262961,60144,01 - POST /auth/user/login,504,Gateway Time-out,Virtual Users [200 threads] 1-155,text,false,Login failed — check credentials in users.csv,292,363,47,47,http://k8s-forkfind-forkfind-8e65d48af1-1990260306.us-east-1.elb.amazonaws.com/auth/user/login,60144,0,74
1777594322946,172,02 - GET /restaurants (search),200,OK,Virtual Users [200 threads] 1-154,text,true,,790,311,47,47,http://k8s-forkfind-forkfind-8e65d48af1-1990260306.us-east-1.elb.amazonaws.com/restaurants?q=pizza&limit=12&sort=rating,172,0,74
1777594323119,77,03 - POST /restaurants/5/reviews,Non HTTP response code: java.net.SocketException,Non HTTP response message: Connection reset,Virtual Users [200 threads] 1-154,text,false,"Review submission returned unexpected status (401 = bad token, 5xx = server error)",2601,0,47,47,http://k8s-forkfind-forkfind-8e65d48af1-1990260306.us-east-1.elb.amazonaws.com/restaurants/5/reviews,0,0,0
1777594263113,60129,01 - POST /auth/user/login,504,Gateway Time-out,Virtual Users [200 threads] 1-156,text,false,Login failed — check credentials in users.csv,292,363,46,46,http://k8s-forkfind-forkfind-8e65d48af1-1990260306.us-east-1.elb.amazonaws.com/auth/user/login,60128,0,65
1777594323107,181,02 - GET /restaurants (search),200,OK,Virtual Users [200 threads] 1-155,text,true,,790,311,46,46,http://k8s-forkfind-forkfind-8e65d48af1-1990260306.us-east-1.elb.amazonaws.com/restaurants?q=pizza&limit=12&sort=rating,181,0,77
1777594323288,78,03 - POST /restaurants/5/reviews,Non HTTP response code: java.net.SocketException,Non HTTP response message: Connection reset,Virtual Users [200 threads] 1-155,text,false,"Review submission returned unexpected status (401 = bad token, 5xx = server error)",2601,0,46,46,http://k8s-forkfind-forkfind-8e65d48af1-1990260306.us-east-1.elb.amazonaws.com/restaurants/5/reviews,0,0,0
1777594263264,60130,01 - POST /auth/user/login,504,Gateway Time-out,Virtual Users [200 threads] 1-157,text,false,Login failed — check credentials in users.csv,292,363,45,45,http://k8s-forkfind-forkfind-8e65d48af1-1990260306.us-east-1.elb.amazonaws.com/auth/user/login,60130,0,67
1777594323243,200,02 - GET /restaurants (search),200,OK,Virtual Users [200 threads] 1-156,text,true,,790,311,45,45,http://k8s-forkfind-forkfind-8e65d48af1-1990260306.us-east-1.elb.amazonaws.com/restaurants?q=pizza&limit=12&sort=rating,200,0,85
1777594323444,73,03 - POST /restaurants/5/reviews,Non HTTP response code: java.net.SocketException,Non HTTP response message: Connection reset,Virtual Users [200 threads] 1-156,text,false,"Review submission returned unexpected status (401 = bad token, 5xx = server error)",2601,0,45,45,http://k8s-forkfind-forkfind-8e65d48af1-1990260306.us-east-1.elb.amazonaws.com/restaurants/5/reviews,0,0,0
1777594263414,60136,01 - POST /auth/user/login,504,Gateway Time-out,Virtual Users [200 threads] 1-158,text,false,Login failed — check credentials in users.csv,292,363,44,44,http://k8s-forkfind-forkfind-8e65d48af1-1990260306.us-east-1.elb.amazonaws.com/auth/user/login,60136,0,65
1777594323395,160,02 - GET /restaurants (search),200,OK,Virtual Users [200 threads] 1-157,text,true,,790,311,44,44,http://k8s-forkfind-forkfind-8e65d48af1-1990260306.us-east-1.elb.amazonaws.com/restaurants?q=pizza&limit=12&sort=rating,160,0,71
1777594323556,75,03 - POST /restaurants/5/reviews,Non HTTP response code: java.net.SocketException,Non HTTP response message: Connection reset,Virtual Users [200 threads] 1-157,text,false,"Review submission returned unexpected status (401 = bad token, 5xx = server error)",2601,0,44,44,http://k8s-forkfind-forkfind-8e65d48af1-1990260306.us-east-1.elb.amazonaws.com/restaurants/5/reviews,0,0,0
1777594263564,60133,01 - POST /auth/user/login,504,Gateway Time-out,Virtual Users [200 threads] 1-159,text,false,Login failed — check credentials in users.csv,292,363,43,43,http://k8s-forkfind-forkfind-8e65d48af1-1990260306.us-east-1.elb.amazonaws.com/auth/user/login,60133,0,65
1777594323551,185,02 - GET /restaurants (search),200,OK,Virtual Users [200 threads] 1-158,text,true,,790,311,43,43,http://k8s-forkfind-forkfind-8e65d48af1-1990260306.us-east-1.elb.amazonaws.com/restaurants?q=pizza&limit=12&sort=rating,185,0,70
1777594323736,76,03 - POST /restaurants/5/reviews,Non HTTP response code: java.net.SocketException,Non HTTP response message: Connection reset,Virtual Users [200 threads] 1-158,text,false,"Review submission returned unexpected status (401 = bad token, 5xx = server error)",2601,0,43,43,http://k8s-forkfind-forkfind-8e65d48af1-1990260306.us-east-1.elb.amazonaws.com/restaurants/5/reviews,0,0,0
1777594263715,60129,01 - POST /auth/user/login,504,Gateway Time-out,Virtual Users [200 threads] 1-160,text,false,Login failed — check credentials in users.csv,292,363,42,42,http://k8s-forkfind-forkfind-8e65d48af1-1990260306.us-east-1.elb.amazonaws.com/auth/user/login,60129,0,63
1777594323698,159,02 - GET /restaurants (search),200,OK,Virtual Users [200 threads] 1-159,text,true,,790,311,42,42,http://k8s-forkfind-forkfind-8e65d48af1-1990260306.us-east-1.elb.amazonaws.com/restaurants?q=pizza&limit=12&sort=rating,159,0,71
1777594323858,83,03 - POST /restaurants/5/reviews,Non HTTP response code: java.net.SocketException,Non HTTP response message: Connection reset,Virtual Users [200 threads] 1-159,text,false,"Review submission returned unexpected status (401 = bad token, 5xx = server error)",2601,0,42,42,http://k8s-forkfind-forkfind-8e65d48af1-1990260306.us-east-1.elb.amazonaws.com/restaurants/5/reviews,0,0,0
1777594263865,60132,01 - POST /auth/user/login,504,Gateway Time-out,Virtual Users [200 threads] 1-161,text,false,Login failed — check credentials in users.csv,292,363,41,41,http://k8s-forkfind-forkfind-8e65d48af1-1990260306.us-east-1.elb.amazonaws.com/auth/user/login,60132,0,66
1777594323844,172,02 - GET /restaurants (search),200,OK,Virtual Users [200 threads] 1-160,text,true,,790,311,41,41,http://k8s-forkfind-forkfind-8e65d48af1-1990260306.us-east-1.elb.amazonaws.com/restaurants?q=pizza&limit=12&sort=rating,172,0,79
1777594324016,85,03 - POST /restaurants/5/reviews,Non HTTP response code: java.net.SocketException,Non HTTP response message: Connection reset,Virtual Users [200 threads] 1-160,text,false,"Review submission returned unexpected status (401 = bad token, 5xx = server error)",2601,0,41,41,http://k8s-forkfind-forkfind-8e65d48af1-1990260306.us-east-1.elb.amazonaws.com/restaurants/5/reviews,0,0,0
1777594264014,60129,01 - POST /auth/user/login,504,Gateway Time-out,Virtual Users [200 threads] 1-162,text,false,Login failed — check credentials in users.csv,292,363,40,40,http://k8s-forkfind-forkfind-8e65d48af1-1990260306.us-east-1.elb.amazonaws.com/auth/user/login,60129,0,64
1777594323997,158,02 - GET /restaurants (search),200,OK,Virtual Users [200 threads] 1-161,text,true,,790,311,40,40,http://k8s-forkfind-forkfind-8e65d48af1-1990260306.us-east-1.elb.amazonaws.com/restaurants?q=pizza&limit=12&sort=rating,158,0,71
1777594324156,84,03 - POST /restaurants/5/reviews,Non HTTP response code: java.net.SocketException,Non HTTP response message: Connection reset,Virtual Users [200 threads] 1-161,text,false,"Review submission returned unexpected status (401 = bad token, 5xx = server error)",2601,0,40,40,http://k8s-forkfind-forkfind-8e65d48af1-1990260306.us-east-1.elb.amazonaws.com/restaurants/5/reviews,0,0,0
1777594264157,60135,01 - POST /auth/user/login,504,Gateway Time-out,Virtual Users [200 threads] 1-163,text,false,Login failed — check credentials in users.csv,292,363,39,39,http://k8s-forkfind-forkfind-8e65d48af1-1990260306.us-east-1.elb.amazonaws.com/auth/user/login,60135,0,65
1777594324144,182,02 - GET /restaurants (search),200,OK,Virtual Users [200 threads] 1-162,text,true,,790,311,39,39,http://k8s-forkfind-forkfind-8e65d48af1-1990260306.us-east-1.elb.amazonaws.com/restaurants?q=pizza&limit=12&sort=rating,182,0,70
1777594324326,85,03 - POST /restaurants/5/reviews,Non HTTP response code: java.net.SocketException,Non HTTP response message: Connection reset,Virtual Users [200 threads] 1-162,text,false,"Review submission returned unexpected status (401 = bad token, 5xx = server error)",2601,0,39,39,http://k8s-forkfind-forkfind-8e65d48af1-1990260306.us-east-1.elb.amazonaws.com/restaurants/5/reviews,0,0,0
1777594264310,60130,01 - POST /auth/user/login,504,Gateway Time-out,Virtual Users [200 threads] 1-164,text,false,Login failed — check credentials in users.csv,292,363,38,38,http://k8s-forkfind-forkfind-8e65d48af1-1990260306.us-east-1.elb.amazonaws.com/auth/user/login,60130,0,64
1777594324292,158,02 - GET /restaurants (search),200,OK,Virtual Users [200 threads] 1-163,text,true,,790,311,38,38,http://k8s-forkfind-forkfind-8e65d48af1-1990260306.us-east-1.elb.amazonaws.com/restaurants?q=pizza&limit=12&sort=rating,158,0,71
1777594324451,82,03 - POST /restaurants/5/reviews,Non HTTP response code: java.net.SocketException,Non HTTP response message: Connection reset,Virtual Users [200 threads] 1-163,text,false,"Review submission returned unexpected status (401 = bad token, 5xx = server error)",2601,0,38,38,http://k8s-forkfind-forkfind-8e65d48af1-1990260306.us-east-1.elb.amazonaws.com/restaurants/5/reviews,0,0,0
1777594264460,60131,01 - POST /auth/user/login,504,Gateway Time-out,Virtual Users [200 threads] 1-165,text,false,Login failed — check credentials in users.csv,292,363,37,37,http://k8s-forkfind-forkfind-8e65d48af1-1990260306.us-east-1.elb.amazonaws.com/auth/user/login,60131,0,64
1777594324441,179,02 - GET /restaurants (search),200,OK,Virtual Users [200 threads] 1-164,text,true,,790,311,37,37,http://k8s-forkfind-forkfind-8e65d48af1-1990260306.us-east-1.elb.amazonaws.com/restaurants?q=pizza&limit=12&sort=rating,179,0,73
1777594324620,78,03 - POST /restaurants/5/reviews,Non HTTP response code: java.net.SocketException,Non HTTP response message: Connection reset,Virtual Users [200 threads] 1-164,text,false,"Review submission returned unexpected status (401 = bad token, 5xx = server error)",2601,0,37,37,http://k8s-forkfind-forkfind-8e65d48af1-1990260306.us-east-1.elb.amazonaws.com/restaurants/5/reviews,0,0,0
1777594264611,60124,01 - POST /auth/user/login,504,Gateway Time-out,Virtual Users [200 threads] 1-166,text,false,Login failed — check credentials in users.csv,292,363,36,36,http://k8s-forkfind-forkfind-8e65d48af1-1990260306.us-east-1.elb.amazonaws.com/auth/user/login,60124,0,64
1777594324591,154,02 - GET /restaurants (search),200,OK,Virtual Users [200 threads] 1-165,text,true,,790,311,36,36,http://k8s-forkfind-forkfind-8e65d48af1-1990260306.us-east-1.elb.amazonaws.com/restaurants?q=pizza&limit=12&sort=rating,154,0,70
1777594324745,79,03 - POST /restaurants/5/reviews,Non HTTP response code: java.net.SocketException,Non HTTP response message: Connection reset,Virtual Users [200 threads] 1-165,text,false,"Review submission returned unexpected status (401 = bad token, 5xx = server error)",2601,0,36,36,http://k8s-forkfind-forkfind-8e65d48af1-1990260306.us-east-1.elb.amazonaws.com/restaurants/5/reviews,0,0,0
1777594264763,60128,01 - POST /auth/user/login,504,Gateway Time-out,Virtual Users [200 threads] 1-167,text,false,Login failed — check credentials in users.csv,292,363,35,35,http://k8s-forkfind-forkfind-8e65d48af1-1990260306.us-east-1.elb.amazonaws.com/auth/user/login,60128,0,63
1777594324736,161,02 - GET /restaurants (search),200,OK,Virtual Users [200 threads] 1-166,text,true,,790,311,35,35,http://k8s-forkfind-forkfind-8e65d48af1-1990260306.us-east-1.elb.amazonaws.com/restaurants?q=pizza&limit=12&sort=rating,161,0,72
1777594324897,73,03 - POST /restaurants/5/reviews,Non HTTP response code: java.net.SocketException,Non HTTP response message: Connection reset,Virtual Users [200 threads] 1-166,text,false,"Review submission returned unexpected status (401 = bad token, 5xx = server error)",2601,0,35,35,http://k8s-forkfind-forkfind-8e65d48af1-1990260306.us-east-1.elb.amazonaws.com/restaurants/5/reviews,0,0,0
1777594264905,60131,01 - POST /auth/user/login,504,Gateway Time-out,Virtual Users [200 threads] 1-168,text,false,Login failed — check credentials in users.csv,292,363,34,34,http://k8s-forkfind-forkfind-8e65d48af1-1990260306.us-east-1.elb.amazonaws.com/auth/user/login,60130,0,64
1777594324892,167,02 - GET /restaurants (search),200,OK,Virtual Users [200 threads] 1-167,text,true,,790,311,34,34,http://k8s-forkfind-forkfind-8e65d48af1-1990260306.us-east-1.elb.amazonaws.com/restaurants?q=pizza&limit=12&sort=rating,166,0,71
1777594325059,74,03 - POST /restaurants/5/reviews,Non HTTP response code: java.net.SocketException,Non HTTP response message: Connection reset,Virtual Users [200 threads] 1-167,text,false,"Review submission returned unexpected status (401 = bad token, 5xx = server error)",2601,0,34,34,http://k8s-forkfind-forkfind-8e65d48af1-1990260306.us-east-1.elb.amazonaws.com/restaurants/5/reviews,0,0,0
1777594265065,60142,01 - POST /auth/user/login,504,Gateway Time-out,Virtual Users [200 threads] 1-169,text,false,Login failed — check credentials in users.csv,292,363,33,33,http://k8s-forkfind-forkfind-8e65d48af1-1990260306.us-east-1.elb.amazonaws.com/auth/user/login,60142,0,68
1777594325036,187,02 - GET /restaurants (search),200,OK,Virtual Users [200 threads] 1-168,text,true,,790,311,33,33,http://k8s-forkfind-forkfind-8e65d48af1-1990260306.us-east-1.elb.amazonaws.com/restaurants?q=pizza&limit=12&sort=rating,187,0,77
1777594325224,76,03 - POST /restaurants/5/reviews,Non HTTP response code: java.net.SocketException,Non HTTP response message: Connection reset,Virtual Users [200 threads] 1-168,text,false,"Review submission returned unexpected status (401 = bad token, 5xx = server error)",2601,0,33,33,http://k8s-forkfind-forkfind-8e65d48af1-1990260306.us-east-1.elb.amazonaws.com/restaurants/5/reviews,0,0,0
1777594265208,60131,01 - POST /auth/user/login,504,Gateway Time-out,Virtual Users [200 threads] 1-170,text,false,Login failed — check credentials in users.csv,292,363,32,32,http://k8s-forkfind-forkfind-8e65d48af1-1990260306.us-east-1.elb.amazonaws.com/auth/user/login,60131,0,64
1777594325208,191,02 - GET /restaurants (search),200,OK,Virtual Users [200 threads] 1-169,text,true,,790,311,32,32,http://k8s-forkfind-forkfind-8e65d48af1-1990260306.us-east-1.elb.amazonaws.com/restaurants?q=pizza&limit=12&sort=rating,191,0,76
1777594325399,80,03 - POST /restaurants/5/reviews,Non HTTP response code: java.net.SocketException,Non HTTP response message: Connection reset,Virtual Users [200 threads] 1-169,text,false,"Review submission returned unexpected status (401 = bad token, 5xx = server error)",2601,0,32,32,http://k8s-forkfind-forkfind-8e65d48af1-1990260306.us-east-1.elb.amazonaws.com/restaurants/5/reviews,0,0,0
1777594265362,60129,01 - POST /auth/user/login,504,Gateway Time-out,Virtual Users [200 threads] 1-171,text,false,Login failed — check credentials in users.csv,292,363,31,31,http://k8s-forkfind-forkfind-8e65d48af1-1990260306.us-east-1.elb.amazonaws.com/auth/user/login,60129,0,65
1777594325339,163,02 - GET /restaurants (search),200,OK,Virtual Users [200 threads] 1-170,text,true,,790,311,31,31,http://k8s-forkfind-forkfind-8e65d48af1-1990260306.us-east-1.elb.amazonaws.com/restaurants?q=pizza&limit=12&sort=rating,163,0,71
1777594325503,78,03 - POST /restaurants/5/reviews,Non HTTP response code: java.net.SocketException,Non HTTP response message: Connection reset,Virtual Users [200 threads] 1-170,text,false,"Review submission returned unexpected status (401 = bad token, 5xx = server error)",2601,0,31,31,http://k8s-forkfind-forkfind-8e65d48af1-1990260306.us-east-1.elb.amazonaws.com/restaurants/5/reviews,0,0,0
1777594265506,60132,01 - POST /auth/user/login,504,Gateway Time-out,Virtual Users [200 threads] 1-172,text,false,Login failed — check credentials in users.csv,292,363,30,30,http://k8s-forkfind-forkfind-8e65d48af1-1990260306.us-east-1.elb.amazonaws.com/auth/user/login,60132,0,68
1777594325492,155,02 - GET /restaurants (search),200,OK,Virtual Users [200 threads] 1-171,text,true,,790,311,30,30,http://k8s-forkfind-forkfind-8e65d48af1-1990260306.us-east-1.elb.amazonaws.com/restaurants?q=pizza&limit=12&sort=rating,154,0,75
1777594325647,74,03 - POST /restaurants/5/reviews,Non HTTP response code: java.net.SocketException,Non HTTP response message: Connection reset,Virtual Users [200 threads] 1-171,text,false,"Review submission returned unexpected status (401 = bad token, 5xx = server error)",2601,0,30,30,http://k8s-forkfind-forkfind-8e65d48af1-1990260306.us-east-1.elb.amazonaws.com/restaurants/5/reviews,0,0,0
1777594325639,186,02 - GET /restaurants (search),200,OK,Virtual Users [200 threads] 1-172,text,true,,790,311,29,29,http://k8s-forkfind-forkfind-8e65d48af1-1990260306.us-east-1.elb.amazonaws.com/restaurants?q=pizza&limit=12&sort=rating,186,0,75
1777594265659,60166,01 - POST /auth/user/login,504,Gateway Time-out,Virtual Users [200 threads] 1-173,text,false,Login failed — check credentials in users.csv,292,363,29,29,http://k8s-forkfind-forkfind-8e65d48af1-1990260306.us-east-1.elb.amazonaws.com/auth/user/login,60166,0,64
1777594325826,74,03 - POST /restaurants/5/reviews,Non HTTP response code: java.net.SocketException,Non HTTP response message: Connection reset,Virtual Users [200 threads] 1-172,text,false,"Review submission returned unexpected status (401 = bad token, 5xx = server error)",2601,0,29,29,http://k8s-forkfind-forkfind-8e65d48af1-1990260306.us-east-1.elb.amazonaws.com/restaurants/5/reviews,0,0,0
1777594265811,60128,01 - POST /auth/user/login,504,Gateway Time-out,Virtual Users [200 threads] 1-174,text,false,Login failed — check credentials in users.csv,292,363,28,28,http://k8s-forkfind-forkfind-8e65d48af1-1990260306.us-east-1.elb.amazonaws.com/auth/user/login,60128,0,63
1777594325826,149,02 - GET /restaurants (search),200,OK,Virtual Users [200 threads] 1-173,text,true,,790,311,28,28,http://k8s-forkfind-forkfind-8e65d48af1-1990260306.us-east-1.elb.amazonaws.com/restaurants?q=pizza&limit=12&sort=rating,149,0,72
1777594325975,83,03 - POST /restaurants/5/reviews,Non HTTP response code: java.net.SocketException,Non HTTP response message: Connection reset,Virtual Users [200 threads] 1-173,text,false,"Review submission returned unexpected status (401 = bad token, 5xx = server error)",2601,0,28,28,http://k8s-forkfind-forkfind-8e65d48af1-1990260306.us-east-1.elb.amazonaws.com/restaurants/5/reviews,0,0,0
1777594325940,159,02 - GET /restaurants (search),200,OK,Virtual Users [200 threads] 1-174,text,true,,790,311,27,27,http://k8s-forkfind-forkfind-8e65d48af1-1990260306.us-east-1.elb.amazonaws.com/restaurants?q=pizza&limit=12&sort=rating,159,0,72
1777594265990,60130,01 - POST /auth/user/login,504,Gateway Time-out,Virtual Users [200 threads] 1-175,text,false,Login failed — check credentials in users.csv,292,363,27,27,http://k8s-forkfind-forkfind-8e65d48af1-1990260306.us-east-1.elb.amazonaws.com/auth/user/login,60130,0,65
1777594326099,73,03 - POST /restaurants/5/reviews,Non HTTP response code: java.net.SocketException,Non HTTP response message: Connection reset,Virtual Users [200 threads] 1-174,text,false,"Review submission returned unexpected status (401 = bad token, 5xx = server error)",2601,0,27,27,http://k8s-forkfind-forkfind-8e65d48af1-1990260306.us-east-1.elb.amazonaws.com/restaurants/5/reviews,0,0,0
1777594266112,60142,01 - POST /auth/user/login,504,Gateway Time-out,Virtual Users [200 threads] 1-176,text,false,Login failed — check credentials in users.csv,292,363,26,26,http://k8s-forkfind-forkfind-8e65d48af1-1990260306.us-east-1.elb.amazonaws.com/auth/user/login,60142,0,64
1777594326121,148,02 - GET /restaurants (search),200,OK,Virtual Users [200 threads] 1-175,text,true,,790,311,26,26,http://k8s-forkfind-forkfind-8e65d48af1-1990260306.us-east-1.elb.amazonaws.com/restaurants?q=pizza&limit=12&sort=rating,148,0,70
1777594326269,73,03 - POST /restaurants/5/reviews,Non HTTP response code: java.net.SocketException,Non HTTP response message: Connection reset,Virtual Users [200 threads] 1-175,text,false,"Review submission returned unexpected status (401 = bad token, 5xx = server error)",2601,0,26,26,http://k8s-forkfind-forkfind-8e65d48af1-1990260306.us-east-1.elb.amazonaws.com/restaurants/5/reviews,0,0,0
1777594266259,60133,01 - POST /auth/user/login,504,Gateway Time-out,Virtual Users [200 threads] 1-177,text,false,Login failed — check credentials in users.csv,292,363,25,25,http://k8s-forkfind-forkfind-8e65d48af1-1990260306.us-east-1.elb.amazonaws.com/auth/user/login,60133,0,65
1777594326255,151,02 - GET /restaurants (search),200,OK,Virtual Users [200 threads] 1-176,text,true,,790,311,25,25,http://k8s-forkfind-forkfind-8e65d48af1-1990260306.us-east-1.elb.amazonaws.com/restaurants?q=pizza&limit=12&sort=rating,151,0,71
1777594326407,73,03 - POST /restaurants/5/reviews,Non HTTP response code: java.net.SocketException,Non HTTP response message: Connection reset,Virtual Users [200 threads] 1-176,text,false,"Review submission returned unexpected status (401 = bad token, 5xx = server error)",2601,0,25,25,http://k8s-forkfind-forkfind-8e65d48af1-1990260306.us-east-1.elb.amazonaws.com/restaurants/5/reviews,0,0,0
1777594266409,60135,01 - POST /auth/user/login,504,Gateway Time-out,Virtual Users [200 threads] 1-178,text,false,Login failed — check credentials in users.csv,292,363,24,24,http://k8s-forkfind-forkfind-8e65d48af1-1990260306.us-east-1.elb.amazonaws.com/auth/user/login,60135,0,68
1777594326393,161,02 - GET /restaurants (search),200,OK,Virtual Users [200 threads] 1-177,text,true,,790,311,24,24,http://k8s-forkfind-forkfind-8e65d48af1-1990260306.us-east-1.elb.amazonaws.com/restaurants?q=pizza&limit=12&sort=rating,161,0,79
1777594326554,94,03 - POST /restaurants/5/reviews,Non HTTP response code: java.net.SocketException,Non HTTP response message: Connection reset,Virtual Users [200 threads] 1-177,text,false,"Review submission returned unexpected status (401 = bad token, 5xx = server error)",2601,0,24,24,http://k8s-forkfind-forkfind-8e65d48af1-1990260306.us-east-1.elb.amazonaws.com/restaurants/5/reviews,0,0,0
1777594266559,60131,01 - POST /auth/user/login,504,Gateway Time-out,Virtual Users [200 threads] 1-179,text,false,Login failed — check credentials in users.csv,292,363,23,23,http://k8s-forkfind-forkfind-8e65d48af1-1990260306.us-east-1.elb.amazonaws.com/auth/user/login,60131,0,65
1777594326545,155,02 - GET /restaurants (search),200,OK,Virtual Users [200 threads] 1-178,text,true,,790,311,23,23,http://k8s-forkfind-forkfind-8e65d48af1-1990260306.us-east-1.elb.amazonaws.com/restaurants?q=pizza&limit=12&sort=rating,155,0,70
1777594326700,74,03 - POST /restaurants/5/reviews,Non HTTP response code: java.net.SocketException,Non HTTP response message: Connection reset,Virtual Users [200 threads] 1-178,text,false,"Review submission returned unexpected status (401 = bad token, 5xx = server error)",2601,0,23,23,http://k8s-forkfind-forkfind-8e65d48af1-1990260306.us-east-1.elb.amazonaws.com/restaurants/5/reviews,0,0,0
1777594266711,60133,01 - POST /auth/user/login,504,Gateway Time-out,Virtual Users [200 threads] 1-180,text,false,Login failed — check credentials in users.csv,292,363,22,22,http://k8s-forkfind-forkfind-8e65d48af1-1990260306.us-east-1.elb.amazonaws.com/auth/user/login,60132,0,65
1777594326691,157,02 - GET /restaurants (search),200,OK,Virtual Users [200 threads] 1-179,text,true,,790,311,22,22,http://k8s-forkfind-forkfind-8e65d48af1-1990260306.us-east-1.elb.amazonaws.com/restaurants?q=pizza&limit=12&sort=rating,157,0,71
1777594326848,73,03 - POST /restaurants/5/reviews,Non HTTP response code: java.net.SocketException,Non HTTP response message: Connection reset,Virtual Users [200 threads] 1-179,text,false,"Review submission returned unexpected status (401 = bad token, 5xx = server error)",2601,0,22,22,http://k8s-forkfind-forkfind-8e65d48af1-1990260306.us-east-1.elb.amazonaws.com/restaurants/5/reviews,0,0,0
1777594266853,60141,01 - POST /auth/user/login,504,Gateway Time-out,Virtual Users [200 threads] 1-181,text,false,Login failed — check credentials in users.csv,292,363,21,21,http://k8s-forkfind-forkfind-8e65d48af1-1990260306.us-east-1.elb.amazonaws.com/auth/user/login,60141,0,77
1777594326844,151,02 - GET /restaurants (search),200,OK,Virtual Users [200 threads] 1-180,text,true,,790,311,21,21,http://k8s-forkfind-forkfind-8e65d48af1-1990260306.us-east-1.elb.amazonaws.com/restaurants?q=pizza&limit=12&sort=rating,151,0,71
1777594326995,73,03 - POST /restaurants/5/reviews,Non HTTP response code: java.net.SocketException,Non HTTP response message: Connection reset,Virtual Users [200 threads] 1-180,text,false,"Review submission returned unexpected status (401 = bad token, 5xx = server error)",2601,0,21,21,http://k8s-forkfind-forkfind-8e65d48af1-1990260306.us-east-1.elb.amazonaws.com/restaurants/5/reviews,0,0,0
1777594267008,60131,01 - POST /auth/user/login,504,Gateway Time-out,Virtual Users [200 threads] 1-182,text,false,Login failed — check credentials in users.csv,292,363,20,20,http://k8s-forkfind-forkfind-8e65d48af1-1990260306.us-east-1.elb.amazonaws.com/auth/user/login,60131,0,67
1777594326995,148,02 - GET /restaurants (search),200,OK,Virtual Users [200 threads] 1-181,text,true,,790,311,20,20,http://k8s-forkfind-forkfind-8e65d48af1-1990260306.us-east-1.elb.amazonaws.com/restaurants?q=pizza&limit=12&sort=rating,148,0,71
1777594327143,73,03 - POST /restaurants/5/reviews,Non HTTP response code: java.net.SocketException,Non HTTP response message: Connection reset,Virtual Users [200 threads] 1-181,text,false,"Review submission returned unexpected status (401 = bad token, 5xx = server error)",2601,0,20,20,http://k8s-forkfind-forkfind-8e65d48af1-1990260306.us-east-1.elb.amazonaws.com/restaurants/5/reviews,0,0,0
1777594327140,155,02 - GET /restaurants (search),200,OK,Virtual Users [200 threads] 1-182,text,true,,790,311,19,19,http://k8s-forkfind-forkfind-8e65d48af1-1990260306.us-east-1.elb.amazonaws.com/restaurants?q=pizza&limit=12&sort=rating,155,0,72
1777594267172,60126,01 - POST /auth/user/login,504,Gateway Time-out,Virtual Users [200 threads] 1-183,text,false,Login failed — check credentials in users.csv,292,363,19,19,http://k8s-forkfind-forkfind-8e65d48af1-1990260306.us-east-1.elb.amazonaws.com/auth/user/login,60126,0,64
1777594327295,73,03 - POST /restaurants/5/reviews,Non HTTP response code: java.net.SocketException,Non HTTP response message: Connection reset,Virtual Users [200 threads] 1-182,text,false,"Review submission returned unexpected status (401 = bad token, 5xx = server error)",2601,0,19,19,http://k8s-forkfind-forkfind-8e65d48af1-1990260306.us-east-1.elb.amazonaws.com/restaurants/5/reviews,0,0,0
1777594267309,60129,01 - POST /auth/user/login,504,Gateway Time-out,Virtual Users [200 threads] 1-184,text,false,Login failed — check credentials in users.csv,292,363,18,18,http://k8s-forkfind-forkfind-8e65d48af1-1990260306.us-east-1.elb.amazonaws.com/auth/user/login,60129,0,64
1777594327299,148,02 - GET /restaurants (search),200,OK,Virtual Users [200 threads] 1-183,text,true,,790,311,18,18,http://k8s-forkfind-forkfind-8e65d48af1-1990260306.us-east-1.elb.amazonaws.com/restaurants?q=pizza&limit=12&sort=rating,148,0,71
1777594327448,74,03 - POST /restaurants/5/reviews,Non HTTP response code: java.net.SocketException,Non HTTP response message: Connection reset,Virtual Users [200 threads] 1-183,text,false,"Review submission returned unexpected status (401 = bad token, 5xx = server error)",2601,0,18,18,http://k8s-forkfind-forkfind-8e65d48af1-1990260306.us-east-1.elb.amazonaws.com/restaurants/5/reviews,0,0,0
1777594267459,60132,01 - POST /auth/user/login,504,Gateway Time-out,Virtual Users [200 threads] 1-185,text,false,Login failed — check credentials in users.csv,292,363,17,17,http://k8s-forkfind-forkfind-8e65d48af1-1990260306.us-east-1.elb.amazonaws.com/auth/user/login,60132,0,65
1777594327439,159,02 - GET /restaurants (search),200,OK,Virtual Users [200 threads] 1-184,text,true,,790,311,17,17,http://k8s-forkfind-forkfind-8e65d48af1-1990260306.us-east-1.elb.amazonaws.com/restaurants?q=pizza&limit=12&sort=rating,159,0,72
1777594327598,73,03 - POST /restaurants/5/reviews,Non HTTP response code: java.net.SocketException,Non HTTP response message: Connection reset,Virtual Users [200 threads] 1-184,text,false,"Review submission returned unexpected status (401 = bad token, 5xx = server error)",2601,0,17,17,http://k8s-forkfind-forkfind-8e65d48af1-1990260306.us-east-1.elb.amazonaws.com/restaurants/5/reviews,0,0,0
1777594327591,152,02 - GET /restaurants (search),200,OK,Virtual Users [200 threads] 1-185,text,true,,790,311,16,16,http://k8s-forkfind-forkfind-8e65d48af1-1990260306.us-east-1.elb.amazonaws.com/restaurants?q=pizza&limit=12&sort=rating,152,0,70
1777594267612,60131,01 - POST /auth/user/login,504,Gateway Time-out,Virtual Users [200 threads] 1-186,text,false,Login failed — check credentials in users.csv,292,363,16,16,http://k8s-forkfind-forkfind-8e65d48af1-1990260306.us-east-1.elb.amazonaws.com/auth/user/login,60131,0,65
1777594327744,73,03 - POST /restaurants/5/reviews,Non HTTP response code: java.net.SocketException,Non HTTP response message: Connection reset,Virtual Users [200 threads] 1-185,text,false,"Review submission returned unexpected status (401 = bad token, 5xx = server error)",2601,0,16,16,http://k8s-forkfind-forkfind-8e65d48af1-1990260306.us-east-1.elb.amazonaws.com/restaurants/5/reviews,0,0,0
1777594267757,60130,01 - POST /auth/user/login,504,Gateway Time-out,Virtual Users [200 threads] 1-187,text,false,Login failed — check credentials in users.csv,292,363,15,15,http://k8s-forkfind-forkfind-8e65d48af1-1990260306.us-east-1.elb.amazonaws.com/auth/user/login,60130,0,65
1777594327745,158,02 - GET /restaurants (search),200,OK,Virtual Users [200 threads] 1-186,text,true,,790,311,15,15,http://k8s-forkfind-forkfind-8e65d48af1-1990260306.us-east-1.elb.amazonaws.com/restaurants?q=pizza&limit=12&sort=rating,158,0,77
1777594327904,74,03 - POST /restaurants/5/reviews,Non HTTP response code: java.net.SocketException,Non HTTP response message: Connection reset,Virtual Users [200 threads] 1-186,text,false,"Review submission returned unexpected status (401 = bad token, 5xx = server error)",2601,0,15,15,http://k8s-forkfind-forkfind-8e65d48af1-1990260306.us-east-1.elb.amazonaws.com/restaurants/5/reviews,0,0,0
1777594267909,60127,01 - POST /auth/user/login,504,Gateway Time-out,Virtual Users [200 threads] 1-188,text,false,Login failed — check credentials in users.csv,292,363,14,14,http://k8s-forkfind-forkfind-8e65d48af1-1990260306.us-east-1.elb.amazonaws.com/auth/user/login,60127,0,65
1777594327888,157,02 - GET /restaurants (search),200,OK,Virtual Users [200 threads] 1-187,text,true,,790,311,14,14,http://k8s-forkfind-forkfind-8e65d48af1-1990260306.us-east-1.elb.amazonaws.com/restaurants?q=pizza&limit=12&sort=rating,157,0,71
1777594328045,74,03 - POST /restaurants/5/reviews,Non HTTP response code: java.net.SocketException,Non HTTP response message: Connection reset,Virtual Users [200 threads] 1-187,text,false,"Review submission returned unexpected status (401 = bad token, 5xx = server error)",2601,0,14,14,http://k8s-forkfind-forkfind-8e65d48af1-1990260306.us-east-1.elb.amazonaws.com/restaurants/5/reviews,0,0,0
1777594328037,155,02 - GET /restaurants (search),200,OK,Virtual Users [200 threads] 1-188,text,true,,790,311,13,13,http://k8s-forkfind-forkfind-8e65d48af1-1990260306.us-east-1.elb.amazonaws.com/restaurants?q=pizza&limit=12&sort=rating,155,0,71
1777594268057,60135,01 - POST /auth/user/login,504,Gateway Time-out,Virtual Users [200 threads] 1-189,text,false,Login failed — check credentials in users.csv,292,363,13,13,http://k8s-forkfind-forkfind-8e65d48af1-1990260306.us-east-1.elb.amazonaws.com/auth/user/login,60135,0,67
1777594328193,73,03 - POST /restaurants/5/reviews,Non HTTP response code: java.net.SocketException,Non HTTP response message: Connection reset,Virtual Users [200 threads] 1-188,text,false,"Review submission returned unexpected status (401 = bad token, 5xx = server error)",2601,0,13,13,http://k8s-forkfind-forkfind-8e65d48af1-1990260306.us-east-1.elb.amazonaws.com/restaurants/5/reviews,0,0,0
1777594328193,150,02 - GET /restaurants (search),200,OK,Virtual Users [200 threads] 1-189,text,true,,790,311,12,12,http://k8s-forkfind-forkfind-8e65d48af1-1990260306.us-east-1.elb.amazonaws.com/restaurants?q=pizza&limit=12&sort=rating,150,0,71
1777594268209,60134,01 - POST /auth/user/login,504,Gateway Time-out,Virtual Users [200 threads] 1-190,text,false,Login failed — check credentials in users.csv,292,363,12,12,http://k8s-forkfind-forkfind-8e65d48af1-1990260306.us-east-1.elb.amazonaws.com/auth/user/login,60134,0,69
1777594328343,73,03 - POST /restaurants/5/reviews,Non HTTP response code: java.net.SocketException,Non HTTP response message: Connection reset,Virtual Users [200 threads] 1-189,text,false,"Review submission returned unexpected status (401 = bad token, 5xx = server error)",2601,0,12,12,http://k8s-forkfind-forkfind-8e65d48af1-1990260306.us-east-1.elb.amazonaws.com/restaurants/5/reviews,0,0,0
1777594268356,60131,01 - POST /auth/user/login,504,Gateway Time-out,Virtual Users [200 threads] 1-191,text,false,Login failed — check credentials in users.csv,292,363,11,11,http://k8s-forkfind-forkfind-8e65d48af1-1990260306.us-east-1.elb.amazonaws.com/auth/user/login,60131,0,67
1777594328344,151,02 - GET /restaurants (search),200,OK,Virtual Users [200 threads] 1-190,text,true,,790,311,11,11,http://k8s-forkfind-forkfind-8e65d48af1-1990260306.us-east-1.elb.amazonaws.com/restaurants?q=pizza&limit=12&sort=rating,151,0,72
1777594328495,73,03 - POST /restaurants/5/reviews,Non HTTP response code: java.net.SocketException,Non HTTP response message: Connection reset,Virtual Users [200 threads] 1-190,text,false,"Review submission returned unexpected status (401 = bad token, 5xx = server error)",2601,0,11,11,http://k8s-forkfind-forkfind-8e65d48af1-1990260306.us-east-1.elb.amazonaws.com/restaurants/5/reviews,0,0,0
1777594328488,157,02 - GET /restaurants (search),200,OK,Virtual Users [200 threads] 1-191,text,true,,790,311,10,10,http://k8s-forkfind-forkfind-8e65d48af1-1990260306.us-east-1.elb.amazonaws.com/restaurants?q=pizza&limit=12&sort=rating,157,0,71
1777594268507,60138,01 - POST /auth/user/login,504,Gateway Time-out,Virtual Users [200 threads] 1-192,text,false,Login failed — check credentials in users.csv,292,363,10,10,http://k8s-forkfind-forkfind-8e65d48af1-1990260306.us-east-1.elb.amazonaws.com/auth/user/login,60138,0,66
1777594328646,73,03 - POST /restaurants/5/reviews,Non HTTP response code: java.net.SocketException,Non HTTP response message: Connection reset,Virtual Users [200 threads] 1-191,text,false,"Review submission returned unexpected status (401 = bad token, 5xx = server error)",2601,0,10,10,http://k8s-forkfind-forkfind-8e65d48af1-1990260306.us-east-1.elb.amazonaws.com/restaurants/5/reviews,0,0,0
1777594268653,60133,01 - POST /auth/user/login,504,Gateway Time-out,Virtual Users [200 threads] 1-193,text,false,Login failed — check credentials in users.csv,292,363,9,9,http://k8s-forkfind-forkfind-8e65d48af1-1990260306.us-east-1.elb.amazonaws.com/auth/user/login,60133,0,66
1777594328647,154,02 - GET /restaurants (search),200,OK,Virtual Users [200 threads] 1-192,text,true,,790,311,9,9,http://k8s-forkfind-forkfind-8e65d48af1-1990260306.us-east-1.elb.amazonaws.com/restaurants?q=pizza&limit=12&sort=rating,154,0,71
1777594328802,73,03 - POST /restaurants/5/reviews,Non HTTP response code: java.net.SocketException,Non HTTP response message: Connection reset,Virtual Users [200 threads] 1-192,text,false,"Review submission returned unexpected status (401 = bad token, 5xx = server error)",2601,0,9,9,http://k8s-forkfind-forkfind-8e65d48af1-1990260306.us-east-1.elb.amazonaws.com/restaurants/5/reviews,0,0,0
1777594268808,60130,01 - POST /auth/user/login,504,Gateway Time-out,Virtual Users [200 threads] 1-194,text,false,Login failed — check credentials in users.csv,292,363,8,8,http://k8s-forkfind-forkfind-8e65d48af1-1990260306.us-east-1.elb.amazonaws.com/auth/user/login,60130,0,66
1777594328787,158,02 - GET /restaurants (search),200,OK,Virtual Users [200 threads] 1-193,text,true,,790,311,8,8,http://k8s-forkfind-forkfind-8e65d48af1-1990260306.us-east-1.elb.amazonaws.com/restaurants?q=pizza&limit=12&sort=rating,158,0,71
1777594328945,74,03 - POST /restaurants/5/reviews,Non HTTP response code: java.net.SocketException,Non HTTP response message: Connection reset,Virtual Users [200 threads] 1-193,text,false,"Review submission returned unexpected status (401 = bad token, 5xx = server error)",2601,0,8,8,http://k8s-forkfind-forkfind-8e65d48af1-1990260306.us-east-1.elb.amazonaws.com/restaurants/5/reviews,0,0,0
1777594268955,60131,01 - POST /auth/user/login,504,Gateway Time-out,Virtual Users [200 threads] 1-195,text,false,Login failed — check credentials in users.csv,292,363,7,7,http://k8s-forkfind-forkfind-8e65d48af1-1990260306.us-east-1.elb.amazonaws.com/auth/user/login,60131,0,65
1777594328938,158,02 - GET /restaurants (search),200,OK,Virtual Users [200 threads] 1-194,text,true,,790,311,7,7,http://k8s-forkfind-forkfind-8e65d48af1-1990260306.us-east-1.elb.amazonaws.com/restaurants?q=pizza&limit=12&sort=rating,158,0,73
1777594269103,60030,01 - POST /auth/user/login,502,Bad Gateway,Virtual Users [200 threads] 1-196,text,false,Login failed — check credentials in users.csv,277,363,7,7,http://k8s-forkfind-forkfind-8e65d48af1-1990260306.us-east-1.elb.amazonaws.com/auth/user/login,60030,0,68
1777594269258,59875,01 - POST /auth/user/login,502,Bad Gateway,Virtual Users [200 threads] 1-197,text,false,Login failed — check credentials in users.csv,277,363,7,7,http://k8s-forkfind-forkfind-8e65d48af1-1990260306.us-east-1.elb.amazonaws.com/auth/user/login,59875,0,65
1777594269711,59422,01 - POST /auth/user/login,502,Bad Gateway,Virtual Users [200 threads] 1-200,text,false,Login failed — check credentials in users.csv,277,363,7,7,http://k8s-forkfind-forkfind-8e65d48af1-1990260306.us-east-1.elb.amazonaws.com/auth/user/login,59422,0,67
1777594269408,59725,01 - POST /auth/user/login,502,Bad Gateway,Virtual Users [200 threads] 1-198,text,false,Login failed — check credentials in users.csv,277,363,7,7,http://k8s-forkfind-forkfind-8e65d48af1-1990260306.us-east-1.elb.amazonaws.com/auth/user/login,59725,0,72
1777594269558,59575,01 - POST /auth/user/login,502,Bad Gateway,Virtual Users [200 threads] 1-199,text,false,Login failed — check credentials in users.csv,277,363,7,7,http://k8s-forkfind-forkfind-8e65d48af1-1990260306.us-east-1.elb.amazonaws.com/auth/user/login,59575,0,66
1777594329097,75,03 - POST /restaurants/5/reviews,Non HTTP response code: java.net.SocketException,Non HTTP response message: Connection reset,Virtual Users [200 threads] 1-194,text,false,"Review submission returned unexpected status (401 = bad token, 5xx = server error)",2601,0,7,7,http://k8s-forkfind-forkfind-8e65d48af1-1990260306.us-east-1.elb.amazonaws.com/restaurants/5/reviews,0,0,0
1777594329134,77,02 - GET /restaurants (search),200,OK,Virtual Users [200 threads] 1-199,text,true,,790,311,6,6,http://k8s-forkfind-forkfind-8e65d48af1-1990260306.us-east-1.elb.amazonaws.com/restaurants?q=pizza&limit=12&sort=rating,77,0,0
1777594329133,80,02 - GET /restaurants (search),200,OK,Virtual Users [200 threads] 1-197,text,true,,790,311,6,6,http://k8s-forkfind-forkfind-8e65d48af1-1990260306.us-east-1.elb.amazonaws.com/restaurants?q=pizza&limit=12&sort=rating,80,0,0
1777594329133,80,02 - GET /restaurants (search),200,OK,Virtual Users [200 threads] 1-198,text,true,,790,311,6,6,http://k8s-forkfind-forkfind-8e65d48af1-1990260306.us-east-1.elb.amazonaws.com/restaurants?q=pizza&limit=12&sort=rating,80,0,0
1777594329133,80,02 - GET /restaurants (search),200,OK,Virtual Users [200 threads] 1-200,text,true,,790,311,6,6,http://k8s-forkfind-forkfind-8e65d48af1-1990260306.us-east-1.elb.amazonaws.com/restaurants?q=pizza&limit=12&sort=rating,80,0,0
1777594329086,149,02 - GET /restaurants (search),200,OK,Virtual Users [200 threads] 1-195,text,true,,790,311,6,6,http://k8s-forkfind-forkfind-8e65d48af1-1990260306.us-east-1.elb.amazonaws.com/restaurants?q=pizza&limit=12&sort=rating,149,0,70
1777594329212,70,03 - POST /restaurants/5/reviews,401,Unauthorized,Virtual Users [200 threads] 1-199,text,false,"Review submission returned unexpected status (401 = bad token, 5xx = server error)",255,447,6,6,http://k8s-forkfind-forkfind-8e65d48af1-1990260306.us-east-1.elb.amazonaws.com/restaurants/5/reviews,70,0,0
1777594329213,69,03 - POST /restaurants/5/reviews,401,Unauthorized,Virtual Users [200 threads] 1-197,text,false,"Review submission returned unexpected status (401 = bad token, 5xx = server error)",255,447,6,6,http://k8s-forkfind-forkfind-8e65d48af1-1990260306.us-east-1.elb.amazonaws.com/restaurants/5/reviews,69,0,0
1777594329213,69,03 - POST /restaurants/5/reviews,401,Unauthorized,Virtual Users [200 threads] 1-198,text,false,"Review submission returned unexpected status (401 = bad token, 5xx = server error)",255,447,6,6,http://k8s-forkfind-forkfind-8e65d48af1-1990260306.us-east-1.elb.amazonaws.com/restaurants/5/reviews,69,0,0
1777594329213,69,03 - POST /restaurants/5/reviews,401,Unauthorized,Virtual Users [200 threads] 1-200,text,false,"Review submission returned unexpected status (401 = bad token, 5xx = server error)",255,447,6,6,http://k8s-forkfind-forkfind-8e65d48af1-1990260306.us-east-1.elb.amazonaws.com/restaurants/5/reviews,69,0,0
1777594329133,156,02 - GET /restaurants (search),200,OK,Virtual Users [200 threads] 1-196,text,true,,790,311,2,2,http://k8s-forkfind-forkfind-8e65d48af1-1990260306.us-east-1.elb.amazonaws.com/restaurants?q=pizza&limit=12&sort=rating,156,0,75
1777594329236,75,03 - POST /restaurants/5/reviews,Non HTTP response code: java.net.SocketException,Non HTTP response message: Connection reset,Virtual Users [200 threads] 1-195,text,false,"Review submission returned unexpected status (401 = bad token, 5xx = server error)",2601,0,2,2,http://k8s-forkfind-forkfind-8e65d48af1-1990260306.us-east-1.elb.amazonaws.com/restaurants/5/reviews,0,0,0
1777594329291,74,03 - POST /restaurants/5/reviews,Non HTTP response code: java.net.SocketException,Non HTTP response message: Connection reset,Virtual Users [200 threads] 1-196,text,false,"Review submission returned unexpected status (401 = bad token, 5xx = server error)",2601,0,1,1,http://k8s-forkfind-forkfind-8e65d48af1-1990260306.us-east-1.elb.amazonaws.com/restaurants/5/reviews,0,0,0
1777594784992,716,01 - POST /auth/user/login,200,OK,Virtual Users [200 threads] 1-1,text,true,,405,361,3,3,http://k8s-forkfind-forkfind-8e65d48af1-1990260306.us-east-1.elb.amazonaws.com/auth/user/login,716,0,80
1777594785733,75,02 - GET /restaurants (search),200,OK,Virtual Users [200 threads] 1-1,text,true,,790,433,3,3,http://k8s-forkfind-forkfind-8e65d48af1-1990260306.us-east-1.elb.amazonaws.com/restaurants?q=pizza&limit=12&sort=rating,75,0,0
1777594785808,75,03 - POST /restaurants/5/reviews,400,Bad Request,Virtual Users [200 threads] 1-1,text,false,,266,567,4,4,http://k8s-forkfind-forkfind-8e65d48af1-1990260306.us-east-1.elb.amazonaws.com/restaurants/5/reviews,75,0,0
1777594785269,664,01 - POST /auth/user/login,200,OK,Virtual Users [200 threads] 1-2,text,true,,399,359,3,3,http://k8s-forkfind-forkfind-8e65d48af1-1990260306.us-east-1.elb.amazonaws.com/auth/user/login,664,0,68
1777594785933,73,02 - GET /restaurants (search),200,OK,Virtual Users [200 threads] 1-2,text,true,,790,433,3,3,http://k8s-forkfind-forkfind-8e65d48af1-1990260306.us-east-1.elb.amazonaws.com/restaurants?q=pizza&limit=12&sort=rating,72,0,0
1777594786007,73,03 - POST /restaurants/5/reviews,400,Bad Request,Virtual Users [200 threads] 1-2,text,false,,266,567,3,3,http://k8s-forkfind-forkfind-8e65d48af1-1990260306.us-east-1.elb.amazonaws.com/restaurants/5/reviews,73,0,0
1777594785571,675,01 - POST /auth/user/login,200,OK,Virtual Users [200 threads] 1-3,text,true,,403,361,3,3,http://k8s-forkfind-forkfind-8e65d48af1-1990260306.us-east-1.elb.amazonaws.com/auth/user/login,675,0,67
1777594786249,81,02 - GET /restaurants (search),200,OK,Virtual Users [200 threads] 1-3,text,true,,790,433,3,3,http://k8s-forkfind-forkfind-8e65d48af1-1990260306.us-east-1.elb.amazonaws.com/restaurants?q=pizza&limit=12&sort=rating,81,0,0
1777594786332,75,03 - POST /restaurants/5/reviews,400,Bad Request,Virtual Users [200 threads] 1-3,text,false,,266,567,3,3,http://k8s-forkfind-forkfind-8e65d48af1-1990260306.us-east-1.elb.amazonaws.com/restaurants/5/reviews,75,0,0
1777594785863,716,01 - POST /auth/user/login,200,OK,Virtual Users [200 threads] 1-4,text,true,,401,361,3,3,http://k8s-forkfind-forkfind-8e65d48af1-1990260306.us-east-1.elb.amazonaws.com/auth/user/login,715,0,65
1777594786581,76,02 - GET /restaurants (search),200,OK,Virtual Users [200 threads] 1-4,text,true,,790,433,3,3,http://k8s-forkfind-forkfind-8e65d48af1-1990260306.us-east-1.elb.amazonaws.com/restaurants?q=pizza&limit=12&sort=rating,76,0,0
1777594786659,74,03 - POST /restaurants/5/reviews,400,Bad Request,Virtual Users [200 threads] 1-4,text,false,,266,567,3,3,http://k8s-forkfind-forkfind-8e65d48af1-1990260306.us-east-1.elb.amazonaws.com/restaurants/5/reviews,73,0,0
1777594786168,731,01 - POST /auth/user/login,200,OK,Virtual Users [200 threads] 1-5,text,true,,398,359,3,3,http://k8s-forkfind-forkfind-8e65d48af1-1990260306.us-east-1.elb.amazonaws.com/auth/user/login,731,0,66
1777594786902,74,02 - GET /restaurants (search),200,OK,Virtual Users [200 threads] 1-5,text,true,,790,436,3,3,http://k8s-forkfind-forkfind-8e65d48af1-1990260306.us-east-1.elb.amazonaws.com/restaurants?q=pizza&limit=12&sort=rating,74,0,0
1777594786977,74,03 - POST /restaurants/5/reviews,400,Bad Request,Virtual Users [200 threads] 1-5,text,false,,266,570,3,3,http://k8s-forkfind-forkfind-8e65d48af1-1990260306.us-east-1.elb.amazonaws.com/restaurants/5/reviews,73,0,0
1777594786469,710,01 - POST /auth/user/login,200,OK,Virtual Users [200 threads] 1-6,text,true,,402,361,3,3,http://k8s-forkfind-forkfind-8e65d48af1-1990260306.us-east-1.elb.amazonaws.com/auth/user/login,710,0,66
1777594787181,75,02 - GET /restaurants (search),200,OK,Virtual Users [200 threads] 1-6,text,true,,790,436,3,3,http://k8s-forkfind-forkfind-8e65d48af1-1990260306.us-east-1.elb.amazonaws.com/restaurants?q=pizza&limit=12&sort=rating,75,0,0
1777594787258,75,03 - POST /restaurants/5/reviews,400,Bad Request,Virtual Users [200 threads] 1-6,text,false,,266,570,3,3,http://k8s-forkfind-forkfind-8e65d48af1-1990260306.us-east-1.elb.amazonaws.com/restaurants/5/reviews,75,0,0
1777594786761,684,01 - POST /auth/user/login,200,OK,Virtual Users [200 threads] 1-7,text,true,,402,361,3,3,http://k8s-forkfind-forkfind-8e65d48af1-1990260306.us-east-1.elb.amazonaws.com/auth/user/login,684,0,68
1777594787447,88,02 - GET /restaurants (search),200,OK,Virtual Users [200 threads] 1-7,text,true,,790,436,3,3,http://k8s-forkfind-forkfind-8e65d48af1-1990260306.us-east-1.elb.amazonaws.com/restaurants?q=pizza&limit=12&sort=rating,87,0,0
1777594787536,81,03 - POST /restaurants/5/reviews,400,Bad Request,Virtual Users [200 threads] 1-7,text,false,,266,570,3,3,http://k8s-forkfind-forkfind-8e65d48af1-1990260306.us-east-1.elb.amazonaws.com/restaurants/5/reviews,81,0,0
1777594787060,757,01 - POST /auth/user/login,200,OK,Virtual Users [200 threads] 1-8,text,true,,402,361,3,3,http://k8s-forkfind-forkfind-8e65d48af1-1990260306.us-east-1.elb.amazonaws.com/auth/user/login,757,0,67
1777594787819,77,02 - GET /restaurants (search),200,OK,Virtual Users [200 threads] 1-8,text,true,,790,436,3,3,http://k8s-forkfind-forkfind-8e65d48af1-1990260306.us-east-1.elb.amazonaws.com/restaurants?q=pizza&limit=12&sort=rating,77,0,0
1777594787898,74,03 - POST /restaurants/5/reviews,400,Bad Request,Virtual Users [200 threads] 1-8,text,false,,266,570,4,4,http://k8s-forkfind-forkfind-8e65d48af1-1990260306.us-east-1.elb.amazonaws.com/restaurants/5/reviews,74,0,0
1777594787365,948,01 - POST /auth/user/login,200,OK,Virtual Users [200 threads] 1-9,text,true,,400,360,4,4,http://k8s-forkfind-forkfind-8e65d48af1-1990260306.us-east-1.elb.amazonaws.com/auth/user/login,948,0,66
1777594788315,85,02 - GET /restaurants (search),200,OK,Virtual Users [200 threads] 1-9,text,true,,790,436,4,4,http://k8s-forkfind-forkfind-8e65d48af1-1990260306.us-east-1.elb.amazonaws.com/restaurants?q=pizza&limit=12&sort=rating,85,0,0
1777594788402,70,03 - POST /restaurants/5/reviews,400,Bad Request,Virtual Users [200 threads] 1-9,text,false,,266,570,4,4,http://k8s-forkfind-forkfind-8e65d48af1-1990260306.us-east-1.elb.amazonaws.com/restaurants/5/reviews,70,0,0
1777594787968,680,01 - POST /auth/user/login,200,OK,Virtual Users [200 threads] 1-11,text,true,,400,360,4,4,http://k8s-forkfind-forkfind-8e65d48af1-1990260306.us-east-1.elb.amazonaws.com/auth/user/login,679,0,68
1777594787662,1047,01 - POST /auth/user/login,200,OK,Virtual Users [200 threads] 1-10,text,true,,400,360,4,4,http://k8s-forkfind-forkfind-8e65d48af1-1990260306.us-east-1.elb.amazonaws.com/auth/user/login,1047,0,65
1777594788650,76,02 - GET /restaurants (search),200,OK,Virtual Users [200 threads] 1-11,text,true,,790,436,4,4,http://k8s-forkfind-forkfind-8e65d48af1-1990260306.us-east-1.elb.amazonaws.com/restaurants?q=pizza&limit=12&sort=rating,76,0,0
1777594788711,74,02 - GET /restaurants (search),200,OK,Virtual Users [200 threads] 1-10,text,true,,790,436,4,4,http://k8s-forkfind-forkfind-8e65d48af1-1990260306.us-east-1.elb.amazonaws.com/restaurants?q=pizza&limit=12&sort=rating,74,0,0
1777594788727,72,03 - POST /restaurants/5/reviews,400,Bad Request,Virtual Users [200 threads] 1-11,text,false,,266,571,4,4,http://k8s-forkfind-forkfind-8e65d48af1-1990260306.us-east-1.elb.amazonaws.com/restaurants/5/reviews,72,0,0
1777594788786,71,03 - POST /restaurants/5/reviews,400,Bad Request,Virtual Users [200 threads] 1-10,text,false,,266,571,4,4,http://k8s-forkfind-forkfind-8e65d48af1-1990260306.us-east-1.elb.amazonaws.com/restaurants/5/reviews,71,0,0
1777594788266,716,01 - POST /auth/user/login,200,OK,Virtual Users [200 threads] 1-12,text,true,,400,360,3,3,http://k8s-forkfind-forkfind-8e65d48af1-1990260306.us-east-1.elb.amazonaws.com/auth/user/login,716,0,65
1777594788984,73,02 - GET /restaurants (search),200,OK,Virtual Users [200 threads] 1-12,text,true,,790,436,3,3,http://k8s-forkfind-forkfind-8e65d48af1-1990260306.us-east-1.elb.amazonaws.com/restaurants?q=pizza&limit=12&sort=rating,73,0,0
1777594789058,74,03 - POST /restaurants/5/reviews,400,Bad Request,Virtual Users [200 threads] 1-12,text,false,,266,571,3,3,http://k8s-forkfind-forkfind-8e65d48af1-1990260306.us-east-1.elb.amazonaws.com/restaurants/5/reviews,74,0,0
1777594788562,688,01 - POST /auth/user/login,200,OK,Virtual Users [200 threads] 1-13,text,true,,398,359,3,3,http://k8s-forkfind-forkfind-8e65d48af1-1990260306.us-east-1.elb.amazonaws.com/auth/user/login,688,0,65
1777594789252,74,02 - GET /restaurants (search),200,OK,Virtual Users [200 threads] 1-13,text,true,,790,436,3,3,http://k8s-forkfind-forkfind-8e65d48af1-1990260306.us-east-1.elb.amazonaws.com/restaurants?q=pizza&limit=12&sort=rating,74,0,0
1777594789327,71,03 - POST /restaurants/5/reviews,400,Bad Request,Virtual Users [200 threads] 1-13,text,false,,266,571,3,3,http://k8s-forkfind-forkfind-8e65d48af1-1990260306.us-east-1.elb.amazonaws.com/restaurants/5/reviews,71,0,0
1777594788859,672,01 - POST /auth/user/login,200,OK,Virtual Users [200 threads] 1-14,text,true,,400,360,3,3,http://k8s-forkfind-forkfind-8e65d48af1-1990260306.us-east-1.elb.amazonaws.com/auth/user/login,672,0,65
1777594789533,93,02 - GET /restaurants (search),200,OK,Virtual Users [200 threads] 1-14,text,true,,790,436,3,3,http://k8s-forkfind-forkfind-8e65d48af1-1990260306.us-east-1.elb.amazonaws.com/restaurants?q=pizza&limit=12&sort=rating,93,0,0
1777594789627,72,03 - POST /restaurants/5/reviews,400,Bad Request,Virtual Users [200 threads] 1-14,text,false,,266,571,3,3,http://k8s-forkfind-forkfind-8e65d48af1-1990260306.us-east-1.elb.amazonaws.com/restaurants/5/reviews,72,0,0
1777594789158,686,01 - POST /auth/user/login,200,OK,Virtual Users [200 threads] 1-15,text,true,,404,362,3,3,http://k8s-forkfind-forkfind-8e65d48af1-1990260306.us-east-1.elb.amazonaws.com/auth/user/login,686,0,65
1777594789846,82,02 - GET /restaurants (search),200,OK,Virtual Users [200 threads] 1-15,text,true,,790,436,3,3,http://k8s-forkfind-forkfind-8e65d48af1-1990260306.us-east-1.elb.amazonaws.com/restaurants?q=pizza&limit=12&sort=rating,82,0,0
1777594789929,75,03 - POST /restaurants/5/reviews,400,Bad Request,Virtual Users [200 threads] 1-15,text,false,,266,571,3,3,http://k8s-forkfind-forkfind-8e65d48af1-1990260306.us-east-1.elb.amazonaws.com/restaurants/5/reviews,74,0,0
1777594789457,944,01 - POST /auth/user/login,200,OK,Virtual Users [200 threads] 1-16,text,true,,402,361,4,4,http://k8s-forkfind-forkfind-8e65d48af1-1990260306.us-east-1.elb.amazonaws.com/auth/user/login,944,0,66
1777594790403,72,02 - GET /restaurants (search),200,OK,Virtual Users [200 threads] 1-16,text,true,,790,436,4,4,http://k8s-forkfind-forkfind-8e65d48af1-1990260306.us-east-1.elb.amazonaws.com/restaurants?q=pizza&limit=12&sort=rating,72,0,0
1777594790476,77,03 - POST /restaurants/5/reviews,400,Bad Request,Virtual Users [200 threads] 1-16,text,false,,266,571,4,4,http://k8s-forkfind-forkfind-8e65d48af1-1990260306.us-east-1.elb.amazonaws.com/restaurants/5/reviews,77,0,0
1777594789766,1026,01 - POST /auth/user/login,200,OK,Virtual Users [200 threads] 1-17,text,true,,402,361,4,4,http://k8s-forkfind-forkfind-8e65d48af1-1990260306.us-east-1.elb.amazonaws.com/auth/user/login,1026,0,65
1777594790058,737,01 - POST /auth/user/login,200,OK,Virtual Users [200 threads] 1-18,text,true,,404,362,4,4,http://k8s-forkfind-forkfind-8e65d48af1-1990260306.us-east-1.elb.amazonaws.com/auth/user/login,737,0,66
1777594790794,78,02 - GET /restaurants (search),200,OK,Virtual Users [200 threads] 1-17,text,true,,790,436,4,4,http://k8s-forkfind-forkfind-8e65d48af1-1990260306.us-east-1.elb.amazonaws.com/restaurants?q=pizza&limit=12&sort=rating,78,0,0
1777594790796,76,02 - GET /restaurants (search),200,OK,Virtual Users [200 threads] 1-18,text,true,,790,436,4,4,http://k8s-forkfind-forkfind-8e65d48af1-1990260306.us-east-1.elb.amazonaws.com/restaurants?q=pizza&limit=12&sort=rating,76,0,0
1777594790874,73,03 - POST /restaurants/5/reviews,400,Bad Request,Virtual Users [200 threads] 1-18,text,false,,266,571,4,4,http://k8s-forkfind-forkfind-8e65d48af1-1990260306.us-east-1.elb.amazonaws.com/restaurants/5/reviews,73,0,0
1777594790874,73,03 - POST /restaurants/5/reviews,400,Bad Request,Virtual Users [200 threads] 1-17,text,false,,266,571,4,4,http://k8s-forkfind-forkfind-8e65d48af1-1990260306.us-east-1.elb.amazonaws.com/restaurants/5/reviews,73,0,0
1777594790365,684,01 - POST /auth/user/login,200,OK,Virtual Users [200 threads] 1-19,text,true,,398,359,3,3,http://k8s-forkfind-forkfind-8e65d48af1-1990260306.us-east-1.elb.amazonaws.com/auth/user/login,684,0,70
1777594791051,77,02 - GET /restaurants (search),200,OK,Virtual Users [200 threads] 1-19,text,true,,790,436,3,3,http://k8s-forkfind-forkfind-8e65d48af1-1990260306.us-east-1.elb.amazonaws.com/restaurants?q=pizza&limit=12&sort=rating,77,0,0
1777594791129,71,03 - POST /restaurants/5/reviews,400,Bad Request,Virtual Users [200 threads] 1-19,text,false,,266,571,3,3,http://k8s-forkfind-forkfind-8e65d48af1-1990260306.us-east-1.elb.amazonaws.com/restaurants/5/reviews,71,0,0
1777594790665,727,01 - POST /auth/user/login,200,OK,Virtual Users [200 threads] 1-20,text,true,,400,360,3,3,http://k8s-forkfind-forkfind-8e65d48af1-1990260306.us-east-1.elb.amazonaws.com/auth/user/login,727,0,67
1777594791393,73,02 - GET /restaurants (search),200,OK,Virtual Users [200 threads] 1-20,text,true,,790,436,3,3,http://k8s-forkfind-forkfind-8e65d48af1-1990260306.us-east-1.elb.amazonaws.com/restaurants?q=pizza&limit=12&sort=rating,73,0,0
1777594791468,71,03 - POST /restaurants/5/reviews,400,Bad Request,Virtual Users [200 threads] 1-20,text,false,,266,571,3,3,http://k8s-forkfind-forkfind-8e65d48af1-1990260306.us-east-1.elb.amazonaws.com/restaurants/5/reviews,70,0,0
1777594790958,704,01 - POST /auth/user/login,200,OK,Virtual Users [200 threads] 1-21,text,true,,406,363,3,3,http://k8s-forkfind-forkfind-8e65d48af1-1990260306.us-east-1.elb.amazonaws.com/auth/user/login,704,0,65
1777594791664,75,02 - GET /restaurants (search),200,OK,Virtual Users [200 threads] 1-21,text,true,,790,436,3,3,http://k8s-forkfind-forkfind-8e65d48af1-1990260306.us-east-1.elb.amazonaws.com/restaurants?q=pizza&limit=12&sort=rating,75,0,0
1777594791741,80,03 - POST /restaurants/5/reviews,400,Bad Request,Virtual Users [200 threads] 1-21,text,false,,266,571,3,3,http://k8s-forkfind-forkfind-8e65d48af1-1990260306.us-east-1.elb.amazonaws.com/restaurants/5/reviews,80,0,0
1777594791253,727,01 - POST /auth/user/login,200,OK,Virtual Users [200 threads] 1-22,text,true,,406,363,3,3,http://k8s-forkfind-forkfind-8e65d48af1-1990260306.us-east-1.elb.amazonaws.com/auth/user/login,727,0,68
1777594791982,73,02 - GET /restaurants (search),200,OK,Virtual Users [200 threads] 1-22,text,true,,790,436,3,3,http://k8s-forkfind-forkfind-8e65d48af1-1990260306.us-east-1.elb.amazonaws.com/restaurants?q=pizza&limit=12&sort=rating,73,0,0
1777594792057,71,03 - POST /restaurants/5/reviews,400,Bad Request,Virtual Users [200 threads] 1-22,text,false,,266,571,3,3,http://k8s-forkfind-forkfind-8e65d48af1-1990260306.us-east-1.elb.amazonaws.com/restaurants/5/reviews,71,0,0
1777594791562,732,01 - POST /auth/user/login,200,OK,Virtual Users [200 threads] 1-23,text,true,,406,363,3,3,http://k8s-forkfind-forkfind-8e65d48af1-1990260306.us-east-1.elb.amazonaws.com/auth/user/login,732,0,68
1777594792295,72,02 - GET /restaurants (search),200,OK,Virtual Users [200 threads] 1-23,text,true,,790,436,3,3,http://k8s-forkfind-forkfind-8e65d48af1-1990260306.us-east-1.elb.amazonaws.com/restaurants?q=pizza&limit=12&sort=rating,72,0,0
1777594792368,80,03 - POST /restaurants/5/reviews,400,Bad Request,Virtual Users [200 threads] 1-23,text,false,,266,571,3,3,http://k8s-forkfind-forkfind-8e65d48af1-1990260306.us-east-1.elb.amazonaws.com/restaurants/5/reviews,80,0,0
1777594791865,690,01 - POST /auth/user/login,200,OK,Virtual Users [200 threads] 1-24,text,true,,406,363,3,3,http://k8s-forkfind-forkfind-8e65d48af1-1990260306.us-east-1.elb.amazonaws.com/auth/user/login,690,0,65
1777594792556,71,02 - GET /restaurants (search),200,OK,Virtual Users [200 threads] 1-24,text,true,,790,436,3,3,http://k8s-forkfind-forkfind-8e65d48af1-1990260306.us-east-1.elb.amazonaws.com/restaurants?q=pizza&limit=12&sort=rating,70,0,0
1777594792627,71,03 - POST /restaurants/5/reviews,400,Bad Request,Virtual Users [200 threads] 1-24,text,false,,266,571,3,3,http://k8s-forkfind-forkfind-8e65d48af1-1990260306.us-east-1.elb.amazonaws.com/restaurants/5/reviews,71,0,0
1777594792159,929,01 - POST /auth/user/login,200,OK,Virtual Users [200 threads] 1-25,text,true,,406,363,4,4,http://k8s-forkfind-forkfind-8e65d48af1-1990260306.us-east-1.elb.amazonaws.com/auth/user/login,928,0,66
1777594793088,74,02 - GET /restaurants (search),200,OK,Virtual Users [200 threads] 1-25,text,true,,790,436,4,4,http://k8s-forkfind-forkfind-8e65d48af1-1990260306.us-east-1.elb.amazonaws.com/restaurants?q=pizza&limit=12&sort=rating,74,0,0
1777594793162,74,03 - POST /restaurants/5/reviews,400,Bad Request,Virtual Users [200 threads] 1-25,text,false,,266,571,4,4,http://k8s-forkfind-forkfind-8e65d48af1-1990260306.us-east-1.elb.amazonaws.com/restaurants/5/reviews,74,0,0
1777594792460,1031,01 - POST /auth/user/login,200,OK,Virtual Users [200 threads] 1-26,text,true,,406,363,4,4,http://k8s-forkfind-forkfind-8e65d48af1-1990260306.us-east-1.elb.amazonaws.com/auth/user/login,1031,0,65
1777594793492,74,02 - GET /restaurants (search),200,OK,Virtual Users [200 threads] 1-26,text,true,,790,436,4,4,http://k8s-forkfind-forkfind-8e65d48af1-1990260306.us-east-1.elb.amazonaws.com/restaurants?q=pizza&limit=12&sort=rating,73,0,0
1777594793566,71,03 - POST /restaurants/5/reviews,400,Bad Request,Virtual Users [200 threads] 1-26,text,false,,266,571,4,4,http://k8s-forkfind-forkfind-8e65d48af1-1990260306.us-east-1.elb.amazonaws.com/restaurants/5/reviews,71,0,0
1777594792759,1046,01 - POST /auth/user/login,200,OK,Virtual Users [200 threads] 1-27,text,true,,406,363,4,4,http://k8s-forkfind-forkfind-8e65d48af1-1990260306.us-east-1.elb.amazonaws.com/auth/user/login,1046,0,63
1777594793806,109,02 - GET /restaurants (search),200,OK,Virtual Users [200 threads] 1-27,text,true,,790,436,4,4,http://k8s-forkfind-forkfind-8e65d48af1-1990260306.us-east-1.elb.amazonaws.com/restaurants?q=pizza&limit=12&sort=rating,109,0,0
1777594793916,95,03 - POST /restaurants/5/reviews,400,Bad Request,Virtual Users [200 threads] 1-27,text,false,,266,571,5,5,http://k8s-forkfind-forkfind-8e65d48af1-1990260306.us-east-1.elb.amazonaws.com/restaurants/5/reviews,95,0,0
1777594793051,1074,01 - POST /auth/user/login,200,OK,Virtual Users [200 threads] 1-28,text,true,,406,363,4,4,http://k8s-forkfind-forkfind-8e65d48af1-1990260306.us-east-1.elb.amazonaws.com/auth/user/login,1074,0,63
1777594794126,89,02 - GET /restaurants (search),200,OK,Virtual Users [200 threads] 1-28,text,true,,790,436,4,4,http://k8s-forkfind-forkfind-8e65d48af1-1990260306.us-east-1.elb.amazonaws.com/restaurants?q=pizza&limit=12&sort=rating,89,0,0
1777594794216,91,03 - POST /restaurants/5/reviews,400,Bad Request,Virtual Users [200 threads] 1-28,text,false,,266,571,5,5,http://k8s-forkfind-forkfind-8e65d48af1-1990260306.us-east-1.elb.amazonaws.com/restaurants/5/reviews,91,0,0
1777594793354,1069,01 - POST /auth/user/login,200,OK,Virtual Users [200 threads] 1-29,text,true,,406,363,4,4,http://k8s-forkfind-forkfind-8e65d48af1-1990260306.us-east-1.elb.amazonaws.com/auth/user/login,1069,0,65
1777594794424,93,02 - GET /restaurants (search),200,OK,Virtual Users [200 threads] 1-29,text,true,,790,436,4,4,http://k8s-forkfind-forkfind-8e65d48af1-1990260306.us-east-1.elb.amazonaws.com/restaurants?q=pizza&limit=12&sort=rating,93,0,0
1777594794518,71,03 - POST /restaurants/5/reviews,400,Bad Request,Virtual Users [200 threads] 1-29,text,false,,266,571,5,5,http://k8s-forkfind-forkfind-8e65d48af1-1990260306.us-east-1.elb.amazonaws.com/restaurants/5/reviews,71,0,0
1777594793655,1032,01 - POST /auth/user/login,200,OK,Virtual Users [200 threads] 1-30,text,true,,406,363,4,4,http://k8s-forkfind-forkfind-8e65d48af1-1990260306.us-east-1.elb.amazonaws.com/auth/user/login,1032,0,64
1777594794688,131,02 - GET /restaurants (search),200,OK,Virtual Users [200 threads] 1-30,text,true,,790,436,4,4,http://k8s-forkfind-forkfind-8e65d48af1-1990260306.us-east-1.elb.amazonaws.com/restaurants?q=pizza&limit=12&sort=rating,131,0,0
1777594793959,934,01 - POST /auth/user/login,200,OK,Virtual Users [200 threads] 1-31,text,true,,406,363,5,5,http://k8s-forkfind-forkfind-8e65d48af1-1990260306.us-east-1.elb.amazonaws.com/auth/user/login,934,0,65
1777594794820,83,03 - POST /restaurants/5/reviews,400,Bad Request,Virtual Users [200 threads] 1-30,text,false,,266,571,5,5,http://k8s-forkfind-forkfind-8e65d48af1-1990260306.us-east-1.elb.amazonaws.com/restaurants/5/reviews,83,0,0
1777594794894,113,02 - GET /restaurants (search),200,OK,Virtual Users [200 threads] 1-31,text,true,,790,436,4,4,http://k8s-forkfind-forkfind-8e65d48af1-1990260306.us-east-1.elb.amazonaws.com/restaurants?q=pizza&limit=12&sort=rating,113,0,0
1777594795008,92,03 - POST /restaurants/5/reviews,400,Bad Request,Virtual Users [200 threads] 1-31,text,false,,266,571,4,4,http://k8s-forkfind-forkfind-8e65d48af1-1990260306.us-east-1.elb.amazonaws.com/restaurants/5/reviews,92,0,0
1777594794255,1051,01 - POST /auth/user/login,200,OK,Virtual Users [200 threads] 1-32,text,true,,406,363,4,4,http://k8s-forkfind-forkfind-8e65d48af1-1990260306.us-east-1.elb.amazonaws.com/auth/user/login,1051,0,71
1777594795307,76,02 - GET /restaurants (search),200,OK,Virtual Users [200 threads] 1-32,text,true,,790,436,4,4,http://k8s-forkfind-forkfind-8e65d48af1-1990260306.us-east-1.elb.amazonaws.com/restaurants?q=pizza&limit=12&sort=rating,76,0,0
1777594795384,74,03 - POST /restaurants/5/reviews,400,Bad Request,Virtual Users [200 threads] 1-32,text,false,,266,571,5,5,http://k8s-forkfind-forkfind-8e65d48af1-1990260306.us-east-1.elb.amazonaws.com/restaurants/5/reviews,74,0,0
1777594794555,952,01 - POST /auth/user/login,200,OK,Virtual Users [200 threads] 1-33,text,true,,406,363,4,4,http://k8s-forkfind-forkfind-8e65d48af1-1990260306.us-east-1.elb.amazonaws.com/auth/user/login,952,0,65
1777594795508,78,02 - GET /restaurants (search),200,OK,Virtual Users [200 threads] 1-33,text,true,,790,436,4,4,http://k8s-forkfind-forkfind-8e65d48af1-1990260306.us-east-1.elb.amazonaws.com/restaurants?q=pizza&limit=12&sort=rating,78,0,0
1777594795588,70,03 - POST /restaurants/5/reviews,400,Bad Request,Virtual Users [200 threads] 1-33,text,false,,266,571,4,4,http://k8s-forkfind-forkfind-8e65d48af1-1990260306.us-east-1.elb.amazonaws.com/restaurants/5/reviews,70,0,0
1777594795156,687,01 - POST /auth/user/login,200,OK,Virtual Users [200 threads] 1-35,text,true,,406,363,4,4,http://k8s-forkfind-forkfind-8e65d48af1-1990260306.us-east-1.elb.amazonaws.com/auth/user/login,687,0,70
1777594794858,1043,01 - POST /auth/user/login,200,OK,Virtual Users [200 threads] 1-34,text,true,,406,363,4,4,http://k8s-forkfind-forkfind-8e65d48af1-1990260306.us-east-1.elb.amazonaws.com/auth/user/login,1043,0,65
1777594795844,79,02 - GET /restaurants (search),200,OK,Virtual Users [200 threads] 1-35,text,true,,790,436,4,4,http://k8s-forkfind-forkfind-8e65d48af1-1990260306.us-east-1.elb.amazonaws.com/restaurants?q=pizza&limit=12&sort=rating,79,0,0
1777594795901,72,02 - GET /restaurants (search),200,OK,Virtual Users [200 threads] 1-34,text,true,,790,436,4,4,http://k8s-forkfind-forkfind-8e65d48af1-1990260306.us-east-1.elb.amazonaws.com/restaurants?q=pizza&limit=12&sort=rating,72,0,0
1777594795924,77,03 - POST /restaurants/5/reviews,201,Created,Virtual Users [200 threads] 1-35,text,true,,566,571,4,4,http://k8s-forkfind-forkfind-8e65d48af1-1990260306.us-east-1.elb.amazonaws.com/restaurants/5/reviews,76,0,0
1777594795974,69,03 - POST /restaurants/5/reviews,400,Bad Request,Virtual Users [200 threads] 1-34,text,false,,266,571,3,3,http://k8s-forkfind-forkfind-8e65d48af1-1990260306.us-east-1.elb.amazonaws.com/restaurants/5/reviews,69,0,0
1777594795456,722,01 - POST /auth/user/login,200,OK,Virtual Users [200 threads] 1-36,text,true,,406,363,3,3,http://k8s-forkfind-forkfind-8e65d48af1-1990260306.us-east-1.elb.amazonaws.com/auth/user/login,722,0,68
1777594796180,75,02 - GET /restaurants (search),200,OK,Virtual Users [200 threads] 1-36,text,true,,790,436,3,3,http://k8s-forkfind-forkfind-8e65d48af1-1990260306.us-east-1.elb.amazonaws.com/restaurants?q=pizza&limit=12&sort=rating,75,0,0
1777594796257,71,03 - POST /restaurants/5/reviews,400,Bad Request,Virtual Users [200 threads] 1-36,text,false,,266,571,3,3,http://k8s-forkfind-forkfind-8e65d48af1-1990260306.us-east-1.elb.amazonaws.com/restaurants/5/reviews,71,0,0
1777594795752,680,01 - POST /auth/user/login,200,OK,Virtual Users [200 threads] 1-37,text,true,,406,363,3,3,http://k8s-forkfind-forkfind-8e65d48af1-1990260306.us-east-1.elb.amazonaws.com/auth/user/login,680,0,65
1777594796434,87,02 - GET /restaurants (search),200,OK,Virtual Users [200 threads] 1-37,text,true,,790,436,3,3,http://k8s-forkfind-forkfind-8e65d48af1-1990260306.us-east-1.elb.amazonaws.com/restaurants?q=pizza&limit=12&sort=rating,86,0,0
1777594796522,79,03 - POST /restaurants/5/reviews,400,Bad Request,Virtual Users [200 threads] 1-37,text,false,,266,571,3,3,http://k8s-forkfind-forkfind-8e65d48af1-1990260306.us-east-1.elb.amazonaws.com/restaurants/5/reviews,78,0,0
1777594796055,725,01 - POST /auth/user/login,200,OK,Virtual Users [200 threads] 1-38,text,true,,406,363,3,3,http://k8s-forkfind-forkfind-8e65d48af1-1990260306.us-east-1.elb.amazonaws.com/auth/user/login,725,0,65
1777594796782,78,02 - GET /restaurants (search),200,OK,Virtual Users [200 threads] 1-38,text,true,,790,436,3,3,http://k8s-forkfind-forkfind-8e65d48af1-1990260306.us-east-1.elb.amazonaws.com/restaurants?q=pizza&limit=12&sort=rating,77,0,0
1777594796861,79,03 - POST /restaurants/5/reviews,201,Created,Virtual Users [200 threads] 1-38,text,true,,567,571,3,3,http://k8s-forkfind-forkfind-8e65d48af1-1990260306.us-east-1.elb.amazonaws.com/restaurants/5/reviews,78,0,0
1777594796360,733,01 - POST /auth/user/login,200,OK,Virtual Users [200 threads] 1-39,text,true,,406,363,3,3,http://k8s-forkfind-forkfind-8e65d48af1-1990260306.us-east-1.elb.amazonaws.com/auth/user/login,733,0,66
1777594797095,71,02 - GET /restaurants (search),200,OK,Virtual Users [200 threads] 1-39,text,true,,790,436,3,3,http://k8s-forkfind-forkfind-8e65d48af1-1990260306.us-east-1.elb.amazonaws.com/restaurants?q=pizza&limit=12&sort=rating,71,0,0
1777594797167,70,03 - POST /restaurants/5/reviews,400,Bad Request,Virtual Users [200 threads] 1-39,text,false,,266,571,3,3,http://k8s-forkfind-forkfind-8e65d48af1-1990260306.us-east-1.elb.amazonaws.com/restaurants/5/reviews,70,0,0
1777594796656,681,01 - POST /auth/user/login,200,OK,Virtual Users [200 threads] 1-40,text,true,,406,363,3,3,http://k8s-forkfind-forkfind-8e65d48af1-1990260306.us-east-1.elb.amazonaws.com/auth/user/login,681,0,66
1777594797339,86,02 - GET /restaurants (search),200,OK,Virtual Users [200 threads] 1-40,text,true,,790,436,3,3,http://k8s-forkfind-forkfind-8e65d48af1-1990260306.us-east-1.elb.amazonaws.com/restaurants?q=pizza&limit=12&sort=rating,86,0,0
1777594797426,78,03 - POST /restaurants/5/reviews,400,Bad Request,Virtual Users [200 threads] 1-40,text,false,,266,571,3,3,http://k8s-forkfind-forkfind-8e65d48af1-1990260306.us-east-1.elb.amazonaws.com/restaurants/5/reviews,78,0,0
1777594796956,732,01 - POST /auth/user/login,200,OK,Virtual Users [200 threads] 1-41,text,true,,406,363,3,3,http://k8s-forkfind-forkfind-8e65d48af1-1990260306.us-east-1.elb.amazonaws.com/auth/user/login,732,0,67
1777594797690,80,02 - GET /restaurants (search),200,OK,Virtual Users [200 threads] 1-41,text,true,,790,436,3,3,http://k8s-forkfind-forkfind-8e65d48af1-1990260306.us-east-1.elb.amazonaws.com/restaurants?q=pizza&limit=12&sort=rating,80,0,0
1777594797771,71,03 - POST /restaurants/5/reviews,400,Bad Request,Virtual Users [200 threads] 1-41,text,false,,266,571,3,3,http://k8s-forkfind-forkfind-8e65d48af1-1990260306.us-east-1.elb.amazonaws.com/restaurants/5/reviews,71,0,0
1777594797250,733,01 - POST /auth/user/login,200,OK,Virtual Users [200 threads] 1-42,text,true,,406,363,3,3,http://k8s-forkfind-forkfind-8e65d48af1-1990260306.us-east-1.elb.amazonaws.com/auth/user/login,733,0,69
1777594797985,72,02 - GET /restaurants (search),200,OK,Virtual Users [200 threads] 1-42,text,true,,790,436,3,3,http://k8s-forkfind-forkfind-8e65d48af1-1990260306.us-east-1.elb.amazonaws.com/restaurants?q=pizza&limit=12&sort=rating,72,0,0
1777594798059,87,03 - POST /restaurants/5/reviews,201,Created,Virtual Users [200 threads] 1-42,text,true,,567,571,3,3,http://k8s-forkfind-forkfind-8e65d48af1-1990260306.us-east-1.elb.amazonaws.com/restaurants/5/reviews,87,0,0
1777594797554,688,01 - POST /auth/user/login,200,OK,Virtual Users [200 threads] 1-43,text,true,,406,363,3,3,http://k8s-forkfind-forkfind-8e65d48af1-1990260306.us-east-1.elb.amazonaws.com/auth/user/login,688,0,70
1777594798244,89,02 - GET /restaurants (search),200,OK,Virtual Users [200 threads] 1-43,text,true,,790,436,3,3,http://k8s-forkfind-forkfind-8e65d48af1-1990260306.us-east-1.elb.amazonaws.com/restaurants?q=pizza&limit=12&sort=rating,89,0,0
1777594798335,111,03 - POST /restaurants/5/reviews,201,Created,Virtual Users [200 threads] 1-43,text,true,,567,571,3,3,http://k8s-forkfind-forkfind-8e65d48af1-1990260306.us-east-1.elb.amazonaws.com/restaurants/5/reviews,111,0,0
1777594797858,728,01 - POST /auth/user/login,200,OK,Virtual Users [200 threads] 1-44,text,true,,406,363,3,3,http://k8s-forkfind-forkfind-8e65d48af1-1990260306.us-east-1.elb.amazonaws.com/auth/user/login,728,0,68
1777594798588,72,02 - GET /restaurants (search),200,OK,Virtual Users [200 threads] 1-44,text,true,,790,436,3,3,http://k8s-forkfind-forkfind-8e65d48af1-1990260306.us-east-1.elb.amazonaws.com/restaurants?q=pizza&limit=12&sort=rating,72,0,0
1777594798661,91,03 - POST /restaurants/5/reviews,201,Created,Virtual Users [200 threads] 1-44,text,true,,567,571,3,3,http://k8s-forkfind-forkfind-8e65d48af1-1990260306.us-east-1.elb.amazonaws.com/restaurants/5/reviews,91,0,0
1777594798157,1033,01 - POST /auth/user/login,200,OK,Virtual Users [200 threads] 1-45,text,true,,406,363,4,4,http://k8s-forkfind-forkfind-8e65d48af1-1990260306.us-east-1.elb.amazonaws.com/auth/user/login,1033,0,72
1777594799192,72,02 - GET /restaurants (search),200,OK,Virtual Users [200 threads] 1-45,text,true,,790,436,4,4,http://k8s-forkfind-forkfind-8e65d48af1-1990260306.us-east-1.elb.amazonaws.com/restaurants?q=pizza&limit=12&sort=rating,72,0,0
1777594799265,137,03 - POST /restaurants/5/reviews,201,Created,Virtual Users [200 threads] 1-45,text,true,,566,571,5,5,http://k8s-forkfind-forkfind-8e65d48af1-1990260306.us-east-1.elb.amazonaws.com/restaurants/5/reviews,137,0,0
1777594798449,1049,01 - POST /auth/user/login,200,OK,Virtual Users [200 threads] 1-46,text,true,,406,363,4,4,http://k8s-forkfind-forkfind-8e65d48af1-1990260306.us-east-1.elb.amazonaws.com/auth/user/login,1049,0,73
1777594799500,73,02 - GET /restaurants (search),200,OK,Virtual Users [200 threads] 1-46,text,true,,790,436,4,4,http://k8s-forkfind-forkfind-8e65d48af1-1990260306.us-east-1.elb.amazonaws.com/restaurants?q=pizza&limit=12&sort=rating,73,0,0
1777594799574,78,03 - POST /restaurants/5/reviews,201,Created,Virtual Users [200 threads] 1-46,text,true,,567,571,4,4,http://k8s-forkfind-forkfind-8e65d48af1-1990260306.us-east-1.elb.amazonaws.com/restaurants/5/reviews,78,0,0
1777594798758,968,01 - POST /auth/user/login,200,OK,Virtual Users [200 threads] 1-47,text,true,,406,363,4,4,http://k8s-forkfind-forkfind-8e65d48af1-1990260306.us-east-1.elb.amazonaws.com/auth/user/login,968,0,65
1777594799728,81,02 - GET /restaurants (search),200,OK,Virtual Users [200 threads] 1-47,text,true,,790,436,4,4,http://k8s-forkfind-forkfind-8e65d48af1-1990260306.us-east-1.elb.amazonaws.com/restaurants?q=pizza&limit=12&sort=rating,81,0,0
1777594799810,82,03 - POST /restaurants/5/reviews,201,Created,Virtual Users [200 threads] 1-47,text,true,,567,571,4,4,http://k8s-forkfind-forkfind-8e65d48af1-1990260306.us-east-1.elb.amazonaws.com/restaurants/5/reviews,82,0,0
1777594799351,688,01 - POST /auth/user/login,200,OK,Virtual Users [200 threads] 1-49,text,true,,406,363,4,4,http://k8s-forkfind-forkfind-8e65d48af1-1990260306.us-east-1.elb.amazonaws.com/auth/user/login,688,0,65
1777594799054,1039,01 - POST /auth/user/login,200,OK,Virtual Users [200 threads] 1-48,text,true,,406,363,4,4,http://k8s-forkfind-forkfind-8e65d48af1-1990260306.us-east-1.elb.amazonaws.com/auth/user/login,1039,0,65
1777594800042,88,02 - GET /restaurants (search),200,OK,Virtual Users [200 threads] 1-49,text,true,,790,436,4,4,http://k8s-forkfind-forkfind-8e65d48af1-1990260306.us-east-1.elb.amazonaws.com/restaurants?q=pizza&limit=12&sort=rating,88,0,0
1777594800096,120,02 - GET /restaurants (search),200,OK,Virtual Users [200 threads] 1-48,text,true,,790,436,4,4,http://k8s-forkfind-forkfind-8e65d48af1-1990260306.us-east-1.elb.amazonaws.com/restaurants?q=pizza&limit=12&sort=rating,119,0,0
1777594800130,118,03 - POST /restaurants/5/reviews,201,Created,Virtual Users [200 threads] 1-49,text,true,,567,571,4,4,http://k8s-forkfind-forkfind-8e65d48af1-1990260306.us-east-1.elb.amazonaws.com/restaurants/5/reviews,118,0,0
1777594800216,86,03 - POST /restaurants/5/reviews,201,Created,Virtual Users [200 threads] 1-48,text,true,,567,571,4,4,http://k8s-forkfind-forkfind-8e65d48af1-1990260306.us-east-1.elb.amazonaws.com/restaurants/5/reviews,86,0,0
1777594799656,734,01 - POST /auth/user/login,200,OK,Virtual Users [200 threads] 1-50,text,true,,406,363,3,3,http://k8s-forkfind-forkfind-8e65d48af1-1990260306.us-east-1.elb.amazonaws.com/auth/user/login,734,0,70
1777594800392,74,02 - GET /restaurants (search),200,OK,Virtual Users [200 threads] 1-50,text,true,,790,436,3,3,http://k8s-forkfind-forkfind-8e65d48af1-1990260306.us-east-1.elb.amazonaws.com/restaurants?q=pizza&limit=12&sort=rating,74,0,0
1777594800467,80,03 - POST /restaurants/5/reviews,201,Created,Virtual Users [200 threads] 1-50,text,true,,567,571,3,3,http://k8s-forkfind-forkfind-8e65d48af1-1990260306.us-east-1.elb.amazonaws.com/restaurants/5/reviews,80,0,0
1777594799954,758,01 - POST /auth/user/login,200,OK,Virtual Users [200 threads] 1-51,text,true,,406,363,3,3,http://k8s-forkfind-forkfind-8e65d48af1-1990260306.us-east-1.elb.amazonaws.com/auth/user/login,758,0,84
1777594800715,76,02 - GET /restaurants (search),200,OK,Virtual Users [200 threads] 1-51,text,true,,790,436,3,3,http://k8s-forkfind-forkfind-8e65d48af1-1990260306.us-east-1.elb.amazonaws.com/restaurants?q=pizza&limit=12&sort=rating,76,0,0
1777594800792,121,03 - POST /restaurants/5/reviews,201,Created,Virtual Users [200 threads] 1-51,text,true,,567,571,4,4,http://k8s-forkfind-forkfind-8e65d48af1-1990260306.us-east-1.elb.amazonaws.com/restaurants/5/reviews,121,0,0
1777594800251,729,01 - POST /auth/user/login,200,OK,Virtual Users [200 threads] 1-52,text,true,,406,363,3,3,http://k8s-forkfind-forkfind-8e65d48af1-1990260306.us-east-1.elb.amazonaws.com/auth/user/login,729,0,65
1777594800982,74,02 - GET /restaurants (search),200,OK,Virtual Users [200 threads] 1-52,text,true,,790,436,3,3,http://k8s-forkfind-forkfind-8e65d48af1-1990260306.us-east-1.elb.amazonaws.com/restaurants?q=pizza&limit=12&sort=rating,74,0,0
1777594801057,90,03 - POST /restaurants/5/reviews,201,Created,Virtual Users [200 threads] 1-52,text,true,,567,571,3,3,http://k8s-forkfind-forkfind-8e65d48af1-1990260306.us-east-1.elb.amazonaws.com/restaurants/5/reviews,90,0,0
1777594800557,748,01 - POST /auth/user/login,200,OK,Virtual Users [200 threads] 1-53,text,true,,406,363,3,3,http://k8s-forkfind-forkfind-8e65d48af1-1990260306.us-east-1.elb.amazonaws.com/auth/user/login,748,0,66
1777594801307,102,02 - GET /restaurants (search),200,OK,Virtual Users [200 threads] 1-53,text,true,,790,436,3,3,http://k8s-forkfind-forkfind-8e65d48af1-1990260306.us-east-1.elb.amazonaws.com/restaurants?q=pizza&limit=12&sort=rating,102,0,0
1777594801410,105,03 - POST /restaurants/5/reviews,201,Created,Virtual Users [200 threads] 1-53,text,true,,567,571,4,4,http://k8s-forkfind-forkfind-8e65d48af1-1990260306.us-east-1.elb.amazonaws.com/restaurants/5/reviews,105,0,0
1777594800856,703,01 - POST /auth/user/login,200,OK,Virtual Users [200 threads] 1-54,text,true,,406,363,3,3,http://k8s-forkfind-forkfind-8e65d48af1-1990260306.us-east-1.elb.amazonaws.com/auth/user/login,703,0,65
1777594801560,225,02 - GET /restaurants (search),200,OK,Virtual Users [200 threads] 1-54,text,true,,790,436,4,4,http://k8s-forkfind-forkfind-8e65d48af1-1990260306.us-east-1.elb.amazonaws.com/restaurants?q=pizza&limit=12&sort=rating,225,0,0
1777594801785,144,03 - POST /restaurants/5/reviews,201,Created,Virtual Users [200 threads] 1-54,text,true,,567,571,4,4,http://k8s-forkfind-forkfind-8e65d48af1-1990260306.us-east-1.elb.amazonaws.com/restaurants/5/reviews,144,0,0
1777594802356,790,01 - POST /auth/user/login,200,OK,Virtual Users [200 threads] 1-59,text,true,,406,363,7,7,http://k8s-forkfind-forkfind-8e65d48af1-1990260306.us-east-1.elb.amazonaws.com/auth/user/login,790,0,77
1777594801152,2006,01 - POST /auth/user/login,200,OK,Virtual Users [200 threads] 1-55,text,true,,406,363,7,7,http://k8s-forkfind-forkfind-8e65d48af1-1990260306.us-east-1.elb.amazonaws.com/auth/user/login,2006,0,66
1777594803147,160,02 - GET /restaurants (search),200,OK,Virtual Users [200 threads] 1-59,text,true,,790,436,8,8,http://k8s-forkfind-forkfind-8e65d48af1-1990260306.us-east-1.elb.amazonaws.com/restaurants?q=pizza&limit=12&sort=rating,160,0,0
1777594803159,148,02 - GET /restaurants (search),200,OK,Virtual Users [200 threads] 1-55,text,true,,790,436,8,8,http://k8s-forkfind-forkfind-8e65d48af1-1990260306.us-east-1.elb.amazonaws.com/restaurants?q=pizza&limit=12&sort=rating,148,0,0
1777594803308,213,03 - POST /restaurants/5/reviews,201,Created,Virtual Users [200 threads] 1-59,text,true,,567,571,8,8,http://k8s-forkfind-forkfind-8e65d48af1-1990260306.us-east-1.elb.amazonaws.com/restaurants/5/reviews,213,0,0
1777594803308,213,03 - POST /restaurants/5/reviews,201,Created,Virtual Users [200 threads] 1-55,text,true,,567,571,8,8,http://k8s-forkfind-forkfind-8e65d48af1-1990260306.us-east-1.elb.amazonaws.com/restaurants/5/reviews,213,0,0
1777594802949,771,01 - POST /auth/user/login,200,OK,Virtual Users [200 threads] 1-61,text,true,,406,363,7,7,http://k8s-forkfind-forkfind-8e65d48af1-1990260306.us-east-1.elb.amazonaws.com/auth/user/login,771,0,68
1777594803721,153,02 - GET /restaurants (search),200,OK,Virtual Users [200 threads] 1-61,text,true,,790,436,8,8,http://k8s-forkfind-forkfind-8e65d48af1-1990260306.us-east-1.elb.amazonaws.com/restaurants?q=pizza&limit=12&sort=rating,153,0,0
1777594803875,135,03 - POST /restaurants/5/reviews,201,Created,Virtual Users [200 threads] 1-61,text,true,,567,571,8,8,http://k8s-forkfind-forkfind-8e65d48af1-1990260306.us-east-1.elb.amazonaws.com/restaurants/5/reviews,135,0,0
1777594801451,2758,01 - POST /auth/user/login,200,OK,Virtual Users [200 threads] 1-56,text,true,,406,363,8,8,http://k8s-forkfind-forkfind-8e65d48af1-1990260306.us-east-1.elb.amazonaws.com/auth/user/login,2758,0,66
1777594804210,93,02 - GET /restaurants (search),200,OK,Virtual Users [200 threads] 1-56,text,true,,790,436,8,8,http://k8s-forkfind-forkfind-8e65d48af1-1990260306.us-east-1.elb.amazonaws.com/restaurants?q=pizza&limit=12&sort=rating,93,0,0
1777594804303,162,03 - POST /restaurants/5/reviews,201,Created,Virtual Users [200 threads] 1-56,text,true,,567,571,9,9,http://k8s-forkfind-forkfind-8e65d48af1-1990260306.us-east-1.elb.amazonaws.com/restaurants/5/reviews,162,0,0
1777594802047,2710,01 - POST /auth/user/login,200,OK,Virtual Users [200 threads] 1-58,text,true,,406,363,9,9,http://k8s-forkfind-forkfind-8e65d48af1-1990260306.us-east-1.elb.amazonaws.com/auth/user/login,2710,0,67
1777594801752,3077,01 - POST /auth/user/login,200,OK,Virtual Users [200 threads] 1-57,text,true,,406,363,9,9,http://k8s-forkfind-forkfind-8e65d48af1-1990260306.us-east-1.elb.amazonaws.com/auth/user/login,3077,0,76
1777594804758,86,02 - GET /restaurants (search),200,OK,Virtual Users [200 threads] 1-58,text,true,,790,436,9,9,http://k8s-forkfind-forkfind-8e65d48af1-1990260306.us-east-1.elb.amazonaws.com/restaurants?q=pizza&limit=12&sort=rating,86,0,0
1777594804148,698,01 - POST /auth/user/login,200,OK,Virtual Users [200 threads] 1-65,text,true,,406,363,9,9,http://k8s-forkfind-forkfind-8e65d48af1-1990260306.us-east-1.elb.amazonaws.com/auth/user/login,698,0,63
1777594804830,80,02 - GET /restaurants (search),200,OK,Virtual Users [200 threads] 1-57,text,true,,790,436,9,9,http://k8s-forkfind-forkfind-8e65d48af1-1990260306.us-east-1.elb.amazonaws.com/restaurants?q=pizza&limit=12&sort=rating,80,0,0
1777594804846,100,02 - GET /restaurants (search),200,OK,Virtual Users [200 threads] 1-65,text,true,,790,436,9,9,http://k8s-forkfind-forkfind-8e65d48af1-1990260306.us-east-1.elb.amazonaws.com/restaurants?q=pizza&limit=12&sort=rating,100,0,0
1777594804845,121,03 - POST /restaurants/5/reviews,201,Created,Virtual Users [200 threads] 1-58,text,true,,567,571,9,9,http://k8s-forkfind-forkfind-8e65d48af1-1990260306.us-east-1.elb.amazonaws.com/restaurants/5/reviews,121,0,0
1777594804911,147,03 - POST /restaurants/5/reviews,201,Created,Virtual Users [200 threads] 1-57,text,true,,567,571,9,9,http://k8s-forkfind-forkfind-8e65d48af1-1990260306.us-east-1.elb.amazonaws.com/restaurants/5/reviews,147,0,0
1777594804946,112,03 - POST /restaurants/5/reviews,201,Created,Virtual Users [200 threads] 1-65,text,true,,567,571,9,9,http://k8s-forkfind-forkfind-8e65d48af1-1990260306.us-east-1.elb.amazonaws.com/restaurants/5/reviews,112,0,0
1777594802649,2596,01 - POST /auth/user/login,200,OK,Virtual Users [200 threads] 1-60,text,true,,406,363,7,7,http://k8s-forkfind-forkfind-8e65d48af1-1990260306.us-east-1.elb.amazonaws.com/auth/user/login,2596,0,66
1777594805246,80,02 - GET /restaurants (search),200,OK,Virtual Users [200 threads] 1-60,text,true,,790,436,7,7,http://k8s-forkfind-forkfind-8e65d48af1-1990260306.us-east-1.elb.amazonaws.com/restaurants?q=pizza&limit=12&sort=rating,80,0,0
1777594803846,1549,01 - POST /auth/user/login,200,OK,Virtual Users [200 threads] 1-64,text,true,,406,363,8,8,http://k8s-forkfind-forkfind-8e65d48af1-1990260306.us-east-1.elb.amazonaws.com/auth/user/login,1549,0,65
1777594803244,2190,01 - POST /auth/user/login,200,OK,Virtual Users [200 threads] 1-62,text,true,,406,363,8,8,http://k8s-forkfind-forkfind-8e65d48af1-1990260306.us-east-1.elb.amazonaws.com/auth/user/login,2190,0,75
1777594803547,1889,01 - POST /auth/user/login,200,OK,Virtual Users [200 threads] 1-63,text,true,,406,363,8,8,http://k8s-forkfind-forkfind-8e65d48af1-1990260306.us-east-1.elb.amazonaws.com/auth/user/login,1889,0,71
1777594804743,694,01 - POST /auth/user/login,200,OK,Virtual Users [200 threads] 1-67,text,true,,406,363,8,8,http://k8s-forkfind-forkfind-8e65d48af1-1990260306.us-east-1.elb.amazonaws.com/auth/user/login,694,0,64
1777594805327,117,03 - POST /restaurants/5/reviews,201,Created,Virtual Users [200 threads] 1-60,text,true,,567,571,8,8,http://k8s-forkfind-forkfind-8e65d48af1-1990260306.us-east-1.elb.amazonaws.com/restaurants/5/reviews,117,0,0
1777594805438,128,02 - GET /restaurants (search),200,OK,Virtual Users [200 threads] 1-67,text,true,,790,436,7,7,http://k8s-forkfind-forkfind-8e65d48af1-1990260306.us-east-1.elb.amazonaws.com/restaurants?q=pizza&limit=12&sort=rating,128,0,0
1777594805435,161,02 - GET /restaurants (search),200,OK,Virtual Users [200 threads] 1-62,text,true,,790,436,7,7,http://k8s-forkfind-forkfind-8e65d48af1-1990260306.us-east-1.elb.amazonaws.com/restaurants?q=pizza&limit=12&sort=rating,161,0,0
1777594805437,159,02 - GET /restaurants (search),200,OK,Virtual Users [200 threads] 1-63,text,true,,790,436,7,7,http://k8s-forkfind-forkfind-8e65d48af1-1990260306.us-east-1.elb.amazonaws.com/restaurants?q=pizza&limit=12&sort=rating,159,0,0
1777594805395,201,02 - GET /restaurants (search),200,OK,Virtual Users [200 threads] 1-64,text,true,,790,436,7,7,http://k8s-forkfind-forkfind-8e65d48af1-1990260306.us-east-1.elb.amazonaws.com/restaurants?q=pizza&limit=12&sort=rating,201,0,0
1777594805566,136,03 - POST /restaurants/5/reviews,201,Created,Virtual Users [200 threads] 1-67,text,true,,567,571,8,8,http://k8s-forkfind-forkfind-8e65d48af1-1990260306.us-east-1.elb.amazonaws.com/restaurants/5/reviews,136,0,0
1777594805597,159,03 - POST /restaurants/5/reviews,201,Created,Virtual Users [200 threads] 1-62,text,true,,567,571,7,7,http://k8s-forkfind-forkfind-8e65d48af1-1990260306.us-east-1.elb.amazonaws.com/restaurants/5/reviews,159,0,0
1777594805597,159,03 - POST /restaurants/5/reviews,201,Created,Virtual Users [200 threads] 1-64,text,true,,567,571,7,7,http://k8s-forkfind-forkfind-8e65d48af1-1990260306.us-east-1.elb.amazonaws.com/restaurants/5/reviews,159,0,0
1777594805597,163,03 - POST /restaurants/5/reviews,201,Created,Virtual Users [200 threads] 1-63,text,true,,567,571,5,5,http://k8s-forkfind-forkfind-8e65d48af1-1990260306.us-east-1.elb.amazonaws.com/restaurants/5/reviews,162,0,0
1777594804440,1861,01 - POST /auth/user/login,200,OK,Virtual Users [200 threads] 1-66,text,true,,406,363,6,6,http://k8s-forkfind-forkfind-8e65d48af1-1990260306.us-east-1.elb.amazonaws.com/auth/user/login,1861,0,64
1777594806302,73,02 - GET /restaurants (search),200,OK,Virtual Users [200 threads] 1-66,text,true,,790,436,6,6,http://k8s-forkfind-forkfind-8e65d48af1-1990260306.us-east-1.elb.amazonaws.com/restaurants?q=pizza&limit=12&sort=rating,73,0,0
1777594805345,1060,01 - POST /auth/user/login,200,OK,Virtual Users [200 threads] 1-69,text,true,,406,363,6,6,http://k8s-forkfind-forkfind-8e65d48af1-1990260306.us-east-1.elb.amazonaws.com/auth/user/login,1060,0,74
1777594806376,79,03 - POST /restaurants/5/reviews,201,Created,Virtual Users [200 threads] 1-66,text,true,,567,571,6,6,http://k8s-forkfind-forkfind-8e65d48af1-1990260306.us-east-1.elb.amazonaws.com/restaurants/5/reviews,79,0,0
1777594806406,80,02 - GET /restaurants (search),200,OK,Virtual Users [200 threads] 1-69,text,true,,790,436,5,5,http://k8s-forkfind-forkfind-8e65d48af1-1990260306.us-east-1.elb.amazonaws.com/restaurants?q=pizza&limit=12&sort=rating,79,0,0
1777594805045,1446,01 - POST /auth/user/login,200,OK,Virtual Users [200 threads] 1-68,text,true,,406,363,5,5,http://k8s-forkfind-forkfind-8e65d48af1-1990260306.us-east-1.elb.amazonaws.com/auth/user/login,1446,0,64
1777594806487,79,03 - POST /restaurants/5/reviews,201,Created,Virtual Users [200 threads] 1-69,text,true,,567,571,6,6,http://k8s-forkfind-forkfind-8e65d48af1-1990260306.us-east-1.elb.amazonaws.com/restaurants/5/reviews,79,0,0
1777594806492,74,02 - GET /restaurants (search),200,OK,Virtual Users [200 threads] 1-68,text,true,,790,436,6,6,http://k8s-forkfind-forkfind-8e65d48af1-1990260306.us-east-1.elb.amazonaws.com/restaurants?q=pizza&limit=12&sort=rating,74,0,0
1777594805949,689,01 - POST /auth/user/login,200,OK,Virtual Users [200 threads] 1-71,text,true,,406,363,5,5,http://k8s-forkfind-forkfind-8e65d48af1-1990260306.us-east-1.elb.amazonaws.com/auth/user/login,689,0,66
1777594806567,91,03 - POST /restaurants/5/reviews,201,Created,Virtual Users [200 threads] 1-68,text,true,,567,571,5,5,http://k8s-forkfind-forkfind-8e65d48af1-1990260306.us-east-1.elb.amazonaws.com/restaurants/5/reviews,91,0,0
1777594806640,78,02 - GET /restaurants (search),200,OK,Virtual Users [200 threads] 1-71,text,true,,790,436,4,4,http://k8s-forkfind-forkfind-8e65d48af1-1990260306.us-east-1.elb.amazonaws.com/restaurants?q=pizza&limit=12&sort=rating,78,0,0
1777594806719,95,03 - POST /restaurants/5/reviews,201,Created,Virtual Users [200 threads] 1-71,text,true,,567,571,4,4,http://k8s-forkfind-forkfind-8e65d48af1-1990260306.us-east-1.elb.amazonaws.com/restaurants/5/reviews,95,0,0
1777594805645,1181,01 - POST /auth/user/login,200,OK,Virtual Users [200 threads] 1-70,text,true,,406,363,3,3,http://k8s-forkfind-forkfind-8e65d48af1-1990260306.us-east-1.elb.amazonaws.com/auth/user/login,1181,0,66
1777594806827,79,02 - GET /restaurants (search),200,OK,Virtual Users [200 threads] 1-70,text,true,,790,436,4,4,http://k8s-forkfind-forkfind-8e65d48af1-1990260306.us-east-1.elb.amazonaws.com/restaurants?q=pizza&limit=12&sort=rating,79,0,0
1777594806908,95,03 - POST /restaurants/5/reviews,201,Created,Virtual Users [200 threads] 1-70,text,true,,567,571,4,4,http://k8s-forkfind-forkfind-8e65d48af1-1990260306.us-east-1.elb.amazonaws.com/restaurants/5/reviews,95,0,0
1777594806245,769,01 - POST /auth/user/login,200,OK,Virtual Users [200 threads] 1-72,text,true,,406,363,3,3,http://k8s-forkfind-forkfind-8e65d48af1-1990260306.us-east-1.elb.amazonaws.com/auth/user/login,769,0,66
1777594807015,79,02 - GET /restaurants (search),200,OK,Virtual Users [200 threads] 1-72,text,true,,790,436,3,3,http://k8s-forkfind-forkfind-8e65d48af1-1990260306.us-east-1.elb.amazonaws.com/restaurants?q=pizza&limit=12&sort=rating,79,0,0
1777594807095,108,03 - POST /restaurants/5/reviews,201,Created,Virtual Users [200 threads] 1-72,text,true,,567,571,4,4,http://k8s-forkfind-forkfind-8e65d48af1-1990260306.us-east-1.elb.amazonaws.com/restaurants/5/reviews,107,0,0
1777594806545,786,01 - POST /auth/user/login,200,OK,Virtual Users [200 threads] 1-73,text,true,,406,363,3,3,http://k8s-forkfind-forkfind-8e65d48af1-1990260306.us-east-1.elb.amazonaws.com/auth/user/login,786,0,66
1777594807333,73,02 - GET /restaurants (search),200,OK,Virtual Users [200 threads] 1-73,text,true,,790,436,3,3,http://k8s-forkfind-forkfind-8e65d48af1-1990260306.us-east-1.elb.amazonaws.com/restaurants?q=pizza&limit=12&sort=rating,73,0,0
1777594807407,94,03 - POST /restaurants/5/reviews,201,Created,Virtual Users [200 threads] 1-73,text,true,,567,571,4,4,http://k8s-forkfind-forkfind-8e65d48af1-1990260306.us-east-1.elb.amazonaws.com/restaurants/5/reviews,94,0,0
1777594806844,879,01 - POST /auth/user/login,200,OK,Virtual Users [200 threads] 1-74,text,true,,406,363,3,3,http://k8s-forkfind-forkfind-8e65d48af1-1990260306.us-east-1.elb.amazonaws.com/auth/user/login,879,0,65
1777594807724,73,02 - GET /restaurants (search),200,OK,Virtual Users [200 threads] 1-74,text,true,,790,436,4,4,http://k8s-forkfind-forkfind-8e65d48af1-1990260306.us-east-1.elb.amazonaws.com/restaurants?q=pizza&limit=12&sort=rating,73,0,0
1777594807798,110,03 - POST /restaurants/5/reviews,201,Created,Virtual Users [200 threads] 1-74,text,true,,567,571,4,4,http://k8s-forkfind-forkfind-8e65d48af1-1990260306.us-east-1.elb.amazonaws.com/restaurants/5/reviews,110,0,0
1777594807148,990,01 - POST /auth/user/login,200,OK,Virtual Users [200 threads] 1-75,text,true,,406,363,4,4,http://k8s-forkfind-forkfind-8e65d48af1-1990260306.us-east-1.elb.amazonaws.com/auth/user/login,990,0,71
1777594808140,80,02 - GET /restaurants (search),200,OK,Virtual Users [200 threads] 1-75,text,true,,790,436,4,4,http://k8s-forkfind-forkfind-8e65d48af1-1990260306.us-east-1.elb.amazonaws.com/restaurants?q=pizza&limit=12&sort=rating,80,0,0
1777594808221,129,03 - POST /restaurants/5/reviews,201,Created,Virtual Users [200 threads] 1-75,text,true,,567,571,5,5,http://k8s-forkfind-forkfind-8e65d48af1-1990260306.us-east-1.elb.amazonaws.com/restaurants/5/reviews,129,0,0
1777594807440,1038,01 - POST /auth/user/login,200,OK,Virtual Users [200 threads] 1-76,text,true,,406,363,4,4,http://k8s-forkfind-forkfind-8e65d48af1-1990260306.us-east-1.elb.amazonaws.com/auth/user/login,1038,0,67
1777594808480,77,02 - GET /restaurants (search),200,OK,Virtual Users [200 threads] 1-76,text,true,,790,436,4,4,http://k8s-forkfind-forkfind-8e65d48af1-1990260306.us-east-1.elb.amazonaws.com/restaurants?q=pizza&limit=12&sort=rating,77,0,0
1777594808558,91,03 - POST /restaurants/5/reviews,201,Created,Virtual Users [200 threads] 1-76,text,true,,567,571,5,5,http://k8s-forkfind-forkfind-8e65d48af1-1990260306.us-east-1.elb.amazonaws.com/restaurants/5/reviews,91,0,0
1777594807743,1045,01 - POST /auth/user/login,200,OK,Virtual Users [200 threads] 1-77,text,true,,406,363,4,4,http://k8s-forkfind-forkfind-8e65d48af1-1990260306.us-east-1.elb.amazonaws.com/auth/user/login,1044,0,65
1777594808789,110,02 - GET /restaurants (search),200,OK,Virtual Users [200 threads] 1-77,text,true,,790,436,4,4,http://k8s-forkfind-forkfind-8e65d48af1-1990260306.us-east-1.elb.amazonaws.com/restaurants?q=pizza&limit=12&sort=rating,110,0,0
1777594808900,105,03 - POST /restaurants/5/reviews,201,Created,Virtual Users [200 threads] 1-77,text,true,,567,571,5,5,http://k8s-forkfind-forkfind-8e65d48af1-1990260306.us-east-1.elb.amazonaws.com/restaurants/5/reviews,105,0,0
1777594808041,1082,01 - POST /auth/user/login,200,OK,Virtual Users [200 threads] 1-78,text,true,,406,363,4,4,http://k8s-forkfind-forkfind-8e65d48af1-1990260306.us-east-1.elb.amazonaws.com/auth/user/login,1082,0,66
1777594809124,85,02 - GET /restaurants (search),200,OK,Virtual Users [200 threads] 1-78,text,true,,790,436,4,4,http://k8s-forkfind-forkfind-8e65d48af1-1990260306.us-east-1.elb.amazonaws.com/restaurants?q=pizza&limit=12&sort=rating,84,0,0
1777594809209,107,03 - POST /restaurants/5/reviews,201,Created,Virtual Users [200 threads] 1-78,text,true,,567,571,5,5,http://k8s-forkfind-forkfind-8e65d48af1-1990260306.us-east-1.elb.amazonaws.com/restaurants/5/reviews,107,0,0
1777594808643,687,01 - POST /auth/user/login,200,OK,Virtual Users [200 threads] 1-80,text,true,,406,363,4,4,http://k8s-forkfind-forkfind-8e65d48af1-1990260306.us-east-1.elb.amazonaws.com/auth/user/login,687,0,67
1777594809331,74,02 - GET /restaurants (search),200,OK,Virtual Users [200 threads] 1-80,text,true,,790,436,4,4,http://k8s-forkfind-forkfind-8e65d48af1-1990260306.us-east-1.elb.amazonaws.com/restaurants?q=pizza&limit=12&sort=rating,74,0,0
1777594808348,1057,01 - POST /auth/user/login,200,OK,Virtual Users [200 threads] 1-79,text,true,,406,363,4,4,http://k8s-forkfind-forkfind-8e65d48af1-1990260306.us-east-1.elb.amazonaws.com/auth/user/login,1057,0,66
1777594809406,78,02 - GET /restaurants (search),200,OK,Virtual Users [200 threads] 1-79,text,true,,790,436,4,4,http://k8s-forkfind-forkfind-8e65d48af1-1990260306.us-east-1.elb.amazonaws.com/restaurants?q=pizza&limit=12&sort=rating,78,0,0
1777594809406,94,03 - POST /restaurants/5/reviews,201,Created,Virtual Users [200 threads] 1-80,text,true,,567,571,4,4,http://k8s-forkfind-forkfind-8e65d48af1-1990260306.us-east-1.elb.amazonaws.com/restaurants/5/reviews,94,0,0
1777594809485,117,03 - POST /restaurants/5/reviews,201,Created,Virtual Users [200 threads] 1-79,text,true,,567,571,4,4,http://k8s-forkfind-forkfind-8e65d48af1-1990260306.us-east-1.elb.amazonaws.com/restaurants/5/reviews,117,0,0
1777594808944,736,01 - POST /auth/user/login,200,OK,Virtual Users [200 threads] 1-81,text,true,,406,363,3,3,http://k8s-forkfind-forkfind-8e65d48af1-1990260306.us-east-1.elb.amazonaws.com/auth/user/login,736,0,66
1777594809682,73,02 - GET /restaurants (search),200,OK,Virtual Users [200 threads] 1-81,text,true,,790,436,3,3,http://k8s-forkfind-forkfind-8e65d48af1-1990260306.us-east-1.elb.amazonaws.com/restaurants?q=pizza&limit=12&sort=rating,73,0,0
1777594809756,90,03 - POST /restaurants/5/reviews,201,Created,Virtual Users [200 threads] 1-81,text,true,,567,571,4,4,http://k8s-forkfind-forkfind-8e65d48af1-1990260306.us-east-1.elb.amazonaws.com/restaurants/5/reviews,90,0,0
1777594809244,680,01 - POST /auth/user/login,200,OK,Virtual Users [200 threads] 1-82,text,true,,406,363,3,3,http://k8s-forkfind-forkfind-8e65d48af1-1990260306.us-east-1.elb.amazonaws.com/auth/user/login,680,0,65
1777594809926,75,02 - GET /restaurants (search),200,OK,Virtual Users [200 threads] 1-82,text,true,,790,436,3,3,http://k8s-forkfind-forkfind-8e65d48af1-1990260306.us-east-1.elb.amazonaws.com/restaurants?q=pizza&limit=12&sort=rating,75,0,0
1777594810002,106,03 - POST /restaurants/5/reviews,201,Created,Virtual Users [200 threads] 1-82,text,true,,567,571,3,3,http://k8s-forkfind-forkfind-8e65d48af1-1990260306.us-east-1.elb.amazonaws.com/restaurants/5/reviews,106,0,0
1777594809548,678,01 - POST /auth/user/login,200,OK,Virtual Users [200 threads] 1-83,text,true,,406,363,3,3,http://k8s-forkfind-forkfind-8e65d48af1-1990260306.us-east-1.elb.amazonaws.com/auth/user/login,678,0,64
1777594810228,73,02 - GET /restaurants (search),200,OK,Virtual Users [200 threads] 1-83,text,true,,790,436,3,3,http://k8s-forkfind-forkfind-8e65d48af1-1990260306.us-east-1.elb.amazonaws.com/restaurants?q=pizza&limit=12&sort=rating,73,0,0
1777594810302,102,03 - POST /restaurants/5/reviews,201,Created,Virtual Users [200 threads] 1-83,text,true,,567,571,3,3,http://k8s-forkfind-forkfind-8e65d48af1-1990260306.us-east-1.elb.amazonaws.com/restaurants/5/reviews,102,0,0
1777594809845,687,01 - POST /auth/user/login,200,OK,Virtual Users [200 threads] 1-84,text,true,,406,363,3,3,http://k8s-forkfind-forkfind-8e65d48af1-1990260306.us-east-1.elb.amazonaws.com/auth/user/login,687,0,66
1777594810534,84,02 - GET /restaurants (search),200,OK,Virtual Users [200 threads] 1-84,text,true,,790,436,3,3,http://k8s-forkfind-forkfind-8e65d48af1-1990260306.us-east-1.elb.amazonaws.com/restaurants?q=pizza&limit=12&sort=rating,84,0,0
1777594810619,85,03 - POST /restaurants/5/reviews,201,Created,Virtual Users [200 threads] 1-84,text,true,,567,571,3,3,http://k8s-forkfind-forkfind-8e65d48af1-1990260306.us-east-1.elb.amazonaws.com/restaurants/5/reviews,85,0,0
1777594810143,1038,01 - POST /auth/user/login,200,OK,Virtual Users [200 threads] 1-85,text,true,,406,363,4,4,http://k8s-forkfind-forkfind-8e65d48af1-1990260306.us-east-1.elb.amazonaws.com/auth/user/login,1038,0,72
1777594811183,73,02 - GET /restaurants (search),200,OK,Virtual Users [200 threads] 1-85,text,true,,790,436,4,4,http://k8s-forkfind-forkfind-8e65d48af1-1990260306.us-east-1.elb.amazonaws.com/restaurants?q=pizza&limit=12&sort=rating,73,0,0
1777594811257,89,03 - POST /restaurants/5/reviews,201,Created,Virtual Users [200 threads] 1-85,text,true,,567,571,5,5,http://k8s-forkfind-forkfind-8e65d48af1-1990260306.us-east-1.elb.amazonaws.com/restaurants/5/reviews,89,0,0
1777594810742,689,01 - POST /auth/user/login,200,OK,Virtual Users [200 threads] 1-87,text,true,,406,363,4,4,http://k8s-forkfind-forkfind-8e65d48af1-1990260306.us-east-1.elb.amazonaws.com/auth/user/login,689,0,65
1777594810441,1055,01 - POST /auth/user/login,200,OK,Virtual Users [200 threads] 1-86,text,true,,406,363,4,4,http://k8s-forkfind-forkfind-8e65d48af1-1990260306.us-east-1.elb.amazonaws.com/auth/user/login,1055,0,67
1777594811433,72,02 - GET /restaurants (search),200,OK,Virtual Users [200 threads] 1-87,text,true,,790,436,4,4,http://k8s-forkfind-forkfind-8e65d48af1-1990260306.us-east-1.elb.amazonaws.com/restaurants?q=pizza&limit=12&sort=rating,72,0,0
1777594811498,73,02 - GET /restaurants (search),200,OK,Virtual Users [200 threads] 1-86,text,true,,790,436,4,4,http://k8s-forkfind-forkfind-8e65d48af1-1990260306.us-east-1.elb.amazonaws.com/restaurants?q=pizza&limit=12&sort=rating,73,0,0
1777594811506,101,03 - POST /restaurants/5/reviews,201,Created,Virtual Users [200 threads] 1-87,text,true,,567,571,4,4,http://k8s-forkfind-forkfind-8e65d48af1-1990260306.us-east-1.elb.amazonaws.com/restaurants/5/reviews,101,0,0
1777594811572,78,03 - POST /restaurants/5/reviews,201,Created,Virtual Users [200 threads] 1-86,text,true,,566,571,4,4,http://k8s-forkfind-forkfind-8e65d48af1-1990260306.us-east-1.elb.amazonaws.com/restaurants/5/reviews,78,0,0
1777594811035,680,01 - POST /auth/user/login,200,OK,Virtual Users [200 threads] 1-88,text,true,,406,363,3,3,http://k8s-forkfind-forkfind-8e65d48af1-1990260306.us-east-1.elb.amazonaws.com/auth/user/login,680,0,67
1777594811717,84,02 - GET /restaurants (search),200,OK,Virtual Users [200 threads] 1-88,text,true,,790,436,3,3,http://k8s-forkfind-forkfind-8e65d48af1-1990260306.us-east-1.elb.amazonaws.com/restaurants?q=pizza&limit=12&sort=rating,84,0,0
1777594811802,105,03 - POST /restaurants/5/reviews,201,Created,Virtual Users [200 threads] 1-88,text,true,,566,571,3,3,http://k8s-forkfind-forkfind-8e65d48af1-1990260306.us-east-1.elb.amazonaws.com/restaurants/5/reviews,105,0,0
1777594811341,776,01 - POST /auth/user/login,200,OK,Virtual Users [200 threads] 1-89,text,true,,406,363,3,3,http://k8s-forkfind-forkfind-8e65d48af1-1990260306.us-east-1.elb.amazonaws.com/auth/user/login,775,0,65
1777594812118,78,02 - GET /restaurants (search),200,OK,Virtual Users [200 threads] 1-89,text,true,,790,436,3,3,http://k8s-forkfind-forkfind-8e65d48af1-1990260306.us-east-1.elb.amazonaws.com/restaurants?q=pizza&limit=12&sort=rating,78,0,0
1777594812197,111,03 - POST /restaurants/5/reviews,201,Created,Virtual Users [200 threads] 1-89,text,true,,567,571,4,4,http://k8s-forkfind-forkfind-8e65d48af1-1990260306.us-east-1.elb.amazonaws.com/restaurants/5/reviews,111,0,0
1777594811642,687,01 - POST /auth/user/login,200,OK,Virtual Users [200 threads] 1-90,text,true,,406,363,3,3,http://k8s-forkfind-forkfind-8e65d48af1-1990260306.us-east-1.elb.amazonaws.com/auth/user/login,687,0,66
1777594812330,75,02 - GET /restaurants (search),200,OK,Virtual Users [200 threads] 1-90,text,true,,790,436,3,3,http://k8s-forkfind-forkfind-8e65d48af1-1990260306.us-east-1.elb.amazonaws.com/restaurants?q=pizza&limit=12&sort=rating,75,0,0
1777594812406,93,03 - POST /restaurants/5/reviews,201,Created,Virtual Users [200 threads] 1-90,text,true,,566,571,3,3,http://k8s-forkfind-forkfind-8e65d48af1-1990260306.us-east-1.elb.amazonaws.com/restaurants/5/reviews,93,0,0
1777594811943,696,01 - POST /auth/user/login,200,OK,Virtual Users [200 threads] 1-91,text,true,,406,363,3,3,http://k8s-forkfind-forkfind-8e65d48af1-1990260306.us-east-1.elb.amazonaws.com/auth/user/login,696,0,76
1777594812640,73,02 - GET /restaurants (search),200,OK,Virtual Users [200 threads] 1-91,text,true,,790,436,3,3,http://k8s-forkfind-forkfind-8e65d48af1-1990260306.us-east-1.elb.amazonaws.com/restaurants?q=pizza&limit=12&sort=rating,73,0,0
1777594812714,89,03 - POST /restaurants/5/reviews,201,Created,Virtual Users [200 threads] 1-91,text,true,,567,571,3,3,http://k8s-forkfind-forkfind-8e65d48af1-1990260306.us-east-1.elb.amazonaws.com/restaurants/5/reviews,89,0,0
1777594812238,695,01 - POST /auth/user/login,200,OK,Virtual Users [200 threads] 1-92,text,true,,406,363,3,3,http://k8s-forkfind-forkfind-8e65d48af1-1990260306.us-east-1.elb.amazonaws.com/auth/user/login,695,0,70
1777594812934,73,02 - GET /restaurants (search),200,OK,Virtual Users [200 threads] 1-92,text,true,,790,436,3,3,http://k8s-forkfind-forkfind-8e65d48af1-1990260306.us-east-1.elb.amazonaws.com/restaurants?q=pizza&limit=12&sort=rating,73,0,0
1777594813008,94,03 - POST /restaurants/5/reviews,201,Created,Virtual Users [200 threads] 1-92,text,true,,567,571,3,3,http://k8s-forkfind-forkfind-8e65d48af1-1990260306.us-east-1.elb.amazonaws.com/restaurants/5/reviews,94,0,0
1777594812537,700,01 - POST /auth/user/login,200,OK,Virtual Users [200 threads] 1-93,text,true,,406,363,3,3,http://k8s-forkfind-forkfind-8e65d48af1-1990260306.us-east-1.elb.amazonaws.com/auth/user/login,700,0,64
1777594813238,73,02 - GET /restaurants (search),200,OK,Virtual Users [200 threads] 1-93,text,true,,790,436,3,3,http://k8s-forkfind-forkfind-8e65d48af1-1990260306.us-east-1.elb.amazonaws.com/restaurants?q=pizza&limit=12&sort=rating,73,0,0
1777594813312,96,03 - POST /restaurants/5/reviews,201,Created,Virtual Users [200 threads] 1-93,text,true,,566,571,3,3,http://k8s-forkfind-forkfind-8e65d48af1-1990260306.us-east-1.elb.amazonaws.com/restaurants/5/reviews,96,0,0
1777594812844,1045,01 - POST /auth/user/login,200,OK,Virtual Users [200 threads] 1-94,text,true,,406,363,4,4,http://k8s-forkfind-forkfind-8e65d48af1-1990260306.us-east-1.elb.amazonaws.com/auth/user/login,1045,0,68
1777594813891,131,02 - GET /restaurants (search),200,OK,Virtual Users [200 threads] 1-94,text,true,,790,436,4,4,http://k8s-forkfind-forkfind-8e65d48af1-1990260306.us-east-1.elb.amazonaws.com/restaurants?q=pizza&limit=12&sort=rating,131,0,0
1777594814023,122,03 - POST /restaurants/5/reviews,201,Created,Virtual Users [200 threads] 1-94,text,true,,567,571,5,5,http://k8s-forkfind-forkfind-8e65d48af1-1990260306.us-east-1.elb.amazonaws.com/restaurants/5/reviews,122,0,0
1777594813141,1060,01 - POST /auth/user/login,200,OK,Virtual Users [200 threads] 1-95,text,true,,406,363,4,4,http://k8s-forkfind-forkfind-8e65d48af1-1990260306.us-east-1.elb.amazonaws.com/auth/user/login,1060,0,65
1777594814202,103,02 - GET /restaurants (search),200,OK,Virtual Users [200 threads] 1-95,text,true,,790,436,4,4,http://k8s-forkfind-forkfind-8e65d48af1-1990260306.us-east-1.elb.amazonaws.com/restaurants?q=pizza&limit=12&sort=rating,103,0,0
1777594813436,983,01 - POST /auth/user/login,200,OK,Virtual Users [200 threads] 1-96,text,true,,406,363,5,5,http://k8s-forkfind-forkfind-8e65d48af1-1990260306.us-east-1.elb.amazonaws.com/auth/user/login,983,0,65
1777594814306,210,03 - POST /restaurants/5/reviews,201,Created,Virtual Users [200 threads] 1-95,text,true,,567,571,5,5,http://k8s-forkfind-forkfind-8e65d48af1-1990260306.us-east-1.elb.amazonaws.com/restaurants/5/reviews,210,0,0
1777594814421,104,02 - GET /restaurants (search),200,OK,Virtual Users [200 threads] 1-96,text,true,,790,436,4,4,http://k8s-forkfind-forkfind-8e65d48af1-1990260306.us-east-1.elb.amazonaws.com/restaurants?q=pizza&limit=12&sort=rating,104,0,0
1777594814526,114,03 - POST /restaurants/5/reviews,201,Created,Virtual Users [200 threads] 1-96,text,true,,567,571,5,5,http://k8s-forkfind-forkfind-8e65d48af1-1990260306.us-east-1.elb.amazonaws.com/restaurants/5/reviews,114,0,0
1777594814035,685,01 - POST /auth/user/login,200,OK,Virtual Users [200 threads] 1-98,text,true,,406,363,4,4,http://k8s-forkfind-forkfind-8e65d48af1-1990260306.us-east-1.elb.amazonaws.com/auth/user/login,685,0,65
1777594813742,1058,01 - POST /auth/user/login,200,OK,Virtual Users [200 threads] 1-97,text,true,,406,363,4,4,http://k8s-forkfind-forkfind-8e65d48af1-1990260306.us-east-1.elb.amazonaws.com/auth/user/login,1058,0,67
1777594814722,93,02 - GET /restaurants (search),200,OK,Virtual Users [200 threads] 1-98,text,true,,790,436,4,4,http://k8s-forkfind-forkfind-8e65d48af1-1990260306.us-east-1.elb.amazonaws.com/restaurants?q=pizza&limit=12&sort=rating,93,0,0
1777594814816,95,03 - POST /restaurants/5/reviews,201,Created,Virtual Users [200 threads] 1-98,text,true,,567,571,4,4,http://k8s-forkfind-forkfind-8e65d48af1-1990260306.us-east-1.elb.amazonaws.com/restaurants/5/reviews,95,0,0
1777594814801,127,02 - GET /restaurants (search),200,OK,Virtual Users [200 threads] 1-97,text,true,,790,436,3,3,http://k8s-forkfind-forkfind-8e65d48af1-1990260306.us-east-1.elb.amazonaws.com/restaurants?q=pizza&limit=12&sort=rating,127,0,0
1777594814928,82,03 - POST /restaurants/5/reviews,201,Created,Virtual Users [200 threads] 1-97,text,true,,567,571,4,4,http://k8s-forkfind-forkfind-8e65d48af1-1990260306.us-east-1.elb.amazonaws.com/restaurants/5/reviews,82,0,0
1777594814339,747,01 - POST /auth/user/login,200,OK,Virtual Users [200 threads] 1-99,text,true,,406,363,3,3,http://k8s-forkfind-forkfind-8e65d48af1-1990260306.us-east-1.elb.amazonaws.com/auth/user/login,747,0,66
1777594815088,99,02 - GET /restaurants (search),200,OK,Virtual Users [200 threads] 1-99,text,true,,790,436,3,3,http://k8s-forkfind-forkfind-8e65d48af1-1990260306.us-east-1.elb.amazonaws.com/restaurants?q=pizza&limit=12&sort=rating,99,0,0
1777594815188,135,03 - POST /restaurants/5/reviews,201,Created,Virtual Users [200 threads] 1-99,text,true,,567,571,4,4,http://k8s-forkfind-forkfind-8e65d48af1-1990260306.us-east-1.elb.amazonaws.com/restaurants/5/reviews,135,0,0
1777594814641,760,01 - POST /auth/user/login,200,OK,Virtual Users [200 threads] 1-100,text,true,,406,363,3,3,http://k8s-forkfind-forkfind-8e65d48af1-1990260306.us-east-1.elb.amazonaws.com/auth/user/login,760,0,65
1777594815403,73,02 - GET /restaurants (search),200,OK,Virtual Users [200 threads] 1-100,text,true,,790,436,3,3,http://k8s-forkfind-forkfind-8e65d48af1-1990260306.us-east-1.elb.amazonaws.com/restaurants?q=pizza&limit=12&sort=rating,73,0,0
1777594815477,77,03 - POST /restaurants/5/reviews,201,Created,Virtual Users [200 threads] 1-100,text,true,,569,572,4,4,http://k8s-forkfind-forkfind-8e65d48af1-1990260306.us-east-1.elb.amazonaws.com/restaurants/5/reviews,77,0,0
1777594814943,668,01 - POST /auth/user/login,200,OK,Virtual Users [200 threads] 1-101,text,true,,406,363,3,3,http://k8s-forkfind-forkfind-8e65d48af1-1990260306.us-east-1.elb.amazonaws.com/auth/user/login,668,0,65
1777594815613,82,02 - GET /restaurants (search),200,OK,Virtual Users [200 threads] 1-101,text,true,,790,436,3,3,http://k8s-forkfind-forkfind-8e65d48af1-1990260306.us-east-1.elb.amazonaws.com/restaurants?q=pizza&limit=12&sort=rating,82,0,0
1777594815695,80,03 - POST /restaurants/5/reviews,201,Created,Virtual Users [200 threads] 1-101,text,true,,569,572,3,3,http://k8s-forkfind-forkfind-8e65d48af1-1990260306.us-east-1.elb.amazonaws.com/restaurants/5/reviews,80,0,0
1777594815234,684,01 - POST /auth/user/login,200,OK,Virtual Users [200 threads] 1-102,text,true,,406,363,3,3,http://k8s-forkfind-forkfind-8e65d48af1-1990260306.us-east-1.elb.amazonaws.com/auth/user/login,684,0,80
1777594815920,73,02 - GET /restaurants (search),200,OK,Virtual Users [200 threads] 1-102,text,true,,790,436,3,3,http://k8s-forkfind-forkfind-8e65d48af1-1990260306.us-east-1.elb.amazonaws.com/restaurants?q=pizza&limit=12&sort=rating,73,0,0
1777594815994,80,03 - POST /restaurants/5/reviews,201,Created,Virtual Users [200 threads] 1-102,text,true,,569,572,3,3,http://k8s-forkfind-forkfind-8e65d48af1-1990260306.us-east-1.elb.amazonaws.com/restaurants/5/reviews,80,0,0
1777594815542,679,01 - POST /auth/user/login,200,OK,Virtual Users [200 threads] 1-103,text,true,,406,363,3,3,http://k8s-forkfind-forkfind-8e65d48af1-1990260306.us-east-1.elb.amazonaws.com/auth/user/login,679,0,67
1777594816222,79,02 - GET /restaurants (search),200,OK,Virtual Users [200 threads] 1-103,text,true,,790,436,3,3,http://k8s-forkfind-forkfind-8e65d48af1-1990260306.us-east-1.elb.amazonaws.com/restaurants?q=pizza&limit=12&sort=rating,79,0,0
1777594816302,77,03 - POST /restaurants/5/reviews,201,Created,Virtual Users [200 threads] 1-103,text,true,,569,572,3,3,http://k8s-forkfind-forkfind-8e65d48af1-1990260306.us-east-1.elb.amazonaws.com/restaurants/5/reviews,77,0,0
1777594815841,728,01 - POST /auth/user/login,200,OK,Virtual Users [200 threads] 1-104,text,true,,406,363,3,3,http://k8s-forkfind-forkfind-8e65d48af1-1990260306.us-east-1.elb.amazonaws.com/auth/user/login,728,0,66
1777594816571,91,02 - GET /restaurants (search),200,OK,Virtual Users [200 threads] 1-104,text,true,,790,436,3,3,http://k8s-forkfind-forkfind-8e65d48af1-1990260306.us-east-1.elb.amazonaws.com/restaurants?q=pizza&limit=12&sort=rating,91,0,0
1777594816663,79,03 - POST /restaurants/5/reviews,201,Created,Virtual Users [200 threads] 1-104,text,true,,568,572,4,4,http://k8s-forkfind-forkfind-8e65d48af1-1990260306.us-east-1.elb.amazonaws.com/restaurants/5/reviews,79,0,0
1777594816142,682,01 - POST /auth/user/login,200,OK,Virtual Users [200 threads] 1-105,text,true,,406,363,3,3,http://k8s-forkfind-forkfind-8e65d48af1-1990260306.us-east-1.elb.amazonaws.com/auth/user/login,682,0,65
1777594816826,85,02 - GET /restaurants (search),200,OK,Virtual Users [200 threads] 1-105,text,true,,790,436,3,3,http://k8s-forkfind-forkfind-8e65d48af1-1990260306.us-east-1.elb.amazonaws.com/restaurants?q=pizza&limit=12&sort=rating,85,0,0
1777594816912,77,03 - POST /restaurants/5/reviews,201,Created,Virtual Users [200 threads] 1-105,text,true,,569,572,3,3,http://k8s-forkfind-forkfind-8e65d48af1-1990260306.us-east-1.elb.amazonaws.com/restaurants/5/reviews,77,0,0
1777594816439,678,01 - POST /auth/user/login,200,OK,Virtual Users [200 threads] 1-106,text,true,,406,363,3,3,http://k8s-forkfind-forkfind-8e65d48af1-1990260306.us-east-1.elb.amazonaws.com/auth/user/login,678,0,65
1777594817118,77,02 - GET /restaurants (search),200,OK,Virtual Users [200 threads] 1-106,text,true,,790,436,3,3,http://k8s-forkfind-forkfind-8e65d48af1-1990260306.us-east-1.elb.amazonaws.com/restaurants?q=pizza&limit=12&sort=rating,77,0,0
1777594817197,106,03 - POST /restaurants/5/reviews,201,Created,Virtual Users [200 threads] 1-106,text,true,,569,572,3,3,http://k8s-forkfind-forkfind-8e65d48af1-1990260306.us-east-1.elb.amazonaws.com/restaurants/5/reviews,106,0,0
1777594816742,692,01 - POST /auth/user/login,200,OK,Virtual Users [200 threads] 1-107,text,true,,406,363,3,3,http://k8s-forkfind-forkfind-8e65d48af1-1990260306.us-east-1.elb.amazonaws.com/auth/user/login,692,0,66
1777594817435,73,02 - GET /restaurants (search),200,OK,Virtual Users [200 threads] 1-107,text,true,,790,436,3,3,http://k8s-forkfind-forkfind-8e65d48af1-1990260306.us-east-1.elb.amazonaws.com/restaurants?q=pizza&limit=12&sort=rating,73,0,0
1777594817509,90,03 - POST /restaurants/5/reviews,201,Created,Virtual Users [200 threads] 1-107,text,true,,569,572,3,3,http://k8s-forkfind-forkfind-8e65d48af1-1990260306.us-east-1.elb.amazonaws.com/restaurants/5/reviews,90,0,0
1777594817040,729,01 - POST /auth/user/login,200,OK,Virtual Users [200 threads] 1-108,text,true,,406,363,3,3,http://k8s-forkfind-forkfind-8e65d48af1-1990260306.us-east-1.elb.amazonaws.com/auth/user/login,729,0,66
1777594817770,72,02 - GET /restaurants (search),200,OK,Virtual Users [200 threads] 1-108,text,true,,790,436,3,3,http://k8s-forkfind-forkfind-8e65d48af1-1990260306.us-east-1.elb.amazonaws.com/restaurants?q=pizza&limit=12&sort=rating,72,0,0
1777594817842,119,03 - POST /restaurants/5/reviews,201,Created,Virtual Users [200 threads] 1-108,text,true,,569,572,4,4,http://k8s-forkfind-forkfind-8e65d48af1-1990260306.us-east-1.elb.amazonaws.com/restaurants/5/reviews,119,0,0
1777594817342,685,01 - POST /auth/user/login,200,OK,Virtual Users [200 threads] 1-109,text,true,,406,363,3,3,http://k8s-forkfind-forkfind-8e65d48af1-1990260306.us-east-1.elb.amazonaws.com/auth/user/login,685,0,65
1777594818028,78,02 - GET /restaurants (search),200,OK,Virtual Users [200 threads] 1-109,text,true,,790,436,3,3,http://k8s-forkfind-forkfind-8e65d48af1-1990260306.us-east-1.elb.amazonaws.com/restaurants?q=pizza&limit=12&sort=rating,78,0,0
1777594818107,101,03 - POST /restaurants/5/reviews,201,Created,Virtual Users [200 threads] 1-109,text,true,,569,572,3,3,http://k8s-forkfind-forkfind-8e65d48af1-1990260306.us-east-1.elb.amazonaws.com/restaurants/5/reviews,101,0,0
1777594817639,742,01 - POST /auth/user/login,200,OK,Virtual Users [200 threads] 1-110,text,true,,406,363,3,3,http://k8s-forkfind-forkfind-8e65d48af1-1990260306.us-east-1.elb.amazonaws.com/auth/user/login,742,0,68
1777594818383,71,02 - GET /restaurants (search),200,OK,Virtual Users [200 threads] 1-110,text,true,,790,436,3,3,http://k8s-forkfind-forkfind-8e65d48af1-1990260306.us-east-1.elb.amazonaws.com/restaurants?q=pizza&limit=12&sort=rating,71,0,0
1777594818455,103,03 - POST /restaurants/5/reviews,201,Created,Virtual Users [200 threads] 1-110,text,true,,569,572,4,4,http://k8s-forkfind-forkfind-8e65d48af1-1990260306.us-east-1.elb.amazonaws.com/restaurants/5/reviews,103,0,0
1777594817938,683,01 - POST /auth/user/login,200,OK,Virtual Users [200 threads] 1-111,text,true,,406,363,3,3,http://k8s-forkfind-forkfind-8e65d48af1-1990260306.us-east-1.elb.amazonaws.com/auth/user/login,683,0,65
1777594818623,76,02 - GET /restaurants (search),200,OK,Virtual Users [200 threads] 1-111,text,true,,790,436,3,3,http://k8s-forkfind-forkfind-8e65d48af1-1990260306.us-east-1.elb.amazonaws.com/restaurants?q=pizza&limit=12&sort=rating,76,0,0
1777594818700,106,03 - POST /restaurants/5/reviews,201,Created,Virtual Users [200 threads] 1-111,text,true,,569,572,3,3,http://k8s-forkfind-forkfind-8e65d48af1-1990260306.us-east-1.elb.amazonaws.com/restaurants/5/reviews,106,0,0
1777594818240,687,01 - POST /auth/user/login,200,OK,Virtual Users [200 threads] 1-112,text,true,,406,363,3,3,http://k8s-forkfind-forkfind-8e65d48af1-1990260306.us-east-1.elb.amazonaws.com/auth/user/login,687,0,67
1777594818929,73,02 - GET /restaurants (search),200,OK,Virtual Users [200 threads] 1-112,text,true,,790,436,3,3,http://k8s-forkfind-forkfind-8e65d48af1-1990260306.us-east-1.elb.amazonaws.com/restaurants?q=pizza&limit=12&sort=rating,73,0,0
1777594819003,102,03 - POST /restaurants/5/reviews,201,Created,Virtual Users [200 threads] 1-112,text,true,,569,572,3,3,http://k8s-forkfind-forkfind-8e65d48af1-1990260306.us-east-1.elb.amazonaws.com/restaurants/5/reviews,101,0,0
1777594818543,678,01 - POST /auth/user/login,200,OK,Virtual Users [200 threads] 1-113,text,true,,406,363,3,3,http://k8s-forkfind-forkfind-8e65d48af1-1990260306.us-east-1.elb.amazonaws.com/auth/user/login,678,0,65
1777594819223,75,02 - GET /restaurants (search),200,OK,Virtual Users [200 threads] 1-113,text,true,,790,436,3,3,http://k8s-forkfind-forkfind-8e65d48af1-1990260306.us-east-1.elb.amazonaws.com/restaurants?q=pizza&limit=12&sort=rating,75,0,0
1777594819299,100,03 - POST /restaurants/5/reviews,201,Created,Virtual Users [200 threads] 1-113,text,true,,569,572,3,3,http://k8s-forkfind-forkfind-8e65d48af1-1990260306.us-east-1.elb.amazonaws.com/restaurants/5/reviews,100,0,0
1777594818839,695,01 - POST /auth/user/login,200,OK,Virtual Users [200 threads] 1-114,text,true,,406,363,3,3,http://k8s-forkfind-forkfind-8e65d48af1-1990260306.us-east-1.elb.amazonaws.com/auth/user/login,695,0,70
1777594819535,72,02 - GET /restaurants (search),200,OK,Virtual Users [200 threads] 1-114,text,true,,790,436,3,3,http://k8s-forkfind-forkfind-8e65d48af1-1990260306.us-east-1.elb.amazonaws.com/restaurants?q=pizza&limit=12&sort=rating,72,0,0
1777594819608,89,03 - POST /restaurants/5/reviews,201,Created,Virtual Users [200 threads] 1-114,text,true,,569,572,3,3,http://k8s-forkfind-forkfind-8e65d48af1-1990260306.us-east-1.elb.amazonaws.com/restaurants/5/reviews,89,0,0
1777594819140,1031,01 - POST /auth/user/login,200,OK,Virtual Users [200 threads] 1-115,text,true,,406,363,4,4,http://k8s-forkfind-forkfind-8e65d48af1-1990260306.us-east-1.elb.amazonaws.com/auth/user/login,1031,0,66
1777594820172,75,02 - GET /restaurants (search),200,OK,Virtual Users [200 threads] 1-115,text,true,,790,436,4,4,http://k8s-forkfind-forkfind-8e65d48af1-1990260306.us-east-1.elb.amazonaws.com/restaurants?q=pizza&limit=12&sort=rating,75,0,0
1777594820248,100,03 - POST /restaurants/5/reviews,201,Created,Virtual Users [200 threads] 1-115,text,true,,569,572,5,5,http://k8s-forkfind-forkfind-8e65d48af1-1990260306.us-east-1.elb.amazonaws.com/restaurants/5/reviews,100,0,0
1777594819442,1084,01 - POST /auth/user/login,200,OK,Virtual Users [200 threads] 1-116,text,true,,406,363,4,4,http://k8s-forkfind-forkfind-8e65d48af1-1990260306.us-east-1.elb.amazonaws.com/auth/user/login,1084,0,66
1777594819742,784,01 - POST /auth/user/login,200,OK,Virtual Users [200 threads] 1-117,text,true,,406,363,4,4,http://k8s-forkfind-forkfind-8e65d48af1-1990260306.us-east-1.elb.amazonaws.com/auth/user/login,784,0,65
1777594820528,85,02 - GET /restaurants (search),200,OK,Virtual Users [200 threads] 1-116,text,true,,790,436,4,4,http://k8s-forkfind-forkfind-8e65d48af1-1990260306.us-east-1.elb.amazonaws.com/restaurants?q=pizza&limit=12&sort=rating,85,0,0
1777594820528,85,02 - GET /restaurants (search),200,OK,Virtual Users [200 threads] 1-117,text,true,,790,436,4,4,http://k8s-forkfind-forkfind-8e65d48af1-1990260306.us-east-1.elb.amazonaws.com/restaurants?q=pizza&limit=12&sort=rating,85,0,0
1777594820614,91,03 - POST /restaurants/5/reviews,201,Created,Virtual Users [200 threads] 1-116,text,true,,569,572,5,5,http://k8s-forkfind-forkfind-8e65d48af1-1990260306.us-east-1.elb.amazonaws.com/restaurants/5/reviews,91,0,0
1777594820614,91,03 - POST /restaurants/5/reviews,201,Created,Virtual Users [200 threads] 1-117,text,true,,569,572,5,5,http://k8s-forkfind-forkfind-8e65d48af1-1990260306.us-east-1.elb.amazonaws.com/restaurants/5/reviews,91,0,0
1777594820043,685,01 - POST /auth/user/login,200,OK,Virtual Users [200 threads] 1-118,text,true,,406,363,3,3,http://k8s-forkfind-forkfind-8e65d48af1-1990260306.us-east-1.elb.amazonaws.com/auth/user/login,685,0,66
1777594820730,74,02 - GET /restaurants (search),200,OK,Virtual Users [200 threads] 1-118,text,true,,790,436,3,3,http://k8s-forkfind-forkfind-8e65d48af1-1990260306.us-east-1.elb.amazonaws.com/restaurants?q=pizza&limit=12&sort=rating,74,0,0
1777594820805,108,03 - POST /restaurants/5/reviews,201,Created,Virtual Users [200 threads] 1-118,text,true,,569,572,3,3,http://k8s-forkfind-forkfind-8e65d48af1-1990260306.us-east-1.elb.amazonaws.com/restaurants/5/reviews,107,0,0
1777594820342,753,01 - POST /auth/user/login,200,OK,Virtual Users [200 threads] 1-119,text,true,,406,363,3,3,http://k8s-forkfind-forkfind-8e65d48af1-1990260306.us-east-1.elb.amazonaws.com/auth/user/login,753,0,67
1777594821096,101,02 - GET /restaurants (search),200,OK,Virtual Users [200 threads] 1-119,text,true,,790,436,3,3,http://k8s-forkfind-forkfind-8e65d48af1-1990260306.us-east-1.elb.amazonaws.com/restaurants?q=pizza&limit=12&sort=rating,101,0,0
1777594820639,685,01 - POST /auth/user/login,200,OK,Virtual Users [200 threads] 1-120,text,true,,406,363,4,4,http://k8s-forkfind-forkfind-8e65d48af1-1990260306.us-east-1.elb.amazonaws.com/auth/user/login,685,0,66
1777594821198,148,03 - POST /restaurants/5/reviews,201,Created,Virtual Users [200 threads] 1-119,text,true,,569,572,4,4,http://k8s-forkfind-forkfind-8e65d48af1-1990260306.us-east-1.elb.amazonaws.com/restaurants/5/reviews,148,0,0
1777594821324,77,02 - GET /restaurants (search),200,OK,Virtual Users [200 threads] 1-120,text,true,,790,436,3,3,http://k8s-forkfind-forkfind-8e65d48af1-1990260306.us-east-1.elb.amazonaws.com/restaurants?q=pizza&limit=12&sort=rating,77,0,0
1777594821402,117,03 - POST /restaurants/5/reviews,201,Created,Virtual Users [200 threads] 1-120,text,true,,569,572,3,3,http://k8s-forkfind-forkfind-8e65d48af1-1990260306.us-east-1.elb.amazonaws.com/restaurants/5/reviews,117,0,0
1777594820941,1048,01 - POST /auth/user/login,200,OK,Virtual Users [200 threads] 1-121,text,true,,406,363,4,4,http://k8s-forkfind-forkfind-8e65d48af1-1990260306.us-east-1.elb.amazonaws.com/auth/user/login,1048,0,66
1777594821990,78,02 - GET /restaurants (search),200,OK,Virtual Users [200 threads] 1-121,text,true,,790,436,4,4,http://k8s-forkfind-forkfind-8e65d48af1-1990260306.us-east-1.elb.amazonaws.com/restaurants?q=pizza&limit=12&sort=rating,78,0,0
1777594822069,93,03 - POST /restaurants/5/reviews,201,Created,Virtual Users [200 threads] 1-121,text,true,,569,572,5,5,http://k8s-forkfind-forkfind-8e65d48af1-1990260306.us-east-1.elb.amazonaws.com/restaurants/5/reviews,93,0,0
1777594821537,773,01 - POST /auth/user/login,200,OK,Virtual Users [200 threads] 1-123,text,true,,406,363,4,4,http://k8s-forkfind-forkfind-8e65d48af1-1990260306.us-east-1.elb.amazonaws.com/auth/user/login,773,0,91
1777594821242,1068,01 - POST /auth/user/login,200,OK,Virtual Users [200 threads] 1-122,text,true,,406,363,4,4,http://k8s-forkfind-forkfind-8e65d48af1-1990260306.us-east-1.elb.amazonaws.com/auth/user/login,1068,0,66
1777594822311,81,02 - GET /restaurants (search),200,OK,Virtual Users [200 threads] 1-123,text,true,,790,436,4,4,http://k8s-forkfind-forkfind-8e65d48af1-1990260306.us-east-1.elb.amazonaws.com/restaurants?q=pizza&limit=12&sort=rating,81,0,0
1777594822311,81,02 - GET /restaurants (search),200,OK,Virtual Users [200 threads] 1-122,text,true,,790,436,4,4,http://k8s-forkfind-forkfind-8e65d48af1-1990260306.us-east-1.elb.amazonaws.com/restaurants?q=pizza&limit=12&sort=rating,81,0,0
1777594822392,124,03 - POST /restaurants/5/reviews,201,Created,Virtual Users [200 threads] 1-122,text,true,,569,572,5,5,http://k8s-forkfind-forkfind-8e65d48af1-1990260306.us-east-1.elb.amazonaws.com/restaurants/5/reviews,124,0,0
1777594822392,124,03 - POST /restaurants/5/reviews,201,Created,Virtual Users [200 threads] 1-123,text,true,,569,572,5,5,http://k8s-forkfind-forkfind-8e65d48af1-1990260306.us-east-1.elb.amazonaws.com/restaurants/5/reviews,124,0,0
1777594821842,691,01 - POST /auth/user/login,200,OK,Virtual Users [200 threads] 1-124,text,true,,406,363,3,3,http://k8s-forkfind-forkfind-8e65d48af1-1990260306.us-east-1.elb.amazonaws.com/auth/user/login,691,0,69
1777594822534,86,02 - GET /restaurants (search),200,OK,Virtual Users [200 threads] 1-124,text,true,,790,436,3,3,http://k8s-forkfind-forkfind-8e65d48af1-1990260306.us-east-1.elb.amazonaws.com/restaurants?q=pizza&limit=12&sort=rating,86,0,0
1777594822620,95,03 - POST /restaurants/5/reviews,201,Created,Virtual Users [200 threads] 1-124,text,true,,569,572,3,3,http://k8s-forkfind-forkfind-8e65d48af1-1990260306.us-east-1.elb.amazonaws.com/restaurants/5/reviews,95,0,0
1777594822143,774,01 - POST /auth/user/login,200,OK,Virtual Users [200 threads] 1-125,text,true,,406,363,3,3,http://k8s-forkfind-forkfind-8e65d48af1-1990260306.us-east-1.elb.amazonaws.com/auth/user/login,774,0,69
1777594822918,81,02 - GET /restaurants (search),200,OK,Virtual Users [200 threads] 1-125,text,true,,790,436,3,3,http://k8s-forkfind-forkfind-8e65d48af1-1990260306.us-east-1.elb.amazonaws.com/restaurants?q=pizza&limit=12&sort=rating,81,0,0
1777594822999,106,03 - POST /restaurants/5/reviews,201,Created,Virtual Users [200 threads] 1-125,text,true,,569,572,4,4,http://k8s-forkfind-forkfind-8e65d48af1-1990260306.us-east-1.elb.amazonaws.com/restaurants/5/reviews,106,0,0
1777594822438,762,01 - POST /auth/user/login,200,OK,Virtual Users [200 threads] 1-126,text,true,,406,363,3,3,http://k8s-forkfind-forkfind-8e65d48af1-1990260306.us-east-1.elb.amazonaws.com/auth/user/login,762,0,78
1777594823201,85,02 - GET /restaurants (search),200,OK,Virtual Users [200 threads] 1-126,text,true,,790,436,3,3,http://k8s-forkfind-forkfind-8e65d48af1-1990260306.us-east-1.elb.amazonaws.com/restaurants?q=pizza&limit=12&sort=rating,85,0,0
1777594823286,124,03 - POST /restaurants/5/reviews,201,Created,Virtual Users [200 threads] 1-126,text,true,,569,572,4,4,http://k8s-forkfind-forkfind-8e65d48af1-1990260306.us-east-1.elb.amazonaws.com/restaurants/5/reviews,124,0,0
1777594822738,769,01 - POST /auth/user/login,200,OK,Virtual Users [200 threads] 1-127,text,true,,406,363,3,3,http://k8s-forkfind-forkfind-8e65d48af1-1990260306.us-east-1.elb.amazonaws.com/auth/user/login,769,0,68
1777594823508,79,02 - GET /restaurants (search),200,OK,Virtual Users [200 threads] 1-127,text,true,,790,436,3,3,http://k8s-forkfind-forkfind-8e65d48af1-1990260306.us-east-1.elb.amazonaws.com/restaurants?q=pizza&limit=12&sort=rating,79,0,0
1777594823587,113,03 - POST /restaurants/5/reviews,201,Created,Virtual Users [200 threads] 1-127,text,true,,569,572,4,4,http://k8s-forkfind-forkfind-8e65d48af1-1990260306.us-east-1.elb.amazonaws.com/restaurants/5/reviews,113,0,0
1777594823040,993,01 - POST /auth/user/login,200,OK,Virtual Users [200 threads] 1-128,text,true,,406,363,4,4,http://k8s-forkfind-forkfind-8e65d48af1-1990260306.us-east-1.elb.amazonaws.com/auth/user/login,993,0,64
1777594824035,83,02 - GET /restaurants (search),200,OK,Virtual Users [200 threads] 1-128,text,true,,790,436,4,4,http://k8s-forkfind-forkfind-8e65d48af1-1990260306.us-east-1.elb.amazonaws.com/restaurants?q=pizza&limit=12&sort=rating,82,0,0
1777594824118,107,03 - POST /restaurants/5/reviews,201,Created,Virtual Users [200 threads] 1-128,text,true,,569,572,4,4,http://k8s-forkfind-forkfind-8e65d48af1-1990260306.us-east-1.elb.amazonaws.com/restaurants/5/reviews,107,0,0
1777594823338,1080,01 - POST /auth/user/login,200,OK,Virtual Users [200 threads] 1-129,text,true,,406,363,4,4,http://k8s-forkfind-forkfind-8e65d48af1-1990260306.us-east-1.elb.amazonaws.com/auth/user/login,1080,0,72
1777594824419,97,02 - GET /restaurants (search),200,OK,Virtual Users [200 threads] 1-129,text,true,,790,436,4,4,http://k8s-forkfind-forkfind-8e65d48af1-1990260306.us-east-1.elb.amazonaws.com/restaurants?q=pizza&limit=12&sort=rating,97,0,0
1777594823636,996,01 - POST /auth/user/login,200,OK,Virtual Users [200 threads] 1-130,text,true,,406,363,5,5,http://k8s-forkfind-forkfind-8e65d48af1-1990260306.us-east-1.elb.amazonaws.com/auth/user/login,996,0,64
1777594824516,139,03 - POST /restaurants/5/reviews,201,Created,Virtual Users [200 threads] 1-129,text,true,,569,572,5,5,http://k8s-forkfind-forkfind-8e65d48af1-1990260306.us-east-1.elb.amazonaws.com/restaurants/5/reviews,139,0,0
1777594824634,100,02 - GET /restaurants (search),200,OK,Virtual Users [200 threads] 1-130,text,true,,790,436,4,4,http://k8s-forkfind-forkfind-8e65d48af1-1990260306.us-east-1.elb.amazonaws.com/restaurants?q=pizza&limit=12&sort=rating,100,0,0
1777594824735,183,03 - POST /restaurants/5/reviews,201,Created,Virtual Users [200 threads] 1-130,text,true,,569,572,5,5,http://k8s-forkfind-forkfind-8e65d48af1-1990260306.us-east-1.elb.amazonaws.com/restaurants/5/reviews,183,0,0
1777594824237,767,01 - POST /auth/user/login,200,OK,Virtual Users [200 threads] 1-132,text,true,,406,363,4,4,http://k8s-forkfind-forkfind-8e65d48af1-1990260306.us-east-1.elb.amazonaws.com/auth/user/login,767,0,64
1777594823938,1071,01 - POST /auth/user/login,200,OK,Virtual Users [200 threads] 1-131,text,true,,406,363,4,4,http://k8s-forkfind-forkfind-8e65d48af1-1990260306.us-east-1.elb.amazonaws.com/auth/user/login,1071,0,64
1777594825005,86,02 - GET /restaurants (search),200,OK,Virtual Users [200 threads] 1-132,text,true,,790,436,4,4,http://k8s-forkfind-forkfind-8e65d48af1-1990260306.us-east-1.elb.amazonaws.com/restaurants?q=pizza&limit=12&sort=rating,86,0,0
1777594825010,93,02 - GET /restaurants (search),200,OK,Virtual Users [200 threads] 1-131,text,true,,790,436,4,4,http://k8s-forkfind-forkfind-8e65d48af1-1990260306.us-east-1.elb.amazonaws.com/restaurants?q=pizza&limit=12&sort=rating,93,0,0
1777594825104,118,03 - POST /restaurants/5/reviews,201,Created,Virtual Users [200 threads] 1-131,text,true,,569,572,5,5,http://k8s-forkfind-forkfind-8e65d48af1-1990260306.us-east-1.elb.amazonaws.com/restaurants/5/reviews,118,0,0
1777594824540,693,01 - POST /auth/user/login,200,OK,Virtual Users [200 threads] 1-133,text,true,,406,363,4,4,http://k8s-forkfind-forkfind-8e65d48af1-1990260306.us-east-1.elb.amazonaws.com/auth/user/login,693,0,70
1777594825092,145,03 - POST /restaurants/5/reviews,201,Created,Virtual Users [200 threads] 1-132,text,true,,569,572,4,4,http://k8s-forkfind-forkfind-8e65d48af1-1990260306.us-east-1.elb.amazonaws.com/restaurants/5/reviews,145,0,0
1777594825234,74,02 - GET /restaurants (search),200,OK,Virtual Users [200 threads] 1-133,text,true,,790,436,3,3,http://k8s-forkfind-forkfind-8e65d48af1-1990260306.us-east-1.elb.amazonaws.com/restaurants?q=pizza&limit=12&sort=rating,74,0,0
1777594825309,119,03 - POST /restaurants/5/reviews,201,Created,Virtual Users [200 threads] 1-133,text,true,,569,572,3,3,http://k8s-forkfind-forkfind-8e65d48af1-1990260306.us-east-1.elb.amazonaws.com/restaurants/5/reviews,119,0,0
1777594824834,767,01 - POST /auth/user/login,200,OK,Virtual Users [200 threads] 1-134,text,true,,406,363,3,3,http://k8s-forkfind-forkfind-8e65d48af1-1990260306.us-east-1.elb.amazonaws.com/auth/user/login,767,0,68
1777594825602,75,02 - GET /restaurants (search),200,OK,Virtual Users [200 threads] 1-134,text,true,,790,436,3,3,http://k8s-forkfind-forkfind-8e65d48af1-1990260306.us-east-1.elb.amazonaws.com/restaurants?q=pizza&limit=12&sort=rating,75,0,0
1777594825678,82,03 - POST /restaurants/5/reviews,201,Created,Virtual Users [200 threads] 1-134,text,true,,569,572,4,4,http://k8s-forkfind-forkfind-8e65d48af1-1990260306.us-east-1.elb.amazonaws.com/restaurants/5/reviews,82,0,0
1777594825135,694,01 - POST /auth/user/login,200,OK,Virtual Users [200 threads] 1-135,text,true,,406,363,3,3,http://k8s-forkfind-forkfind-8e65d48af1-1990260306.us-east-1.elb.amazonaws.com/auth/user/login,694,0,66
1777594825830,78,02 - GET /restaurants (search),200,OK,Virtual Users [200 threads] 1-135,text,true,,790,436,3,3,http://k8s-forkfind-forkfind-8e65d48af1-1990260306.us-east-1.elb.amazonaws.com/restaurants?q=pizza&limit=12&sort=rating,78,0,0
1777594825908,81,03 - POST /restaurants/5/reviews,201,Created,Virtual Users [200 threads] 1-135,text,true,,569,572,3,3,http://k8s-forkfind-forkfind-8e65d48af1-1990260306.us-east-1.elb.amazonaws.com/restaurants/5/reviews,81,0,0
1777594825435,1053,01 - POST /auth/user/login,200,OK,Virtual Users [200 threads] 1-136,text,true,,406,363,4,4,http://k8s-forkfind-forkfind-8e65d48af1-1990260306.us-east-1.elb.amazonaws.com/auth/user/login,1053,0,65
1777594826489,94,02 - GET /restaurants (search),200,OK,Virtual Users [200 threads] 1-136,text,true,,790,436,4,4,http://k8s-forkfind-forkfind-8e65d48af1-1990260306.us-east-1.elb.amazonaws.com/restaurants?q=pizza&limit=12&sort=rating,94,0,0
1777594826583,117,03 - POST /restaurants/5/reviews,201,Created,Virtual Users [200 threads] 1-136,text,true,,569,572,5,5,http://k8s-forkfind-forkfind-8e65d48af1-1990260306.us-east-1.elb.amazonaws.com/restaurants/5/reviews,117,0,0
1777594825740,1044,01 - POST /auth/user/login,200,OK,Virtual Users [200 threads] 1-137,text,true,,406,363,4,4,http://k8s-forkfind-forkfind-8e65d48af1-1990260306.us-east-1.elb.amazonaws.com/auth/user/login,1044,0,67
1777594826041,786,01 - POST /auth/user/login,200,OK,Virtual Users [200 threads] 1-138,text,true,,406,363,4,4,http://k8s-forkfind-forkfind-8e65d48af1-1990260306.us-east-1.elb.amazonaws.com/auth/user/login,786,0,87
1777594826785,113,02 - GET /restaurants (search),200,OK,Virtual Users [200 threads] 1-137,text,true,,790,436,4,4,http://k8s-forkfind-forkfind-8e65d48af1-1990260306.us-east-1.elb.amazonaws.com/restaurants?q=pizza&limit=12&sort=rating,113,0,0
1777594826899,289,03 - POST /restaurants/5/reviews,201,Created,Virtual Users [200 threads] 1-137,text,true,,569,572,5,5,http://k8s-forkfind-forkfind-8e65d48af1-1990260306.us-east-1.elb.amazonaws.com/restaurants/5/reviews,289,0,0
1777594826829,359,02 - GET /restaurants (search),200,OK,Virtual Users [200 threads] 1-138,text,true,,790,436,5,5,http://k8s-forkfind-forkfind-8e65d48af1-1990260306.us-east-1.elb.amazonaws.com/restaurants?q=pizza&limit=12&sort=rating,359,0,0
1777594826336,852,01 - POST /auth/user/login,200,OK,Virtual Users [200 threads] 1-139,text,true,,406,363,5,5,http://k8s-forkfind-forkfind-8e65d48af1-1990260306.us-east-1.elb.amazonaws.com/auth/user/login,852,0,130
1777594827189,74,02 - GET /restaurants (search),200,OK,Virtual Users [200 threads] 1-139,text,true,,790,436,5,5,http://k8s-forkfind-forkfind-8e65d48af1-1990260306.us-east-1.elb.amazonaws.com/restaurants?q=pizza&limit=12&sort=rating,74,0,0
1777594827189,86,03 - POST /restaurants/5/reviews,201,Created,Virtual Users [200 threads] 1-138,text,true,,569,572,5,5,http://k8s-forkfind-forkfind-8e65d48af1-1990260306.us-east-1.elb.amazonaws.com/restaurants/5/reviews,86,0,0
1777594827264,392,03 - POST /restaurants/5/reviews,201,Created,Virtual Users [200 threads] 1-139,text,true,,569,572,5,5,http://k8s-forkfind-forkfind-8e65d48af1-1990260306.us-east-1.elb.amazonaws.com/restaurants/5/reviews,392,0,0
1777594826635,1021,01 - POST /auth/user/login,200,OK,Virtual Users [200 threads] 1-140,text,true,,406,363,5,5,http://k8s-forkfind-forkfind-8e65d48af1-1990260306.us-east-1.elb.amazonaws.com/auth/user/login,1021,0,64
1777594827657,103,02 - GET /restaurants (search),200,OK,Virtual Users [200 threads] 1-140,text,true,,790,436,4,4,http://k8s-forkfind-forkfind-8e65d48af1-1990260306.us-east-1.elb.amazonaws.com/restaurants?q=pizza&limit=12&sort=rating,103,0,0
1777594827760,420,03 - POST /restaurants/5/reviews,201,Created,Virtual Users [200 threads] 1-140,text,true,,569,572,6,6,http://k8s-forkfind-forkfind-8e65d48af1-1990260306.us-east-1.elb.amazonaws.com/restaurants/5/reviews,420,0,0
1777594826936,1244,01 - POST /auth/user/login,200,OK,Virtual Users [200 threads] 1-141,text,true,,406,363,6,6,http://k8s-forkfind-forkfind-8e65d48af1-1990260306.us-east-1.elb.amazonaws.com/auth/user/login,1244,0,312
1777594828181,71,02 - GET /restaurants (search),200,OK,Virtual Users [200 threads] 1-141,text,true,,790,436,5,5,http://k8s-forkfind-forkfind-8e65d48af1-1990260306.us-east-1.elb.amazonaws.com/restaurants?q=pizza&limit=12&sort=rating,71,0,0
1777594828254,451,03 - POST /restaurants/5/reviews,201,Created,Virtual Users [200 threads] 1-141,text,true,,569,572,6,6,http://k8s-forkfind-forkfind-8e65d48af1-1990260306.us-east-1.elb.amazonaws.com/restaurants/5/reviews,451,0,0
1777594827537,1168,01 - POST /auth/user/login,200,OK,Virtual Users [200 threads] 1-143,text,true,,406,363,6,6,http://k8s-forkfind-forkfind-8e65d48af1-1990260306.us-east-1.elb.amazonaws.com/auth/user/login,1168,0,177
1777594827237,1468,01 - POST /auth/user/login,200,OK,Virtual Users [200 threads] 1-142,text,true,,406,363,6,6,http://k8s-forkfind-forkfind-8e65d48af1-1990260306.us-east-1.elb.amazonaws.com/auth/user/login,1468,0,419
1777594828706,79,02 - GET /restaurants (search),200,OK,Virtual Users [200 threads] 1-142,text,true,,790,436,6,6,http://k8s-forkfind-forkfind-8e65d48af1-1990260306.us-east-1.elb.amazonaws.com/restaurants?q=pizza&limit=12&sort=rating,79,0,0
1777594828706,79,02 - GET /restaurants (search),200,OK,Virtual Users [200 threads] 1-143,text,true,,790,436,6,6,http://k8s-forkfind-forkfind-8e65d48af1-1990260306.us-east-1.elb.amazonaws.com/restaurants?q=pizza&limit=12&sort=rating,79,0,0
1777594827837,985,01 - POST /auth/user/login,200,OK,Virtual Users [200 threads] 1-144,text,true,,406,363,6,6,http://k8s-forkfind-forkfind-8e65d48af1-1990260306.us-east-1.elb.amazonaws.com/auth/user/login,985,0,403
1777594828786,443,03 - POST /restaurants/5/reviews,201,Created,Virtual Users [200 threads] 1-142,text,true,,569,572,7,7,http://k8s-forkfind-forkfind-8e65d48af1-1990260306.us-east-1.elb.amazonaws.com/restaurants/5/reviews,443,0,0
1777594828786,443,03 - POST /restaurants/5/reviews,201,Created,Virtual Users [200 threads] 1-143,text,true,,569,572,7,7,http://k8s-forkfind-forkfind-8e65d48af1-1990260306.us-east-1.elb.amazonaws.com/restaurants/5/reviews,443,0,0
1777594828823,406,02 - GET /restaurants (search),200,OK,Virtual Users [200 threads] 1-144,text,true,,790,436,7,7,http://k8s-forkfind-forkfind-8e65d48af1-1990260306.us-east-1.elb.amazonaws.com/restaurants?q=pizza&limit=12&sort=rating,406,0,0
1777594828137,1092,01 - POST /auth/user/login,200,OK,Virtual Users [200 threads] 1-145,text,true,,406,363,7,7,http://k8s-forkfind-forkfind-8e65d48af1-1990260306.us-east-1.elb.amazonaws.com/auth/user/login,1092,0,103
1777594829229,89,02 - GET /restaurants (search),200,OK,Virtual Users [200 threads] 1-145,text,true,,790,436,5,5,http://k8s-forkfind-forkfind-8e65d48af1-1990260306.us-east-1.elb.amazonaws.com/restaurants?q=pizza&limit=12&sort=rating,88,0,0
1777594829318,241,03 - POST /restaurants/5/reviews,201,Created,Virtual Users [200 threads] 1-145,text,true,,569,572,6,6,http://k8s-forkfind-forkfind-8e65d48af1-1990260306.us-east-1.elb.amazonaws.com/restaurants/5/reviews,241,0,0
1777594829229,330,03 - POST /restaurants/5/reviews,201,Created,Virtual Users [200 threads] 1-144,text,true,,569,572,6,6,http://k8s-forkfind-forkfind-8e65d48af1-1990260306.us-east-1.elb.amazonaws.com/restaurants/5/reviews,330,0,0
1777594828740,819,01 - POST /auth/user/login,200,OK,Virtual Users [200 threads] 1-147,text,true,,406,363,6,6,http://k8s-forkfind-forkfind-8e65d48af1-1990260306.us-east-1.elb.amazonaws.com/auth/user/login,819,0,67
1777594828439,1120,01 - POST /auth/user/login,200,OK,Virtual Users [200 threads] 1-146,text,true,,406,363,6,6,http://k8s-forkfind-forkfind-8e65d48af1-1990260306.us-east-1.elb.amazonaws.com/auth/user/login,1120,0,324
1777594829560,76,02 - GET /restaurants (search),200,OK,Virtual Users [200 threads] 1-146,text,true,,790,436,5,5,http://k8s-forkfind-forkfind-8e65d48af1-1990260306.us-east-1.elb.amazonaws.com/restaurants?q=pizza&limit=12&sort=rating,76,0,0
1777594829560,76,02 - GET /restaurants (search),200,OK,Virtual Users [200 threads] 1-147,text,true,,790,436,5,5,http://k8s-forkfind-forkfind-8e65d48af1-1990260306.us-east-1.elb.amazonaws.com/restaurants?q=pizza&limit=12&sort=rating,76,0,0
1777594829638,140,03 - POST /restaurants/5/reviews,201,Created,Virtual Users [200 threads] 1-146,text,true,,569,572,5,5,http://k8s-forkfind-forkfind-8e65d48af1-1990260306.us-east-1.elb.amazonaws.com/restaurants/5/reviews,140,0,0
1777594829637,141,03 - POST /restaurants/5/reviews,201,Created,Virtual Users [200 threads] 1-147,text,true,,569,572,5,5,http://k8s-forkfind-forkfind-8e65d48af1-1990260306.us-east-1.elb.amazonaws.com/restaurants/5/reviews,141,0,0
1777594829035,1047,01 - POST /auth/user/login,200,OK,Virtual Users [200 threads] 1-148,text,true,,406,363,4,4,http://k8s-forkfind-forkfind-8e65d48af1-1990260306.us-east-1.elb.amazonaws.com/auth/user/login,1047,0,252
1777594830085,73,02 - GET /restaurants (search),200,OK,Virtual Users [200 threads] 1-148,text,true,,790,436,4,4,http://k8s-forkfind-forkfind-8e65d48af1-1990260306.us-east-1.elb.amazonaws.com/restaurants?q=pizza&limit=12&sort=rating,73,0,0
1777594830159,88,03 - POST /restaurants/5/reviews,201,Created,Virtual Users [200 threads] 1-148,text,true,,569,572,5,5,http://k8s-forkfind-forkfind-8e65d48af1-1990260306.us-east-1.elb.amazonaws.com/restaurants/5/reviews,88,0,0
1777594829336,1385,01 - POST /auth/user/login,200,OK,Virtual Users [200 threads] 1-149,text,true,,406,363,5,5,http://k8s-forkfind-forkfind-8e65d48af1-1990260306.us-east-1.elb.amazonaws.com/auth/user/login,1385,0,284
1777594829936,835,01 - POST /auth/user/login,200,OK,Virtual Users [200 threads] 1-151,text,true,,406,363,5,5,http://k8s-forkfind-forkfind-8e65d48af1-1990260306.us-east-1.elb.amazonaws.com/auth/user/login,835,0,162
1777594830723,74,02 - GET /restaurants (search),200,OK,Virtual Users [200 threads] 1-149,text,true,,790,436,5,5,http://k8s-forkfind-forkfind-8e65d48af1-1990260306.us-east-1.elb.amazonaws.com/restaurants?q=pizza&limit=12&sort=rating,74,0,0
1777594830773,82,02 - GET /restaurants (search),200,OK,Virtual Users [200 threads] 1-151,text,true,,790,436,6,6,http://k8s-forkfind-forkfind-8e65d48af1-1990260306.us-east-1.elb.amazonaws.com/restaurants?q=pizza&limit=12&sort=rating,82,0,0
1777594830236,694,01 - POST /auth/user/login,200,OK,Virtual Users [200 threads] 1-152,text,true,,406,363,6,6,http://k8s-forkfind-forkfind-8e65d48af1-1990260306.us-east-1.elb.amazonaws.com/auth/user/login,694,0,68
1777594830797,150,03 - POST /restaurants/5/reviews,201,Created,Virtual Users [200 threads] 1-149,text,true,,569,572,6,6,http://k8s-forkfind-forkfind-8e65d48af1-1990260306.us-east-1.elb.amazonaws.com/restaurants/5/reviews,150,0,0
1777594830855,101,03 - POST /restaurants/5/reviews,201,Created,Virtual Users [200 threads] 1-151,text,true,,569,572,5,5,http://k8s-forkfind-forkfind-8e65d48af1-1990260306.us-east-1.elb.amazonaws.com/restaurants/5/reviews,101,0,0
1777594830932,73,02 - GET /restaurants (search),200,OK,Virtual Users [200 threads] 1-152,text,true,,790,436,4,4,http://k8s-forkfind-forkfind-8e65d48af1-1990260306.us-east-1.elb.amazonaws.com/restaurants?q=pizza&limit=12&sort=rating,73,0,0
1777594829637,1384,01 - POST /auth/user/login,200,OK,Virtual Users [200 threads] 1-150,text,true,,406,363,4,4,http://k8s-forkfind-forkfind-8e65d48af1-1990260306.us-east-1.elb.amazonaws.com/auth/user/login,1384,0,66
1777594831022,75,02 - GET /restaurants (search),200,OK,Virtual Users [200 threads] 1-150,text,true,,790,436,4,4,http://k8s-forkfind-forkfind-8e65d48af1-1990260306.us-east-1.elb.amazonaws.com/restaurants?q=pizza&limit=12&sort=rating,75,0,0
1777594831006,138,03 - POST /restaurants/5/reviews,201,Created,Virtual Users [200 threads] 1-152,text,true,,569,572,5,5,http://k8s-forkfind-forkfind-8e65d48af1-1990260306.us-east-1.elb.amazonaws.com/restaurants/5/reviews,138,0,0
1777594831098,146,03 - POST /restaurants/5/reviews,201,Created,Virtual Users [200 threads] 1-150,text,true,,569,572,4,4,http://k8s-forkfind-forkfind-8e65d48af1-1990260306.us-east-1.elb.amazonaws.com/restaurants/5/reviews,146,0,0
1777594830539,968,01 - POST /auth/user/login,200,OK,Virtual Users [200 threads] 1-153,text,true,,406,363,4,4,http://k8s-forkfind-forkfind-8e65d48af1-1990260306.us-east-1.elb.amazonaws.com/auth/user/login,968,0,67
1777594830839,742,01 - POST /auth/user/login,200,OK,Virtual Users [200 threads] 1-154,text,true,,406,363,4,4,http://k8s-forkfind-forkfind-8e65d48af1-1990260306.us-east-1.elb.amazonaws.com/auth/user/login,742,0,73
1777594831509,81,02 - GET /restaurants (search),200,OK,Virtual Users [200 threads] 1-153,text,true,,790,436,4,4,http://k8s-forkfind-forkfind-8e65d48af1-1990260306.us-east-1.elb.amazonaws.com/restaurants?q=pizza&limit=12&sort=rating,81,0,0
1777594831582,72,02 - GET /restaurants (search),200,OK,Virtual Users [200 threads] 1-154,text,true,,790,436,4,4,http://k8s-forkfind-forkfind-8e65d48af1-1990260306.us-east-1.elb.amazonaws.com/restaurants?q=pizza&limit=12&sort=rating,72,0,0
1777594831590,120,03 - POST /restaurants/5/reviews,201,Created,Virtual Users [200 threads] 1-153,text,true,,569,572,4,4,http://k8s-forkfind-forkfind-8e65d48af1-1990260306.us-east-1.elb.amazonaws.com/restaurants/5/reviews,120,0,0
1777594831655,92,03 - POST /restaurants/5/reviews,201,Created,Virtual Users [200 threads] 1-154,text,true,,569,572,4,4,http://k8s-forkfind-forkfind-8e65d48af1-1990260306.us-east-1.elb.amazonaws.com/restaurants/5/reviews,92,0,0
1777594831136,693,01 - POST /auth/user/login,200,OK,Virtual Users [200 threads] 1-155,text,true,,406,363,3,3,http://k8s-forkfind-forkfind-8e65d48af1-1990260306.us-east-1.elb.amazonaws.com/auth/user/login,693,0,66
1777594831831,74,02 - GET /restaurants (search),200,OK,Virtual Users [200 threads] 1-155,text,true,,790,436,3,3,http://k8s-forkfind-forkfind-8e65d48af1-1990260306.us-east-1.elb.amazonaws.com/restaurants?q=pizza&limit=12&sort=rating,74,0,0
1777594831906,150,03 - POST /restaurants/5/reviews,201,Created,Virtual Users [200 threads] 1-155,text,true,,569,572,4,4,http://k8s-forkfind-forkfind-8e65d48af1-1990260306.us-east-1.elb.amazonaws.com/restaurants/5/reviews,150,0,0
1777594831437,753,01 - POST /auth/user/login,200,OK,Virtual Users [200 threads] 1-156,text,true,,406,363,3,3,http://k8s-forkfind-forkfind-8e65d48af1-1990260306.us-east-1.elb.amazonaws.com/auth/user/login,753,0,67
1777594832192,72,02 - GET /restaurants (search),200,OK,Virtual Users [200 threads] 1-156,text,true,,790,436,3,3,http://k8s-forkfind-forkfind-8e65d48af1-1990260306.us-east-1.elb.amazonaws.com/restaurants?q=pizza&limit=12&sort=rating,72,0,0
1777594832264,84,03 - POST /restaurants/5/reviews,201,Created,Virtual Users [200 threads] 1-156,text,true,,569,572,4,4,http://k8s-forkfind-forkfind-8e65d48af1-1990260306.us-east-1.elb.amazonaws.com/restaurants/5/reviews,84,0,0
1777594831738,692,01 - POST /auth/user/login,200,OK,Virtual Users [200 threads] 1-157,text,true,,406,363,3,3,http://k8s-forkfind-forkfind-8e65d48af1-1990260306.us-east-1.elb.amazonaws.com/auth/user/login,692,0,70
1777594832432,83,02 - GET /restaurants (search),200,OK,Virtual Users [200 threads] 1-157,text,true,,790,436,3,3,http://k8s-forkfind-forkfind-8e65d48af1-1990260306.us-east-1.elb.amazonaws.com/restaurants?q=pizza&limit=12&sort=rating,83,0,0
1777594832516,134,03 - POST /restaurants/5/reviews,201,Created,Virtual Users [200 threads] 1-157,text,true,,569,572,4,4,http://k8s-forkfind-forkfind-8e65d48af1-1990260306.us-east-1.elb.amazonaws.com/restaurants/5/reviews,133,0,0
1777594832035,691,01 - POST /auth/user/login,200,OK,Virtual Users [200 threads] 1-158,text,true,,406,363,3,3,http://k8s-forkfind-forkfind-8e65d48af1-1990260306.us-east-1.elb.amazonaws.com/auth/user/login,691,0,67
1777594832728,75,02 - GET /restaurants (search),200,OK,Virtual Users [200 threads] 1-158,text,true,,790,436,3,3,http://k8s-forkfind-forkfind-8e65d48af1-1990260306.us-east-1.elb.amazonaws.com/restaurants?q=pizza&limit=12&sort=rating,75,0,0
1777594832804,145,03 - POST /restaurants/5/reviews,201,Created,Virtual Users [200 threads] 1-158,text,true,,569,572,4,4,http://k8s-forkfind-forkfind-8e65d48af1-1990260306.us-east-1.elb.amazonaws.com/restaurants/5/reviews,145,0,0
1777594832332,682,01 - POST /auth/user/login,200,OK,Virtual Users [200 threads] 1-159,text,true,,406,363,3,3,http://k8s-forkfind-forkfind-8e65d48af1-1990260306.us-east-1.elb.amazonaws.com/auth/user/login,682,0,66
1777594833015,84,02 - GET /restaurants (search),200,OK,Virtual Users [200 threads] 1-159,text,true,,790,436,3,3,http://k8s-forkfind-forkfind-8e65d48af1-1990260306.us-east-1.elb.amazonaws.com/restaurants?q=pizza&limit=12&sort=rating,84,0,0
1777594833100,104,03 - POST /restaurants/5/reviews,201,Created,Virtual Users [200 threads] 1-159,text,true,,569,572,3,3,http://k8s-forkfind-forkfind-8e65d48af1-1990260306.us-east-1.elb.amazonaws.com/restaurants/5/reviews,104,0,0
1777594832636,675,01 - POST /auth/user/login,200,OK,Virtual Users [200 threads] 1-160,text,true,,406,363,3,3,http://k8s-forkfind-forkfind-8e65d48af1-1990260306.us-east-1.elb.amazonaws.com/auth/user/login,675,0,66
1777594833313,83,02 - GET /restaurants (search),200,OK,Virtual Users [200 threads] 1-160,text,true,,790,436,3,3,http://k8s-forkfind-forkfind-8e65d48af1-1990260306.us-east-1.elb.amazonaws.com/restaurants?q=pizza&limit=12&sort=rating,83,0,0
1777594833396,111,03 - POST /restaurants/5/reviews,201,Created,Virtual Users [200 threads] 1-160,text,true,,569,572,3,3,http://k8s-forkfind-forkfind-8e65d48af1-1990260306.us-east-1.elb.amazonaws.com/restaurants/5/reviews,111,0,0
1777594832935,749,01 - POST /auth/user/login,200,OK,Virtual Users [200 threads] 1-161,text,true,,406,363,3,3,http://k8s-forkfind-forkfind-8e65d48af1-1990260306.us-east-1.elb.amazonaws.com/auth/user/login,749,0,67
1777594833685,127,02 - GET /restaurants (search),200,OK,Virtual Users [200 threads] 1-161,text,true,,790,436,3,3,http://k8s-forkfind-forkfind-8e65d48af1-1990260306.us-east-1.elb.amazonaws.com/restaurants?q=pizza&limit=12&sort=rating,127,0,0
1777594833234,702,01 - POST /auth/user/login,200,OK,Virtual Users [200 threads] 1-162,text,true,,406,363,4,4,http://k8s-forkfind-forkfind-8e65d48af1-1990260306.us-east-1.elb.amazonaws.com/auth/user/login,702,0,65
1777594833812,143,03 - POST /restaurants/5/reviews,201,Created,Virtual Users [200 threads] 1-161,text,true,,569,572,4,4,http://k8s-forkfind-forkfind-8e65d48af1-1990260306.us-east-1.elb.amazonaws.com/restaurants/5/reviews,143,0,0
1777594833937,174,02 - GET /restaurants (search),200,OK,Virtual Users [200 threads] 1-162,text,true,,790,436,3,3,http://k8s-forkfind-forkfind-8e65d48af1-1990260306.us-east-1.elb.amazonaws.com/restaurants?q=pizza&limit=12&sort=rating,174,0,0
1777594833531,684,01 - POST /auth/user/login,200,OK,Virtual Users [200 threads] 1-163,text,true,,406,363,4,4,http://k8s-forkfind-forkfind-8e65d48af1-1990260306.us-east-1.elb.amazonaws.com/auth/user/login,684,0,67
1777594834112,136,03 - POST /restaurants/5/reviews,201,Created,Virtual Users [200 threads] 1-162,text,true,,569,572,4,4,http://k8s-forkfind-forkfind-8e65d48af1-1990260306.us-east-1.elb.amazonaws.com/restaurants/5/reviews,136,0,0
1777594834216,90,02 - GET /restaurants (search),200,OK,Virtual Users [200 threads] 1-163,text,true,,790,436,3,3,http://k8s-forkfind-forkfind-8e65d48af1-1990260306.us-east-1.elb.amazonaws.com/restaurants?q=pizza&limit=12&sort=rating,90,0,0
1777594833830,693,01 - POST /auth/user/login,200,OK,Virtual Users [200 threads] 1-164,text,true,,406,363,4,4,http://k8s-forkfind-forkfind-8e65d48af1-1990260306.us-east-1.elb.amazonaws.com/auth/user/login,693,0,66
1777594834307,241,03 - POST /restaurants/5/reviews,201,Created,Virtual Users [200 threads] 1-163,text,true,,569,572,4,4,http://k8s-forkfind-forkfind-8e65d48af1-1990260306.us-east-1.elb.amazonaws.com/restaurants/5/reviews,241,0,0
1777594834524,92,02 - GET /restaurants (search),200,OK,Virtual Users [200 threads] 1-164,text,true,,790,436,3,3,http://k8s-forkfind-forkfind-8e65d48af1-1990260306.us-east-1.elb.amazonaws.com/restaurants?q=pizza&limit=12&sort=rating,92,0,0
1777594834617,108,03 - POST /restaurants/5/reviews,201,Created,Virtual Users [200 threads] 1-164,text,true,,569,572,3,3,http://k8s-forkfind-forkfind-8e65d48af1-1990260306.us-east-1.elb.amazonaws.com/restaurants/5/reviews,108,0,0
1777594834131,777,01 - POST /auth/user/login,200,OK,Virtual Users [200 threads] 1-165,text,true,,406,363,3,3,http://k8s-forkfind-forkfind-8e65d48af1-1990260306.us-east-1.elb.amazonaws.com/auth/user/login,777,0,66
1777594834910,105,02 - GET /restaurants (search),200,OK,Virtual Users [200 threads] 1-165,text,true,,790,436,3,3,http://k8s-forkfind-forkfind-8e65d48af1-1990260306.us-east-1.elb.amazonaws.com/restaurants?q=pizza&limit=12&sort=rating,105,0,0
1777594835016,114,03 - POST /restaurants/5/reviews,201,Created,Virtual Users [200 threads] 1-165,text,true,,569,572,4,4,http://k8s-forkfind-forkfind-8e65d48af1-1990260306.us-east-1.elb.amazonaws.com/restaurants/5/reviews,114,0,0
1777594834434,712,01 - POST /auth/user/login,200,OK,Virtual Users [200 threads] 1-166,text,true,,406,363,3,3,http://k8s-forkfind-forkfind-8e65d48af1-1990260306.us-east-1.elb.amazonaws.com/auth/user/login,712,0,67
1777594835146,162,02 - GET /restaurants (search),200,OK,Virtual Users [200 threads] 1-166,text,true,,790,436,3,3,http://k8s-forkfind-forkfind-8e65d48af1-1990260306.us-east-1.elb.amazonaws.com/restaurants?q=pizza&limit=12&sort=rating,162,0,0
1777594835309,118,03 - POST /restaurants/5/reviews,201,Created,Virtual Users [200 threads] 1-166,text,true,,569,572,4,4,http://k8s-forkfind-forkfind-8e65d48af1-1990260306.us-east-1.elb.amazonaws.com/restaurants/5/reviews,118,0,0
1777594834730,778,01 - POST /auth/user/login,200,OK,Virtual Users [200 threads] 1-167,text,true,,406,363,3,3,http://k8s-forkfind-forkfind-8e65d48af1-1990260306.us-east-1.elb.amazonaws.com/auth/user/login,778,0,63
1777594835508,78,02 - GET /restaurants (search),200,OK,Virtual Users [200 threads] 1-167,text,true,,790,436,3,3,http://k8s-forkfind-forkfind-8e65d48af1-1990260306.us-east-1.elb.amazonaws.com/restaurants?q=pizza&limit=12&sort=rating,78,0,0
1777594835587,80,03 - POST /restaurants/5/reviews,201,Created,Virtual Users [200 threads] 1-167,text,true,,569,572,4,4,http://k8s-forkfind-forkfind-8e65d48af1-1990260306.us-east-1.elb.amazonaws.com/restaurants/5/reviews,80,0,0
1777594835033,765,01 - POST /auth/user/login,200,OK,Virtual Users [200 threads] 1-168,text,true,,406,363,3,3,http://k8s-forkfind-forkfind-8e65d48af1-1990260306.us-east-1.elb.amazonaws.com/auth/user/login,765,0,65
1777594835798,79,02 - GET /restaurants (search),200,OK,Virtual Users [200 threads] 1-168,text,true,,790,436,3,3,http://k8s-forkfind-forkfind-8e65d48af1-1990260306.us-east-1.elb.amazonaws.com/restaurants?q=pizza&limit=12&sort=rating,78,0,0
1777594835877,78,03 - POST /restaurants/5/reviews,201,Created,Virtual Users [200 threads] 1-168,text,true,,569,572,4,4,http://k8s-forkfind-forkfind-8e65d48af1-1990260306.us-east-1.elb.amazonaws.com/restaurants/5/reviews,78,0,0
1777594835331,675,01 - POST /auth/user/login,200,OK,Virtual Users [200 threads] 1-169,text,true,,406,363,3,3,http://k8s-forkfind-forkfind-8e65d48af1-1990260306.us-east-1.elb.amazonaws.com/auth/user/login,675,0,66
1777594836007,88,02 - GET /restaurants (search),200,OK,Virtual Users [200 threads] 1-169,text,true,,790,436,3,3,http://k8s-forkfind-forkfind-8e65d48af1-1990260306.us-east-1.elb.amazonaws.com/restaurants?q=pizza&limit=12&sort=rating,88,0,0
1777594836095,80,03 - POST /restaurants/5/reviews,201,Created,Virtual Users [200 threads] 1-169,text,true,,569,572,3,3,http://k8s-forkfind-forkfind-8e65d48af1-1990260306.us-east-1.elb.amazonaws.com/restaurants/5/reviews,80,0,0
1777594835631,786,01 - POST /auth/user/login,200,OK,Virtual Users [200 threads] 1-170,text,true,,406,363,3,3,http://k8s-forkfind-forkfind-8e65d48af1-1990260306.us-east-1.elb.amazonaws.com/auth/user/login,786,0,65
1777594836418,71,02 - GET /restaurants (search),200,OK,Virtual Users [200 threads] 1-170,text,true,,790,436,3,3,http://k8s-forkfind-forkfind-8e65d48af1-1990260306.us-east-1.elb.amazonaws.com/restaurants?q=pizza&limit=12&sort=rating,71,0,0
1777594836489,81,03 - POST /restaurants/5/reviews,201,Created,Virtual Users [200 threads] 1-170,text,true,,569,572,4,4,http://k8s-forkfind-forkfind-8e65d48af1-1990260306.us-east-1.elb.amazonaws.com/restaurants/5/reviews,81,0,0
1777594835931,1061,01 - POST /auth/user/login,200,OK,Virtual Users [200 threads] 1-171,text,true,,406,363,4,4,http://k8s-forkfind-forkfind-8e65d48af1-1990260306.us-east-1.elb.amazonaws.com/auth/user/login,1061,0,65
1777594836994,73,02 - GET /restaurants (search),200,OK,Virtual Users [200 threads] 1-171,text,true,,790,436,4,4,http://k8s-forkfind-forkfind-8e65d48af1-1990260306.us-east-1.elb.amazonaws.com/restaurants?q=pizza&limit=12&sort=rating,73,0,0
1777594837068,78,03 - POST /restaurants/5/reviews,201,Created,Virtual Users [200 threads] 1-171,text,true,,569,572,5,5,http://k8s-forkfind-forkfind-8e65d48af1-1990260306.us-east-1.elb.amazonaws.com/restaurants/5/reviews,78,0,0
1777594836527,679,01 - POST /auth/user/login,200,OK,Virtual Users [200 threads] 1-173,text,true,,406,363,4,4,http://k8s-forkfind-forkfind-8e65d48af1-1990260306.us-east-1.elb.amazonaws.com/auth/user/login,679,0,65
1777594837208,75,02 - GET /restaurants (search),200,OK,Virtual Users [200 threads] 1-173,text,true,,790,436,4,4,http://k8s-forkfind-forkfind-8e65d48af1-1990260306.us-east-1.elb.amazonaws.com/restaurants?q=pizza&limit=12&sort=rating,75,0,0
1777594836230,1052,01 - POST /auth/user/login,200,OK,Virtual Users [200 threads] 1-172,text,true,,406,363,4,4,http://k8s-forkfind-forkfind-8e65d48af1-1990260306.us-east-1.elb.amazonaws.com/auth/user/login,1052,0,65
1777594837283,77,02 - GET /restaurants (search),200,OK,Virtual Users [200 threads] 1-172,text,true,,790,436,4,4,http://k8s-forkfind-forkfind-8e65d48af1-1990260306.us-east-1.elb.amazonaws.com/restaurants?q=pizza&limit=12&sort=rating,77,0,0
1777594837283,88,03 - POST /restaurants/5/reviews,201,Created,Virtual Users [200 threads] 1-173,text,true,,569,572,4,4,http://k8s-forkfind-forkfind-8e65d48af1-1990260306.us-east-1.elb.amazonaws.com/restaurants/5/reviews,88,0,0
1777594837360,83,03 - POST /restaurants/5/reviews,201,Created,Virtual Users [200 threads] 1-172,text,true,,569,572,4,4,http://k8s-forkfind-forkfind-8e65d48af1-1990260306.us-east-1.elb.amazonaws.com/restaurants/5/reviews,83,0,0
1777594836830,740,01 - POST /auth/user/login,200,OK,Virtual Users [200 threads] 1-174,text,true,,406,363,3,3,http://k8s-forkfind-forkfind-8e65d48af1-1990260306.us-east-1.elb.amazonaws.com/auth/user/login,740,0,70
1777594837571,72,02 - GET /restaurants (search),200,OK,Virtual Users [200 threads] 1-174,text,true,,790,436,3,3,http://k8s-forkfind-forkfind-8e65d48af1-1990260306.us-east-1.elb.amazonaws.com/restaurants?q=pizza&limit=12&sort=rating,72,0,0
1777594837644,107,03 - POST /restaurants/5/reviews,201,Created,Virtual Users [200 threads] 1-174,text,true,,569,572,4,4,http://k8s-forkfind-forkfind-8e65d48af1-1990260306.us-east-1.elb.amazonaws.com/restaurants/5/reviews,107,0,0
1777594837130,695,01 - POST /auth/user/login,200,OK,Virtual Users [200 threads] 1-175,text,true,,406,363,3,3,http://k8s-forkfind-forkfind-8e65d48af1-1990260306.us-east-1.elb.amazonaws.com/auth/user/login,695,0,71
1777594837826,91,02 - GET /restaurants (search),200,OK,Virtual Users [200 threads] 1-175,text,true,,790,436,3,3,http://k8s-forkfind-forkfind-8e65d48af1-1990260306.us-east-1.elb.amazonaws.com/restaurants?q=pizza&limit=12&sort=rating,91,0,0
1777594837918,128,03 - POST /restaurants/5/reviews,201,Created,Virtual Users [200 threads] 1-175,text,true,,569,572,4,4,http://k8s-forkfind-forkfind-8e65d48af1-1990260306.us-east-1.elb.amazonaws.com/restaurants/5/reviews,128,0,0
1777594837428,688,01 - POST /auth/user/login,200,OK,Virtual Users [200 threads] 1-176,text,true,,406,363,3,3,http://k8s-forkfind-forkfind-8e65d48af1-1990260306.us-east-1.elb.amazonaws.com/auth/user/login,688,0,66
1777594838118,76,02 - GET /restaurants (search),200,OK,Virtual Users [200 threads] 1-176,text,true,,790,436,3,3,http://k8s-forkfind-forkfind-8e65d48af1-1990260306.us-east-1.elb.amazonaws.com/restaurants?q=pizza&limit=12&sort=rating,76,0,0
1777594838196,149,03 - POST /restaurants/5/reviews,201,Created,Virtual Users [200 threads] 1-176,text,true,,569,572,4,4,http://k8s-forkfind-forkfind-8e65d48af1-1990260306.us-east-1.elb.amazonaws.com/restaurants/5/reviews,149,0,0
1777594837731,749,01 - POST /auth/user/login,200,OK,Virtual Users [200 threads] 1-177,text,true,,406,363,3,3,http://k8s-forkfind-forkfind-8e65d48af1-1990260306.us-east-1.elb.amazonaws.com/auth/user/login,749,0,76
1777594838481,77,02 - GET /restaurants (search),200,OK,Virtual Users [200 threads] 1-177,text,true,,790,436,3,3,http://k8s-forkfind-forkfind-8e65d48af1-1990260306.us-east-1.elb.amazonaws.com/restaurants?q=pizza&limit=12&sort=rating,77,0,0
1777594838558,88,03 - POST /restaurants/5/reviews,201,Created,Virtual Users [200 threads] 1-177,text,true,,569,572,4,4,http://k8s-forkfind-forkfind-8e65d48af1-1990260306.us-east-1.elb.amazonaws.com/restaurants/5/reviews,88,0,0
1777594838023,684,01 - POST /auth/user/login,200,OK,Virtual Users [200 threads] 1-178,text,true,,406,363,3,3,http://k8s-forkfind-forkfind-8e65d48af1-1990260306.us-east-1.elb.amazonaws.com/auth/user/login,684,0,69
1777594838709,95,02 - GET /restaurants (search),200,OK,Virtual Users [200 threads] 1-178,text,true,,790,436,3,3,http://k8s-forkfind-forkfind-8e65d48af1-1990260306.us-east-1.elb.amazonaws.com/restaurants?q=pizza&limit=12&sort=rating,95,0,0
1777594838805,94,03 - POST /restaurants/5/reviews,201,Created,Virtual Users [200 threads] 1-178,text,true,,569,572,3,3,http://k8s-forkfind-forkfind-8e65d48af1-1990260306.us-east-1.elb.amazonaws.com/restaurants/5/reviews,93,0,0
1777594838326,753,01 - POST /auth/user/login,200,OK,Virtual Users [200 threads] 1-179,text,true,,406,363,3,3,http://k8s-forkfind-forkfind-8e65d48af1-1990260306.us-east-1.elb.amazonaws.com/auth/user/login,753,0,67
1777594839080,71,02 - GET /restaurants (search),200,OK,Virtual Users [200 threads] 1-179,text,true,,790,436,3,3,http://k8s-forkfind-forkfind-8e65d48af1-1990260306.us-east-1.elb.amazonaws.com/restaurants?q=pizza&limit=12&sort=rating,71,0,0
1777594839152,93,03 - POST /restaurants/5/reviews,201,Created,Virtual Users [200 threads] 1-179,text,true,,569,572,4,4,http://k8s-forkfind-forkfind-8e65d48af1-1990260306.us-east-1.elb.amazonaws.com/restaurants/5/reviews,93,0,0
1777594838630,684,01 - POST /auth/user/login,200,OK,Virtual Users [200 threads] 1-180,text,true,,406,363,3,3,http://k8s-forkfind-forkfind-8e65d48af1-1990260306.us-east-1.elb.amazonaws.com/auth/user/login,684,0,66
1777594839315,79,02 - GET /restaurants (search),200,OK,Virtual Users [200 threads] 1-180,text,true,,790,436,3,3,http://k8s-forkfind-forkfind-8e65d48af1-1990260306.us-east-1.elb.amazonaws.com/restaurants?q=pizza&limit=12&sort=rating,79,0,0
1777594839395,149,03 - POST /restaurants/5/reviews,201,Created,Virtual Users [200 threads] 1-180,text,true,,569,572,4,4,http://k8s-forkfind-forkfind-8e65d48af1-1990260306.us-east-1.elb.amazonaws.com/restaurants/5/reviews,149,0,0
1777594838928,678,01 - POST /auth/user/login,200,OK,Virtual Users [200 threads] 1-181,text,true,,406,363,3,3,http://k8s-forkfind-forkfind-8e65d48af1-1990260306.us-east-1.elb.amazonaws.com/auth/user/login,678,0,67
1777594839607,87,02 - GET /restaurants (search),200,OK,Virtual Users [200 threads] 1-181,text,true,,790,436,3,3,http://k8s-forkfind-forkfind-8e65d48af1-1990260306.us-east-1.elb.amazonaws.com/restaurants?q=pizza&limit=12&sort=rating,87,0,0
1777594839695,87,03 - POST /restaurants/5/reviews,201,Created,Virtual Users [200 threads] 1-181,text,true,,569,572,3,3,http://k8s-forkfind-forkfind-8e65d48af1-1990260306.us-east-1.elb.amazonaws.com/restaurants/5/reviews,87,0,0
1777594839224,684,01 - POST /auth/user/login,200,OK,Virtual Users [200 threads] 1-182,text,true,,406,363,3,3,http://k8s-forkfind-forkfind-8e65d48af1-1990260306.us-east-1.elb.amazonaws.com/auth/user/login,684,0,65
1777594839909,75,02 - GET /restaurants (search),200,OK,Virtual Users [200 threads] 1-182,text,true,,790,436,3,3,http://k8s-forkfind-forkfind-8e65d48af1-1990260306.us-east-1.elb.amazonaws.com/restaurants?q=pizza&limit=12&sort=rating,75,0,0
1777594839985,112,03 - POST /restaurants/5/reviews,201,Created,Virtual Users [200 threads] 1-182,text,true,,569,572,3,3,http://k8s-forkfind-forkfind-8e65d48af1-1990260306.us-east-1.elb.amazonaws.com/restaurants/5/reviews,112,0,0
1777594839521,685,01 - POST /auth/user/login,200,OK,Virtual Users [200 threads] 1-183,text,true,,406,363,3,3,http://k8s-forkfind-forkfind-8e65d48af1-1990260306.us-east-1.elb.amazonaws.com/auth/user/login,685,0,65
1777594840208,79,02 - GET /restaurants (search),200,OK,Virtual Users [200 threads] 1-183,text,true,,790,436,3,3,http://k8s-forkfind-forkfind-8e65d48af1-1990260306.us-east-1.elb.amazonaws.com/restaurants?q=pizza&limit=12&sort=rating,79,0,0
1777594840288,157,03 - POST /restaurants/5/reviews,201,Created,Virtual Users [200 threads] 1-183,text,true,,569,572,4,4,http://k8s-forkfind-forkfind-8e65d48af1-1990260306.us-east-1.elb.amazonaws.com/restaurants/5/reviews,157,0,0
1777594839825,694,01 - POST /auth/user/login,200,OK,Virtual Users [200 threads] 1-184,text,true,,406,363,3,3,http://k8s-forkfind-forkfind-8e65d48af1-1990260306.us-east-1.elb.amazonaws.com/auth/user/login,694,0,67
1777594840521,94,02 - GET /restaurants (search),200,OK,Virtual Users [200 threads] 1-184,text,true,,790,436,3,3,http://k8s-forkfind-forkfind-8e65d48af1-1990260306.us-east-1.elb.amazonaws.com/restaurants?q=pizza&limit=12&sort=rating,94,0,0
1777594840616,131,03 - POST /restaurants/5/reviews,201,Created,Virtual Users [200 threads] 1-184,text,true,,569,572,4,4,http://k8s-forkfind-forkfind-8e65d48af1-1990260306.us-east-1.elb.amazonaws.com/restaurants/5/reviews,131,0,0
1777594840125,690,01 - POST /auth/user/login,200,OK,Virtual Users [200 threads] 1-185,text,true,,406,363,3,3,http://k8s-forkfind-forkfind-8e65d48af1-1990260306.us-east-1.elb.amazonaws.com/auth/user/login,690,0,67
1777594840816,72,02 - GET /restaurants (search),200,OK,Virtual Users [200 threads] 1-185,text,true,,790,436,3,3,http://k8s-forkfind-forkfind-8e65d48af1-1990260306.us-east-1.elb.amazonaws.com/restaurants?q=pizza&limit=12&sort=rating,72,0,0
1777594840889,87,03 - POST /restaurants/5/reviews,201,Created,Virtual Users [200 threads] 1-185,text,true,,569,572,3,3,http://k8s-forkfind-forkfind-8e65d48af1-1990260306.us-east-1.elb.amazonaws.com/restaurants/5/reviews,87,0,0
1777594840423,678,01 - POST /auth/user/login,200,OK,Virtual Users [200 threads] 1-186,text,true,,406,363,3,3,http://k8s-forkfind-forkfind-8e65d48af1-1990260306.us-east-1.elb.amazonaws.com/auth/user/login,678,0,64
1777594841102,72,02 - GET /restaurants (search),200,OK,Virtual Users [200 threads] 1-186,text,true,,790,436,3,3,http://k8s-forkfind-forkfind-8e65d48af1-1990260306.us-east-1.elb.amazonaws.com/restaurants?q=pizza&limit=12&sort=rating,72,0,0
1777594841175,77,03 - POST /restaurants/5/reviews,201,Created,Virtual Users [200 threads] 1-186,text,true,,569,572,3,3,http://k8s-forkfind-forkfind-8e65d48af1-1990260306.us-east-1.elb.amazonaws.com/restaurants/5/reviews,77,0,0
1777594840730,681,01 - POST /auth/user/login,200,OK,Virtual Users [200 threads] 1-187,text,true,,406,363,3,3,http://k8s-forkfind-forkfind-8e65d48af1-1990260306.us-east-1.elb.amazonaws.com/auth/user/login,681,0,69
1777594841412,72,02 - GET /restaurants (search),200,OK,Virtual Users [200 threads] 1-187,text,true,,790,436,3,3,http://k8s-forkfind-forkfind-8e65d48af1-1990260306.us-east-1.elb.amazonaws.com/restaurants?q=pizza&limit=12&sort=rating,72,0,0
1777594841484,79,03 - POST /restaurants/5/reviews,201,Created,Virtual Users [200 threads] 1-187,text,true,,569,572,3,3,http://k8s-forkfind-forkfind-8e65d48af1-1990260306.us-east-1.elb.amazonaws.com/restaurants/5/reviews,79,0,0
1777594841026,700,01 - POST /auth/user/login,200,OK,Virtual Users [200 threads] 1-188,text,true,,406,363,3,3,http://k8s-forkfind-forkfind-8e65d48af1-1990260306.us-east-1.elb.amazonaws.com/auth/user/login,700,0,66
1777594841729,88,02 - GET /restaurants (search),200,OK,Virtual Users [200 threads] 1-188,text,true,,790,436,3,3,http://k8s-forkfind-forkfind-8e65d48af1-1990260306.us-east-1.elb.amazonaws.com/restaurants?q=pizza&limit=12&sort=rating,88,0,0
1777594841818,138,03 - POST /restaurants/5/reviews,201,Created,Virtual Users [200 threads] 1-188,text,true,,569,572,4,4,http://k8s-forkfind-forkfind-8e65d48af1-1990260306.us-east-1.elb.amazonaws.com/restaurants/5/reviews,138,0,0
1777594841327,1063,01 - POST /auth/user/login,200,OK,Virtual Users [200 threads] 1-189,text,true,,406,363,4,4,http://k8s-forkfind-forkfind-8e65d48af1-1990260306.us-east-1.elb.amazonaws.com/auth/user/login,1063,0,76
1777594842391,71,02 - GET /restaurants (search),200,OK,Virtual Users [200 threads] 1-189,text,true,,790,436,4,4,http://k8s-forkfind-forkfind-8e65d48af1-1990260306.us-east-1.elb.amazonaws.com/restaurants?q=pizza&limit=12&sort=rating,71,0,0
1777594842462,96,03 - POST /restaurants/5/reviews,201,Created,Virtual Users [200 threads] 1-189,text,true,,569,572,5,5,http://k8s-forkfind-forkfind-8e65d48af1-1990260306.us-east-1.elb.amazonaws.com/restaurants/5/reviews,96,0,0
1777594841925,676,01 - POST /auth/user/login,200,OK,Virtual Users [200 threads] 1-191,text,true,,406,363,4,4,http://k8s-forkfind-forkfind-8e65d48af1-1990260306.us-east-1.elb.amazonaws.com/auth/user/login,676,0,66
1777594842602,84,02 - GET /restaurants (search),200,OK,Virtual Users [200 threads] 1-191,text,true,,790,436,4,4,http://k8s-forkfind-forkfind-8e65d48af1-1990260306.us-east-1.elb.amazonaws.com/restaurants?q=pizza&limit=12&sort=rating,84,0,0
1777594841624,1076,01 - POST /auth/user/login,200,OK,Virtual Users [200 threads] 1-190,text,true,,406,363,4,4,http://k8s-forkfind-forkfind-8e65d48af1-1990260306.us-east-1.elb.amazonaws.com/auth/user/login,1076,0,65
1777594842686,88,03 - POST /restaurants/5/reviews,201,Created,Virtual Users [200 threads] 1-191,text,true,,569,572,4,4,http://k8s-forkfind-forkfind-8e65d48af1-1990260306.us-east-1.elb.amazonaws.com/restaurants/5/reviews,88,0,0
1777594842701,73,02 - GET /restaurants (search),200,OK,Virtual Users [200 threads] 1-190,text,true,,790,436,4,4,http://k8s-forkfind-forkfind-8e65d48af1-1990260306.us-east-1.elb.amazonaws.com/restaurants?q=pizza&limit=12&sort=rating,73,0,0
1777594842775,80,03 - POST /restaurants/5/reviews,201,Created,Virtual Users [200 threads] 1-190,text,true,,569,572,4,4,http://k8s-forkfind-forkfind-8e65d48af1-1990260306.us-east-1.elb.amazonaws.com/restaurants/5/reviews,80,0,0
1777594842230,689,01 - POST /auth/user/login,200,OK,Virtual Users [200 threads] 1-192,text,true,,406,363,3,3,http://k8s-forkfind-forkfind-8e65d48af1-1990260306.us-east-1.elb.amazonaws.com/auth/user/login,689,0,64
1777594842920,73,02 - GET /restaurants (search),200,OK,Virtual Users [200 threads] 1-192,text,true,,790,436,3,3,http://k8s-forkfind-forkfind-8e65d48af1-1990260306.us-east-1.elb.amazonaws.com/restaurants?q=pizza&limit=12&sort=rating,73,0,0
1777594842994,157,03 - POST /restaurants/5/reviews,201,Created,Virtual Users [200 threads] 1-192,text,true,,569,572,4,4,http://k8s-forkfind-forkfind-8e65d48af1-1990260306.us-east-1.elb.amazonaws.com/restaurants/5/reviews,157,0,0
1777594842530,768,01 - POST /auth/user/login,200,OK,Virtual Users [200 threads] 1-193,text,true,,406,363,3,3,http://k8s-forkfind-forkfind-8e65d48af1-1990260306.us-east-1.elb.amazonaws.com/auth/user/login,768,0,65
1777594843299,73,02 - GET /restaurants (search),200,OK,Virtual Users [200 threads] 1-193,text,true,,790,436,3,3,http://k8s-forkfind-forkfind-8e65d48af1-1990260306.us-east-1.elb.amazonaws.com/restaurants?q=pizza&limit=12&sort=rating,73,0,0
1777594843372,77,03 - POST /restaurants/5/reviews,201,Created,Virtual Users [200 threads] 1-193,text,true,,569,572,4,4,http://k8s-forkfind-forkfind-8e65d48af1-1990260306.us-east-1.elb.amazonaws.com/restaurants/5/reviews,77,0,0
1777594842829,675,01 - POST /auth/user/login,200,OK,Virtual Users [200 threads] 1-194,text,true,,406,363,3,3,http://k8s-forkfind-forkfind-8e65d48af1-1990260306.us-east-1.elb.amazonaws.com/auth/user/login,675,0,65
1777594843505,82,02 - GET /restaurants (search),200,OK,Virtual Users [200 threads] 1-194,text,true,,790,436,3,3,http://k8s-forkfind-forkfind-8e65d48af1-1990260306.us-east-1.elb.amazonaws.com/restaurants?q=pizza&limit=12&sort=rating,82,0,0
1777594843587,90,03 - POST /restaurants/5/reviews,201,Created,Virtual Users [200 threads] 1-194,text,true,,569,572,3,3,http://k8s-forkfind-forkfind-8e65d48af1-1990260306.us-east-1.elb.amazonaws.com/restaurants/5/reviews,90,0,0
1777594843127,715,01 - POST /auth/user/login,200,OK,Virtual Users [200 threads] 1-195,text,true,,406,363,3,3,http://k8s-forkfind-forkfind-8e65d48af1-1990260306.us-east-1.elb.amazonaws.com/auth/user/login,715,0,66
1777594843843,74,02 - GET /restaurants (search),200,OK,Virtual Users [200 threads] 1-195,text,true,,790,436,3,3,http://k8s-forkfind-forkfind-8e65d48af1-1990260306.us-east-1.elb.amazonaws.com/restaurants?q=pizza&limit=12&sort=rating,74,0,0
1777594843918,127,03 - POST /restaurants/5/reviews,201,Created,Virtual Users [200 threads] 1-195,text,true,,569,572,4,4,http://k8s-forkfind-forkfind-8e65d48af1-1990260306.us-east-1.elb.amazonaws.com/restaurants/5/reviews,127,0,0
1777594843428,699,01 - POST /auth/user/login,200,OK,Virtual Users [200 threads] 1-196,text,true,,406,363,3,3,http://k8s-forkfind-forkfind-8e65d48af1-1990260306.us-east-1.elb.amazonaws.com/auth/user/login,699,0,65
1777594844128,82,02 - GET /restaurants (search),200,OK,Virtual Users [200 threads] 1-196,text,true,,790,436,3,3,http://k8s-forkfind-forkfind-8e65d48af1-1990260306.us-east-1.elb.amazonaws.com/restaurants?q=pizza&limit=12&sort=rating,82,0,0
1777594844211,241,03 - POST /restaurants/5/reviews,201,Created,Virtual Users [200 threads] 1-196,text,true,,569,572,4,4,http://k8s-forkfind-forkfind-8e65d48af1-1990260306.us-east-1.elb.amazonaws.com/restaurants/5/reviews,241,0,0
1777594843724,1059,01 - POST /auth/user/login,200,OK,Virtual Users [200 threads] 1-197,text,true,,406,363,4,4,http://k8s-forkfind-forkfind-8e65d48af1-1990260306.us-east-1.elb.amazonaws.com/auth/user/login,1059,0,65
1777594844784,132,02 - GET /restaurants (search),200,OK,Virtual Users [200 threads] 1-197,text,true,,790,436,4,4,http://k8s-forkfind-forkfind-8e65d48af1-1990260306.us-east-1.elb.amazonaws.com/restaurants?q=pizza&limit=12&sort=rating,132,0,0
1777594844917,141,03 - POST /restaurants/5/reviews,201,Created,Virtual Users [200 threads] 1-197,text,true,,569,572,4,4,http://k8s-forkfind-forkfind-8e65d48af1-1990260306.us-east-1.elb.amazonaws.com/restaurants/5/reviews,141,0,0
1777594844323,755,01 - POST /auth/user/login,200,OK,Virtual Users [200 threads] 1-199,text,true,,406,363,3,3,http://k8s-forkfind-forkfind-8e65d48af1-1990260306.us-east-1.elb.amazonaws.com/auth/user/login,755,0,71
1777594844026,1083,01 - POST /auth/user/login,200,OK,Virtual Users [200 threads] 1-198,text,true,,406,363,3,3,http://k8s-forkfind-forkfind-8e65d48af1-1990260306.us-east-1.elb.amazonaws.com/auth/user/login,1083,0,67
1777594845109,118,02 - GET /restaurants (search),200,OK,Virtual Users [200 threads] 1-198,text,true,,790,436,3,3,http://k8s-forkfind-forkfind-8e65d48af1-1990260306.us-east-1.elb.amazonaws.com/restaurants?q=pizza&limit=12&sort=rating,118,0,0
1777594845079,149,02 - GET /restaurants (search),200,OK,Virtual Users [200 threads] 1-199,text,true,,790,436,3,3,http://k8s-forkfind-forkfind-8e65d48af1-1990260306.us-east-1.elb.amazonaws.com/restaurants?q=pizza&limit=12&sort=rating,149,0,0
1777594845227,113,03 - POST /restaurants/5/reviews,201,Created,Virtual Users [200 threads] 1-198,text,true,,569,572,3,3,http://k8s-forkfind-forkfind-8e65d48af1-1990260306.us-east-1.elb.amazonaws.com/restaurants/5/reviews,113,0,0
1777594845228,112,03 - POST /restaurants/5/reviews,201,Created,Virtual Users [200 threads] 1-199,text,true,,569,572,3,3,http://k8s-forkfind-forkfind-8e65d48af1-1990260306.us-east-1.elb.amazonaws.com/restaurants/5/reviews,112,0,0
1777594844627,764,01 - POST /auth/user/login,200,OK,Virtual Users [200 threads] 1-200,text,true,,406,363,1,1,http://k8s-forkfind-forkfind-8e65d48af1-1990260306.us-east-1.elb.amazonaws.com/auth/user/login,764,0,65
1777594845392,72,02 - GET /restaurants (search),200,OK,Virtual Users [200 threads] 1-200,text,true,,790,436,1,1,http://k8s-forkfind-forkfind-8e65d48af1-1990260306.us-east-1.elb.amazonaws.com/restaurants?q=pizza&limit=12&sort=rating,72,0,0
1777594845465,78,03 - POST /restaurants/5/reviews,201,Created,Virtual Users [200 threads] 1-200,text,true,,569,572,1,1,http://k8s-forkfind-forkfind-8e65d48af1-1990260306.us-east-1.elb.amazonaws.com/restaurants/5/reviews,78,0,0
