timeStamp,elapsed,label,responseCode,responseMessage,threadName,dataType,success,failureMessage,bytes,sentBytes,grpThreads,allThreads,URL,Latency,IdleTime,Connect
1777593204856,25867,01 - POST /auth/user/login,200,OK,Virtual Users [400 threads] 1-7,text,true,,402,361,352,352,http://k8s-forkfind-forkfind-8e65d48af1-1990260306.us-east-1.elb.amazonaws.com/auth/user/login,25867,0,66
1777593204560,26163,01 - POST /auth/user/login,200,OK,Virtual Users [400 threads] 1-3,text,true,,403,361,352,352,http://k8s-forkfind-forkfind-8e65d48af1-1990260306.us-east-1.elb.amazonaws.com/auth/user/login,26163,0,64
1777593204782,25941,01 - POST /auth/user/login,200,OK,Virtual Users [400 threads] 1-6,text,true,,402,361,352,352,http://k8s-forkfind-forkfind-8e65d48af1-1990260306.us-east-1.elb.amazonaws.com/auth/user/login,25941,0,66
1777593205231,25492,01 - POST /auth/user/login,200,OK,Virtual Users [400 threads] 1-12,text,true,,400,360,352,352,http://k8s-forkfind-forkfind-8e65d48af1-1990260306.us-east-1.elb.amazonaws.com/auth/user/login,25491,0,71
1777593204453,26271,01 - POST /auth/user/login,200,OK,Virtual Users [400 threads] 1-1,text,true,,405,361,352,352,http://k8s-forkfind-forkfind-8e65d48af1-1990260306.us-east-1.elb.amazonaws.com/auth/user/login,26271,0,78
1777593207317,23406,01 - POST /auth/user/login,200,OK,Virtual Users [400 threads] 1-40,text,true,,406,363,352,352,http://k8s-forkfind-forkfind-8e65d48af1-1990260306.us-east-1.elb.amazonaws.com/auth/user/login,23406,0,67
1777593205004,25719,01 - POST /auth/user/login,200,OK,Virtual Users [400 threads] 1-9,text,true,,400,360,352,352,http://k8s-forkfind-forkfind-8e65d48af1-1990260306.us-east-1.elb.amazonaws.com/auth/user/login,25719,0,66
1777593204632,26091,01 - POST /auth/user/login,200,OK,Virtual Users [400 threads] 1-4,text,true,,401,361,352,352,http://k8s-forkfind-forkfind-8e65d48af1-1990260306.us-east-1.elb.amazonaws.com/auth/user/login,26090,0,68
1777593205158,25565,01 - POST /auth/user/login,200,OK,Virtual Users [400 threads] 1-11,text,true,,400,360,352,352,http://k8s-forkfind-forkfind-8e65d48af1-1990260306.us-east-1.elb.amazonaws.com/auth/user/login,25564,0,69
1777593230747,114,02 - GET /restaurants (search),200,OK,Virtual Users [400 threads] 1-40,text,true,,790,436,354,354,http://k8s-forkfind-forkfind-8e65d48af1-1990260306.us-east-1.elb.amazonaws.com/restaurants?q=pizza&limit=12&sort=rating,114,0,0
1777593230747,127,02 - GET /restaurants (search),200,OK,Virtual Users [400 threads] 1-12,text,true,,790,436,354,354,http://k8s-forkfind-forkfind-8e65d48af1-1990260306.us-east-1.elb.amazonaws.com/restaurants?q=pizza&limit=12&sort=rating,127,0,0
1777593230747,127,02 - GET /restaurants (search),200,OK,Virtual Users [400 threads] 1-11,text,true,,790,436,354,354,http://k8s-forkfind-forkfind-8e65d48af1-1990260306.us-east-1.elb.amazonaws.com/restaurants?q=pizza&limit=12&sort=rating,127,0,0
1777593230747,127,02 - GET /restaurants (search),200,OK,Virtual Users [400 threads] 1-6,text,true,,790,436,354,354,http://k8s-forkfind-forkfind-8e65d48af1-1990260306.us-east-1.elb.amazonaws.com/restaurants?q=pizza&limit=12&sort=rating,127,0,0
1777593230747,127,02 - GET /restaurants (search),200,OK,Virtual Users [400 threads] 1-3,text,true,,790,433,354,354,http://k8s-forkfind-forkfind-8e65d48af1-1990260306.us-east-1.elb.amazonaws.com/restaurants?q=pizza&limit=12&sort=rating,127,0,0
1777593230747,127,02 - GET /restaurants (search),200,OK,Virtual Users [400 threads] 1-1,text,true,,790,433,354,354,http://k8s-forkfind-forkfind-8e65d48af1-1990260306.us-east-1.elb.amazonaws.com/restaurants?q=pizza&limit=12&sort=rating,127,0,0
1777593230747,127,02 - GET /restaurants (search),200,OK,Virtual Users [400 threads] 1-9,text,true,,790,436,354,354,http://k8s-forkfind-forkfind-8e65d48af1-1990260306.us-east-1.elb.amazonaws.com/restaurants?q=pizza&limit=12&sort=rating,127,0,0
1777593230747,127,02 - GET /restaurants (search),200,OK,Virtual Users [400 threads] 1-4,text,true,,790,433,354,354,http://k8s-forkfind-forkfind-8e65d48af1-1990260306.us-east-1.elb.amazonaws.com/restaurants?q=pizza&limit=12&sort=rating,127,0,0
1777593230747,127,02 - GET /restaurants (search),200,OK,Virtual Users [400 threads] 1-7,text,true,,790,436,354,354,http://k8s-forkfind-forkfind-8e65d48af1-1990260306.us-east-1.elb.amazonaws.com/restaurants?q=pizza&limit=12&sort=rating,127,0,0
1777593230861,86,03 - POST /restaurants/15/reviews,201,Created,Virtual Users [400 threads] 1-40,text,true,,567,572,355,355,http://k8s-forkfind-forkfind-8e65d48af1-1990260306.us-east-1.elb.amazonaws.com/restaurants/15/reviews,86,0,0
1777593230875,101,03 - POST /restaurants/15/reviews,400,Bad Request,Virtual Users [400 threads] 1-4,text,false,,266,568,354,354,http://k8s-forkfind-forkfind-8e65d48af1-1990260306.us-east-1.elb.amazonaws.com/restaurants/15/reviews,101,0,0
1777593230875,101,03 - POST /restaurants/15/reviews,400,Bad Request,Virtual Users [400 threads] 1-1,text,false,,266,568,354,354,http://k8s-forkfind-forkfind-8e65d48af1-1990260306.us-east-1.elb.amazonaws.com/restaurants/15/reviews,101,0,0
1777593230875,133,03 - POST /restaurants/15/reviews,201,Created,Virtual Users [400 threads] 1-6,text,true,,564,571,353,353,http://k8s-forkfind-forkfind-8e65d48af1-1990260306.us-east-1.elb.amazonaws.com/restaurants/15/reviews,133,0,0
1777593230875,133,03 - POST /restaurants/15/reviews,201,Created,Virtual Users [400 threads] 1-9,text,true,,564,571,353,353,http://k8s-forkfind-forkfind-8e65d48af1-1990260306.us-east-1.elb.amazonaws.com/restaurants/15/reviews,133,0,0
1777593230875,133,03 - POST /restaurants/15/reviews,201,Created,Virtual Users [400 threads] 1-3,text,true,,566,568,353,353,http://k8s-forkfind-forkfind-8e65d48af1-1990260306.us-east-1.elb.amazonaws.com/restaurants/15/reviews,133,0,0
1777593230875,133,03 - POST /restaurants/15/reviews,201,Created,Virtual Users [400 threads] 1-11,text,true,,565,572,353,353,http://k8s-forkfind-forkfind-8e65d48af1-1990260306.us-east-1.elb.amazonaws.com/restaurants/15/reviews,133,0,0
1777593230875,137,03 - POST /restaurants/15/reviews,201,Created,Virtual Users [400 threads] 1-7,text,true,,564,571,349,349,http://k8s-forkfind-forkfind-8e65d48af1-1990260306.us-east-1.elb.amazonaws.com/restaurants/15/reviews,137,0,0
1777593230875,168,03 - POST /restaurants/15/reviews,201,Created,Virtual Users [400 threads] 1-12,text,true,,565,572,348,348,http://k8s-forkfind-forkfind-8e65d48af1-1990260306.us-east-1.elb.amazonaws.com/restaurants/15/reviews,168,0,0
1777593204486,26717,01 - POST /auth/user/login,200,OK,Virtual Users [400 threads] 1-2,text,true,,399,359,349,349,http://k8s-forkfind-forkfind-8e65d48af1-1990260306.us-east-1.elb.amazonaws.com/auth/user/login,26717,0,67
1777593204931,26273,01 - POST /auth/user/login,200,OK,Virtual Users [400 threads] 1-8,text,true,,402,361,349,349,http://k8s-forkfind-forkfind-8e65d48af1-1990260306.us-east-1.elb.amazonaws.com/auth/user/login,26273,0,73
1777593231206,78,02 - GET /restaurants (search),200,OK,Virtual Users [400 threads] 1-2,text,true,,790,433,350,350,http://k8s-forkfind-forkfind-8e65d48af1-1990260306.us-east-1.elb.amazonaws.com/restaurants?q=pizza&limit=12&sort=rating,78,0,0
1777593231206,82,02 - GET /restaurants (search),200,OK,Virtual Users [400 threads] 1-8,text,true,,790,436,350,350,http://k8s-forkfind-forkfind-8e65d48af1-1990260306.us-east-1.elb.amazonaws.com/restaurants?q=pizza&limit=12&sort=rating,82,0,0
1777593231285,114,03 - POST /restaurants/15/reviews,201,Created,Virtual Users [400 threads] 1-2,text,true,,565,568,352,352,http://k8s-forkfind-forkfind-8e65d48af1-1990260306.us-east-1.elb.amazonaws.com/restaurants/15/reviews,114,0,0
1777593231288,112,03 - POST /restaurants/15/reviews,201,Created,Virtual Users [400 threads] 1-8,text,true,,566,571,352,352,http://k8s-forkfind-forkfind-8e65d48af1-1990260306.us-east-1.elb.amazonaws.com/restaurants/15/reviews,112,0,0
1777593204704,26776,01 - POST /auth/user/login,200,OK,Virtual Users [400 threads] 1-5,text,true,,398,359,351,351,http://k8s-forkfind-forkfind-8e65d48af1-1990260306.us-east-1.elb.amazonaws.com/auth/user/login,26775,0,64
1777593205603,25877,01 - POST /auth/user/login,200,OK,Virtual Users [400 threads] 1-17,text,true,,402,361,351,351,http://k8s-forkfind-forkfind-8e65d48af1-1990260306.us-east-1.elb.amazonaws.com/auth/user/login,25876,0,72
1777593205305,26175,01 - POST /auth/user/login,200,OK,Virtual Users [400 threads] 1-13,text,true,,398,359,351,351,http://k8s-forkfind-forkfind-8e65d48af1-1990260306.us-east-1.elb.amazonaws.com/auth/user/login,26175,0,84
1777593231483,79,02 - GET /restaurants (search),200,OK,Virtual Users [400 threads] 1-13,text,true,,790,436,352,352,http://k8s-forkfind-forkfind-8e65d48af1-1990260306.us-east-1.elb.amazonaws.com/restaurants?q=pizza&limit=12&sort=rating,79,0,0
1777593231483,79,02 - GET /restaurants (search),200,OK,Virtual Users [400 threads] 1-5,text,true,,790,436,352,352,http://k8s-forkfind-forkfind-8e65d48af1-1990260306.us-east-1.elb.amazonaws.com/restaurants?q=pizza&limit=12&sort=rating,79,0,0
1777593231483,81,02 - GET /restaurants (search),200,OK,Virtual Users [400 threads] 1-17,text,true,,790,436,352,352,http://k8s-forkfind-forkfind-8e65d48af1-1990260306.us-east-1.elb.amazonaws.com/restaurants?q=pizza&limit=12&sort=rating,81,0,0
1777593231564,99,03 - POST /restaurants/15/reviews,201,Created,Virtual Users [400 threads] 1-13,text,true,,565,572,353,353,http://k8s-forkfind-forkfind-8e65d48af1-1990260306.us-east-1.elb.amazonaws.com/restaurants/15/reviews,99,0,0
1777593231564,99,03 - POST /restaurants/15/reviews,201,Created,Virtual Users [400 threads] 1-5,text,true,,564,571,353,353,http://k8s-forkfind-forkfind-8e65d48af1-1990260306.us-east-1.elb.amazonaws.com/restaurants/15/reviews,99,0,0
1777593231565,98,03 - POST /restaurants/15/reviews,201,Created,Virtual Users [400 threads] 1-17,text,true,,567,572,353,353,http://k8s-forkfind-forkfind-8e65d48af1-1990260306.us-east-1.elb.amazonaws.com/restaurants/15/reviews,98,0,0
1777593205080,27181,01 - POST /auth/user/login,200,OK,Virtual Users [400 threads] 1-10,text,true,,400,360,358,358,http://k8s-forkfind-forkfind-8e65d48af1-1990260306.us-east-1.elb.amazonaws.com/auth/user/login,27181,0,67
1777593232265,84,02 - GET /restaurants (search),200,OK,Virtual Users [400 threads] 1-10,text,true,,790,436,360,360,http://k8s-forkfind-forkfind-8e65d48af1-1990260306.us-east-1.elb.amazonaws.com/restaurants?q=pizza&limit=12&sort=rating,84,0,0
1777593232350,105,03 - POST /restaurants/15/reviews,201,Created,Virtual Users [400 threads] 1-10,text,true,,566,572,361,361,http://k8s-forkfind-forkfind-8e65d48af1-1990260306.us-east-1.elb.amazonaws.com/restaurants/15/reviews,105,0,0
1777593233539,134,01 - POST /auth/user/login,503,Service Temporarily Unavailable,Virtual Users [400 threads] 1-390,text,false,Login failed — check credentials in users.csv,337,363,376,376,http://k8s-forkfind-forkfind-8e65d48af1-1990260306.us-east-1.elb.amazonaws.com/auth/user/login,134,0,68
1777593233676,86,02 - GET /restaurants (search),200,OK,Virtual Users [400 threads] 1-390,text,true,,790,311,377,377,http://k8s-forkfind-forkfind-8e65d48af1-1990260306.us-east-1.elb.amazonaws.com/restaurants?q=pizza&limit=12&sort=rating,86,0,0
1777593233763,80,03 - POST /restaurants/15/reviews,401,Unauthorized,Virtual Users [400 threads] 1-390,text,false,"Review submission returned unexpected status (401 = bad token, 5xx = server error)",255,448,379,379,http://k8s-forkfind-forkfind-8e65d48af1-1990260306.us-east-1.elb.amazonaws.com/restaurants/15/reviews,80,0,0
1777593233917,184,01 - POST /auth/user/login,503,Service Temporarily Unavailable,Virtual Users [400 threads] 1-395,text,false,Login failed — check credentials in users.csv,337,363,381,381,http://k8s-forkfind-forkfind-8e65d48af1-1990260306.us-east-1.elb.amazonaws.com/auth/user/login,184,0,115
1777593233992,143,01 - POST /auth/user/login,503,Service Temporarily Unavailable,Virtual Users [400 threads] 1-396,text,false,Login failed — check credentials in users.csv,337,363,381,381,http://k8s-forkfind-forkfind-8e65d48af1-1990260306.us-east-1.elb.amazonaws.com/auth/user/login,143,0,74
1777593234103,111,02 - GET /restaurants (search),200,OK,Virtual Users [400 threads] 1-395,text,true,,790,311,383,383,http://k8s-forkfind-forkfind-8e65d48af1-1990260306.us-east-1.elb.amazonaws.com/restaurants?q=pizza&limit=12&sort=rating,111,0,0
1777593234068,146,01 - POST /auth/user/login,503,Service Temporarily Unavailable,Virtual Users [400 threads] 1-397,text,false,Login failed — check credentials in users.csv,337,363,383,383,http://k8s-forkfind-forkfind-8e65d48af1-1990260306.us-east-1.elb.amazonaws.com/auth/user/login,146,0,76
1777593234136,107,02 - GET /restaurants (search),200,OK,Virtual Users [400 threads] 1-396,text,true,,790,311,383,383,http://k8s-forkfind-forkfind-8e65d48af1-1990260306.us-east-1.elb.amazonaws.com/restaurants?q=pizza&limit=12&sort=rating,107,0,0
1777593234140,134,01 - POST /auth/user/login,503,Service Temporarily Unavailable,Virtual Users [400 threads] 1-398,text,false,Login failed — check credentials in users.csv,337,363,383,383,http://k8s-forkfind-forkfind-8e65d48af1-1990260306.us-east-1.elb.amazonaws.com/auth/user/login,133,0,65
1777593234215,69,03 - POST /restaurants/15/reviews,401,Unauthorized,Virtual Users [400 threads] 1-395,text,false,"Review submission returned unexpected status (401 = bad token, 5xx = server error)",255,448,383,383,http://k8s-forkfind-forkfind-8e65d48af1-1990260306.us-east-1.elb.amazonaws.com/restaurants/15/reviews,69,0,0
1777593234244,72,03 - POST /restaurants/15/reviews,401,Unauthorized,Virtual Users [400 threads] 1-396,text,false,"Review submission returned unexpected status (401 = bad token, 5xx = server error)",255,448,383,383,http://k8s-forkfind-forkfind-8e65d48af1-1990260306.us-east-1.elb.amazonaws.com/restaurants/15/reviews,72,0,0
1777593234215,101,02 - GET /restaurants (search),200,OK,Virtual Users [400 threads] 1-397,text,true,,790,311,383,383,http://k8s-forkfind-forkfind-8e65d48af1-1990260306.us-east-1.elb.amazonaws.com/restaurants?q=pizza&limit=12&sort=rating,101,0,0
1777593234214,145,01 - POST /auth/user/login,503,Service Temporarily Unavailable,Virtual Users [400 threads] 1-399,text,false,Login failed — check credentials in users.csv,337,363,382,382,http://k8s-forkfind-forkfind-8e65d48af1-1990260306.us-east-1.elb.amazonaws.com/auth/user/login,144,0,70
1777593234275,137,02 - GET /restaurants (search),200,OK,Virtual Users [400 threads] 1-398,text,true,,790,311,382,382,http://k8s-forkfind-forkfind-8e65d48af1-1990260306.us-east-1.elb.amazonaws.com/restaurants?q=pizza&limit=12&sort=rating,137,0,0
1777593234317,95,03 - POST /restaurants/15/reviews,401,Unauthorized,Virtual Users [400 threads] 1-397,text,false,"Review submission returned unexpected status (401 = bad token, 5xx = server error)",255,448,382,382,http://k8s-forkfind-forkfind-8e65d48af1-1990260306.us-east-1.elb.amazonaws.com/restaurants/15/reviews,95,0,0
1777593234288,142,01 - POST /auth/user/login,503,Service Temporarily Unavailable,Virtual Users [400 threads] 1-400,text,false,Login failed — check credentials in users.csv,337,363,381,381,http://k8s-forkfind-forkfind-8e65d48af1-1990260306.us-east-1.elb.amazonaws.com/auth/user/login,142,0,70
1777593234360,79,02 - GET /restaurants (search),200,OK,Virtual Users [400 threads] 1-399,text,true,,790,311,381,381,http://k8s-forkfind-forkfind-8e65d48af1-1990260306.us-east-1.elb.amazonaws.com/restaurants?q=pizza&limit=12&sort=rating,79,0,0
1777593234413,79,03 - POST /restaurants/15/reviews,401,Unauthorized,Virtual Users [400 threads] 1-398,text,false,"Review submission returned unexpected status (401 = bad token, 5xx = server error)",255,448,381,381,http://k8s-forkfind-forkfind-8e65d48af1-1990260306.us-east-1.elb.amazonaws.com/restaurants/15/reviews,78,0,0
1777593234440,89,03 - POST /restaurants/15/reviews,401,Unauthorized,Virtual Users [400 threads] 1-399,text,false,"Review submission returned unexpected status (401 = bad token, 5xx = server error)",255,448,380,380,http://k8s-forkfind-forkfind-8e65d48af1-1990260306.us-east-1.elb.amazonaws.com/restaurants/15/reviews,89,0,0
1777593234431,104,02 - GET /restaurants (search),200,OK,Virtual Users [400 threads] 1-400,text,true,,790,311,379,379,http://k8s-forkfind-forkfind-8e65d48af1-1990260306.us-east-1.elb.amazonaws.com/restaurants?q=pizza&limit=12&sort=rating,104,0,0
1777593234536,84,03 - POST /restaurants/15/reviews,401,Unauthorized,Virtual Users [400 threads] 1-400,text,false,"Review submission returned unexpected status (401 = bad token, 5xx = server error)",255,448,379,379,http://k8s-forkfind-forkfind-8e65d48af1-1990260306.us-east-1.elb.amazonaws.com/restaurants/15/reviews,84,0,0
1777593205378,30075,01 - POST /auth/user/login,Non HTTP response code: java.net.SocketTimeoutException,Non HTTP response message: Read timed out,Virtual Users [400 threads] 1-14,text,false,Login failed — check credentials in users.csv,2679,0,378,378,http://k8s-forkfind-forkfind-8e65d48af1-1990260306.us-east-1.elb.amazonaws.com/auth/user/login,0,0,73
1777593205457,30081,01 - POST /auth/user/login,Non HTTP response code: java.net.SocketTimeoutException,Non HTTP response message: Read timed out,Virtual Users [400 threads] 1-15,text,false,Login failed — check credentials in users.csv,2679,0,378,378,http://k8s-forkfind-forkfind-8e65d48af1-1990260306.us-east-1.elb.amazonaws.com/auth/user/login,0,0,79
1777593205524,30078,01 - POST /auth/user/login,Non HTTP response code: java.net.SocketTimeoutException,Non HTTP response message: Read timed out,Virtual Users [400 threads] 1-16,text,false,Login failed — check credentials in users.csv,2679,0,378,378,http://k8s-forkfind-forkfind-8e65d48af1-1990260306.us-east-1.elb.amazonaws.com/auth/user/login,0,0,75
1777593235458,179,02 - GET /restaurants (search),200,OK,Virtual Users [400 threads] 1-14,text,true,,790,311,378,378,http://k8s-forkfind-forkfind-8e65d48af1-1990260306.us-east-1.elb.amazonaws.com/restaurants?q=pizza&limit=12&sort=rating,179,0,97
1777593235638,94,03 - POST /restaurants/15/reviews,401,Unauthorized,Virtual Users [400 threads] 1-14,text,false,"Review submission returned unexpected status (401 = bad token, 5xx = server error)",255,447,378,378,http://k8s-forkfind-forkfind-8e65d48af1-1990260306.us-east-1.elb.amazonaws.com/restaurants/15/reviews,94,0,0
1777593235541,193,02 - GET /restaurants (search),200,OK,Virtual Users [400 threads] 1-15,text,true,,790,311,378,378,http://k8s-forkfind-forkfind-8e65d48af1-1990260306.us-east-1.elb.amazonaws.com/restaurants?q=pizza&limit=12&sort=rating,193,0,96
1777593205680,30072,01 - POST /auth/user/login,Non HTTP response code: java.net.SocketTimeoutException,Non HTTP response message: Read timed out,Virtual Users [400 threads] 1-18,text,false,Login failed — check credentials in users.csv,2679,0,377,377,http://k8s-forkfind-forkfind-8e65d48af1-1990260306.us-east-1.elb.amazonaws.com/auth/user/login,0,0,70
1777593235604,178,02 - GET /restaurants (search),200,OK,Virtual Users [400 threads] 1-16,text,true,,790,311,377,377,http://k8s-forkfind-forkfind-8e65d48af1-1990260306.us-east-1.elb.amazonaws.com/restaurants?q=pizza&limit=12&sort=rating,178,0,91
1777593205750,30071,01 - POST /auth/user/login,Non HTTP response code: java.net.SocketTimeoutException,Non HTTP response message: Read timed out,Virtual Users [400 threads] 1-19,text,false,Login failed — check credentials in users.csv,2679,0,377,377,http://k8s-forkfind-forkfind-8e65d48af1-1990260306.us-east-1.elb.amazonaws.com/auth/user/login,0,0,69
1777593235735,94,03 - POST /restaurants/15/reviews,401,Unauthorized,Virtual Users [400 threads] 1-15,text,false,"Review submission returned unexpected status (401 = bad token, 5xx = server error)",255,447,377,377,http://k8s-forkfind-forkfind-8e65d48af1-1990260306.us-east-1.elb.amazonaws.com/restaurants/15/reviews,94,0,0
1777593235783,74,03 - POST /restaurants/15/reviews,401,Unauthorized,Virtual Users [400 threads] 1-16,text,false,"Review submission returned unexpected status (401 = bad token, 5xx = server error)",255,447,376,376,http://k8s-forkfind-forkfind-8e65d48af1-1990260306.us-east-1.elb.amazonaws.com/restaurants/15/reviews,74,0,0
1777593205834,30072,01 - POST /auth/user/login,Non HTTP response code: java.net.SocketTimeoutException,Non HTTP response message: Read timed out,Virtual Users [400 threads] 1-20,text,false,Login failed — check credentials in users.csv,2679,0,375,375,http://k8s-forkfind-forkfind-8e65d48af1-1990260306.us-east-1.elb.amazonaws.com/auth/user/login,0,0,70
1777593235755,157,02 - GET /restaurants (search),200,OK,Virtual Users [400 threads] 1-18,text,true,,790,311,375,375,http://k8s-forkfind-forkfind-8e65d48af1-1990260306.us-east-1.elb.amazonaws.com/restaurants?q=pizza&limit=12&sort=rating,157,0,74
1777593235824,149,02 - GET /restaurants (search),200,OK,Virtual Users [400 threads] 1-19,text,true,,790,311,375,375,http://k8s-forkfind-forkfind-8e65d48af1-1990260306.us-east-1.elb.amazonaws.com/restaurants?q=pizza&limit=12&sort=rating,149,0,71
1777593205905,30067,01 - POST /auth/user/login,Non HTTP response code: java.net.SocketTimeoutException,Non HTTP response message: Read timed out,Virtual Users [400 threads] 1-21,text,false,Login failed — check credentials in users.csv,2679,0,375,375,http://k8s-forkfind-forkfind-8e65d48af1-1990260306.us-east-1.elb.amazonaws.com/auth/user/login,0,0,65
1777593235913,77,03 - POST /restaurants/15/reviews,401,Unauthorized,Virtual Users [400 threads] 1-18,text,false,"Review submission returned unexpected status (401 = bad token, 5xx = server error)",255,447,375,375,http://k8s-forkfind-forkfind-8e65d48af1-1990260306.us-east-1.elb.amazonaws.com/restaurants/15/reviews,76,0,0
1777593235974,73,03 - POST /restaurants/15/reviews,401,Unauthorized,Virtual Users [400 threads] 1-19,text,false,"Review submission returned unexpected status (401 = bad token, 5xx = server error)",255,447,374,374,http://k8s-forkfind-forkfind-8e65d48af1-1990260306.us-east-1.elb.amazonaws.com/restaurants/15/reviews,73,0,0
1777593205976,30072,01 - POST /auth/user/login,Non HTTP response code: java.net.SocketTimeoutException,Non HTTP response message: Read timed out,Virtual Users [400 threads] 1-22,text,false,Login failed — check credentials in users.csv,2679,0,373,373,http://k8s-forkfind-forkfind-8e65d48af1-1990260306.us-east-1.elb.amazonaws.com/auth/user/login,0,0,70
1777593235909,153,02 - GET /restaurants (search),200,OK,Virtual Users [400 threads] 1-20,text,true,,790,311,373,373,http://k8s-forkfind-forkfind-8e65d48af1-1990260306.us-east-1.elb.amazonaws.com/restaurants?q=pizza&limit=12&sort=rating,152,0,74
1777593206047,30067,01 - POST /auth/user/login,Non HTTP response code: java.net.SocketTimeoutException,Non HTTP response message: Read timed out,Virtual Users [400 threads] 1-23,text,false,Login failed — check credentials in users.csv,2679,0,373,373,http://k8s-forkfind-forkfind-8e65d48af1-1990260306.us-east-1.elb.amazonaws.com/auth/user/login,0,0,65
1777593235974,150,02 - GET /restaurants (search),200,OK,Virtual Users [400 threads] 1-21,text,true,,790,311,373,373,http://k8s-forkfind-forkfind-8e65d48af1-1990260306.us-east-1.elb.amazonaws.com/restaurants?q=pizza&limit=12&sort=rating,150,0,71
1777593236062,74,03 - POST /restaurants/15/reviews,401,Unauthorized,Virtual Users [400 threads] 1-20,text,false,"Review submission returned unexpected status (401 = bad token, 5xx = server error)",255,447,373,373,http://k8s-forkfind-forkfind-8e65d48af1-1990260306.us-east-1.elb.amazonaws.com/restaurants/15/reviews,74,0,0
1777593206121,30069,01 - POST /auth/user/login,Non HTTP response code: java.net.SocketTimeoutException,Non HTTP response message: Read timed out,Virtual Users [400 threads] 1-24,text,false,Login failed — check credentials in users.csv,2679,0,372,372,http://k8s-forkfind-forkfind-8e65d48af1-1990260306.us-east-1.elb.amazonaws.com/auth/user/login,0,0,67
1777593236125,74,03 - POST /restaurants/15/reviews,401,Unauthorized,Virtual Users [400 threads] 1-21,text,false,"Review submission returned unexpected status (401 = bad token, 5xx = server error)",255,447,372,372,http://k8s-forkfind-forkfind-8e65d48af1-1990260306.us-east-1.elb.amazonaws.com/restaurants/15/reviews,74,0,0
1777593236051,152,02 - GET /restaurants (search),200,OK,Virtual Users [400 threads] 1-22,text,true,,790,311,371,371,http://k8s-forkfind-forkfind-8e65d48af1-1990260306.us-east-1.elb.amazonaws.com/restaurants?q=pizza&limit=12&sort=rating,152,0,73
1777593236117,148,02 - GET /restaurants (search),200,OK,Virtual Users [400 threads] 1-23,text,true,,790,311,371,371,http://k8s-forkfind-forkfind-8e65d48af1-1990260306.us-east-1.elb.amazonaws.com/restaurants?q=pizza&limit=12&sort=rating,148,0,72
1777593206204,30069,01 - POST /auth/user/login,Non HTTP response code: java.net.SocketTimeoutException,Non HTTP response message: Read timed out,Virtual Users [400 threads] 1-25,text,false,Login failed — check credentials in users.csv,2679,0,371,371,http://k8s-forkfind-forkfind-8e65d48af1-1990260306.us-east-1.elb.amazonaws.com/auth/user/login,0,0,68
1777593236203,73,03 - POST /restaurants/15/reviews,401,Unauthorized,Virtual Users [400 threads] 1-22,text,false,"Review submission returned unexpected status (401 = bad token, 5xx = server error)",255,447,371,371,http://k8s-forkfind-forkfind-8e65d48af1-1990260306.us-east-1.elb.amazonaws.com/restaurants/15/reviews,73,0,0
1777593236266,75,03 - POST /restaurants/15/reviews,401,Unauthorized,Virtual Users [400 threads] 1-23,text,false,"Review submission returned unexpected status (401 = bad token, 5xx = server error)",255,447,370,370,http://k8s-forkfind-forkfind-8e65d48af1-1990260306.us-east-1.elb.amazonaws.com/restaurants/15/reviews,75,0,0
1777593236192,149,02 - GET /restaurants (search),200,OK,Virtual Users [400 threads] 1-24,text,true,,790,311,370,370,http://k8s-forkfind-forkfind-8e65d48af1-1990260306.us-east-1.elb.amazonaws.com/restaurants?q=pizza&limit=12&sort=rating,149,0,73
1777593206273,30067,01 - POST /auth/user/login,Non HTTP response code: java.net.SocketTimeoutException,Non HTTP response message: Read timed out,Virtual Users [400 threads] 1-26,text,false,Login failed — check credentials in users.csv,2679,0,370,370,http://k8s-forkfind-forkfind-8e65d48af1-1990260306.us-east-1.elb.amazonaws.com/auth/user/login,0,0,65
1777593206353,30069,01 - POST /auth/user/login,Non HTTP response code: java.net.SocketTimeoutException,Non HTTP response message: Read timed out,Virtual Users [400 threads] 1-27,text,false,Login failed — check credentials in users.csv,2679,0,369,369,http://k8s-forkfind-forkfind-8e65d48af1-1990260306.us-east-1.elb.amazonaws.com/auth/user/login,0,0,67
1777593236342,89,03 - POST /restaurants/15/reviews,401,Unauthorized,Virtual Users [400 threads] 1-24,text,false,"Review submission returned unexpected status (401 = bad token, 5xx = server error)",255,447,369,369,http://k8s-forkfind-forkfind-8e65d48af1-1990260306.us-east-1.elb.amazonaws.com/restaurants/15/reviews,89,0,0
1777593236275,201,02 - GET /restaurants (search),200,OK,Virtual Users [400 threads] 1-25,text,true,,790,311,368,368,http://k8s-forkfind-forkfind-8e65d48af1-1990260306.us-east-1.elb.amazonaws.com/restaurants?q=pizza&limit=12&sort=rating,201,0,71
1777593236343,151,02 - GET /restaurants (search),200,OK,Virtual Users [400 threads] 1-26,text,true,,790,311,368,368,http://k8s-forkfind-forkfind-8e65d48af1-1990260306.us-east-1.elb.amazonaws.com/restaurants?q=pizza&limit=12&sort=rating,151,0,70
1777593206425,30072,01 - POST /auth/user/login,Non HTTP response code: java.net.SocketTimeoutException,Non HTTP response message: Read timed out,Virtual Users [400 threads] 1-28,text,false,Login failed — check credentials in users.csv,2679,0,368,368,http://k8s-forkfind-forkfind-8e65d48af1-1990260306.us-east-1.elb.amazonaws.com/auth/user/login,0,0,70
1777593236477,73,03 - POST /restaurants/15/reviews,401,Unauthorized,Virtual Users [400 threads] 1-25,text,false,"Review submission returned unexpected status (401 = bad token, 5xx = server error)",255,447,368,368,http://k8s-forkfind-forkfind-8e65d48af1-1990260306.us-east-1.elb.amazonaws.com/restaurants/15/reviews,73,0,0
1777593236494,77,03 - POST /restaurants/15/reviews,401,Unauthorized,Virtual Users [400 threads] 1-26,text,false,"Review submission returned unexpected status (401 = bad token, 5xx = server error)",255,447,367,367,http://k8s-forkfind-forkfind-8e65d48af1-1990260306.us-east-1.elb.amazonaws.com/restaurants/15/reviews,77,0,0
1777593206501,30069,01 - POST /auth/user/login,Non HTTP response code: java.net.SocketTimeoutException,Non HTTP response message: Read timed out,Virtual Users [400 threads] 1-29,text,false,Login failed — check credentials in users.csv,2679,0,367,367,http://k8s-forkfind-forkfind-8e65d48af1-1990260306.us-east-1.elb.amazonaws.com/auth/user/login,0,0,67
1777593236425,149,02 - GET /restaurants (search),200,OK,Virtual Users [400 threads] 1-27,text,true,,790,311,366,366,http://k8s-forkfind-forkfind-8e65d48af1-1990260306.us-east-1.elb.amazonaws.com/restaurants?q=pizza&limit=12&sort=rating,149,0,72
1777593236574,76,03 - POST /restaurants/15/reviews,401,Unauthorized,Virtual Users [400 threads] 1-27,text,false,"Review submission returned unexpected status (401 = bad token, 5xx = server error)",255,447,366,366,http://k8s-forkfind-forkfind-8e65d48af1-1990260306.us-east-1.elb.amazonaws.com/restaurants/15/reviews,76,0,0
1777593236499,151,02 - GET /restaurants (search),200,OK,Virtual Users [400 threads] 1-28,text,true,,790,311,366,366,http://k8s-forkfind-forkfind-8e65d48af1-1990260306.us-east-1.elb.amazonaws.com/restaurants?q=pizza&limit=12&sort=rating,151,0,71
1777593206580,30072,01 - POST /auth/user/login,Non HTTP response code: java.net.SocketTimeoutException,Non HTTP response message: Read timed out,Virtual Users [400 threads] 1-30,text,false,Login failed — check credentials in users.csv,2679,0,365,365,http://k8s-forkfind-forkfind-8e65d48af1-1990260306.us-east-1.elb.amazonaws.com/auth/user/login,0,0,70
1777593236651,78,03 - POST /restaurants/15/reviews,401,Unauthorized,Virtual Users [400 threads] 1-28,text,false,"Review submission returned unexpected status (401 = bad token, 5xx = server error)",255,447,365,365,http://k8s-forkfind-forkfind-8e65d48af1-1990260306.us-east-1.elb.amazonaws.com/restaurants/15/reviews,78,0,0
1777593236572,162,02 - GET /restaurants (search),200,OK,Virtual Users [400 threads] 1-29,text,true,,790,311,364,364,http://k8s-forkfind-forkfind-8e65d48af1-1990260306.us-east-1.elb.amazonaws.com/restaurants?q=pizza&limit=12&sort=rating,162,0,73
1777593206656,30084,01 - POST /auth/user/login,Non HTTP response code: java.net.SocketTimeoutException,Non HTTP response message: Read timed out,Virtual Users [400 threads] 1-31,text,false,Login failed — check credentials in users.csv,2679,0,364,364,http://k8s-forkfind-forkfind-8e65d48af1-1990260306.us-east-1.elb.amazonaws.com/auth/user/login,0,0,82
1777593206723,30071,01 - POST /auth/user/login,Non HTTP response code: java.net.SocketTimeoutException,Non HTTP response message: Read timed out,Virtual Users [400 threads] 1-32,text,false,Login failed — check credentials in users.csv,2679,0,364,364,http://k8s-forkfind-forkfind-8e65d48af1-1990260306.us-east-1.elb.amazonaws.com/auth/user/login,0,0,69
1777593236734,72,03 - POST /restaurants/15/reviews,401,Unauthorized,Virtual Users [400 threads] 1-29,text,false,"Review submission returned unexpected status (401 = bad token, 5xx = server error)",255,447,364,364,http://k8s-forkfind-forkfind-8e65d48af1-1990260306.us-east-1.elb.amazonaws.com/restaurants/15/reviews,72,0,0
1777593236655,154,02 - GET /restaurants (search),200,OK,Virtual Users [400 threads] 1-30,text,true,,790,311,363,363,http://k8s-forkfind-forkfind-8e65d48af1-1990260306.us-east-1.elb.amazonaws.com/restaurants?q=pizza&limit=12&sort=rating,154,0,74
1777593206795,30070,01 - POST /auth/user/login,Non HTTP response code: java.net.SocketTimeoutException,Non HTTP response message: Read timed out,Virtual Users [400 threads] 1-33,text,false,Login failed — check credentials in users.csv,2679,0,363,363,http://k8s-forkfind-forkfind-8e65d48af1-1990260306.us-east-1.elb.amazonaws.com/auth/user/login,0,0,68
1777593236810,79,03 - POST /restaurants/15/reviews,401,Unauthorized,Virtual Users [400 threads] 1-30,text,false,"Review submission returned unexpected status (401 = bad token, 5xx = server error)",255,447,363,363,http://k8s-forkfind-forkfind-8e65d48af1-1990260306.us-east-1.elb.amazonaws.com/restaurants/15/reviews,79,0,0
1777593236741,152,02 - GET /restaurants (search),200,OK,Virtual Users [400 threads] 1-31,text,true,,790,311,362,362,http://k8s-forkfind-forkfind-8e65d48af1-1990260306.us-east-1.elb.amazonaws.com/restaurants?q=pizza&limit=12&sort=rating,152,0,73
1777593236797,146,02 - GET /restaurants (search),200,OK,Virtual Users [400 threads] 1-32,text,true,,790,311,362,362,http://k8s-forkfind-forkfind-8e65d48af1-1990260306.us-east-1.elb.amazonaws.com/restaurants?q=pizza&limit=12&sort=rating,146,0,71
1777593206875,30068,01 - POST /auth/user/login,Non HTTP response code: java.net.SocketTimeoutException,Non HTTP response message: Read timed out,Virtual Users [400 threads] 1-34,text,false,Login failed — check credentials in users.csv,2679,0,362,362,http://k8s-forkfind-forkfind-8e65d48af1-1990260306.us-east-1.elb.amazonaws.com/auth/user/login,0,0,67
1777593236893,75,03 - POST /restaurants/15/reviews,401,Unauthorized,Virtual Users [400 threads] 1-31,text,false,"Review submission returned unexpected status (401 = bad token, 5xx = server error)",255,447,362,362,http://k8s-forkfind-forkfind-8e65d48af1-1990260306.us-east-1.elb.amazonaws.com/restaurants/15/reviews,75,0,0
1777593236944,72,03 - POST /restaurants/15/reviews,401,Unauthorized,Virtual Users [400 threads] 1-32,text,false,"Review submission returned unexpected status (401 = bad token, 5xx = server error)",255,447,361,361,http://k8s-forkfind-forkfind-8e65d48af1-1990260306.us-east-1.elb.amazonaws.com/restaurants/15/reviews,72,0,0
1777593206950,30071,01 - POST /auth/user/login,Non HTTP response code: java.net.SocketTimeoutException,Non HTTP response message: Read timed out,Virtual Users [400 threads] 1-35,text,false,Login failed — check credentials in users.csv,2679,0,360,360,http://k8s-forkfind-forkfind-8e65d48af1-1990260306.us-east-1.elb.amazonaws.com/auth/user/login,0,0,69
1777593236866,159,02 - GET /restaurants (search),200,OK,Virtual Users [400 threads] 1-33,text,true,,790,311,360,360,http://k8s-forkfind-forkfind-8e65d48af1-1990260306.us-east-1.elb.amazonaws.com/restaurants?q=pizza&limit=12&sort=rating,159,0,72
1777593236945,148,02 - GET /restaurants (search),200,OK,Virtual Users [400 threads] 1-34,text,true,,790,311,360,360,http://k8s-forkfind-forkfind-8e65d48af1-1990260306.us-east-1.elb.amazonaws.com/restaurants?q=pizza&limit=12&sort=rating,148,0,71
1777593237025,83,03 - POST /restaurants/15/reviews,401,Unauthorized,Virtual Users [400 threads] 1-33,text,false,"Review submission returned unexpected status (401 = bad token, 5xx = server error)",255,447,360,360,http://k8s-forkfind-forkfind-8e65d48af1-1990260306.us-east-1.elb.amazonaws.com/restaurants/15/reviews,83,0,0
1777593207028,30081,01 - POST /auth/user/login,Non HTTP response code: java.net.SocketTimeoutException,Non HTTP response message: Read timed out,Virtual Users [400 threads] 1-36,text,false,Login failed — check credentials in users.csv,2679,0,359,359,http://k8s-forkfind-forkfind-8e65d48af1-1990260306.us-east-1.elb.amazonaws.com/auth/user/login,0,0,79
1777593207099,30073,01 - POST /auth/user/login,Non HTTP response code: java.net.SocketTimeoutException,Non HTTP response message: Read timed out,Virtual Users [400 threads] 1-37,text,false,Login failed — check credentials in users.csv,2679,0,359,359,http://k8s-forkfind-forkfind-8e65d48af1-1990260306.us-east-1.elb.amazonaws.com/auth/user/login,0,0,71
1777593237094,84,03 - POST /restaurants/15/reviews,401,Unauthorized,Virtual Users [400 threads] 1-34,text,false,"Review submission returned unexpected status (401 = bad token, 5xx = server error)",255,447,359,359,http://k8s-forkfind-forkfind-8e65d48af1-1990260306.us-east-1.elb.amazonaws.com/restaurants/15/reviews,84,0,0
1777593237023,166,02 - GET /restaurants (search),200,OK,Virtual Users [400 threads] 1-35,text,true,,790,311,358,358,http://k8s-forkfind-forkfind-8e65d48af1-1990260306.us-east-1.elb.amazonaws.com/restaurants?q=pizza&limit=12&sort=rating,166,0,70
1777593207172,30071,01 - POST /auth/user/login,Non HTTP response code: java.net.SocketTimeoutException,Non HTTP response message: Read timed out,Virtual Users [400 threads] 1-38,text,false,Login failed — check credentials in users.csv,2679,0,358,358,http://k8s-forkfind-forkfind-8e65d48af1-1990260306.us-east-1.elb.amazonaws.com/auth/user/login,0,0,69
1777593237111,152,02 - GET /restaurants (search),200,OK,Virtual Users [400 threads] 1-36,text,true,,790,311,358,358,http://k8s-forkfind-forkfind-8e65d48af1-1990260306.us-east-1.elb.amazonaws.com/restaurants?q=pizza&limit=12&sort=rating,152,0,73
1777593237190,73,03 - POST /restaurants/15/reviews,401,Unauthorized,Virtual Users [400 threads] 1-35,text,false,"Review submission returned unexpected status (401 = bad token, 5xx = server error)",255,447,358,358,http://k8s-forkfind-forkfind-8e65d48af1-1990260306.us-east-1.elb.amazonaws.com/restaurants/15/reviews,73,0,0
1777593207246,30068,01 - POST /auth/user/login,Non HTTP response code: java.net.SocketTimeoutException,Non HTTP response message: Read timed out,Virtual Users [400 threads] 1-39,text,false,Login failed — check credentials in users.csv,2679,0,357,357,http://k8s-forkfind-forkfind-8e65d48af1-1990260306.us-east-1.elb.amazonaws.com/auth/user/login,0,0,66
1777593237175,153,02 - GET /restaurants (search),200,OK,Virtual Users [400 threads] 1-37,text,true,,790,311,357,357,http://k8s-forkfind-forkfind-8e65d48af1-1990260306.us-east-1.elb.amazonaws.com/restaurants?q=pizza&limit=12&sort=rating,153,0,71
1777593237264,77,03 - POST /restaurants/15/reviews,401,Unauthorized,Virtual Users [400 threads] 1-36,text,false,"Review submission returned unexpected status (401 = bad token, 5xx = server error)",255,447,357,357,http://k8s-forkfind-forkfind-8e65d48af1-1990260306.us-east-1.elb.amazonaws.com/restaurants/15/reviews,77,0,0
1777593237246,148,02 - GET /restaurants (search),200,OK,Virtual Users [400 threads] 1-38,text,true,,790,311,356,356,http://k8s-forkfind-forkfind-8e65d48af1-1990260306.us-east-1.elb.amazonaws.com/restaurants?q=pizza&limit=12&sort=rating,148,0,72
1777593237329,90,03 - POST /restaurants/15/reviews,401,Unauthorized,Virtual Users [400 threads] 1-37,text,false,"Review submission returned unexpected status (401 = bad token, 5xx = server error)",255,447,356,356,http://k8s-forkfind-forkfind-8e65d48af1-1990260306.us-east-1.elb.amazonaws.com/restaurants/15/reviews,90,0,0
1777593207399,30072,01 - POST /auth/user/login,Non HTTP response code: java.net.SocketTimeoutException,Non HTTP response message: Read timed out,Virtual Users [400 threads] 1-41,text,false,Login failed — check credentials in users.csv,2679,0,355,355,http://k8s-forkfind-forkfind-8e65d48af1-1990260306.us-east-1.elb.amazonaws.com/auth/user/login,0,0,69
1777593237394,86,03 - POST /restaurants/15/reviews,401,Unauthorized,Virtual Users [400 threads] 1-38,text,false,"Review submission returned unexpected status (401 = bad token, 5xx = server error)",255,447,355,355,http://k8s-forkfind-forkfind-8e65d48af1-1990260306.us-east-1.elb.amazonaws.com/restaurants/15/reviews,86,0,0
1777593237317,174,02 - GET /restaurants (search),200,OK,Virtual Users [400 threads] 1-39,text,true,,790,311,354,354,http://k8s-forkfind-forkfind-8e65d48af1-1990260306.us-east-1.elb.amazonaws.com/restaurants?q=pizza&limit=12&sort=rating,174,0,76
1777593207472,30068,01 - POST /auth/user/login,Non HTTP response code: java.net.SocketTimeoutException,Non HTTP response message: Read timed out,Virtual Users [400 threads] 1-42,text,false,Login failed — check credentials in users.csv,2679,0,354,354,http://k8s-forkfind-forkfind-8e65d48af1-1990260306.us-east-1.elb.amazonaws.com/auth/user/login,0,0,66
1777593237491,74,03 - POST /restaurants/15/reviews,401,Unauthorized,Virtual Users [400 threads] 1-39,text,false,"Review submission returned unexpected status (401 = bad token, 5xx = server error)",255,447,354,354,http://k8s-forkfind-forkfind-8e65d48af1-1990260306.us-east-1.elb.amazonaws.com/restaurants/15/reviews,74,0,0
1777593207550,30068,01 - POST /auth/user/login,Non HTTP response code: java.net.SocketTimeoutException,Non HTTP response message: Read timed out,Virtual Users [400 threads] 1-43,text,false,Login failed — check credentials in users.csv,2679,0,353,353,http://k8s-forkfind-forkfind-8e65d48af1-1990260306.us-east-1.elb.amazonaws.com/auth/user/login,0,0,65
1777593237473,156,02 - GET /restaurants (search),200,OK,Virtual Users [400 threads] 1-41,text,true,,790,311,353,353,http://k8s-forkfind-forkfind-8e65d48af1-1990260306.us-east-1.elb.amazonaws.com/restaurants?q=pizza&limit=12&sort=rating,156,0,77
1777593237544,159,02 - GET /restaurants (search),200,OK,Virtual Users [400 threads] 1-42,text,true,,790,311,353,353,http://k8s-forkfind-forkfind-8e65d48af1-1990260306.us-east-1.elb.amazonaws.com/restaurants?q=pizza&limit=12&sort=rating,159,0,78
1777593237630,73,03 - POST /restaurants/15/reviews,401,Unauthorized,Virtual Users [400 threads] 1-41,text,false,"Review submission returned unexpected status (401 = bad token, 5xx = server error)",255,447,353,353,http://k8s-forkfind-forkfind-8e65d48af1-1990260306.us-east-1.elb.amazonaws.com/restaurants/15/reviews,73,0,0
1777593207628,30074,01 - POST /auth/user/login,Non HTTP response code: java.net.SocketTimeoutException,Non HTTP response message: Read timed out,Virtual Users [400 threads] 1-44,text,false,Login failed — check credentials in users.csv,2679,0,353,353,http://k8s-forkfind-forkfind-8e65d48af1-1990260306.us-east-1.elb.amazonaws.com/auth/user/login,0,0,73
1777593207697,30069,01 - POST /auth/user/login,Non HTTP response code: java.net.SocketTimeoutException,Non HTTP response message: Read timed out,Virtual Users [400 threads] 1-45,text,false,Login failed — check credentials in users.csv,2679,0,352,352,http://k8s-forkfind-forkfind-8e65d48af1-1990260306.us-east-1.elb.amazonaws.com/auth/user/login,0,0,66
1777593237620,149,02 - GET /restaurants (search),200,OK,Virtual Users [400 threads] 1-43,text,true,,790,311,352,352,http://k8s-forkfind-forkfind-8e65d48af1-1990260306.us-east-1.elb.amazonaws.com/restaurants?q=pizza&limit=12&sort=rating,149,0,72
1777593237704,74,03 - POST /restaurants/15/reviews,401,Unauthorized,Virtual Users [400 threads] 1-42,text,false,"Review submission returned unexpected status (401 = bad token, 5xx = server error)",255,447,352,352,http://k8s-forkfind-forkfind-8e65d48af1-1990260306.us-east-1.elb.amazonaws.com/restaurants/15/reviews,74,0,0
1777593207778,30072,01 - POST /auth/user/login,Non HTTP response code: java.net.SocketTimeoutException,Non HTTP response message: Read timed out,Virtual Users [400 threads] 1-46,text,false,Login failed — check credentials in users.csv,2679,0,351,351,http://k8s-forkfind-forkfind-8e65d48af1-1990260306.us-east-1.elb.amazonaws.com/auth/user/login,0,0,69
1777593237770,84,03 - POST /restaurants/15/reviews,401,Unauthorized,Virtual Users [400 threads] 1-43,text,false,"Review submission returned unexpected status (401 = bad token, 5xx = server error)",255,447,351,351,http://k8s-forkfind-forkfind-8e65d48af1-1990260306.us-east-1.elb.amazonaws.com/restaurants/15/reviews,84,0,0
1777593237705,151,02 - GET /restaurants (search),200,OK,Virtual Users [400 threads] 1-44,text,true,,790,311,350,350,http://k8s-forkfind-forkfind-8e65d48af1-1990260306.us-east-1.elb.amazonaws.com/restaurants?q=pizza&limit=12&sort=rating,151,0,73
1777593237767,159,02 - GET /restaurants (search),200,OK,Virtual Users [400 threads] 1-45,text,true,,790,311,350,350,http://k8s-forkfind-forkfind-8e65d48af1-1990260306.us-east-1.elb.amazonaws.com/restaurants?q=pizza&limit=12&sort=rating,159,0,72
1777593207847,30078,01 - POST /auth/user/login,Non HTTP response code: java.net.SocketTimeoutException,Non HTTP response message: Read timed out,Virtual Users [400 threads] 1-47,text,false,Login failed — check credentials in users.csv,2679,0,350,350,http://k8s-forkfind-forkfind-8e65d48af1-1990260306.us-east-1.elb.amazonaws.com/auth/user/login,0,0,77
1777593237857,73,03 - POST /restaurants/15/reviews,401,Unauthorized,Virtual Users [400 threads] 1-44,text,false,"Review submission returned unexpected status (401 = bad token, 5xx = server error)",255,447,350,350,http://k8s-forkfind-forkfind-8e65d48af1-1990260306.us-east-1.elb.amazonaws.com/restaurants/15/reviews,73,0,0
1777593207924,30068,01 - POST /auth/user/login,Non HTTP response code: java.net.SocketTimeoutException,Non HTTP response message: Read timed out,Virtual Users [400 threads] 1-48,text,false,Login failed — check credentials in users.csv,2679,0,349,349,http://k8s-forkfind-forkfind-8e65d48af1-1990260306.us-east-1.elb.amazonaws.com/auth/user/login,0,0,66
1777593237927,73,03 - POST /restaurants/15/reviews,401,Unauthorized,Virtual Users [400 threads] 1-45,text,false,"Review submission returned unexpected status (401 = bad token, 5xx = server error)",255,447,349,349,http://k8s-forkfind-forkfind-8e65d48af1-1990260306.us-east-1.elb.amazonaws.com/restaurants/15/reviews,73,0,0
1777593237852,152,02 - GET /restaurants (search),200,OK,Virtual Users [400 threads] 1-46,text,true,,790,311,348,348,http://k8s-forkfind-forkfind-8e65d48af1-1990260306.us-east-1.elb.amazonaws.com/restaurants?q=pizza&limit=12&sort=rating,152,0,73
1777593207997,30067,01 - POST /auth/user/login,Non HTTP response code: java.net.SocketTimeoutException,Non HTTP response message: Read timed out,Virtual Users [400 threads] 1-49,text,false,Login failed — check credentials in users.csv,2679,0,348,348,http://k8s-forkfind-forkfind-8e65d48af1-1990260306.us-east-1.elb.amazonaws.com/auth/user/login,0,0,65
1777593237927,152,02 - GET /restaurants (search),200,OK,Virtual Users [400 threads] 1-47,text,true,,790,311,348,348,http://k8s-forkfind-forkfind-8e65d48af1-1990260306.us-east-1.elb.amazonaws.com/restaurants?q=pizza&limit=12&sort=rating,152,0,71
1777593238004,75,03 - POST /restaurants/15/reviews,401,Unauthorized,Virtual Users [400 threads] 1-46,text,false,"Review submission returned unexpected status (401 = bad token, 5xx = server error)",255,447,348,348,http://k8s-forkfind-forkfind-8e65d48af1-1990260306.us-east-1.elb.amazonaws.com/restaurants/15/reviews,75,0,0
1777593208074,30071,01 - POST /auth/user/login,Non HTTP response code: java.net.SocketTimeoutException,Non HTTP response message: Read timed out,Virtual Users [400 threads] 1-50,text,false,Login failed — check credentials in users.csv,2679,0,347,347,http://k8s-forkfind-forkfind-8e65d48af1-1990260306.us-east-1.elb.amazonaws.com/auth/user/login,0,0,69
1777593238080,81,03 - POST /restaurants/15/reviews,401,Unauthorized,Virtual Users [400 threads] 1-47,text,false,"Review submission returned unexpected status (401 = bad token, 5xx = server error)",255,447,347,347,http://k8s-forkfind-forkfind-8e65d48af1-1990260306.us-east-1.elb.amazonaws.com/restaurants/15/reviews,81,0,0
1777593237993,168,02 - GET /restaurants (search),200,OK,Virtual Users [400 threads] 1-48,text,true,,790,311,347,347,http://k8s-forkfind-forkfind-8e65d48af1-1990260306.us-east-1.elb.amazonaws.com/restaurants?q=pizza&limit=12&sort=rating,168,0,86
1777593208148,30068,01 - POST /auth/user/login,Non HTTP response code: java.net.SocketTimeoutException,Non HTTP response message: Read timed out,Virtual Users [400 threads] 1-51,text,false,Login failed — check credentials in users.csv,2679,0,346,346,http://k8s-forkfind-forkfind-8e65d48af1-1990260306.us-east-1.elb.amazonaws.com/auth/user/login,0,0,66
1777593238164,77,03 - POST /restaurants/15/reviews,401,Unauthorized,Virtual Users [400 threads] 1-48,text,false,"Review submission returned unexpected status (401 = bad token, 5xx = server error)",255,447,346,346,http://k8s-forkfind-forkfind-8e65d48af1-1990260306.us-east-1.elb.amazonaws.com/restaurants/15/reviews,77,0,0
1777593238066,180,02 - GET /restaurants (search),200,OK,Virtual Users [400 threads] 1-49,text,true,,790,311,345,345,http://k8s-forkfind-forkfind-8e65d48af1-1990260306.us-east-1.elb.amazonaws.com/restaurants?q=pizza&limit=12&sort=rating,180,0,95
1777593208218,30069,01 - POST /auth/user/login,Non HTTP response code: java.net.SocketTimeoutException,Non HTTP response message: Read timed out,Virtual Users [400 threads] 1-52,text,false,Login failed — check credentials in users.csv,2679,0,345,345,http://k8s-forkfind-forkfind-8e65d48af1-1990260306.us-east-1.elb.amazonaws.com/auth/user/login,0,0,67
1777593238148,154,02 - GET /restaurants (search),200,OK,Virtual Users [400 threads] 1-50,text,true,,790,311,345,345,http://k8s-forkfind-forkfind-8e65d48af1-1990260306.us-east-1.elb.amazonaws.com/restaurants?q=pizza&limit=12&sort=rating,154,0,73
1777593238246,89,03 - POST /restaurants/15/reviews,401,Unauthorized,Virtual Users [400 threads] 1-49,text,false,"Review submission returned unexpected status (401 = bad token, 5xx = server error)",255,447,345,345,http://k8s-forkfind-forkfind-8e65d48af1-1990260306.us-east-1.elb.amazonaws.com/restaurants/15/reviews,89,0,0
1777593208292,30073,01 - POST /auth/user/login,Non HTTP response code: java.net.SocketTimeoutException,Non HTTP response message: Read timed out,Virtual Users [400 threads] 1-53,text,false,Login failed — check credentials in users.csv,2679,0,344,344,http://k8s-forkfind-forkfind-8e65d48af1-1990260306.us-east-1.elb.amazonaws.com/auth/user/login,0,0,71
1777593238218,162,02 - GET /restaurants (search),200,OK,Virtual Users [400 threads] 1-51,text,true,,790,311,344,344,http://k8s-forkfind-forkfind-8e65d48af1-1990260306.us-east-1.elb.amazonaws.com/restaurants?q=pizza&limit=12&sort=rating,162,0,79
1777593238302,78,03 - POST /restaurants/15/reviews,401,Unauthorized,Virtual Users [400 threads] 1-50,text,false,"Review submission returned unexpected status (401 = bad token, 5xx = server error)",255,447,344,344,http://k8s-forkfind-forkfind-8e65d48af1-1990260306.us-east-1.elb.amazonaws.com/restaurants/15/reviews,78,0,0
1777593208372,30068,01 - POST /auth/user/login,Non HTTP response code: java.net.SocketTimeoutException,Non HTTP response message: Read timed out,Virtual Users [400 threads] 1-54,text,false,Login failed — check credentials in users.csv,2679,0,343,343,http://k8s-forkfind-forkfind-8e65d48af1-1990260306.us-east-1.elb.amazonaws.com/auth/user/login,0,0,66
1777593238289,168,02 - GET /restaurants (search),200,OK,Virtual Users [400 threads] 1-52,text,true,,790,311,343,343,http://k8s-forkfind-forkfind-8e65d48af1-1990260306.us-east-1.elb.amazonaws.com/restaurants?q=pizza&limit=12&sort=rating,168,0,76
1777593238380,80,03 - POST /restaurants/15/reviews,401,Unauthorized,Virtual Users [400 threads] 1-51,text,false,"Review submission returned unexpected status (401 = bad token, 5xx = server error)",255,447,343,343,http://k8s-forkfind-forkfind-8e65d48af1-1990260306.us-east-1.elb.amazonaws.com/restaurants/15/reviews,80,0,0
1777593208441,30073,01 - POST /auth/user/login,Non HTTP response code: java.net.SocketTimeoutException,Non HTTP response message: Read timed out,Virtual Users [400 threads] 1-55,text,false,Login failed — check credentials in users.csv,2679,0,342,342,http://k8s-forkfind-forkfind-8e65d48af1-1990260306.us-east-1.elb.amazonaws.com/auth/user/login,0,0,71
1777593238367,155,02 - GET /restaurants (search),200,OK,Virtual Users [400 threads] 1-53,text,true,,790,311,342,342,http://k8s-forkfind-forkfind-8e65d48af1-1990260306.us-east-1.elb.amazonaws.com/restaurants?q=pizza&limit=12&sort=rating,155,0,71
1777593238457,74,03 - POST /restaurants/15/reviews,401,Unauthorized,Virtual Users [400 threads] 1-52,text,false,"Review submission returned unexpected status (401 = bad token, 5xx = server error)",255,447,342,342,http://k8s-forkfind-forkfind-8e65d48af1-1990260306.us-east-1.elb.amazonaws.com/restaurants/15/reviews,73,0,0
1777593238442,156,02 - GET /restaurants (search),200,OK,Virtual Users [400 threads] 1-54,text,true,,790,311,341,341,http://k8s-forkfind-forkfind-8e65d48af1-1990260306.us-east-1.elb.amazonaws.com/restaurants?q=pizza&limit=12&sort=rating,156,0,73
1777593238523,75,03 - POST /restaurants/15/reviews,401,Unauthorized,Virtual Users [400 threads] 1-53,text,false,"Review submission returned unexpected status (401 = bad token, 5xx = server error)",255,447,341,341,http://k8s-forkfind-forkfind-8e65d48af1-1990260306.us-east-1.elb.amazonaws.com/restaurants/15/reviews,75,0,0
1777593208520,30078,01 - POST /auth/user/login,Non HTTP response code: java.net.SocketTimeoutException,Non HTTP response message: Read timed out,Virtual Users [400 threads] 1-56,text,false,Login failed — check credentials in users.csv,2679,0,340,340,http://k8s-forkfind-forkfind-8e65d48af1-1990260306.us-east-1.elb.amazonaws.com/auth/user/login,0,0,76
1777593238599,74,03 - POST /restaurants/15/reviews,401,Unauthorized,Virtual Users [400 threads] 1-54,text,false,"Review submission returned unexpected status (401 = bad token, 5xx = server error)",255,447,340,340,http://k8s-forkfind-forkfind-8e65d48af1-1990260306.us-east-1.elb.amazonaws.com/restaurants/15/reviews,74,0,0
1777593238516,158,02 - GET /restaurants (search),200,OK,Virtual Users [400 threads] 1-55,text,true,,790,311,340,340,http://k8s-forkfind-forkfind-8e65d48af1-1990260306.us-east-1.elb.amazonaws.com/restaurants?q=pizza&limit=12&sort=rating,158,0,72
1777593208597,30076,01 - POST /auth/user/login,Non HTTP response code: java.net.SocketTimeoutException,Non HTTP response message: Read timed out,Virtual Users [400 threads] 1-57,text,false,Login failed — check credentials in users.csv,2679,0,339,339,http://k8s-forkfind-forkfind-8e65d48af1-1990260306.us-east-1.elb.amazonaws.com/auth/user/login,0,0,74
1777593208669,30068,01 - POST /auth/user/login,Non HTTP response code: java.net.SocketTimeoutException,Non HTTP response message: Read timed out,Virtual Users [400 threads] 1-58,text,false,Login failed — check credentials in users.csv,2679,0,339,339,http://k8s-forkfind-forkfind-8e65d48af1-1990260306.us-east-1.elb.amazonaws.com/auth/user/login,0,0,66
1777593238675,74,03 - POST /restaurants/15/reviews,401,Unauthorized,Virtual Users [400 threads] 1-55,text,false,"Review submission returned unexpected status (401 = bad token, 5xx = server error)",255,447,339,339,http://k8s-forkfind-forkfind-8e65d48af1-1990260306.us-east-1.elb.amazonaws.com/restaurants/15/reviews,74,0,0
1777593238600,152,02 - GET /restaurants (search),200,OK,Virtual Users [400 threads] 1-56,text,true,,790,311,338,338,http://k8s-forkfind-forkfind-8e65d48af1-1990260306.us-east-1.elb.amazonaws.com/restaurants?q=pizza&limit=12&sort=rating,152,0,72
1777593208745,30068,01 - POST /auth/user/login,Non HTTP response code: java.net.SocketTimeoutException,Non HTTP response message: Read timed out,Virtual Users [400 threads] 1-59,text,false,Login failed — check credentials in users.csv,2679,0,338,338,http://k8s-forkfind-forkfind-8e65d48af1-1990260306.us-east-1.elb.amazonaws.com/auth/user/login,0,0,66
1777593238754,76,03 - POST /restaurants/15/reviews,401,Unauthorized,Virtual Users [400 threads] 1-56,text,false,"Review submission returned unexpected status (401 = bad token, 5xx = server error)",255,447,338,338,http://k8s-forkfind-forkfind-8e65d48af1-1990260306.us-east-1.elb.amazonaws.com/restaurants/15/reviews,76,0,0
1777593238675,156,02 - GET /restaurants (search),200,OK,Virtual Users [400 threads] 1-57,text,true,,790,311,338,338,http://k8s-forkfind-forkfind-8e65d48af1-1990260306.us-east-1.elb.amazonaws.com/restaurants?q=pizza&limit=12&sort=rating,155,0,72
1777593238739,151,02 - GET /restaurants (search),200,OK,Virtual Users [400 threads] 1-58,text,true,,790,311,337,337,http://k8s-forkfind-forkfind-8e65d48af1-1990260306.us-east-1.elb.amazonaws.com/restaurants?q=pizza&limit=12&sort=rating,151,0,71
1777593238831,73,03 - POST /restaurants/15/reviews,401,Unauthorized,Virtual Users [400 threads] 1-57,text,false,"Review submission returned unexpected status (401 = bad token, 5xx = server error)",255,447,337,337,http://k8s-forkfind-forkfind-8e65d48af1-1990260306.us-east-1.elb.amazonaws.com/restaurants/15/reviews,73,0,0
1777593208814,30113,01 - POST /auth/user/login,Non HTTP response code: java.net.SocketTimeoutException,Non HTTP response message: Read timed out,Virtual Users [400 threads] 1-60,text,false,Login failed — check credentials in users.csv,2679,0,336,336,http://k8s-forkfind-forkfind-8e65d48af1-1990260306.us-east-1.elb.amazonaws.com/auth/user/login,0,0,111
1777593238815,151,02 - GET /restaurants (search),200,OK,Virtual Users [400 threads] 1-59,text,true,,790,311,336,336,http://k8s-forkfind-forkfind-8e65d48af1-1990260306.us-east-1.elb.amazonaws.com/restaurants?q=pizza&limit=12&sort=rating,151,0,71
1777593238891,75,03 - POST /restaurants/15/reviews,401,Unauthorized,Virtual Users [400 threads] 1-58,text,false,"Review submission returned unexpected status (401 = bad token, 5xx = server error)",255,447,336,336,http://k8s-forkfind-forkfind-8e65d48af1-1990260306.us-east-1.elb.amazonaws.com/restaurants/15/reviews,75,0,0
1777593208893,30079,01 - POST /auth/user/login,Non HTTP response code: java.net.SocketTimeoutException,Non HTTP response message: Read timed out,Virtual Users [400 threads] 1-61,text,false,Login failed — check credentials in users.csv,2679,0,335,335,http://k8s-forkfind-forkfind-8e65d48af1-1990260306.us-east-1.elb.amazonaws.com/auth/user/login,0,0,77
1777593208963,30067,01 - POST /auth/user/login,Non HTTP response code: java.net.SocketTimeoutException,Non HTTP response message: Read timed out,Virtual Users [400 threads] 1-62,text,false,Login failed — check credentials in users.csv,2679,0,335,335,http://k8s-forkfind-forkfind-8e65d48af1-1990260306.us-east-1.elb.amazonaws.com/auth/user/login,0,0,65
1777593238967,73,03 - POST /restaurants/15/reviews,401,Unauthorized,Virtual Users [400 threads] 1-59,text,false,"Review submission returned unexpected status (401 = bad token, 5xx = server error)",255,447,335,335,http://k8s-forkfind-forkfind-8e65d48af1-1990260306.us-east-1.elb.amazonaws.com/restaurants/15/reviews,73,0,0
1777593238930,149,02 - GET /restaurants (search),200,OK,Virtual Users [400 threads] 1-60,text,true,,790,311,334,334,http://k8s-forkfind-forkfind-8e65d48af1-1990260306.us-east-1.elb.amazonaws.com/restaurants?q=pizza&limit=12&sort=rating,149,0,72
1777593209036,30085,01 - POST /auth/user/login,Non HTTP response code: java.net.SocketTimeoutException,Non HTTP response message: Read timed out,Virtual Users [400 threads] 1-63,text,false,Login failed — check credentials in users.csv,2679,0,334,334,http://k8s-forkfind-forkfind-8e65d48af1-1990260306.us-east-1.elb.amazonaws.com/auth/user/login,0,0,83
1777593238974,157,02 - GET /restaurants (search),200,OK,Virtual Users [400 threads] 1-61,text,true,,790,311,334,334,http://k8s-forkfind-forkfind-8e65d48af1-1990260306.us-east-1.elb.amazonaws.com/restaurants?q=pizza&limit=12&sort=rating,157,0,72
1777593239079,82,03 - POST /restaurants/15/reviews,401,Unauthorized,Virtual Users [400 threads] 1-60,text,false,"Review submission returned unexpected status (401 = bad token, 5xx = server error)",255,447,334,334,http://k8s-forkfind-forkfind-8e65d48af1-1990260306.us-east-1.elb.amazonaws.com/restaurants/15/reviews,82,0,0
1777593209110,30071,01 - POST /auth/user/login,Non HTTP response code: java.net.SocketTimeoutException,Non HTTP response message: Read timed out,Virtual Users [400 threads] 1-64,text,false,Login failed — check credentials in users.csv,2679,0,333,333,http://k8s-forkfind-forkfind-8e65d48af1-1990260306.us-east-1.elb.amazonaws.com/auth/user/login,0,0,70
1777593239032,165,02 - GET /restaurants (search),200,OK,Virtual Users [400 threads] 1-62,text,true,,790,311,333,333,http://k8s-forkfind-forkfind-8e65d48af1-1990260306.us-east-1.elb.amazonaws.com/restaurants?q=pizza&limit=12&sort=rating,164,0,75
1777593239131,75,03 - POST /restaurants/15/reviews,401,Unauthorized,Virtual Users [400 threads] 1-61,text,false,"Review submission returned unexpected status (401 = bad token, 5xx = server error)",255,447,333,333,http://k8s-forkfind-forkfind-8e65d48af1-1990260306.us-east-1.elb.amazonaws.com/restaurants/15/reviews,75,0,0
1777593209188,30070,01 - POST /auth/user/login,Non HTTP response code: java.net.SocketTimeoutException,Non HTTP response message: Read timed out,Virtual Users [400 threads] 1-65,text,false,Login failed — check credentials in users.csv,2679,0,332,332,http://k8s-forkfind-forkfind-8e65d48af1-1990260306.us-east-1.elb.amazonaws.com/auth/user/login,0,0,68
1777593239122,161,02 - GET /restaurants (search),200,OK,Virtual Users [400 threads] 1-63,text,true,,790,311,332,332,http://k8s-forkfind-forkfind-8e65d48af1-1990260306.us-east-1.elb.amazonaws.com/restaurants?q=pizza&limit=12&sort=rating,161,0,74
1777593239197,86,03 - POST /restaurants/15/reviews,401,Unauthorized,Virtual Users [400 threads] 1-62,text,false,"Review submission returned unexpected status (401 = bad token, 5xx = server error)",255,447,332,332,http://k8s-forkfind-forkfind-8e65d48af1-1990260306.us-east-1.elb.amazonaws.com/restaurants/15/reviews,86,0,0
1777593209263,30073,01 - POST /auth/user/login,Non HTTP response code: java.net.SocketTimeoutException,Non HTTP response message: Read timed out,Virtual Users [400 threads] 1-66,text,false,Login failed — check credentials in users.csv,2679,0,331,331,http://k8s-forkfind-forkfind-8e65d48af1-1990260306.us-east-1.elb.amazonaws.com/auth/user/login,0,0,71
1777593239284,77,03 - POST /restaurants/15/reviews,401,Unauthorized,Virtual Users [400 threads] 1-63,text,false,"Review submission returned unexpected status (401 = bad token, 5xx = server error)",255,447,331,331,http://k8s-forkfind-forkfind-8e65d48af1-1990260306.us-east-1.elb.amazonaws.com/restaurants/15/reviews,77,0,0
1777593239184,179,02 - GET /restaurants (search),200,OK,Virtual Users [400 threads] 1-64,text,true,,790,311,330,330,http://k8s-forkfind-forkfind-8e65d48af1-1990260306.us-east-1.elb.amazonaws.com/restaurants?q=pizza&limit=12&sort=rating,179,0,98
1777593209337,30076,01 - POST /auth/user/login,Non HTTP response code: java.net.SocketTimeoutException,Non HTTP response message: Read timed out,Virtual Users [400 threads] 1-67,text,false,Login failed — check credentials in users.csv,2679,0,330,330,http://k8s-forkfind-forkfind-8e65d48af1-1990260306.us-east-1.elb.amazonaws.com/auth/user/login,0,0,74
1777593239261,173,02 - GET /restaurants (search),200,OK,Virtual Users [400 threads] 1-65,text,true,,790,311,330,330,http://k8s-forkfind-forkfind-8e65d48af1-1990260306.us-east-1.elb.amazonaws.com/restaurants?q=pizza&limit=12&sort=rating,173,0,81
1777593239363,73,03 - POST /restaurants/15/reviews,401,Unauthorized,Virtual Users [400 threads] 1-64,text,false,"Review submission returned unexpected status (401 = bad token, 5xx = server error)",255,447,330,330,http://k8s-forkfind-forkfind-8e65d48af1-1990260306.us-east-1.elb.amazonaws.com/restaurants/15/reviews,73,0,0
1777593209411,30072,01 - POST /auth/user/login,Non HTTP response code: java.net.SocketTimeoutException,Non HTTP response message: Read timed out,Virtual Users [400 threads] 1-68,text,false,Login failed — check credentials in users.csv,2679,0,329,329,http://k8s-forkfind-forkfind-8e65d48af1-1990260306.us-east-1.elb.amazonaws.com/auth/user/login,0,0,70
1777593239339,147,02 - GET /restaurants (search),200,OK,Virtual Users [400 threads] 1-66,text,true,,790,311,329,329,http://k8s-forkfind-forkfind-8e65d48af1-1990260306.us-east-1.elb.amazonaws.com/restaurants?q=pizza&limit=12&sort=rating,147,0,70
1777593239436,88,03 - POST /restaurants/15/reviews,401,Unauthorized,Virtual Users [400 threads] 1-65,text,false,"Review submission returned unexpected status (401 = bad token, 5xx = server error)",255,447,329,329,http://k8s-forkfind-forkfind-8e65d48af1-1990260306.us-east-1.elb.amazonaws.com/restaurants/15/reviews,88,0,0
1777593209488,30077,01 - POST /auth/user/login,Non HTTP response code: java.net.SocketTimeoutException,Non HTTP response message: Read timed out,Virtual Users [400 threads] 1-69,text,false,Login failed — check credentials in users.csv,2679,0,328,328,http://k8s-forkfind-forkfind-8e65d48af1-1990260306.us-east-1.elb.amazonaws.com/auth/user/login,0,0,75
1777593239487,80,03 - POST /restaurants/15/reviews,401,Unauthorized,Virtual Users [400 threads] 1-66,text,false,"Review submission returned unexpected status (401 = bad token, 5xx = server error)",255,447,328,328,http://k8s-forkfind-forkfind-8e65d48af1-1990260306.us-east-1.elb.amazonaws.com/restaurants/15/reviews,80,0,0
1777593239415,156,02 - GET /restaurants (search),200,OK,Virtual Users [400 threads] 1-67,text,true,,790,311,327,327,http://k8s-forkfind-forkfind-8e65d48af1-1990260306.us-east-1.elb.amazonaws.com/restaurants?q=pizza&limit=12&sort=rating,156,0,71
1777593209560,30069,01 - POST /auth/user/login,Non HTTP response code: java.net.SocketTimeoutException,Non HTTP response message: Read timed out,Virtual Users [400 threads] 1-70,text,false,Login failed — check credentials in users.csv,2679,0,327,327,http://k8s-forkfind-forkfind-8e65d48af1-1990260306.us-east-1.elb.amazonaws.com/auth/user/login,0,0,67
1777593239485,157,02 - GET /restaurants (search),200,OK,Virtual Users [400 threads] 1-68,text,true,,790,311,327,327,http://k8s-forkfind-forkfind-8e65d48af1-1990260306.us-east-1.elb.amazonaws.com/restaurants?q=pizza&limit=12&sort=rating,157,0,78
1777593239570,73,03 - POST /restaurants/15/reviews,401,Unauthorized,Virtual Users [400 threads] 1-67,text,false,"Review submission returned unexpected status (401 = bad token, 5xx = server error)",255,447,327,327,http://k8s-forkfind-forkfind-8e65d48af1-1990260306.us-east-1.elb.amazonaws.com/restaurants/15/reviews,73,0,0
1777593209635,30078,01 - POST /auth/user/login,Non HTTP response code: java.net.SocketTimeoutException,Non HTTP response message: Read timed out,Virtual Users [400 threads] 1-71,text,false,Login failed — check credentials in users.csv,2679,0,326,326,http://k8s-forkfind-forkfind-8e65d48af1-1990260306.us-east-1.elb.amazonaws.com/auth/user/login,0,0,76
1777593239641,84,03 - POST /restaurants/15/reviews,401,Unauthorized,Virtual Users [400 threads] 1-68,text,false,"Review submission returned unexpected status (401 = bad token, 5xx = server error)",255,447,326,326,http://k8s-forkfind-forkfind-8e65d48af1-1990260306.us-east-1.elb.amazonaws.com/restaurants/15/reviews,84,0,0
1777593239566,163,02 - GET /restaurants (search),200,OK,Virtual Users [400 threads] 1-69,text,true,,790,311,325,325,http://k8s-forkfind-forkfind-8e65d48af1-1990260306.us-east-1.elb.amazonaws.com/restaurants?q=pizza&limit=12&sort=rating,163,0,70
1777593209710,30069,01 - POST /auth/user/login,Non HTTP response code: java.net.SocketTimeoutException,Non HTTP response message: Read timed out,Virtual Users [400 threads] 1-72,text,false,Login failed — check credentials in users.csv,2679,0,325,325,http://k8s-forkfind-forkfind-8e65d48af1-1990260306.us-east-1.elb.amazonaws.com/auth/user/login,0,0,67
1777593239630,169,02 - GET /restaurants (search),200,OK,Virtual Users [400 threads] 1-70,text,true,,790,311,325,325,http://k8s-forkfind-forkfind-8e65d48af1-1990260306.us-east-1.elb.amazonaws.com/restaurants?q=pizza&limit=12&sort=rating,169,0,79
1777593239729,78,03 - POST /restaurants/15/reviews,401,Unauthorized,Virtual Users [400 threads] 1-69,text,false,"Review submission returned unexpected status (401 = bad token, 5xx = server error)",255,447,325,325,http://k8s-forkfind-forkfind-8e65d48af1-1990260306.us-east-1.elb.amazonaws.com/restaurants/15/reviews,78,0,0
1777593209785,30068,01 - POST /auth/user/login,Non HTTP response code: java.net.SocketTimeoutException,Non HTTP response message: Read timed out,Virtual Users [400 threads] 1-73,text,false,Login failed — check credentials in users.csv,2679,0,324,324,http://k8s-forkfind-forkfind-8e65d48af1-1990260306.us-east-1.elb.amazonaws.com/auth/user/login,0,0,65
1777593239799,74,03 - POST /restaurants/15/reviews,401,Unauthorized,Virtual Users [400 threads] 1-70,text,false,"Review submission returned unexpected status (401 = bad token, 5xx = server error)",255,447,324,324,http://k8s-forkfind-forkfind-8e65d48af1-1990260306.us-east-1.elb.amazonaws.com/restaurants/15/reviews,74,0,0
1777593239714,163,02 - GET /restaurants (search),200,OK,Virtual Users [400 threads] 1-71,text,true,,790,311,323,323,http://k8s-forkfind-forkfind-8e65d48af1-1990260306.us-east-1.elb.amazonaws.com/restaurants?q=pizza&limit=12&sort=rating,162,0,84
1777593209857,30069,01 - POST /auth/user/login,Non HTTP response code: java.net.SocketTimeoutException,Non HTTP response message: Read timed out,Virtual Users [400 threads] 1-74,text,false,Login failed — check credentials in users.csv,2679,0,323,323,http://k8s-forkfind-forkfind-8e65d48af1-1990260306.us-east-1.elb.amazonaws.com/auth/user/login,0,0,68
1777593239781,149,02 - GET /restaurants (search),200,OK,Virtual Users [400 threads] 1-72,text,true,,790,311,323,323,http://k8s-forkfind-forkfind-8e65d48af1-1990260306.us-east-1.elb.amazonaws.com/restaurants?q=pizza&limit=12&sort=rating,149,0,72
1777593239877,75,03 - POST /restaurants/15/reviews,401,Unauthorized,Virtual Users [400 threads] 1-71,text,false,"Review submission returned unexpected status (401 = bad token, 5xx = server error)",255,447,323,323,http://k8s-forkfind-forkfind-8e65d48af1-1990260306.us-east-1.elb.amazonaws.com/restaurants/15/reviews,75,0,0
1777593209931,30070,01 - POST /auth/user/login,Non HTTP response code: java.net.SocketTimeoutException,Non HTTP response message: Read timed out,Virtual Users [400 threads] 1-75,text,false,Login failed — check credentials in users.csv,2679,0,322,322,http://k8s-forkfind-forkfind-8e65d48af1-1990260306.us-east-1.elb.amazonaws.com/auth/user/login,0,0,67
1777593239854,151,02 - GET /restaurants (search),200,OK,Virtual Users [400 threads] 1-73,text,true,,790,311,322,322,http://k8s-forkfind-forkfind-8e65d48af1-1990260306.us-east-1.elb.amazonaws.com/restaurants?q=pizza&limit=12&sort=rating,151,0,71
1777593239930,75,03 - POST /restaurants/15/reviews,401,Unauthorized,Virtual Users [400 threads] 1-72,text,false,"Review submission returned unexpected status (401 = bad token, 5xx = server error)",255,447,322,322,http://k8s-forkfind-forkfind-8e65d48af1-1990260306.us-east-1.elb.amazonaws.com/restaurants/15/reviews,75,0,0
1777593210005,30069,01 - POST /auth/user/login,Non HTTP response code: java.net.SocketTimeoutException,Non HTTP response message: Read timed out,Virtual Users [400 threads] 1-76,text,false,Login failed — check credentials in users.csv,2679,0,321,321,http://k8s-forkfind-forkfind-8e65d48af1-1990260306.us-east-1.elb.amazonaws.com/auth/user/login,0,0,67
1777593240005,104,03 - POST /restaurants/15/reviews,401,Unauthorized,Virtual Users [400 threads] 1-73,text,false,"Review submission returned unexpected status (401 = bad token, 5xx = server error)",255,447,321,321,http://k8s-forkfind-forkfind-8e65d48af1-1990260306.us-east-1.elb.amazonaws.com/restaurants/15/reviews,104,0,0
1777593239927,216,02 - GET /restaurants (search),200,OK,Virtual Users [400 threads] 1-74,text,true,,790,311,320,320,http://k8s-forkfind-forkfind-8e65d48af1-1990260306.us-east-1.elb.amazonaws.com/restaurants?q=pizza&limit=12&sort=rating,216,0,71
1777593210084,30077,01 - POST /auth/user/login,Non HTTP response code: java.net.SocketTimeoutException,Non HTTP response message: Read timed out,Virtual Users [400 threads] 1-77,text,false,Login failed — check credentials in users.csv,2679,0,320,320,http://k8s-forkfind-forkfind-8e65d48af1-1990260306.us-east-1.elb.amazonaws.com/auth/user/login,0,0,76
1777593240005,191,02 - GET /restaurants (search),200,OK,Virtual Users [400 threads] 1-75,text,true,,790,311,320,320,http://k8s-forkfind-forkfind-8e65d48af1-1990260306.us-east-1.elb.amazonaws.com/restaurants?q=pizza&limit=12&sort=rating,191,0,70
1777593210159,30068,01 - POST /auth/user/login,Non HTTP response code: java.net.SocketTimeoutException,Non HTTP response message: Read timed out,Virtual Users [400 threads] 1-78,text,false,Login failed — check credentials in users.csv,2679,0,320,320,http://k8s-forkfind-forkfind-8e65d48af1-1990260306.us-east-1.elb.amazonaws.com/auth/user/login,0,0,67
1777593240144,94,03 - POST /restaurants/15/reviews,401,Unauthorized,Virtual Users [400 threads] 1-74,text,false,"Review submission returned unexpected status (401 = bad token, 5xx = server error)",255,447,320,320,http://k8s-forkfind-forkfind-8e65d48af1-1990260306.us-east-1.elb.amazonaws.com/restaurants/15/reviews,94,0,0
1777593240076,184,02 - GET /restaurants (search),200,OK,Virtual Users [400 threads] 1-76,text,true,,790,311,319,319,http://k8s-forkfind-forkfind-8e65d48af1-1990260306.us-east-1.elb.amazonaws.com/restaurants?q=pizza&limit=12&sort=rating,184,0,70
1777593240196,73,03 - POST /restaurants/15/reviews,401,Unauthorized,Virtual Users [400 threads] 1-75,text,false,"Review submission returned unexpected status (401 = bad token, 5xx = server error)",255,447,319,319,http://k8s-forkfind-forkfind-8e65d48af1-1990260306.us-east-1.elb.amazonaws.com/restaurants/15/reviews,73,0,0
1777593210239,30072,01 - POST /auth/user/login,Non HTTP response code: java.net.SocketTimeoutException,Non HTTP response message: Read timed out,Virtual Users [400 threads] 1-79,text,false,Login failed — check credentials in users.csv,2679,0,318,318,http://k8s-forkfind-forkfind-8e65d48af1-1990260306.us-east-1.elb.amazonaws.com/auth/user/login,0,0,70
1777593240260,73,03 - POST /restaurants/15/reviews,401,Unauthorized,Virtual Users [400 threads] 1-76,text,false,"Review submission returned unexpected status (401 = bad token, 5xx = server error)",255,447,318,318,http://k8s-forkfind-forkfind-8e65d48af1-1990260306.us-east-1.elb.amazonaws.com/restaurants/15/reviews,73,0,0
1777593240163,170,02 - GET /restaurants (search),200,OK,Virtual Users [400 threads] 1-77,text,true,,790,311,318,318,http://k8s-forkfind-forkfind-8e65d48af1-1990260306.us-east-1.elb.amazonaws.com/restaurants?q=pizza&limit=12&sort=rating,170,0,71
1777593240228,149,02 - GET /restaurants (search),200,OK,Virtual Users [400 threads] 1-78,text,true,,790,311,317,317,http://k8s-forkfind-forkfind-8e65d48af1-1990260306.us-east-1.elb.amazonaws.com/restaurants?q=pizza&limit=12&sort=rating,149,0,71
1777593210307,30070,01 - POST /auth/user/login,Non HTTP response code: java.net.SocketTimeoutException,Non HTTP response message: Read timed out,Virtual Users [400 threads] 1-80,text,false,Login failed — check credentials in users.csv,2679,0,317,317,http://k8s-forkfind-forkfind-8e65d48af1-1990260306.us-east-1.elb.amazonaws.com/auth/user/login,0,0,68
1777593240333,87,03 - POST /restaurants/15/reviews,401,Unauthorized,Virtual Users [400 threads] 1-77,text,false,"Review submission returned unexpected status (401 = bad token, 5xx = server error)",255,447,317,317,http://k8s-forkfind-forkfind-8e65d48af1-1990260306.us-east-1.elb.amazonaws.com/restaurants/15/reviews,87,0,0
1777593240378,73,03 - POST /restaurants/15/reviews,401,Unauthorized,Virtual Users [400 threads] 1-78,text,false,"Review submission returned unexpected status (401 = bad token, 5xx = server error)",255,447,316,316,http://k8s-forkfind-forkfind-8e65d48af1-1990260306.us-east-1.elb.amazonaws.com/restaurants/15/reviews,73,0,0
1777593210383,30067,01 - POST /auth/user/login,Non HTTP response code: java.net.SocketTimeoutException,Non HTTP response message: Read timed out,Virtual Users [400 threads] 1-81,text,false,Login failed — check credentials in users.csv,2679,0,316,316,http://k8s-forkfind-forkfind-8e65d48af1-1990260306.us-east-1.elb.amazonaws.com/auth/user/login,0,0,65
1777593240312,148,02 - GET /restaurants (search),200,OK,Virtual Users [400 threads] 1-79,text,true,,790,311,315,315,http://k8s-forkfind-forkfind-8e65d48af1-1990260306.us-east-1.elb.amazonaws.com/restaurants?q=pizza&limit=12&sort=rating,148,0,72
1777593210462,30066,01 - POST /auth/user/login,Non HTTP response code: java.net.SocketTimeoutException,Non HTTP response message: Read timed out,Virtual Users [400 threads] 1-82,text,false,Login failed — check credentials in users.csv,2679,0,315,315,http://k8s-forkfind-forkfind-8e65d48af1-1990260306.us-east-1.elb.amazonaws.com/auth/user/login,0,0,65
1777593240379,151,02 - GET /restaurants (search),200,OK,Virtual Users [400 threads] 1-80,text,true,,790,311,315,315,http://k8s-forkfind-forkfind-8e65d48af1-1990260306.us-east-1.elb.amazonaws.com/restaurants?q=pizza&limit=12&sort=rating,151,0,72
1777593240461,79,03 - POST /restaurants/15/reviews,401,Unauthorized,Virtual Users [400 threads] 1-79,text,false,"Review submission returned unexpected status (401 = bad token, 5xx = server error)",255,447,315,315,http://k8s-forkfind-forkfind-8e65d48af1-1990260306.us-east-1.elb.amazonaws.com/restaurants/15/reviews,79,0,0
1777593240452,148,02 - GET /restaurants (search),200,OK,Virtual Users [400 threads] 1-81,text,true,,790,311,314,314,http://k8s-forkfind-forkfind-8e65d48af1-1990260306.us-east-1.elb.amazonaws.com/restaurants?q=pizza&limit=12&sort=rating,148,0,71
1777593240530,76,03 - POST /restaurants/15/reviews,401,Unauthorized,Virtual Users [400 threads] 1-80,text,false,"Review submission returned unexpected status (401 = bad token, 5xx = server error)",255,447,314,314,http://k8s-forkfind-forkfind-8e65d48af1-1990260306.us-east-1.elb.amazonaws.com/restaurants/15/reviews,76,0,0
1777593210538,30069,01 - POST /auth/user/login,Non HTTP response code: java.net.SocketTimeoutException,Non HTTP response message: Read timed out,Virtual Users [400 threads] 1-83,text,false,Login failed — check credentials in users.csv,2679,0,314,314,http://k8s-forkfind-forkfind-8e65d48af1-1990260306.us-east-1.elb.amazonaws.com/auth/user/login,0,0,67
1777593210610,30071,01 - POST /auth/user/login,Non HTTP response code: java.net.SocketTimeoutException,Non HTTP response message: Read timed out,Virtual Users [400 threads] 1-84,text,false,Login failed — check credentials in users.csv,2679,0,313,313,http://k8s-forkfind-forkfind-8e65d48af1-1990260306.us-east-1.elb.amazonaws.com/auth/user/login,0,0,69
1777593240601,87,03 - POST /restaurants/15/reviews,401,Unauthorized,Virtual Users [400 threads] 1-81,text,false,"Review submission returned unexpected status (401 = bad token, 5xx = server error)",255,447,313,313,http://k8s-forkfind-forkfind-8e65d48af1-1990260306.us-east-1.elb.amazonaws.com/restaurants/15/reviews,87,0,0
1777593240530,163,02 - GET /restaurants (search),200,OK,Virtual Users [400 threads] 1-82,text,true,,790,311,312,312,http://k8s-forkfind-forkfind-8e65d48af1-1990260306.us-east-1.elb.amazonaws.com/restaurants?q=pizza&limit=12&sort=rating,163,0,72
1777593210687,30072,01 - POST /auth/user/login,Non HTTP response code: java.net.SocketTimeoutException,Non HTTP response message: Read timed out,Virtual Users [400 threads] 1-85,text,false,Login failed — check credentials in users.csv,2679,0,312,312,http://k8s-forkfind-forkfind-8e65d48af1-1990260306.us-east-1.elb.amazonaws.com/auth/user/login,0,0,69
1777593240608,163,02 - GET /restaurants (search),200,OK,Virtual Users [400 threads] 1-83,text,true,,790,311,312,312,http://k8s-forkfind-forkfind-8e65d48af1-1990260306.us-east-1.elb.amazonaws.com/restaurants?q=pizza&limit=12&sort=rating,163,0,80
1777593240694,77,03 - POST /restaurants/15/reviews,401,Unauthorized,Virtual Users [400 threads] 1-82,text,false,"Review submission returned unexpected status (401 = bad token, 5xx = server error)",255,447,312,312,http://k8s-forkfind-forkfind-8e65d48af1-1990260306.us-east-1.elb.amazonaws.com/restaurants/15/reviews,77,0,0
1777593240682,152,02 - GET /restaurants (search),200,OK,Virtual Users [400 threads] 1-84,text,true,,790,311,311,311,http://k8s-forkfind-forkfind-8e65d48af1-1990260306.us-east-1.elb.amazonaws.com/restaurants?q=pizza&limit=12&sort=rating,152,0,73
1777593210764,30071,01 - POST /auth/user/login,Non HTTP response code: java.net.SocketTimeoutException,Non HTTP response message: Read timed out,Virtual Users [400 threads] 1-86,text,false,Login failed — check credentials in users.csv,2679,0,311,311,http://k8s-forkfind-forkfind-8e65d48af1-1990260306.us-east-1.elb.amazonaws.com/auth/user/login,0,0,68
1777593240772,80,03 - POST /restaurants/15/reviews,401,Unauthorized,Virtual Users [400 threads] 1-83,text,false,"Review submission returned unexpected status (401 = bad token, 5xx = server error)",255,447,311,311,http://k8s-forkfind-forkfind-8e65d48af1-1990260306.us-east-1.elb.amazonaws.com/restaurants/15/reviews,80,0,0
1777593210836,30070,01 - POST /auth/user/login,Non HTTP response code: java.net.SocketTimeoutException,Non HTTP response message: Read timed out,Virtual Users [400 threads] 1-87,text,false,Login failed — check credentials in users.csv,2679,0,310,310,http://k8s-forkfind-forkfind-8e65d48af1-1990260306.us-east-1.elb.amazonaws.com/auth/user/login,0,0,68
1777593240835,83,03 - POST /restaurants/15/reviews,401,Unauthorized,Virtual Users [400 threads] 1-84,text,false,"Review submission returned unexpected status (401 = bad token, 5xx = server error)",255,447,310,310,http://k8s-forkfind-forkfind-8e65d48af1-1990260306.us-east-1.elb.amazonaws.com/restaurants/15/reviews,83,0,0
1777593240760,167,02 - GET /restaurants (search),200,OK,Virtual Users [400 threads] 1-85,text,true,,790,311,309,309,http://k8s-forkfind-forkfind-8e65d48af1-1990260306.us-east-1.elb.amazonaws.com/restaurants?q=pizza&limit=12&sort=rating,167,0,74
1777593210911,30067,01 - POST /auth/user/login,Non HTTP response code: java.net.SocketTimeoutException,Non HTTP response message: Read timed out,Virtual Users [400 threads] 1-88,text,false,Login failed — check credentials in users.csv,2679,0,309,309,http://k8s-forkfind-forkfind-8e65d48af1-1990260306.us-east-1.elb.amazonaws.com/auth/user/login,0,0,65
1777593240836,160,02 - GET /restaurants (search),200,OK,Virtual Users [400 threads] 1-86,text,true,,790,311,309,309,http://k8s-forkfind-forkfind-8e65d48af1-1990260306.us-east-1.elb.amazonaws.com/restaurants?q=pizza&limit=12&sort=rating,160,0,80
1777593240928,73,03 - POST /restaurants/15/reviews,401,Unauthorized,Virtual Users [400 threads] 1-85,text,false,"Review submission returned unexpected status (401 = bad token, 5xx = server error)",255,447,309,309,http://k8s-forkfind-forkfind-8e65d48af1-1990260306.us-east-1.elb.amazonaws.com/restaurants/15/reviews,73,0,0
1777593210984,30069,01 - POST /auth/user/login,Non HTTP response code: java.net.SocketTimeoutException,Non HTTP response message: Read timed out,Virtual Users [400 threads] 1-89,text,false,Login failed — check credentials in users.csv,2679,0,308,308,http://k8s-forkfind-forkfind-8e65d48af1-1990260306.us-east-1.elb.amazonaws.com/auth/user/login,0,0,67
1777593240908,155,02 - GET /restaurants (search),200,OK,Virtual Users [400 threads] 1-87,text,true,,790,311,308,308,http://k8s-forkfind-forkfind-8e65d48af1-1990260306.us-east-1.elb.amazonaws.com/restaurants?q=pizza&limit=12&sort=rating,155,0,71
1777593240997,75,03 - POST /restaurants/15/reviews,401,Unauthorized,Virtual Users [400 threads] 1-86,text,false,"Review submission returned unexpected status (401 = bad token, 5xx = server error)",255,447,308,308,http://k8s-forkfind-forkfind-8e65d48af1-1990260306.us-east-1.elb.amazonaws.com/restaurants/15/reviews,75,0,0
1777593211057,30071,01 - POST /auth/user/login,Non HTTP response code: java.net.SocketTimeoutException,Non HTTP response message: Read timed out,Virtual Users [400 threads] 1-90,text,false,Login failed — check credentials in users.csv,2679,0,307,307,http://k8s-forkfind-forkfind-8e65d48af1-1990260306.us-east-1.elb.amazonaws.com/auth/user/login,0,0,69
1777593241064,83,03 - POST /restaurants/15/reviews,401,Unauthorized,Virtual Users [400 threads] 1-87,text,false,"Review submission returned unexpected status (401 = bad token, 5xx = server error)",255,447,307,307,http://k8s-forkfind-forkfind-8e65d48af1-1990260306.us-east-1.elb.amazonaws.com/restaurants/15/reviews,83,0,0
1777593240980,167,02 - GET /restaurants (search),200,OK,Virtual Users [400 threads] 1-88,text,true,,790,311,307,307,http://k8s-forkfind-forkfind-8e65d48af1-1990260306.us-east-1.elb.amazonaws.com/restaurants?q=pizza&limit=12&sort=rating,167,0,73
1777593211141,30068,01 - POST /auth/user/login,Non HTTP response code: java.net.SocketTimeoutException,Non HTTP response message: Read timed out,Virtual Users [400 threads] 1-91,text,false,Login failed — check credentials in users.csv,2679,0,306,306,http://k8s-forkfind-forkfind-8e65d48af1-1990260306.us-east-1.elb.amazonaws.com/auth/user/login,0,0,66
1777593241055,158,02 - GET /restaurants (search),200,OK,Virtual Users [400 threads] 1-89,text,true,,790,311,306,306,http://k8s-forkfind-forkfind-8e65d48af1-1990260306.us-east-1.elb.amazonaws.com/restaurants?q=pizza&limit=12&sort=rating,158,0,73
1777593241147,80,03 - POST /restaurants/15/reviews,401,Unauthorized,Virtual Users [400 threads] 1-88,text,false,"Review submission returned unexpected status (401 = bad token, 5xx = server error)",255,447,306,306,http://k8s-forkfind-forkfind-8e65d48af1-1990260306.us-east-1.elb.amazonaws.com/restaurants/15/reviews,80,0,0
1777593211211,30067,01 - POST /auth/user/login,Non HTTP response code: java.net.SocketTimeoutException,Non HTTP response message: Read timed out,Virtual Users [400 threads] 1-92,text,false,Login failed — check credentials in users.csv,2679,0,305,305,http://k8s-forkfind-forkfind-8e65d48af1-1990260306.us-east-1.elb.amazonaws.com/auth/user/login,0,0,65
1777593241214,86,03 - POST /restaurants/15/reviews,401,Unauthorized,Virtual Users [400 threads] 1-89,text,false,"Review submission returned unexpected status (401 = bad token, 5xx = server error)",255,447,305,305,http://k8s-forkfind-forkfind-8e65d48af1-1990260306.us-east-1.elb.amazonaws.com/restaurants/15/reviews,86,0,0
1777593241129,185,02 - GET /restaurants (search),200,OK,Virtual Users [400 threads] 1-90,text,true,,790,311,304,304,http://k8s-forkfind-forkfind-8e65d48af1-1990260306.us-east-1.elb.amazonaws.com/restaurants?q=pizza&limit=12&sort=rating,185,0,72
1777593211280,30070,01 - POST /auth/user/login,Non HTTP response code: java.net.SocketTimeoutException,Non HTTP response message: Read timed out,Virtual Users [400 threads] 1-93,text,false,Login failed — check credentials in users.csv,2679,0,304,304,http://k8s-forkfind-forkfind-8e65d48af1-1990260306.us-east-1.elb.amazonaws.com/auth/user/login,0,0,68
1777593241210,160,02 - GET /restaurants (search),200,OK,Virtual Users [400 threads] 1-91,text,true,,790,311,304,304,http://k8s-forkfind-forkfind-8e65d48af1-1990260306.us-east-1.elb.amazonaws.com/restaurants?q=pizza&limit=12&sort=rating,160,0,70
1777593241314,87,03 - POST /restaurants/15/reviews,401,Unauthorized,Virtual Users [400 threads] 1-90,text,false,"Review submission returned unexpected status (401 = bad token, 5xx = server error)",255,447,304,304,http://k8s-forkfind-forkfind-8e65d48af1-1990260306.us-east-1.elb.amazonaws.com/restaurants/15/reviews,87,0,0
1777593211360,30087,01 - POST /auth/user/login,Non HTTP response code: java.net.SocketTimeoutException,Non HTTP response message: Read timed out,Virtual Users [400 threads] 1-94,text,false,Login failed — check credentials in users.csv,2679,0,303,303,http://k8s-forkfind-forkfind-8e65d48af1-1990260306.us-east-1.elb.amazonaws.com/auth/user/login,0,0,85
1777593211431,30077,01 - POST /auth/user/login,Non HTTP response code: java.net.SocketTimeoutException,Non HTTP response message: Read timed out,Virtual Users [400 threads] 1-95,text,false,Login failed — check credentials in users.csv,2679,0,303,303,http://k8s-forkfind-forkfind-8e65d48af1-1990260306.us-east-1.elb.amazonaws.com/auth/user/login,0,0,75
1777593241280,264,02 - GET /restaurants (search),200,OK,Virtual Users [400 threads] 1-92,text,true,,790,311,303,303,http://k8s-forkfind-forkfind-8e65d48af1-1990260306.us-east-1.elb.amazonaws.com/restaurants?q=pizza&limit=12&sort=rating,263,0,70
1777593241370,174,03 - POST /restaurants/15/reviews,401,Unauthorized,Virtual Users [400 threads] 1-91,text,false,"Review submission returned unexpected status (401 = bad token, 5xx = server error)",255,447,303,303,http://k8s-forkfind-forkfind-8e65d48af1-1990260306.us-east-1.elb.amazonaws.com/restaurants/15/reviews,173,0,0
1777593211513,30068,01 - POST /auth/user/login,Non HTTP response code: java.net.SocketTimeoutException,Non HTTP response message: Read timed out,Virtual Users [400 threads] 1-96,text,false,Login failed — check credentials in users.csv,2679,0,302,302,http://k8s-forkfind-forkfind-8e65d48af1-1990260306.us-east-1.elb.amazonaws.com/auth/user/login,0,0,65
1777593241352,240,02 - GET /restaurants (search),200,OK,Virtual Users [400 threads] 1-93,text,true,,790,311,302,302,http://k8s-forkfind-forkfind-8e65d48af1-1990260306.us-east-1.elb.amazonaws.com/restaurants?q=pizza&limit=12&sort=rating,240,0,70
1777593241544,99,03 - POST /restaurants/15/reviews,401,Unauthorized,Virtual Users [400 threads] 1-92,text,false,"Review submission returned unexpected status (401 = bad token, 5xx = server error)",255,447,302,302,http://k8s-forkfind-forkfind-8e65d48af1-1990260306.us-east-1.elb.amazonaws.com/restaurants/15/reviews,99,0,0
1777593241448,208,02 - GET /restaurants (search),200,OK,Virtual Users [400 threads] 1-94,text,true,,790,311,301,301,http://k8s-forkfind-forkfind-8e65d48af1-1990260306.us-east-1.elb.amazonaws.com/restaurants?q=pizza&limit=12&sort=rating,208,0,71
1777593211587,30070,01 - POST /auth/user/login,Non HTTP response code: java.net.SocketTimeoutException,Non HTTP response message: Read timed out,Virtual Users [400 threads] 1-97,text,false,Login failed — check credentials in users.csv,2679,0,301,301,http://k8s-forkfind-forkfind-8e65d48af1-1990260306.us-east-1.elb.amazonaws.com/auth/user/login,0,0,68
1777593241592,121,03 - POST /restaurants/15/reviews,401,Unauthorized,Virtual Users [400 threads] 1-93,text,false,"Review submission returned unexpected status (401 = bad token, 5xx = server error)",255,447,301,301,http://k8s-forkfind-forkfind-8e65d48af1-1990260306.us-east-1.elb.amazonaws.com/restaurants/15/reviews,121,0,0
1777593211662,30073,01 - POST /auth/user/login,Non HTTP response code: java.net.SocketTimeoutException,Non HTTP response message: Read timed out,Virtual Users [400 threads] 1-98,text,false,Login failed — check credentials in users.csv,2679,0,300,300,http://k8s-forkfind-forkfind-8e65d48af1-1990260306.us-east-1.elb.amazonaws.com/auth/user/login,0,0,69
1777593241510,250,02 - GET /restaurants (search),200,OK,Virtual Users [400 threads] 1-95,text,true,,790,311,300,300,http://k8s-forkfind-forkfind-8e65d48af1-1990260306.us-east-1.elb.amazonaws.com/restaurants?q=pizza&limit=12&sort=rating,250,0,71
1777593211740,30073,01 - POST /auth/user/login,Non HTTP response code: java.net.SocketTimeoutException,Non HTTP response message: Read timed out,Virtual Users [400 threads] 1-99,text,false,Login failed — check credentials in users.csv,2679,0,300,300,http://k8s-forkfind-forkfind-8e65d48af1-1990260306.us-east-1.elb.amazonaws.com/auth/user/login,0,0,70
1777593241656,161,03 - POST /restaurants/15/reviews,401,Unauthorized,Virtual Users [400 threads] 1-94,text,false,"Review submission returned unexpected status (401 = bad token, 5xx = server error)",255,447,300,300,http://k8s-forkfind-forkfind-8e65d48af1-1990260306.us-east-1.elb.amazonaws.com/restaurants/15/reviews,161,0,0
1777593211813,30069,01 - POST /auth/user/login,Non HTTP response code: java.net.SocketTimeoutException,Non HTTP response message: Read timed out,Virtual Users [400 threads] 1-100,text,false,Login failed — check credentials in users.csv,2679,0,299,299,http://k8s-forkfind-forkfind-8e65d48af1-1990260306.us-east-1.elb.amazonaws.com/auth/user/login,0,0,67
1777593241582,334,02 - GET /restaurants (search),200,OK,Virtual Users [400 threads] 1-96,text,true,,790,311,299,299,http://k8s-forkfind-forkfind-8e65d48af1-1990260306.us-east-1.elb.amazonaws.com/restaurants?q=pizza&limit=12&sort=rating,334,0,72
1777593241761,155,03 - POST /restaurants/15/reviews,401,Unauthorized,Virtual Users [400 threads] 1-95,text,false,"Review submission returned unexpected status (401 = bad token, 5xx = server error)",255,447,299,299,http://k8s-forkfind-forkfind-8e65d48af1-1990260306.us-east-1.elb.amazonaws.com/restaurants/15/reviews,155,0,0
1777593241657,279,02 - GET /restaurants (search),200,OK,Virtual Users [400 threads] 1-97,text,true,,790,311,298,298,http://k8s-forkfind-forkfind-8e65d48af1-1990260306.us-east-1.elb.amazonaws.com/restaurants?q=pizza&limit=12&sort=rating,279,0,71
1777593211889,30075,01 - POST /auth/user/login,Non HTTP response code: java.net.SocketTimeoutException,Non HTTP response message: Read timed out,Virtual Users [400 threads] 1-101,text,false,Login failed — check credentials in users.csv,2679,0,298,298,http://k8s-forkfind-forkfind-8e65d48af1-1990260306.us-east-1.elb.amazonaws.com/auth/user/login,0,0,72
1777593241736,272,02 - GET /restaurants (search),200,OK,Virtual Users [400 threads] 1-98,text,true,,790,311,298,298,http://k8s-forkfind-forkfind-8e65d48af1-1990260306.us-east-1.elb.amazonaws.com/restaurants?q=pizza&limit=12&sort=rating,272,0,81
1777593241916,93,03 - POST /restaurants/15/reviews,401,Unauthorized,Virtual Users [400 threads] 1-96,text,false,"Review submission returned unexpected status (401 = bad token, 5xx = server error)",255,447,298,298,http://k8s-forkfind-forkfind-8e65d48af1-1990260306.us-east-1.elb.amazonaws.com/restaurants/15/reviews,93,0,0
1777593211960,30069,01 - POST /auth/user/login,Non HTTP response code: java.net.SocketTimeoutException,Non HTTP response message: Read timed out,Virtual Users [400 threads] 1-102,text,false,Login failed — check credentials in users.csv,2679,0,297,297,http://k8s-forkfind-forkfind-8e65d48af1-1990260306.us-east-1.elb.amazonaws.com/auth/user/login,0,0,67
1777593241937,152,03 - POST /restaurants/15/reviews,401,Unauthorized,Virtual Users [400 threads] 1-97,text,false,"Review submission returned unexpected status (401 = bad token, 5xx = server error)",255,447,297,297,http://k8s-forkfind-forkfind-8e65d48af1-1990260306.us-east-1.elb.amazonaws.com/restaurants/15/reviews,152,0,0
1777593212039,30068,01 - POST /auth/user/login,Non HTTP response code: java.net.SocketTimeoutException,Non HTTP response message: Read timed out,Virtual Users [400 threads] 1-103,text,false,Login failed — check credentials in users.csv,2679,0,296,296,http://k8s-forkfind-forkfind-8e65d48af1-1990260306.us-east-1.elb.amazonaws.com/auth/user/login,0,0,66
1777593212114,30068,01 - POST /auth/user/login,Non HTTP response code: java.net.SocketTimeoutException,Non HTTP response message: Read timed out,Virtual Users [400 threads] 1-104,text,false,Login failed — check credentials in users.csv,2679,0,296,296,http://k8s-forkfind-forkfind-8e65d48af1-1990260306.us-east-1.elb.amazonaws.com/auth/user/login,0,0,66
1777593241814,397,02 - GET /restaurants (search),200,OK,Virtual Users [400 threads] 1-99,text,true,,790,311,296,296,http://k8s-forkfind-forkfind-8e65d48af1-1990260306.us-east-1.elb.amazonaws.com/restaurants?q=pizza&limit=12&sort=rating,397,0,101
1777593241883,355,02 - GET /restaurants (search),200,OK,Virtual Users [400 threads] 1-100,text,true,,790,311,296,296,http://k8s-forkfind-forkfind-8e65d48af1-1990260306.us-east-1.elb.amazonaws.com/restaurants?q=pizza&limit=12&sort=rating,355,0,94
1777593242008,230,03 - POST /restaurants/15/reviews,401,Unauthorized,Virtual Users [400 threads] 1-98,text,false,"Review submission returned unexpected status (401 = bad token, 5xx = server error)",255,447,296,296,http://k8s-forkfind-forkfind-8e65d48af1-1990260306.us-east-1.elb.amazonaws.com/restaurants/15/reviews,230,0,0
1777593212185,30072,01 - POST /auth/user/login,Non HTTP response code: java.net.SocketTimeoutException,Non HTTP response message: Read timed out,Virtual Users [400 threads] 1-105,text,false,Login failed — check credentials in users.csv,2679,0,295,295,http://k8s-forkfind-forkfind-8e65d48af1-1990260306.us-east-1.elb.amazonaws.com/auth/user/login,0,0,70
1777593212260,30069,01 - POST /auth/user/login,Non HTTP response code: java.net.SocketTimeoutException,Non HTTP response message: Read timed out,Virtual Users [400 threads] 1-106,text,false,Login failed — check credentials in users.csv,2679,0,295,295,http://k8s-forkfind-forkfind-8e65d48af1-1990260306.us-east-1.elb.amazonaws.com/auth/user/login,0,0,67
1777593242029,350,02 - GET /restaurants (search),200,OK,Virtual Users [400 threads] 1-102,text,true,,790,311,295,295,http://k8s-forkfind-forkfind-8e65d48af1-1990260306.us-east-1.elb.amazonaws.com/restaurants?q=pizza&limit=12&sort=rating,350,0,78
1777593241965,421,02 - GET /restaurants (search),200,OK,Virtual Users [400 threads] 1-101,text,true,,790,311,295,295,http://k8s-forkfind-forkfind-8e65d48af1-1990260306.us-east-1.elb.amazonaws.com/restaurants?q=pizza&limit=12&sort=rating,421,0,78
1777593212337,30078,01 - POST /auth/user/login,Non HTTP response code: java.net.SocketTimeoutException,Non HTTP response message: Read timed out,Virtual Users [400 threads] 1-107,text,false,Login failed — check credentials in users.csv,2679,0,295,295,http://k8s-forkfind-forkfind-8e65d48af1-1990260306.us-east-1.elb.amazonaws.com/auth/user/login,0,0,76
1777593242212,206,03 - POST /restaurants/15/reviews,401,Unauthorized,Virtual Users [400 threads] 1-99,text,false,"Review submission returned unexpected status (401 = bad token, 5xx = server error)",255,447,295,295,http://k8s-forkfind-forkfind-8e65d48af1-1990260306.us-east-1.elb.amazonaws.com/restaurants/15/reviews,206,0,0
1777593242239,179,03 - POST /restaurants/15/reviews,401,Unauthorized,Virtual Users [400 threads] 1-100,text,false,"Review submission returned unexpected status (401 = bad token, 5xx = server error)",255,448,295,295,http://k8s-forkfind-forkfind-8e65d48af1-1990260306.us-east-1.elb.amazonaws.com/restaurants/15/reviews,179,0,0
1777593212414,30071,01 - POST /auth/user/login,Non HTTP response code: java.net.SocketTimeoutException,Non HTTP response message: Read timed out,Virtual Users [400 threads] 1-108,text,false,Login failed — check credentials in users.csv,2679,0,293,293,http://k8s-forkfind-forkfind-8e65d48af1-1990260306.us-east-1.elb.amazonaws.com/auth/user/login,0,0,69
1777593242183,316,02 - GET /restaurants (search),200,OK,Virtual Users [400 threads] 1-104,text,true,,790,311,293,293,http://k8s-forkfind-forkfind-8e65d48af1-1990260306.us-east-1.elb.amazonaws.com/restaurants?q=pizza&limit=12&sort=rating,316,0,77
1777593242108,391,02 - GET /restaurants (search),200,OK,Virtual Users [400 threads] 1-103,text,true,,790,311,293,293,http://k8s-forkfind-forkfind-8e65d48af1-1990260306.us-east-1.elb.amazonaws.com/restaurants?q=pizza&limit=12&sort=rating,391,0,71
1777593242386,149,03 - POST /restaurants/15/reviews,401,Unauthorized,Virtual Users [400 threads] 1-101,text,false,"Review submission returned unexpected status (401 = bad token, 5xx = server error)",255,448,293,293,http://k8s-forkfind-forkfind-8e65d48af1-1990260306.us-east-1.elb.amazonaws.com/restaurants/15/reviews,149,0,0
1777593212487,30068,01 - POST /auth/user/login,Non HTTP response code: java.net.SocketTimeoutException,Non HTTP response message: Read timed out,Virtual Users [400 threads] 1-109,text,false,Login failed — check credentials in users.csv,2679,0,292,292,http://k8s-forkfind-forkfind-8e65d48af1-1990260306.us-east-1.elb.amazonaws.com/auth/user/login,0,0,66
1777593242258,299,02 - GET /restaurants (search),200,OK,Virtual Users [400 threads] 1-105,text,true,,790,311,292,292,http://k8s-forkfind-forkfind-8e65d48af1-1990260306.us-east-1.elb.amazonaws.com/restaurants?q=pizza&limit=12&sort=rating,299,0,83
1777593242379,210,03 - POST /restaurants/15/reviews,401,Unauthorized,Virtual Users [400 threads] 1-102,text,false,"Review submission returned unexpected status (401 = bad token, 5xx = server error)",255,448,292,292,http://k8s-forkfind-forkfind-8e65d48af1-1990260306.us-east-1.elb.amazonaws.com/restaurants/15/reviews,210,0,0
1777593212562,30071,01 - POST /auth/user/login,Non HTTP response code: java.net.SocketTimeoutException,Non HTTP response message: Read timed out,Virtual Users [400 threads] 1-110,text,false,Login failed — check credentials in users.csv,2679,0,291,291,http://k8s-forkfind-forkfind-8e65d48af1-1990260306.us-east-1.elb.amazonaws.com/auth/user/login,0,0,69
1777593242500,189,03 - POST /restaurants/15/reviews,401,Unauthorized,Virtual Users [400 threads] 1-103,text,false,"Review submission returned unexpected status (401 = bad token, 5xx = server error)",255,448,291,291,http://k8s-forkfind-forkfind-8e65d48af1-1990260306.us-east-1.elb.amazonaws.com/restaurants/15/reviews,189,0,0
1777593212636,30070,01 - POST /auth/user/login,Non HTTP response code: java.net.SocketTimeoutException,Non HTTP response message: Read timed out,Virtual Users [400 threads] 1-111,text,false,Login failed — check credentials in users.csv,2679,0,290,290,http://k8s-forkfind-forkfind-8e65d48af1-1990260306.us-east-1.elb.amazonaws.com/auth/user/login,0,0,68
1777593242331,381,02 - GET /restaurants (search),200,OK,Virtual Users [400 threads] 1-106,text,true,,790,311,290,290,http://k8s-forkfind-forkfind-8e65d48af1-1990260306.us-east-1.elb.amazonaws.com/restaurants?q=pizza&limit=12&sort=rating,381,0,74
1777593242558,154,03 - POST /restaurants/15/reviews,401,Unauthorized,Virtual Users [400 threads] 1-105,text,false,"Review submission returned unexpected status (401 = bad token, 5xx = server error)",255,448,290,290,http://k8s-forkfind-forkfind-8e65d48af1-1990260306.us-east-1.elb.amazonaws.com/restaurants/15/reviews,154,0,0
1777593242500,213,03 - POST /restaurants/15/reviews,401,Unauthorized,Virtual Users [400 threads] 1-104,text,false,"Review submission returned unexpected status (401 = bad token, 5xx = server error)",255,448,289,289,http://k8s-forkfind-forkfind-8e65d48af1-1990260306.us-east-1.elb.amazonaws.com/restaurants/15/reviews,213,0,0
1777593242417,315,02 - GET /restaurants (search),200,OK,Virtual Users [400 threads] 1-107,text,true,,790,311,288,288,http://k8s-forkfind-forkfind-8e65d48af1-1990260306.us-east-1.elb.amazonaws.com/restaurants?q=pizza&limit=12&sort=rating,315,0,82
1777593212707,30073,01 - POST /auth/user/login,Non HTTP response code: java.net.SocketTimeoutException,Non HTTP response message: Read timed out,Virtual Users [400 threads] 1-112,text,false,Login failed — check credentials in users.csv,2679,0,288,288,http://k8s-forkfind-forkfind-8e65d48af1-1990260306.us-east-1.elb.amazonaws.com/auth/user/login,0,0,71
1777593242486,314,02 - GET /restaurants (search),200,OK,Virtual Users [400 threads] 1-108,text,true,,790,311,288,288,http://k8s-forkfind-forkfind-8e65d48af1-1990260306.us-east-1.elb.amazonaws.com/restaurants?q=pizza&limit=12&sort=rating,314,0,73
1777593242556,244,02 - GET /restaurants (search),200,OK,Virtual Users [400 threads] 1-109,text,true,,790,311,288,288,http://k8s-forkfind-forkfind-8e65d48af1-1990260306.us-east-1.elb.amazonaws.com/restaurants?q=pizza&limit=12&sort=rating,244,0,82
1777593242712,128,03 - POST /restaurants/15/reviews,401,Unauthorized,Virtual Users [400 threads] 1-106,text,false,"Review submission returned unexpected status (401 = bad token, 5xx = server error)",255,448,288,288,http://k8s-forkfind-forkfind-8e65d48af1-1990260306.us-east-1.elb.amazonaws.com/restaurants/15/reviews,128,0,0
1777593242635,229,02 - GET /restaurants (search),200,OK,Virtual Users [400 threads] 1-110,text,true,,790,311,287,287,http://k8s-forkfind-forkfind-8e65d48af1-1990260306.us-east-1.elb.amazonaws.com/restaurants?q=pizza&limit=12&sort=rating,229,0,75
1777593242732,132,03 - POST /restaurants/15/reviews,401,Unauthorized,Virtual Users [400 threads] 1-107,text,false,"Review submission returned unexpected status (401 = bad token, 5xx = server error)",255,448,287,287,http://k8s-forkfind-forkfind-8e65d48af1-1990260306.us-east-1.elb.amazonaws.com/restaurants/15/reviews,132,0,0
1777593212781,30103,01 - POST /auth/user/login,Non HTTP response code: java.net.SocketTimeoutException,Non HTTP response message: Read timed out,Virtual Users [400 threads] 1-113,text,false,Login failed — check credentials in users.csv,2679,0,286,286,http://k8s-forkfind-forkfind-8e65d48af1-1990260306.us-east-1.elb.amazonaws.com/auth/user/login,0,0,101
1777593242800,126,03 - POST /restaurants/15/reviews,401,Unauthorized,Virtual Users [400 threads] 1-108,text,false,"Review submission returned unexpected status (401 = bad token, 5xx = server error)",255,448,286,286,http://k8s-forkfind-forkfind-8e65d48af1-1990260306.us-east-1.elb.amazonaws.com/restaurants/15/reviews,126,0,0
1777593242800,126,03 - POST /restaurants/15/reviews,401,Unauthorized,Virtual Users [400 threads] 1-109,text,false,"Review submission returned unexpected status (401 = bad token, 5xx = server error)",255,448,286,286,http://k8s-forkfind-forkfind-8e65d48af1-1990260306.us-east-1.elb.amazonaws.com/restaurants/15/reviews,126,0,0
1777593212855,30072,01 - POST /auth/user/login,Non HTTP response code: java.net.SocketTimeoutException,Non HTTP response message: Read timed out,Virtual Users [400 threads] 1-114,text,false,Login failed — check credentials in users.csv,2679,0,284,284,http://k8s-forkfind-forkfind-8e65d48af1-1990260306.us-east-1.elb.amazonaws.com/auth/user/login,0,0,70
1777593242707,226,02 - GET /restaurants (search),200,OK,Virtual Users [400 threads] 1-111,text,true,,790,311,284,284,http://k8s-forkfind-forkfind-8e65d48af1-1990260306.us-east-1.elb.amazonaws.com/restaurants?q=pizza&limit=12&sort=rating,226,0,93
1777593212937,30068,01 - POST /auth/user/login,Non HTTP response code: java.net.SocketTimeoutException,Non HTTP response message: Read timed out,Virtual Users [400 threads] 1-115,text,false,Login failed — check credentials in users.csv,2679,0,284,284,http://k8s-forkfind-forkfind-8e65d48af1-1990260306.us-east-1.elb.amazonaws.com/auth/user/login,0,0,65
1777593242865,140,03 - POST /restaurants/15/reviews,401,Unauthorized,Virtual Users [400 threads] 1-110,text,false,"Review submission returned unexpected status (401 = bad token, 5xx = server error)",255,448,284,284,http://k8s-forkfind-forkfind-8e65d48af1-1990260306.us-east-1.elb.amazonaws.com/restaurants/15/reviews,140,0,0
1777593242933,126,03 - POST /restaurants/15/reviews,401,Unauthorized,Virtual Users [400 threads] 1-111,text,false,"Review submission returned unexpected status (401 = bad token, 5xx = server error)",255,448,283,283,http://k8s-forkfind-forkfind-8e65d48af1-1990260306.us-east-1.elb.amazonaws.com/restaurants/15/reviews,126,0,0
1777593213008,30070,01 - POST /auth/user/login,Non HTTP response code: java.net.SocketTimeoutException,Non HTTP response message: Read timed out,Virtual Users [400 threads] 1-116,text,false,Login failed — check credentials in users.csv,2679,0,282,282,http://k8s-forkfind-forkfind-8e65d48af1-1990260306.us-east-1.elb.amazonaws.com/auth/user/login,0,0,68
1777593242781,300,02 - GET /restaurants (search),200,OK,Virtual Users [400 threads] 1-112,text,true,,790,311,282,282,http://k8s-forkfind-forkfind-8e65d48af1-1990260306.us-east-1.elb.amazonaws.com/restaurants?q=pizza&limit=12&sort=rating,300,0,83
1777593242885,259,02 - GET /restaurants (search),200,OK,Virtual Users [400 threads] 1-113,text,true,,790,311,282,282,http://k8s-forkfind-forkfind-8e65d48af1-1990260306.us-east-1.elb.amazonaws.com/restaurants?q=pizza&limit=12&sort=rating,259,0,75
1777593213085,30067,01 - POST /auth/user/login,Non HTTP response code: java.net.SocketTimeoutException,Non HTTP response message: Read timed out,Virtual Users [400 threads] 1-117,text,false,Login failed — check credentials in users.csv,2679,0,282,282,http://k8s-forkfind-forkfind-8e65d48af1-1990260306.us-east-1.elb.amazonaws.com/auth/user/login,0,0,65
1777593242928,231,02 - GET /restaurants (search),200,OK,Virtual Users [400 threads] 1-114,text,true,,790,311,282,282,http://k8s-forkfind-forkfind-8e65d48af1-1990260306.us-east-1.elb.amazonaws.com/restaurants?q=pizza&limit=12&sort=rating,231,0,77
1777593243083,92,03 - POST /restaurants/15/reviews,401,Unauthorized,Virtual Users [400 threads] 1-112,text,false,"Review submission returned unexpected status (401 = bad token, 5xx = server error)",255,448,282,282,http://k8s-forkfind-forkfind-8e65d48af1-1990260306.us-east-1.elb.amazonaws.com/restaurants/15/reviews,92,0,0
1777593243006,189,02 - GET /restaurants (search),200,OK,Virtual Users [400 threads] 1-115,text,true,,790,311,281,281,http://k8s-forkfind-forkfind-8e65d48af1-1990260306.us-east-1.elb.amazonaws.com/restaurants?q=pizza&limit=12&sort=rating,189,0,75
1777593213160,30070,01 - POST /auth/user/login,Non HTTP response code: java.net.SocketTimeoutException,Non HTTP response message: Read timed out,Virtual Users [400 threads] 1-118,text,false,Login failed — check credentials in users.csv,2679,0,281,281,http://k8s-forkfind-forkfind-8e65d48af1-1990260306.us-east-1.elb.amazonaws.com/auth/user/login,0,0,68
1777593243145,89,03 - POST /restaurants/15/reviews,401,Unauthorized,Virtual Users [400 threads] 1-113,text,false,"Review submission returned unexpected status (401 = bad token, 5xx = server error)",255,448,281,281,http://k8s-forkfind-forkfind-8e65d48af1-1990260306.us-east-1.elb.amazonaws.com/restaurants/15/reviews,89,0,0
1777593243159,83,03 - POST /restaurants/15/reviews,401,Unauthorized,Virtual Users [400 threads] 1-114,text,false,"Review submission returned unexpected status (401 = bad token, 5xx = server error)",255,448,280,280,http://k8s-forkfind-forkfind-8e65d48af1-1990260306.us-east-1.elb.amazonaws.com/restaurants/15/reviews,83,0,0
1777593243080,173,02 - GET /restaurants (search),200,OK,Virtual Users [400 threads] 1-116,text,true,,790,311,279,279,http://k8s-forkfind-forkfind-8e65d48af1-1990260306.us-east-1.elb.amazonaws.com/restaurants?q=pizza&limit=12&sort=rating,173,0,73
1777593243196,75,03 - POST /restaurants/15/reviews,Non HTTP response code: java.net.SocketException,Non HTTP response message: Connection reset,Virtual Users [400 threads] 1-115,text,false,"Review submission returned unexpected status (401 = bad token, 5xx = server error)",2601,0,279,279,http://k8s-forkfind-forkfind-8e65d48af1-1990260306.us-east-1.elb.amazonaws.com/restaurants/15/reviews,0,0,0
1777593213232,30069,01 - POST /auth/user/login,Non HTTP response code: java.net.SocketTimeoutException,Non HTTP response message: Read timed out,Virtual Users [400 threads] 1-119,text,false,Login failed — check credentials in users.csv,2679,0,278,278,http://k8s-forkfind-forkfind-8e65d48af1-1990260306.us-east-1.elb.amazonaws.com/auth/user/login,0,0,66
1777593243153,173,02 - GET /restaurants (search),200,OK,Virtual Users [400 threads] 1-117,text,true,,790,311,278,278,http://k8s-forkfind-forkfind-8e65d48af1-1990260306.us-east-1.elb.amazonaws.com/restaurants?q=pizza&limit=12&sort=rating,173,0,73
1777593243254,75,03 - POST /restaurants/15/reviews,Non HTTP response code: java.net.SocketException,Non HTTP response message: Connection reset,Virtual Users [400 threads] 1-116,text,false,"Review submission returned unexpected status (401 = bad token, 5xx = server error)",2601,0,278,278,http://k8s-forkfind-forkfind-8e65d48af1-1990260306.us-east-1.elb.amazonaws.com/restaurants/15/reviews,0,0,0
1777593213311,30073,01 - POST /auth/user/login,Non HTTP response code: java.net.SocketTimeoutException,Non HTTP response message: Read timed out,Virtual Users [400 threads] 1-120,text,false,Login failed — check credentials in users.csv,2679,0,277,277,http://k8s-forkfind-forkfind-8e65d48af1-1990260306.us-east-1.elb.amazonaws.com/auth/user/login,0,0,70
1777593243327,80,03 - POST /restaurants/15/reviews,Non HTTP response code: java.net.SocketException,Non HTTP response message: Connection reset,Virtual Users [400 threads] 1-117,text,false,"Review submission returned unexpected status (401 = bad token, 5xx = server error)",2601,0,277,277,http://k8s-forkfind-forkfind-8e65d48af1-1990260306.us-east-1.elb.amazonaws.com/restaurants/15/reviews,0,0,0
1777593243231,198,02 - GET /restaurants (search),200,OK,Virtual Users [400 threads] 1-118,text,true,,790,311,276,276,http://k8s-forkfind-forkfind-8e65d48af1-1990260306.us-east-1.elb.amazonaws.com/restaurants?q=pizza&limit=12&sort=rating,198,0,78
1777593213387,30069,01 - POST /auth/user/login,Non HTTP response code: java.net.SocketTimeoutException,Non HTTP response message: Read timed out,Virtual Users [400 threads] 1-121,text,false,Login failed — check credentials in users.csv,2679,0,276,276,http://k8s-forkfind-forkfind-8e65d48af1-1990260306.us-east-1.elb.amazonaws.com/auth/user/login,0,0,68
1777593213459,30071,01 - POST /auth/user/login,Non HTTP response code: java.net.SocketTimeoutException,Non HTTP response message: Read timed out,Virtual Users [400 threads] 1-122,text,false,Login failed — check credentials in users.csv,2679,0,276,276,http://k8s-forkfind-forkfind-8e65d48af1-1990260306.us-east-1.elb.amazonaws.com/auth/user/login,0,0,69
1777593243301,232,02 - GET /restaurants (search),200,OK,Virtual Users [400 threads] 1-119,text,true,,790,311,276,276,http://k8s-forkfind-forkfind-8e65d48af1-1990260306.us-east-1.elb.amazonaws.com/restaurants?q=pizza&limit=12&sort=rating,232,0,71
1777593243429,104,03 - POST /restaurants/15/reviews,Non HTTP response code: java.net.SocketException,Non HTTP response message: Connection reset,Virtual Users [400 threads] 1-118,text,false,"Review submission returned unexpected status (401 = bad token, 5xx = server error)",2601,0,276,276,http://k8s-forkfind-forkfind-8e65d48af1-1990260306.us-east-1.elb.amazonaws.com/restaurants/15/reviews,0,0,0
1777593243385,175,02 - GET /restaurants (search),200,OK,Virtual Users [400 threads] 1-120,text,true,,790,311,275,275,http://k8s-forkfind-forkfind-8e65d48af1-1990260306.us-east-1.elb.amazonaws.com/restaurants?q=pizza&limit=12&sort=rating,175,0,74
1777593213535,30070,01 - POST /auth/user/login,Non HTTP response code: java.net.SocketTimeoutException,Non HTTP response message: Read timed out,Virtual Users [400 threads] 1-123,text,false,Login failed — check credentials in users.csv,2679,0,275,275,http://k8s-forkfind-forkfind-8e65d48af1-1990260306.us-east-1.elb.amazonaws.com/auth/user/login,0,0,68
1777593243533,82,03 - POST /restaurants/15/reviews,Non HTTP response code: java.net.SocketException,Non HTTP response message: Connection reset,Virtual Users [400 threads] 1-119,text,false,"Review submission returned unexpected status (401 = bad token, 5xx = server error)",2601,0,275,275,http://k8s-forkfind-forkfind-8e65d48af1-1990260306.us-east-1.elb.amazonaws.com/restaurants/15/reviews,0,0,0
1777593243458,165,02 - GET /restaurants (search),200,OK,Virtual Users [400 threads] 1-121,text,true,,790,311,274,274,http://k8s-forkfind-forkfind-8e65d48af1-1990260306.us-east-1.elb.amazonaws.com/restaurants?q=pizza&limit=12&sort=rating,165,0,75
1777593243560,82,03 - POST /restaurants/15/reviews,Non HTTP response code: java.net.SocketException,Non HTTP response message: Connection reset,Virtual Users [400 threads] 1-120,text,false,"Review submission returned unexpected status (401 = bad token, 5xx = server error)",2601,0,274,274,http://k8s-forkfind-forkfind-8e65d48af1-1990260306.us-east-1.elb.amazonaws.com/restaurants/15/reviews,0,0,0
1777593213607,30072,01 - POST /auth/user/login,Non HTTP response code: java.net.SocketTimeoutException,Non HTTP response message: Read timed out,Virtual Users [400 threads] 1-124,text,false,Login failed — check credentials in users.csv,2679,0,273,273,http://k8s-forkfind-forkfind-8e65d48af1-1990260306.us-east-1.elb.amazonaws.com/auth/user/login,0,0,70
1777593243530,214,02 - GET /restaurants (search),200,OK,Virtual Users [400 threads] 1-122,text,true,,790,311,273,273,http://k8s-forkfind-forkfind-8e65d48af1-1990260306.us-east-1.elb.amazonaws.com/restaurants?q=pizza&limit=12&sort=rating,214,0,73
1777593243624,121,03 - POST /restaurants/15/reviews,Non HTTP response code: java.net.SocketException,Non HTTP response message: Connection reset,Virtual Users [400 threads] 1-121,text,false,"Review submission returned unexpected status (401 = bad token, 5xx = server error)",2601,0,273,273,http://k8s-forkfind-forkfind-8e65d48af1-1990260306.us-east-1.elb.amazonaws.com/restaurants/15/reviews,0,0,0
1777593213684,30077,01 - POST /auth/user/login,Non HTTP response code: java.net.SocketTimeoutException,Non HTTP response message: Read timed out,Virtual Users [400 threads] 1-125,text,false,Login failed — check credentials in users.csv,2679,0,272,272,http://k8s-forkfind-forkfind-8e65d48af1-1990260306.us-east-1.elb.amazonaws.com/auth/user/login,0,0,75
1777593243606,179,02 - GET /restaurants (search),200,OK,Virtual Users [400 threads] 1-123,text,true,,790,311,272,272,http://k8s-forkfind-forkfind-8e65d48af1-1990260306.us-east-1.elb.amazonaws.com/restaurants?q=pizza&limit=12&sort=rating,179,0,73
1777593213754,30075,01 - POST /auth/user/login,Non HTTP response code: java.net.SocketTimeoutException,Non HTTP response message: Read timed out,Virtual Users [400 threads] 1-126,text,false,Login failed — check credentials in users.csv,2679,0,272,272,http://k8s-forkfind-forkfind-8e65d48af1-1990260306.us-east-1.elb.amazonaws.com/auth/user/login,0,0,73
1777593243744,89,03 - POST /restaurants/15/reviews,Non HTTP response code: java.net.SocketException,Non HTTP response message: Connection reset,Virtual Users [400 threads] 1-122,text,false,"Review submission returned unexpected status (401 = bad token, 5xx = server error)",2601,0,272,272,http://k8s-forkfind-forkfind-8e65d48af1-1990260306.us-east-1.elb.amazonaws.com/restaurants/15/reviews,0,0,0
1777593243786,96,03 - POST /restaurants/15/reviews,Non HTTP response code: java.net.SocketException,Non HTTP response message: Connection reset,Virtual Users [400 threads] 1-123,text,false,"Review submission returned unexpected status (401 = bad token, 5xx = server error)",2601,0,271,271,http://k8s-forkfind-forkfind-8e65d48af1-1990260306.us-east-1.elb.amazonaws.com/restaurants/15/reviews,0,0,0
1777593243679,208,02 - GET /restaurants (search),200,OK,Virtual Users [400 threads] 1-124,text,true,,790,311,270,270,http://k8s-forkfind-forkfind-8e65d48af1-1990260306.us-east-1.elb.amazonaws.com/restaurants?q=pizza&limit=12&sort=rating,208,0,74
1777593213833,30071,01 - POST /auth/user/login,Non HTTP response code: java.net.SocketTimeoutException,Non HTTP response message: Read timed out,Virtual Users [400 threads] 1-127,text,false,Login failed — check credentials in users.csv,2679,0,270,270,http://k8s-forkfind-forkfind-8e65d48af1-1990260306.us-east-1.elb.amazonaws.com/auth/user/login,0,0,69
1777593213908,30067,01 - POST /auth/user/login,Non HTTP response code: java.net.SocketTimeoutException,Non HTTP response message: Read timed out,Virtual Users [400 threads] 1-128,text,false,Login failed — check credentials in users.csv,2679,0,270,270,http://k8s-forkfind-forkfind-8e65d48af1-1990260306.us-east-1.elb.amazonaws.com/auth/user/login,0,0,65
1777593243762,214,02 - GET /restaurants (search),200,OK,Virtual Users [400 threads] 1-125,text,true,,790,311,270,270,http://k8s-forkfind-forkfind-8e65d48af1-1990260306.us-east-1.elb.amazonaws.com/restaurants?q=pizza&limit=12&sort=rating,214,0,92
1777593243887,89,03 - POST /restaurants/15/reviews,Non HTTP response code: java.net.SocketException,Non HTTP response message: Connection reset,Virtual Users [400 threads] 1-124,text,false,"Review submission returned unexpected status (401 = bad token, 5xx = server error)",2601,0,270,270,http://k8s-forkfind-forkfind-8e65d48af1-1990260306.us-east-1.elb.amazonaws.com/restaurants/15/reviews,0,0,0
1777593243830,158,02 - GET /restaurants (search),200,OK,Virtual Users [400 threads] 1-126,text,true,,790,311,269,269,http://k8s-forkfind-forkfind-8e65d48af1-1990260306.us-east-1.elb.amazonaws.com/restaurants?q=pizza&limit=12&sort=rating,158,0,75
1777593213985,30071,01 - POST /auth/user/login,Non HTTP response code: java.net.SocketTimeoutException,Non HTTP response message: Read timed out,Virtual Users [400 threads] 1-129,text,false,Login failed — check credentials in users.csv,2679,0,269,269,http://k8s-forkfind-forkfind-8e65d48af1-1990260306.us-east-1.elb.amazonaws.com/auth/user/login,0,0,70
1777593243976,82,03 - POST /restaurants/15/reviews,Non HTTP response code: java.net.SocketException,Non HTTP response message: Connection reset,Virtual Users [400 threads] 1-125,text,false,"Review submission returned unexpected status (401 = bad token, 5xx = server error)",2601,0,269,269,http://k8s-forkfind-forkfind-8e65d48af1-1990260306.us-east-1.elb.amazonaws.com/restaurants/15/reviews,0,0,0
1777593243988,77,03 - POST /restaurants/15/reviews,Non HTTP response code: java.net.SocketException,Non HTTP response message: Connection reset,Virtual Users [400 threads] 1-126,text,false,"Review submission returned unexpected status (401 = bad token, 5xx = server error)",2601,0,268,268,http://k8s-forkfind-forkfind-8e65d48af1-1990260306.us-east-1.elb.amazonaws.com/restaurants/15/reviews,0,0,0
1777593214059,30067,01 - POST /auth/user/login,Non HTTP response code: java.net.SocketTimeoutException,Non HTTP response message: Read timed out,Virtual Users [400 threads] 1-130,text,false,Login failed — check credentials in users.csv,2679,0,267,267,http://k8s-forkfind-forkfind-8e65d48af1-1990260306.us-east-1.elb.amazonaws.com/auth/user/login,0,0,65
1777593243904,244,02 - GET /restaurants (search),200,OK,Virtual Users [400 threads] 1-127,text,true,,790,311,267,267,http://k8s-forkfind-forkfind-8e65d48af1-1990260306.us-east-1.elb.amazonaws.com/restaurants?q=pizza&limit=12&sort=rating,244,0,75
1777593243976,174,02 - GET /restaurants (search),200,OK,Virtual Users [400 threads] 1-128,text,true,,790,311,267,267,http://k8s-forkfind-forkfind-8e65d48af1-1990260306.us-east-1.elb.amazonaws.com/restaurants?q=pizza&limit=12&sort=rating,174,0,69
1777593214135,30088,01 - POST /auth/user/login,Non HTTP response code: java.net.SocketTimeoutException,Non HTTP response message: Read timed out,Virtual Users [400 threads] 1-131,text,false,Login failed — check credentials in users.csv,2679,0,267,267,http://k8s-forkfind-forkfind-8e65d48af1-1990260306.us-east-1.elb.amazonaws.com/auth/user/login,0,0,87
1777593244057,173,02 - GET /restaurants (search),200,OK,Virtual Users [400 threads] 1-129,text,true,,790,311,267,267,http://k8s-forkfind-forkfind-8e65d48af1-1990260306.us-east-1.elb.amazonaws.com/restaurants?q=pizza&limit=12&sort=rating,173,0,71
1777593244151,79,03 - POST /restaurants/15/reviews,Non HTTP response code: java.net.SocketException,Non HTTP response message: Connection reset,Virtual Users [400 threads] 1-128,text,false,"Review submission returned unexpected status (401 = bad token, 5xx = server error)",2601,0,267,267,http://k8s-forkfind-forkfind-8e65d48af1-1990260306.us-east-1.elb.amazonaws.com/restaurants/15/reviews,0,0,0
1777593244149,81,03 - POST /restaurants/15/reviews,Non HTTP response code: java.net.SocketException,Non HTTP response message: Connection reset,Virtual Users [400 threads] 1-127,text,false,"Review submission returned unexpected status (401 = bad token, 5xx = server error)",2601,0,267,267,http://k8s-forkfind-forkfind-8e65d48af1-1990260306.us-east-1.elb.amazonaws.com/restaurants/15/reviews,0,0,0
1777593214208,30068,01 - POST /auth/user/login,Non HTTP response code: java.net.SocketTimeoutException,Non HTTP response message: Read timed out,Virtual Users [400 threads] 1-132,text,false,Login failed — check credentials in users.csv,2679,0,265,265,http://k8s-forkfind-forkfind-8e65d48af1-1990260306.us-east-1.elb.amazonaws.com/auth/user/login,0,0,66
1777593214283,30070,01 - POST /auth/user/login,Non HTTP response code: java.net.SocketTimeoutException,Non HTTP response message: Read timed out,Virtual Users [400 threads] 1-133,text,false,Login failed — check credentials in users.csv,2679,0,265,265,http://k8s-forkfind-forkfind-8e65d48af1-1990260306.us-east-1.elb.amazonaws.com/auth/user/login,0,0,68
1777593244231,131,03 - POST /restaurants/15/reviews,Non HTTP response code: java.net.SocketException,Non HTTP response message: Connection reset,Virtual Users [400 threads] 1-129,text,false,"Review submission returned unexpected status (401 = bad token, 5xx = server error)",2601,0,265,265,http://k8s-forkfind-forkfind-8e65d48af1-1990260306.us-east-1.elb.amazonaws.com/restaurants/15/reviews,0,0,0
1777593244127,236,02 - GET /restaurants (search),200,OK,Virtual Users [400 threads] 1-130,text,true,,790,311,265,265,http://k8s-forkfind-forkfind-8e65d48af1-1990260306.us-east-1.elb.amazonaws.com/restaurants?q=pizza&limit=12&sort=rating,236,0,78
1777593244224,180,02 - GET /restaurants (search),200,OK,Virtual Users [400 threads] 1-131,text,true,,790,311,264,264,http://k8s-forkfind-forkfind-8e65d48af1-1990260306.us-east-1.elb.amazonaws.com/restaurants?q=pizza&limit=12&sort=rating,180,0,84
1777593214352,30081,01 - POST /auth/user/login,Non HTTP response code: java.net.SocketTimeoutException,Non HTTP response message: Read timed out,Virtual Users [400 threads] 1-134,text,false,Login failed — check credentials in users.csv,2679,0,264,264,http://k8s-forkfind-forkfind-8e65d48af1-1990260306.us-east-1.elb.amazonaws.com/auth/user/login,0,0,80
1777593244363,76,03 - POST /restaurants/15/reviews,Non HTTP response code: java.net.SocketException,Non HTTP response message: Connection reset,Virtual Users [400 threads] 1-130,text,false,"Review submission returned unexpected status (401 = bad token, 5xx = server error)",2601,0,264,264,http://k8s-forkfind-forkfind-8e65d48af1-1990260306.us-east-1.elb.amazonaws.com/restaurants/15/reviews,0,0,0
1777593244277,190,02 - GET /restaurants (search),200,OK,Virtual Users [400 threads] 1-132,text,true,,790,311,263,263,http://k8s-forkfind-forkfind-8e65d48af1-1990260306.us-east-1.elb.amazonaws.com/restaurants?q=pizza&limit=12&sort=rating,190,0,85
1777593244405,73,03 - POST /restaurants/15/reviews,Non HTTP response code: java.net.SocketException,Non HTTP response message: Connection reset,Virtual Users [400 threads] 1-131,text,false,"Review submission returned unexpected status (401 = bad token, 5xx = server error)",2601,0,263,263,http://k8s-forkfind-forkfind-8e65d48af1-1990260306.us-east-1.elb.amazonaws.com/restaurants/15/reviews,0,0,0
1777593214434,30076,01 - POST /auth/user/login,Non HTTP response code: java.net.SocketTimeoutException,Non HTTP response message: Read timed out,Virtual Users [400 threads] 1-135,text,false,Login failed — check credentials in users.csv,2679,0,262,262,http://k8s-forkfind-forkfind-8e65d48af1-1990260306.us-east-1.elb.amazonaws.com/auth/user/login,0,0,74
1777593244354,177,02 - GET /restaurants (search),200,OK,Virtual Users [400 threads] 1-133,text,true,,790,311,262,262,http://k8s-forkfind-forkfind-8e65d48af1-1990260306.us-east-1.elb.amazonaws.com/restaurants?q=pizza&limit=12&sort=rating,177,0,71
1777593244468,90,03 - POST /restaurants/15/reviews,Non HTTP response code: java.net.SocketException,Non HTTP response message: Connection reset,Virtual Users [400 threads] 1-132,text,false,"Review submission returned unexpected status (401 = bad token, 5xx = server error)",2601,0,262,262,http://k8s-forkfind-forkfind-8e65d48af1-1990260306.us-east-1.elb.amazonaws.com/restaurants/15/reviews,0,0,0
1777593214506,30069,01 - POST /auth/user/login,Non HTTP response code: java.net.SocketTimeoutException,Non HTTP response message: Read timed out,Virtual Users [400 threads] 1-136,text,false,Login failed — check credentials in users.csv,2679,0,261,261,http://k8s-forkfind-forkfind-8e65d48af1-1990260306.us-east-1.elb.amazonaws.com/auth/user/login,0,0,67
1777593244434,185,02 - GET /restaurants (search),200,OK,Virtual Users [400 threads] 1-134,text,true,,790,311,261,261,http://k8s-forkfind-forkfind-8e65d48af1-1990260306.us-east-1.elb.amazonaws.com/restaurants?q=pizza&limit=12&sort=rating,185,0,71
1777593244532,87,03 - POST /restaurants/15/reviews,Non HTTP response code: java.net.SocketException,Non HTTP response message: Connection reset,Virtual Users [400 threads] 1-133,text,false,"Review submission returned unexpected status (401 = bad token, 5xx = server error)",2601,0,261,261,http://k8s-forkfind-forkfind-8e65d48af1-1990260306.us-east-1.elb.amazonaws.com/restaurants/15/reviews,0,0,0
1777593214581,30072,01 - POST /auth/user/login,Non HTTP response code: java.net.SocketTimeoutException,Non HTTP response message: Read timed out,Virtual Users [400 threads] 1-137,text,false,Login failed — check credentials in users.csv,2679,0,260,260,http://k8s-forkfind-forkfind-8e65d48af1-1990260306.us-east-1.elb.amazonaws.com/auth/user/login,0,0,70
1777593244620,74,03 - POST /restaurants/15/reviews,Non HTTP response code: java.net.SocketException,Non HTTP response message: Connection reset,Virtual Users [400 threads] 1-134,text,false,"Review submission returned unexpected status (401 = bad token, 5xx = server error)",2601,0,260,260,http://k8s-forkfind-forkfind-8e65d48af1-1990260306.us-east-1.elb.amazonaws.com/restaurants/15/reviews,0,0,0
1777593214652,30069,01 - POST /auth/user/login,Non HTTP response code: java.net.SocketTimeoutException,Non HTTP response message: Read timed out,Virtual Users [400 threads] 1-138,text,false,Login failed — check credentials in users.csv,2679,0,259,259,http://k8s-forkfind-forkfind-8e65d48af1-1990260306.us-east-1.elb.amazonaws.com/auth/user/login,0,0,67
1777593244510,221,02 - GET /restaurants (search),200,OK,Virtual Users [400 threads] 1-135,text,true,,790,311,259,259,http://k8s-forkfind-forkfind-8e65d48af1-1990260306.us-east-1.elb.amazonaws.com/restaurants?q=pizza&limit=12&sort=rating,221,0,84
1777593244576,162,02 - GET /restaurants (search),200,OK,Virtual Users [400 threads] 1-136,text,true,,790,311,259,259,http://k8s-forkfind-forkfind-8e65d48af1-1990260306.us-east-1.elb.amazonaws.com/restaurants?q=pizza&limit=12&sort=rating,162,0,74
1777593214722,30066,01 - POST /auth/user/login,Non HTTP response code: java.net.SocketTimeoutException,Non HTTP response message: Read timed out,Virtual Users [400 threads] 1-139,text,false,Login failed — check credentials in users.csv,2679,0,259,259,http://k8s-forkfind-forkfind-8e65d48af1-1990260306.us-east-1.elb.amazonaws.com/auth/user/login,0,0,64
1777593244731,88,03 - POST /restaurants/15/reviews,Non HTTP response code: java.net.SocketException,Non HTTP response message: Connection reset,Virtual Users [400 threads] 1-135,text,false,"Review submission returned unexpected status (401 = bad token, 5xx = server error)",2601,0,259,259,http://k8s-forkfind-forkfind-8e65d48af1-1990260306.us-east-1.elb.amazonaws.com/restaurants/15/reviews,0,0,0
1777593244738,83,03 - POST /restaurants/15/reviews,Non HTTP response code: java.net.SocketException,Non HTTP response message: Connection reset,Virtual Users [400 threads] 1-136,text,false,"Review submission returned unexpected status (401 = bad token, 5xx = server error)",2601,0,258,258,http://k8s-forkfind-forkfind-8e65d48af1-1990260306.us-east-1.elb.amazonaws.com/restaurants/15/reviews,0,0,0
1777593244654,168,02 - GET /restaurants (search),200,OK,Virtual Users [400 threads] 1-137,text,true,,790,311,257,257,http://k8s-forkfind-forkfind-8e65d48af1-1990260306.us-east-1.elb.amazonaws.com/restaurants?q=pizza&limit=12&sort=rating,168,0,76
1777593214799,30067,01 - POST /auth/user/login,Non HTTP response code: java.net.SocketTimeoutException,Non HTTP response message: Read timed out,Virtual Users [400 threads] 1-140,text,false,Login failed — check credentials in users.csv,2679,0,257,257,http://k8s-forkfind-forkfind-8e65d48af1-1990260306.us-east-1.elb.amazonaws.com/auth/user/login,0,0,66
1777593244823,84,03 - POST /restaurants/15/reviews,Non HTTP response code: java.net.SocketException,Non HTTP response message: Connection reset,Virtual Users [400 threads] 1-137,text,false,"Review submission returned unexpected status (401 = bad token, 5xx = server error)",2601,0,257,257,http://k8s-forkfind-forkfind-8e65d48af1-1990260306.us-east-1.elb.amazonaws.com/restaurants/15/reviews,0,0,0
1777593244722,198,02 - GET /restaurants (search),200,OK,Virtual Users [400 threads] 1-138,text,true,,790,311,256,256,http://k8s-forkfind-forkfind-8e65d48af1-1990260306.us-east-1.elb.amazonaws.com/restaurants?q=pizza&limit=12&sort=rating,198,0,72
1777593244789,150,02 - GET /restaurants (search),200,OK,Virtual Users [400 threads] 1-139,text,true,,790,311,256,256,http://k8s-forkfind-forkfind-8e65d48af1-1990260306.us-east-1.elb.amazonaws.com/restaurants?q=pizza&limit=12&sort=rating,150,0,71
1777593214874,30078,01 - POST /auth/user/login,Non HTTP response code: java.net.SocketTimeoutException,Non HTTP response message: Read timed out,Virtual Users [400 threads] 1-141,text,false,Login failed — check credentials in users.csv,2679,0,256,256,http://k8s-forkfind-forkfind-8e65d48af1-1990260306.us-east-1.elb.amazonaws.com/auth/user/login,0,0,76
1777593244920,74,03 - POST /restaurants/15/reviews,Non HTTP response code: java.net.SocketException,Non HTTP response message: Connection reset,Virtual Users [400 threads] 1-138,text,false,"Review submission returned unexpected status (401 = bad token, 5xx = server error)",2601,0,256,256,http://k8s-forkfind-forkfind-8e65d48af1-1990260306.us-east-1.elb.amazonaws.com/restaurants/15/reviews,0,0,0
1777593244939,85,03 - POST /restaurants/15/reviews,Non HTTP response code: java.net.SocketException,Non HTTP response message: Connection reset,Virtual Users [400 threads] 1-139,text,false,"Review submission returned unexpected status (401 = bad token, 5xx = server error)",2601,0,255,255,http://k8s-forkfind-forkfind-8e65d48af1-1990260306.us-east-1.elb.amazonaws.com/restaurants/15/reviews,0,0,0
1777593214948,30078,01 - POST /auth/user/login,Non HTTP response code: java.net.SocketTimeoutException,Non HTTP response message: Read timed out,Virtual Users [400 threads] 1-142,text,false,Login failed — check credentials in users.csv,2679,0,254,254,http://k8s-forkfind-forkfind-8e65d48af1-1990260306.us-east-1.elb.amazonaws.com/auth/user/login,0,0,76
1777593244867,166,02 - GET /restaurants (search),200,OK,Virtual Users [400 threads] 1-140,text,true,,790,311,254,254,http://k8s-forkfind-forkfind-8e65d48af1-1990260306.us-east-1.elb.amazonaws.com/restaurants?q=pizza&limit=12&sort=rating,166,0,74
1777593215028,30068,01 - POST /auth/user/login,Non HTTP response code: java.net.SocketTimeoutException,Non HTTP response message: Read timed out,Virtual Users [400 threads] 1-143,text,false,Login failed — check credentials in users.csv,2679,0,254,254,http://k8s-forkfind-forkfind-8e65d48af1-1990260306.us-east-1.elb.amazonaws.com/auth/user/login,0,0,66
1777593244953,165,02 - GET /restaurants (search),200,OK,Virtual Users [400 threads] 1-141,text,true,,790,311,254,254,http://k8s-forkfind-forkfind-8e65d48af1-1990260306.us-east-1.elb.amazonaws.com/restaurants?q=pizza&limit=12&sort=rating,165,0,71
1777593245034,84,03 - POST /restaurants/15/reviews,Non HTTP response code: java.net.SocketException,Non HTTP response message: Connection reset,Virtual Users [400 threads] 1-140,text,false,"Review submission returned unexpected status (401 = bad token, 5xx = server error)",2601,0,254,254,http://k8s-forkfind-forkfind-8e65d48af1-1990260306.us-east-1.elb.amazonaws.com/restaurants/15/reviews,0,0,0
1777593215100,30070,01 - POST /auth/user/login,Non HTTP response code: java.net.SocketTimeoutException,Non HTTP response message: Read timed out,Virtual Users [400 threads] 1-144,text,false,Login failed — check credentials in users.csv,2679,0,253,253,http://k8s-forkfind-forkfind-8e65d48af1-1990260306.us-east-1.elb.amazonaws.com/auth/user/login,0,0,68
1777593245118,77,03 - POST /restaurants/15/reviews,Non HTTP response code: java.net.SocketException,Non HTTP response message: Connection reset,Virtual Users [400 threads] 1-141,text,false,"Review submission returned unexpected status (401 = bad token, 5xx = server error)",2601,0,253,253,http://k8s-forkfind-forkfind-8e65d48af1-1990260306.us-east-1.elb.amazonaws.com/restaurants/15/reviews,0,0,0
1777593245026,202,02 - GET /restaurants (search),200,OK,Virtual Users [400 threads] 1-142,text,true,,790,311,252,252,http://k8s-forkfind-forkfind-8e65d48af1-1990260306.us-east-1.elb.amazonaws.com/restaurants?q=pizza&limit=12&sort=rating,202,0,92
1777593215175,30068,01 - POST /auth/user/login,Non HTTP response code: java.net.SocketTimeoutException,Non HTTP response message: Read timed out,Virtual Users [400 threads] 1-145,text,false,Login failed — check credentials in users.csv,2679,0,252,252,http://k8s-forkfind-forkfind-8e65d48af1-1990260306.us-east-1.elb.amazonaws.com/auth/user/login,0,0,67
1777593245097,152,02 - GET /restaurants (search),200,OK,Virtual Users [400 threads] 1-143,text,true,,790,311,252,252,http://k8s-forkfind-forkfind-8e65d48af1-1990260306.us-east-1.elb.amazonaws.com/restaurants?q=pizza&limit=12&sort=rating,152,0,73
1777593245229,74,03 - POST /restaurants/15/reviews,Non HTTP response code: java.net.SocketException,Non HTTP response message: Connection reset,Virtual Users [400 threads] 1-142,text,false,"Review submission returned unexpected status (401 = bad token, 5xx = server error)",2601,0,252,252,http://k8s-forkfind-forkfind-8e65d48af1-1990260306.us-east-1.elb.amazonaws.com/restaurants/15/reviews,0,0,0
1777593215249,30070,01 - POST /auth/user/login,Non HTTP response code: java.net.SocketTimeoutException,Non HTTP response message: Read timed out,Virtual Users [400 threads] 1-146,text,false,Login failed — check credentials in users.csv,2679,0,251,251,http://k8s-forkfind-forkfind-8e65d48af1-1990260306.us-east-1.elb.amazonaws.com/auth/user/login,0,0,68
1777593245250,82,03 - POST /restaurants/15/reviews,Non HTTP response code: java.net.SocketException,Non HTTP response message: Connection reset,Virtual Users [400 threads] 1-143,text,false,"Review submission returned unexpected status (401 = bad token, 5xx = server error)",2601,0,251,251,http://k8s-forkfind-forkfind-8e65d48af1-1990260306.us-east-1.elb.amazonaws.com/restaurants/15/reviews,0,0,0
1777593245172,167,02 - GET /restaurants (search),200,OK,Virtual Users [400 threads] 1-144,text,true,,790,311,250,250,http://k8s-forkfind-forkfind-8e65d48af1-1990260306.us-east-1.elb.amazonaws.com/restaurants?q=pizza&limit=12&sort=rating,167,0,73
1777593215324,30066,01 - POST /auth/user/login,Non HTTP response code: java.net.SocketTimeoutException,Non HTTP response message: Read timed out,Virtual Users [400 threads] 1-147,text,false,Login failed — check credentials in users.csv,2679,0,250,250,http://k8s-forkfind-forkfind-8e65d48af1-1990260306.us-east-1.elb.amazonaws.com/auth/user/login,0,0,65
1777593245244,157,02 - GET /restaurants (search),200,OK,Virtual Users [400 threads] 1-145,text,true,,790,311,250,250,http://k8s-forkfind-forkfind-8e65d48af1-1990260306.us-east-1.elb.amazonaws.com/restaurants?q=pizza&limit=12&sort=rating,157,0,75
1777593245339,80,03 - POST /restaurants/15/reviews,Non HTTP response code: java.net.SocketException,Non HTTP response message: Connection reset,Virtual Users [400 threads] 1-144,text,false,"Review submission returned unexpected status (401 = bad token, 5xx = server error)",2601,0,250,250,http://k8s-forkfind-forkfind-8e65d48af1-1990260306.us-east-1.elb.amazonaws.com/restaurants/15/reviews,0,0,0
1777593215404,30068,01 - POST /auth/user/login,Non HTTP response code: java.net.SocketTimeoutException,Non HTTP response message: Read timed out,Virtual Users [400 threads] 1-148,text,false,Login failed — check credentials in users.csv,2679,0,249,249,http://k8s-forkfind-forkfind-8e65d48af1-1990260306.us-east-1.elb.amazonaws.com/auth/user/login,0,0,66
1777593245402,85,03 - POST /restaurants/15/reviews,Non HTTP response code: java.net.SocketException,Non HTTP response message: Connection reset,Virtual Users [400 threads] 1-145,text,false,"Review submission returned unexpected status (401 = bad token, 5xx = server error)",2601,0,249,249,http://k8s-forkfind-forkfind-8e65d48af1-1990260306.us-east-1.elb.amazonaws.com/restaurants/15/reviews,0,0,0
1777593245320,190,02 - GET /restaurants (search),200,OK,Virtual Users [400 threads] 1-146,text,true,,790,311,248,248,http://k8s-forkfind-forkfind-8e65d48af1-1990260306.us-east-1.elb.amazonaws.com/restaurants?q=pizza&limit=12&sort=rating,190,0,70
1777593215478,30069,01 - POST /auth/user/login,Non HTTP response code: java.net.SocketTimeoutException,Non HTTP response message: Read timed out,Virtual Users [400 threads] 1-149,text,false,Login failed — check credentials in users.csv,2679,0,248,248,http://k8s-forkfind-forkfind-8e65d48af1-1990260306.us-east-1.elb.amazonaws.com/auth/user/login,0,0,66
1777593245391,159,02 - GET /restaurants (search),200,OK,Virtual Users [400 threads] 1-147,text,true,,790,311,248,248,http://k8s-forkfind-forkfind-8e65d48af1-1990260306.us-east-1.elb.amazonaws.com/restaurants?q=pizza&limit=12&sort=rating,159,0,71
1777593245510,82,03 - POST /restaurants/15/reviews,Non HTTP response code: java.net.SocketException,Non HTTP response message: Connection reset,Virtual Users [400 threads] 1-146,text,false,"Review submission returned unexpected status (401 = bad token, 5xx = server error)",2601,0,248,248,http://k8s-forkfind-forkfind-8e65d48af1-1990260306.us-east-1.elb.amazonaws.com/restaurants/15/reviews,0,0,0
1777593245551,83,03 - POST /restaurants/15/reviews,Non HTTP response code: java.net.SocketException,Non HTTP response message: Connection reset,Virtual Users [400 threads] 1-147,text,false,"Review submission returned unexpected status (401 = bad token, 5xx = server error)",2601,0,247,247,http://k8s-forkfind-forkfind-8e65d48af1-1990260306.us-east-1.elb.amazonaws.com/restaurants/15/reviews,0,0,0
1777593245473,165,02 - GET /restaurants (search),200,OK,Virtual Users [400 threads] 1-148,text,true,,790,311,246,246,http://k8s-forkfind-forkfind-8e65d48af1-1990260306.us-east-1.elb.amazonaws.com/restaurants?q=pizza&limit=12&sort=rating,165,0,77
1777593215550,30122,01 - POST /auth/user/login,Non HTTP response code: java.net.SocketTimeoutException,Non HTTP response message: Read timed out,Virtual Users [400 threads] 1-150,text,false,Login failed — check credentials in users.csv,2679,0,246,246,http://k8s-forkfind-forkfind-8e65d48af1-1990260306.us-east-1.elb.amazonaws.com/auth/user/login,0,0,120
1777593215627,30066,01 - POST /auth/user/login,Non HTTP response code: java.net.SocketTimeoutException,Non HTTP response message: Read timed out,Virtual Users [400 threads] 1-151,text,false,Login failed — check credentials in users.csv,2679,0,246,246,http://k8s-forkfind-forkfind-8e65d48af1-1990260306.us-east-1.elb.amazonaws.com/auth/user/login,0,0,65
1777593245548,184,02 - GET /restaurants (search),200,OK,Virtual Users [400 threads] 1-149,text,true,,790,311,246,246,http://k8s-forkfind-forkfind-8e65d48af1-1990260306.us-east-1.elb.amazonaws.com/restaurants?q=pizza&limit=12&sort=rating,184,0,81
1777593245638,94,03 - POST /restaurants/15/reviews,Non HTTP response code: java.net.SocketException,Non HTTP response message: Connection reset,Virtual Users [400 threads] 1-148,text,false,"Review submission returned unexpected status (401 = bad token, 5xx = server error)",2601,0,246,246,http://k8s-forkfind-forkfind-8e65d48af1-1990260306.us-east-1.elb.amazonaws.com/restaurants/15/reviews,0,0,0
1777593215697,30066,01 - POST /auth/user/login,Non HTTP response code: java.net.SocketTimeoutException,Non HTTP response message: Read timed out,Virtual Users [400 threads] 1-152,text,false,Login failed — check credentials in users.csv,2679,0,245,245,http://k8s-forkfind-forkfind-8e65d48af1-1990260306.us-east-1.elb.amazonaws.com/auth/user/login,0,0,64
1777593245732,95,03 - POST /restaurants/15/reviews,Non HTTP response code: java.net.SocketException,Non HTTP response message: Connection reset,Virtual Users [400 threads] 1-149,text,false,"Review submission returned unexpected status (401 = bad token, 5xx = server error)",2601,0,245,245,http://k8s-forkfind-forkfind-8e65d48af1-1990260306.us-east-1.elb.amazonaws.com/restaurants/15/reviews,0,0,0
1777593215770,30070,01 - POST /auth/user/login,Non HTTP response code: java.net.SocketTimeoutException,Non HTTP response message: Read timed out,Virtual Users [400 threads] 1-153,text,false,Login failed — check credentials in users.csv,2679,0,244,244,http://k8s-forkfind-forkfind-8e65d48af1-1990260306.us-east-1.elb.amazonaws.com/auth/user/login,0,0,68
1777593245672,176,02 - GET /restaurants (search),200,OK,Virtual Users [400 threads] 1-150,text,true,,790,311,244,244,http://k8s-forkfind-forkfind-8e65d48af1-1990260306.us-east-1.elb.amazonaws.com/restaurants?q=pizza&limit=12&sort=rating,176,0,73
1777593245694,196,02 - GET /restaurants (search),200,OK,Virtual Users [400 threads] 1-151,text,true,,790,311,244,244,http://k8s-forkfind-forkfind-8e65d48af1-1990260306.us-east-1.elb.amazonaws.com/restaurants?q=pizza&limit=12&sort=rating,196,0,88
1777593215848,30068,01 - POST /auth/user/login,Non HTTP response code: java.net.SocketTimeoutException,Non HTTP response message: Read timed out,Virtual Users [400 threads] 1-154,text,false,Login failed — check credentials in users.csv,2679,0,244,244,http://k8s-forkfind-forkfind-8e65d48af1-1990260306.us-east-1.elb.amazonaws.com/auth/user/login,0,0,66
1777593245763,195,02 - GET /restaurants (search),200,OK,Virtual Users [400 threads] 1-152,text,true,,790,311,244,244,http://k8s-forkfind-forkfind-8e65d48af1-1990260306.us-east-1.elb.amazonaws.com/restaurants?q=pizza&limit=12&sort=rating,195,0,84
1777593245848,110,03 - POST /restaurants/15/reviews,Non HTTP response code: java.net.SocketException,Non HTTP response message: Connection reset,Virtual Users [400 threads] 1-150,text,false,"Review submission returned unexpected status (401 = bad token, 5xx = server error)",2601,0,244,244,http://k8s-forkfind-forkfind-8e65d48af1-1990260306.us-east-1.elb.amazonaws.com/restaurants/15/reviews,0,0,0
1777593215925,30067,01 - POST /auth/user/login,Non HTTP response code: java.net.SocketTimeoutException,Non HTTP response message: Read timed out,Virtual Users [400 threads] 1-155,text,false,Login failed — check credentials in users.csv,2679,0,243,243,http://k8s-forkfind-forkfind-8e65d48af1-1990260306.us-east-1.elb.amazonaws.com/auth/user/login,0,0,66
1777593245841,221,02 - GET /restaurants (search),200,OK,Virtual Users [400 threads] 1-153,text,true,,790,311,243,243,http://k8s-forkfind-forkfind-8e65d48af1-1990260306.us-east-1.elb.amazonaws.com/restaurants?q=pizza&limit=12&sort=rating,221,0,88
1777593245890,172,03 - POST /restaurants/15/reviews,Non HTTP response code: java.net.SocketException,Non HTTP response message: Connection reset,Virtual Users [400 threads] 1-151,text,false,"Review submission returned unexpected status (401 = bad token, 5xx = server error)",2601,0,243,243,http://k8s-forkfind-forkfind-8e65d48af1-1990260306.us-east-1.elb.amazonaws.com/restaurants/15/reviews,0,0,0
1777593245959,103,03 - POST /restaurants/15/reviews,Non HTTP response code: java.net.SocketException,Non HTTP response message: Connection reset,Virtual Users [400 threads] 1-152,text,false,"Review submission returned unexpected status (401 = bad token, 5xx = server error)",2601,0,243,243,http://k8s-forkfind-forkfind-8e65d48af1-1990260306.us-east-1.elb.amazonaws.com/restaurants/15/reviews,0,0,0
1777593216005,30069,01 - POST /auth/user/login,Non HTTP response code: java.net.SocketTimeoutException,Non HTTP response message: Read timed out,Virtual Users [400 threads] 1-156,text,false,Login failed — check credentials in users.csv,2679,0,241,241,http://k8s-forkfind-forkfind-8e65d48af1-1990260306.us-east-1.elb.amazonaws.com/auth/user/login,0,0,67
1777593216072,30079,01 - POST /auth/user/login,Non HTTP response code: java.net.SocketTimeoutException,Non HTTP response message: Read timed out,Virtual Users [400 threads] 1-157,text,false,Login failed — check credentials in users.csv,2679,0,241,241,http://k8s-forkfind-forkfind-8e65d48af1-1990260306.us-east-1.elb.amazonaws.com/auth/user/login,0,0,77
1777593245916,236,02 - GET /restaurants (search),200,OK,Virtual Users [400 threads] 1-154,text,true,,790,311,241,241,http://k8s-forkfind-forkfind-8e65d48af1-1990260306.us-east-1.elb.amazonaws.com/restaurants?q=pizza&limit=12&sort=rating,236,0,145
1777593246062,90,03 - POST /restaurants/15/reviews,Non HTTP response code: java.net.SocketException,Non HTTP response message: Connection reset,Virtual Users [400 threads] 1-153,text,false,"Review submission returned unexpected status (401 = bad token, 5xx = server error)",2601,0,241,241,http://k8s-forkfind-forkfind-8e65d48af1-1990260306.us-east-1.elb.amazonaws.com/restaurants/15/reviews,0,0,0
1777593245993,208,02 - GET /restaurants (search),200,OK,Virtual Users [400 threads] 1-155,text,true,,790,311,240,240,http://k8s-forkfind-forkfind-8e65d48af1-1990260306.us-east-1.elb.amazonaws.com/restaurants?q=pizza&limit=12&sort=rating,208,0,109
1777593216145,30070,01 - POST /auth/user/login,Non HTTP response code: java.net.SocketTimeoutException,Non HTTP response message: Read timed out,Virtual Users [400 threads] 1-158,text,false,Login failed — check credentials in users.csv,2679,0,240,240,http://k8s-forkfind-forkfind-8e65d48af1-1990260306.us-east-1.elb.amazonaws.com/auth/user/login,0,0,68
1777593216227,30070,01 - POST /auth/user/login,Non HTTP response code: java.net.SocketTimeoutException,Non HTTP response message: Read timed out,Virtual Users [400 threads] 1-159,text,false,Login failed — check credentials in users.csv,2679,0,240,240,http://k8s-forkfind-forkfind-8e65d48af1-1990260306.us-east-1.elb.amazonaws.com/auth/user/login,0,0,69
1777593246074,231,02 - GET /restaurants (search),200,OK,Virtual Users [400 threads] 1-156,text,true,,790,311,240,240,http://k8s-forkfind-forkfind-8e65d48af1-1990260306.us-east-1.elb.amazonaws.com/restaurants?q=pizza&limit=12&sort=rating,231,0,78
1777593246152,153,03 - POST /restaurants/15/reviews,Non HTTP response code: java.net.SocketException,Non HTTP response message: Connection reset,Virtual Users [400 threads] 1-154,text,false,"Review submission returned unexpected status (401 = bad token, 5xx = server error)",2601,0,240,240,http://k8s-forkfind-forkfind-8e65d48af1-1990260306.us-east-1.elb.amazonaws.com/restaurants/15/reviews,0,0,0
1777593246202,103,03 - POST /restaurants/15/reviews,Non HTTP response code: java.net.SocketException,Non HTTP response message: Connection reset,Virtual Users [400 threads] 1-155,text,false,"Review submission returned unexpected status (401 = bad token, 5xx = server error)",2601,0,240,240,http://k8s-forkfind-forkfind-8e65d48af1-1990260306.us-east-1.elb.amazonaws.com/restaurants/15/reviews,0,0,0
1777593246152,174,02 - GET /restaurants (search),200,OK,Virtual Users [400 threads] 1-157,text,true,,790,311,238,238,http://k8s-forkfind-forkfind-8e65d48af1-1990260306.us-east-1.elb.amazonaws.com/restaurants?q=pizza&limit=12&sort=rating,174,0,76
1777593216302,30065,01 - POST /auth/user/login,Non HTTP response code: java.net.SocketTimeoutException,Non HTTP response message: Read timed out,Virtual Users [400 threads] 1-160,text,false,Login failed — check credentials in users.csv,2679,0,238,238,http://k8s-forkfind-forkfind-8e65d48af1-1990260306.us-east-1.elb.amazonaws.com/auth/user/login,0,0,65
1777593246306,90,03 - POST /restaurants/15/reviews,Non HTTP response code: java.net.SocketException,Non HTTP response message: Connection reset,Virtual Users [400 threads] 1-156,text,false,"Review submission returned unexpected status (401 = bad token, 5xx = server error)",2601,0,238,238,http://k8s-forkfind-forkfind-8e65d48af1-1990260306.us-east-1.elb.amazonaws.com/restaurants/15/reviews,0,0,0
1777593246216,200,02 - GET /restaurants (search),200,OK,Virtual Users [400 threads] 1-158,text,true,,790,311,237,237,http://k8s-forkfind-forkfind-8e65d48af1-1990260306.us-east-1.elb.amazonaws.com/restaurants?q=pizza&limit=12&sort=rating,200,0,89
1777593246327,89,03 - POST /restaurants/15/reviews,Non HTTP response code: java.net.SocketException,Non HTTP response message: Connection reset,Virtual Users [400 threads] 1-157,text,false,"Review submission returned unexpected status (401 = bad token, 5xx = server error)",2601,0,237,237,http://k8s-forkfind-forkfind-8e65d48af1-1990260306.us-east-1.elb.amazonaws.com/restaurants/15/reviews,0,0,0
1777593216372,30068,01 - POST /auth/user/login,Non HTTP response code: java.net.SocketTimeoutException,Non HTTP response message: Read timed out,Virtual Users [400 threads] 1-161,text,false,Login failed — check credentials in users.csv,2679,0,236,236,http://k8s-forkfind-forkfind-8e65d48af1-1990260306.us-east-1.elb.amazonaws.com/auth/user/login,0,0,66
1777593246298,184,02 - GET /restaurants (search),200,OK,Virtual Users [400 threads] 1-159,text,true,,790,311,236,236,http://k8s-forkfind-forkfind-8e65d48af1-1990260306.us-east-1.elb.amazonaws.com/restaurants?q=pizza&limit=12&sort=rating,184,0,98
1777593216439,30072,01 - POST /auth/user/login,Non HTTP response code: java.net.SocketTimeoutException,Non HTTP response message: Read timed out,Virtual Users [400 threads] 1-162,text,false,Login failed — check credentials in users.csv,2679,0,236,236,http://k8s-forkfind-forkfind-8e65d48af1-1990260306.us-east-1.elb.amazonaws.com/auth/user/login,0,0,70
1777593246417,118,03 - POST /restaurants/15/reviews,Non HTTP response code: java.net.SocketException,Non HTTP response message: Connection reset,Virtual Users [400 threads] 1-158,text,false,"Review submission returned unexpected status (401 = bad token, 5xx = server error)",2601,0,236,236,http://k8s-forkfind-forkfind-8e65d48af1-1990260306.us-east-1.elb.amazonaws.com/restaurants/15/reviews,0,0,0
1777593216524,30067,01 - POST /auth/user/login,Non HTTP response code: java.net.SocketTimeoutException,Non HTTP response message: Read timed out,Virtual Users [400 threads] 1-163,text,false,Login failed — check credentials in users.csv,2679,0,235,235,http://k8s-forkfind-forkfind-8e65d48af1-1990260306.us-east-1.elb.amazonaws.com/auth/user/login,0,0,65
1777593246368,288,02 - GET /restaurants (search),200,OK,Virtual Users [400 threads] 1-160,text,true,,790,311,235,235,http://k8s-forkfind-forkfind-8e65d48af1-1990260306.us-east-1.elb.amazonaws.com/restaurants?q=pizza&limit=12&sort=rating,288,0,114
1777593246441,215,02 - GET /restaurants (search),200,OK,Virtual Users [400 threads] 1-161,text,true,,790,311,235,235,http://k8s-forkfind-forkfind-8e65d48af1-1990260306.us-east-1.elb.amazonaws.com/restaurants?q=pizza&limit=12&sort=rating,215,0,94
1777593246482,174,03 - POST /restaurants/15/reviews,Non HTTP response code: java.net.SocketException,Non HTTP response message: Connection reset,Virtual Users [400 threads] 1-159,text,false,"Review submission returned unexpected status (401 = bad token, 5xx = server error)",2601,0,235,235,http://k8s-forkfind-forkfind-8e65d48af1-1990260306.us-east-1.elb.amazonaws.com/restaurants/15/reviews,0,0,0
1777593216599,30067,01 - POST /auth/user/login,Non HTTP response code: java.net.SocketTimeoutException,Non HTTP response message: Read timed out,Virtual Users [400 threads] 1-164,text,false,Login failed — check credentials in users.csv,2679,0,234,234,http://k8s-forkfind-forkfind-8e65d48af1-1990260306.us-east-1.elb.amazonaws.com/auth/user/login,0,0,65
1777593246656,81,03 - POST /restaurants/15/reviews,Non HTTP response code: java.net.SocketException,Non HTTP response message: Connection reset,Virtual Users [400 threads] 1-160,text,false,"Review submission returned unexpected status (401 = bad token, 5xx = server error)",2601,0,234,234,http://k8s-forkfind-forkfind-8e65d48af1-1990260306.us-east-1.elb.amazonaws.com/restaurants/15/reviews,0,0,0
1777593246656,81,03 - POST /restaurants/15/reviews,Non HTTP response code: java.net.SocketException,Non HTTP response message: Connection reset,Virtual Users [400 threads] 1-161,text,false,"Review submission returned unexpected status (401 = bad token, 5xx = server error)",2601,0,234,234,http://k8s-forkfind-forkfind-8e65d48af1-1990260306.us-east-1.elb.amazonaws.com/restaurants/15/reviews,0,0,0
1777593216676,30066,01 - POST /auth/user/login,Non HTTP response code: java.net.SocketTimeoutException,Non HTTP response message: Read timed out,Virtual Users [400 threads] 1-165,text,false,Login failed — check credentials in users.csv,2679,0,232,232,http://k8s-forkfind-forkfind-8e65d48af1-1990260306.us-east-1.elb.amazonaws.com/auth/user/login,0,0,64
1777593246592,157,02 - GET /restaurants (search),200,OK,Virtual Users [400 threads] 1-163,text,true,,790,311,232,232,http://k8s-forkfind-forkfind-8e65d48af1-1990260306.us-east-1.elb.amazonaws.com/restaurants?q=pizza&limit=12&sort=rating,157,0,73
1777593246511,238,02 - GET /restaurants (search),200,OK,Virtual Users [400 threads] 1-162,text,true,,790,311,232,232,http://k8s-forkfind-forkfind-8e65d48af1-1990260306.us-east-1.elb.amazonaws.com/restaurants?q=pizza&limit=12&sort=rating,238,0,145
1777593216748,30094,01 - POST /auth/user/login,Non HTTP response code: java.net.SocketTimeoutException,Non HTTP response message: Read timed out,Virtual Users [400 threads] 1-166,text,false,Login failed — check credentials in users.csv,2679,0,232,232,http://k8s-forkfind-forkfind-8e65d48af1-1990260306.us-east-1.elb.amazonaws.com/auth/user/login,0,0,92
1777593246667,180,02 - GET /restaurants (search),200,OK,Virtual Users [400 threads] 1-164,text,true,,790,311,232,232,http://k8s-forkfind-forkfind-8e65d48af1-1990260306.us-east-1.elb.amazonaws.com/restaurants?q=pizza&limit=12&sort=rating,180,0,81
1777593246749,98,03 - POST /restaurants/15/reviews,Non HTTP response code: java.net.SocketException,Non HTTP response message: Connection reset,Virtual Users [400 threads] 1-163,text,false,"Review submission returned unexpected status (401 = bad token, 5xx = server error)",2601,0,232,232,http://k8s-forkfind-forkfind-8e65d48af1-1990260306.us-east-1.elb.amazonaws.com/restaurants/15/reviews,0,0,0
1777593246749,98,03 - POST /restaurants/15/reviews,Non HTTP response code: java.net.SocketException,Non HTTP response message: Connection reset,Virtual Users [400 threads] 1-162,text,false,"Review submission returned unexpected status (401 = bad token, 5xx = server error)",2601,0,232,232,http://k8s-forkfind-forkfind-8e65d48af1-1990260306.us-east-1.elb.amazonaws.com/restaurants/15/reviews,0,0,0
1777593216823,30074,01 - POST /auth/user/login,Non HTTP response code: java.net.SocketTimeoutException,Non HTTP response message: Read timed out,Virtual Users [400 threads] 1-167,text,false,Login failed — check credentials in users.csv,2679,0,230,230,http://k8s-forkfind-forkfind-8e65d48af1-1990260306.us-east-1.elb.amazonaws.com/auth/user/login,0,0,72
1777593246743,190,02 - GET /restaurants (search),200,OK,Virtual Users [400 threads] 1-165,text,true,,790,311,230,230,http://k8s-forkfind-forkfind-8e65d48af1-1990260306.us-east-1.elb.amazonaws.com/restaurants?q=pizza&limit=12&sort=rating,190,0,104
1777593246848,85,03 - POST /restaurants/15/reviews,Non HTTP response code: java.net.SocketException,Non HTTP response message: Connection reset,Virtual Users [400 threads] 1-164,text,false,"Review submission returned unexpected status (401 = bad token, 5xx = server error)",2601,0,230,230,http://k8s-forkfind-forkfind-8e65d48af1-1990260306.us-east-1.elb.amazonaws.com/restaurants/15/reviews,0,0,0
1777593216898,30068,01 - POST /auth/user/login,Non HTTP response code: java.net.SocketTimeoutException,Non HTTP response message: Read timed out,Virtual Users [400 threads] 1-168,text,false,Login failed — check credentials in users.csv,2679,0,229,229,http://k8s-forkfind-forkfind-8e65d48af1-1990260306.us-east-1.elb.amazonaws.com/auth/user/login,0,0,66
1777593216967,30070,01 - POST /auth/user/login,Non HTTP response code: java.net.SocketTimeoutException,Non HTTP response message: Read timed out,Virtual Users [400 threads] 1-169,text,false,Login failed — check credentials in users.csv,2679,0,229,229,http://k8s-forkfind-forkfind-8e65d48af1-1990260306.us-east-1.elb.amazonaws.com/auth/user/login,0,0,68
1777593246933,168,03 - POST /restaurants/15/reviews,Non HTTP response code: java.net.SocketException,Non HTTP response message: Connection reset,Virtual Users [400 threads] 1-165,text,false,"Review submission returned unexpected status (401 = bad token, 5xx = server error)",2601,0,229,229,http://k8s-forkfind-forkfind-8e65d48af1-1990260306.us-east-1.elb.amazonaws.com/restaurants/15/reviews,0,0,0
1777593246844,275,02 - GET /restaurants (search),200,OK,Virtual Users [400 threads] 1-166,text,true,,790,311,228,228,http://k8s-forkfind-forkfind-8e65d48af1-1990260306.us-east-1.elb.amazonaws.com/restaurants?q=pizza&limit=12&sort=rating,275,0,88
1777593217042,30076,01 - POST /auth/user/login,Non HTTP response code: java.net.SocketTimeoutException,Non HTTP response message: Read timed out,Virtual Users [400 threads] 1-170,text,false,Login failed — check credentials in users.csv,2679,0,228,228,http://k8s-forkfind-forkfind-8e65d48af1-1990260306.us-east-1.elb.amazonaws.com/auth/user/login,0,0,74
1777593246899,260,02 - GET /restaurants (search),200,OK,Virtual Users [400 threads] 1-167,text,true,,790,311,228,228,http://k8s-forkfind-forkfind-8e65d48af1-1990260306.us-east-1.elb.amazonaws.com/restaurants?q=pizza&limit=12&sort=rating,260,0,175
1777593246967,218,02 - GET /restaurants (search),200,OK,Virtual Users [400 threads] 1-168,text,true,,790,311,228,228,http://k8s-forkfind-forkfind-8e65d48af1-1990260306.us-east-1.elb.amazonaws.com/restaurants?q=pizza&limit=12&sort=rating,218,0,134
1777593217120,30069,01 - POST /auth/user/login,Non HTTP response code: java.net.SocketTimeoutException,Non HTTP response message: Read timed out,Virtual Users [400 threads] 1-171,text,false,Login failed — check credentials in users.csv,2679,0,228,228,http://k8s-forkfind-forkfind-8e65d48af1-1990260306.us-east-1.elb.amazonaws.com/auth/user/login,0,0,67
1777593247038,181,02 - GET /restaurants (search),200,OK,Virtual Users [400 threads] 1-169,text,true,,790,311,228,228,http://k8s-forkfind-forkfind-8e65d48af1-1990260306.us-east-1.elb.amazonaws.com/restaurants?q=pizza&limit=12&sort=rating,181,0,81
1777593247120,99,03 - POST /restaurants/15/reviews,Non HTTP response code: java.net.SocketException,Non HTTP response message: Connection reset,Virtual Users [400 threads] 1-166,text,false,"Review submission returned unexpected status (401 = bad token, 5xx = server error)",2601,0,228,228,http://k8s-forkfind-forkfind-8e65d48af1-1990260306.us-east-1.elb.amazonaws.com/restaurants/15/reviews,0,0,0
1777593217193,30072,01 - POST /auth/user/login,Non HTTP response code: java.net.SocketTimeoutException,Non HTTP response message: Read timed out,Virtual Users [400 threads] 1-172,text,false,Login failed — check credentials in users.csv,2679,0,227,227,http://k8s-forkfind-forkfind-8e65d48af1-1990260306.us-east-1.elb.amazonaws.com/auth/user/login,0,0,70
1777593247185,114,03 - POST /restaurants/15/reviews,Non HTTP response code: java.net.SocketException,Non HTTP response message: Connection reset,Virtual Users [400 threads] 1-168,text,false,"Review submission returned unexpected status (401 = bad token, 5xx = server error)",2601,0,227,227,http://k8s-forkfind-forkfind-8e65d48af1-1990260306.us-east-1.elb.amazonaws.com/restaurants/15/reviews,0,0,0
1777593247159,140,03 - POST /restaurants/15/reviews,Non HTTP response code: java.net.SocketException,Non HTTP response message: Connection reset,Virtual Users [400 threads] 1-167,text,false,"Review submission returned unexpected status (401 = bad token, 5xx = server error)",2601,0,227,227,http://k8s-forkfind-forkfind-8e65d48af1-1990260306.us-east-1.elb.amazonaws.com/restaurants/15/reviews,0,0,0
1777593217267,30068,01 - POST /auth/user/login,Non HTTP response code: java.net.SocketTimeoutException,Non HTTP response message: Read timed out,Virtual Users [400 threads] 1-173,text,false,Login failed — check credentials in users.csv,2679,0,225,225,http://k8s-forkfind-forkfind-8e65d48af1-1990260306.us-east-1.elb.amazonaws.com/auth/user/login,0,0,65
1777593247120,232,02 - GET /restaurants (search),200,OK,Virtual Users [400 threads] 1-170,text,true,,790,311,225,225,http://k8s-forkfind-forkfind-8e65d48af1-1990260306.us-east-1.elb.amazonaws.com/restaurants?q=pizza&limit=12&sort=rating,232,0,99
1777593247219,134,03 - POST /restaurants/15/reviews,Non HTTP response code: java.net.SocketException,Non HTTP response message: Connection reset,Virtual Users [400 threads] 1-169,text,false,"Review submission returned unexpected status (401 = bad token, 5xx = server error)",2601,0,225,225,http://k8s-forkfind-forkfind-8e65d48af1-1990260306.us-east-1.elb.amazonaws.com/restaurants/15/reviews,0,0,0
1777593247190,209,02 - GET /restaurants (search),200,OK,Virtual Users [400 threads] 1-171,text,true,,790,311,224,224,http://k8s-forkfind-forkfind-8e65d48af1-1990260306.us-east-1.elb.amazonaws.com/restaurants?q=pizza&limit=12&sort=rating,209,0,109
1777593217342,30069,01 - POST /auth/user/login,Non HTTP response code: java.net.SocketTimeoutException,Non HTTP response message: Read timed out,Virtual Users [400 threads] 1-174,text,false,Login failed — check credentials in users.csv,2679,0,224,224,http://k8s-forkfind-forkfind-8e65d48af1-1990260306.us-east-1.elb.amazonaws.com/auth/user/login,0,0,67
1777593217420,30068,01 - POST /auth/user/login,Non HTTP response code: java.net.SocketTimeoutException,Non HTTP response message: Read timed out,Virtual Users [400 threads] 1-175,text,false,Login failed — check credentials in users.csv,2679,0,224,224,http://k8s-forkfind-forkfind-8e65d48af1-1990260306.us-east-1.elb.amazonaws.com/auth/user/login,0,0,66
1777593247266,257,02 - GET /restaurants (search),200,OK,Virtual Users [400 threads] 1-172,text,true,,790,311,224,224,http://k8s-forkfind-forkfind-8e65d48af1-1990260306.us-east-1.elb.amazonaws.com/restaurants?q=pizza&limit=12&sort=rating,257,0,86
1777593247336,187,02 - GET /restaurants (search),200,OK,Virtual Users [400 threads] 1-173,text,true,,790,311,224,224,http://k8s-forkfind-forkfind-8e65d48af1-1990260306.us-east-1.elb.amazonaws.com/restaurants?q=pizza&limit=12&sort=rating,187,0,81
1777593247353,170,03 - POST /restaurants/15/reviews,Non HTTP response code: java.net.SocketException,Non HTTP response message: Connection reset,Virtual Users [400 threads] 1-170,text,false,"Review submission returned unexpected status (401 = bad token, 5xx = server error)",2601,0,224,224,http://k8s-forkfind-forkfind-8e65d48af1-1990260306.us-east-1.elb.amazonaws.com/restaurants/15/reviews,0,0,0
1777593247399,124,03 - POST /restaurants/15/reviews,Non HTTP response code: java.net.SocketException,Non HTTP response message: Connection reset,Virtual Users [400 threads] 1-171,text,false,"Review submission returned unexpected status (401 = bad token, 5xx = server error)",2601,0,224,224,http://k8s-forkfind-forkfind-8e65d48af1-1990260306.us-east-1.elb.amazonaws.com/restaurants/15/reviews,0,0,0
1777593217497,30068,01 - POST /auth/user/login,Non HTTP response code: java.net.SocketTimeoutException,Non HTTP response message: Read timed out,Virtual Users [400 threads] 1-176,text,false,Login failed — check credentials in users.csv,2679,0,222,222,http://k8s-forkfind-forkfind-8e65d48af1-1990260306.us-east-1.elb.amazonaws.com/auth/user/login,0,0,66
1777593247523,96,03 - POST /restaurants/15/reviews,Non HTTP response code: java.net.SocketException,Non HTTP response message: Connection reset,Virtual Users [400 threads] 1-173,text,false,"Review submission returned unexpected status (401 = bad token, 5xx = server error)",2601,0,222,222,http://k8s-forkfind-forkfind-8e65d48af1-1990260306.us-east-1.elb.amazonaws.com/restaurants/15/reviews,0,0,0
1777593247412,207,02 - GET /restaurants (search),200,OK,Virtual Users [400 threads] 1-174,text,true,,790,311,222,222,http://k8s-forkfind-forkfind-8e65d48af1-1990260306.us-east-1.elb.amazonaws.com/restaurants?q=pizza&limit=12&sort=rating,207,0,111
1777593247523,96,03 - POST /restaurants/15/reviews,Non HTTP response code: java.net.SocketException,Non HTTP response message: Connection reset,Virtual Users [400 threads] 1-172,text,false,"Review submission returned unexpected status (401 = bad token, 5xx = server error)",2601,0,222,222,http://k8s-forkfind-forkfind-8e65d48af1-1990260306.us-east-1.elb.amazonaws.com/restaurants/15/reviews,0,0,0
1777593217566,30067,01 - POST /auth/user/login,Non HTTP response code: java.net.SocketTimeoutException,Non HTTP response message: Read timed out,Virtual Users [400 threads] 1-177,text,false,Login failed — check credentials in users.csv,2679,0,220,220,http://k8s-forkfind-forkfind-8e65d48af1-1990260306.us-east-1.elb.amazonaws.com/auth/user/login,0,0,65
1777593247489,184,02 - GET /restaurants (search),200,OK,Virtual Users [400 threads] 1-175,text,true,,790,311,220,220,http://k8s-forkfind-forkfind-8e65d48af1-1990260306.us-east-1.elb.amazonaws.com/restaurants?q=pizza&limit=12&sort=rating,184,0,84
1777593217639,30070,01 - POST /auth/user/login,Non HTTP response code: java.net.SocketTimeoutException,Non HTTP response message: Read timed out,Virtual Users [400 threads] 1-178,text,false,Login failed — check credentials in users.csv,2679,0,220,220,http://k8s-forkfind-forkfind-8e65d48af1-1990260306.us-east-1.elb.amazonaws.com/auth/user/login,0,0,69
1777593247619,96,03 - POST /restaurants/15/reviews,Non HTTP response code: java.net.SocketException,Non HTTP response message: Connection reset,Virtual Users [400 threads] 1-174,text,false,"Review submission returned unexpected status (401 = bad token, 5xx = server error)",2601,0,220,220,http://k8s-forkfind-forkfind-8e65d48af1-1990260306.us-east-1.elb.amazonaws.com/restaurants/15/reviews,0,0,0
1777593247566,196,02 - GET /restaurants (search),200,OK,Virtual Users [400 threads] 1-176,text,true,,790,311,219,219,http://k8s-forkfind-forkfind-8e65d48af1-1990260306.us-east-1.elb.amazonaws.com/restaurants?q=pizza&limit=12&sort=rating,196,0,106
1777593247673,89,03 - POST /restaurants/15/reviews,Non HTTP response code: java.net.SocketException,Non HTTP response message: Connection reset,Virtual Users [400 threads] 1-175,text,false,"Review submission returned unexpected status (401 = bad token, 5xx = server error)",2601,0,219,219,http://k8s-forkfind-forkfind-8e65d48af1-1990260306.us-east-1.elb.amazonaws.com/restaurants/15/reviews,0,0,0
1777593217719,30067,01 - POST /auth/user/login,Non HTTP response code: java.net.SocketTimeoutException,Non HTTP response message: Read timed out,Virtual Users [400 threads] 1-179,text,false,Login failed — check credentials in users.csv,2679,0,218,218,http://k8s-forkfind-forkfind-8e65d48af1-1990260306.us-east-1.elb.amazonaws.com/auth/user/login,0,0,65
1777593247633,172,02 - GET /restaurants (search),200,OK,Virtual Users [400 threads] 1-177,text,true,,790,311,218,218,http://k8s-forkfind-forkfind-8e65d48af1-1990260306.us-east-1.elb.amazonaws.com/restaurants?q=pizza&limit=12&sort=rating,172,0,82
1777593217795,30068,01 - POST /auth/user/login,Non HTTP response code: java.net.SocketTimeoutException,Non HTTP response message: Read timed out,Virtual Users [400 threads] 1-180,text,false,Login failed — check credentials in users.csv,2679,0,218,218,http://k8s-forkfind-forkfind-8e65d48af1-1990260306.us-east-1.elb.amazonaws.com/auth/user/login,0,0,66
1777593247710,188,02 - GET /restaurants (search),200,OK,Virtual Users [400 threads] 1-178,text,true,,790,311,218,218,http://k8s-forkfind-forkfind-8e65d48af1-1990260306.us-east-1.elb.amazonaws.com/restaurants?q=pizza&limit=12&sort=rating,188,0,76
1777593247762,136,03 - POST /restaurants/15/reviews,Non HTTP response code: java.net.SocketException,Non HTTP response message: Connection reset,Virtual Users [400 threads] 1-176,text,false,"Review submission returned unexpected status (401 = bad token, 5xx = server error)",2601,0,218,218,http://k8s-forkfind-forkfind-8e65d48af1-1990260306.us-east-1.elb.amazonaws.com/restaurants/15/reviews,0,0,0
1777593247806,92,03 - POST /restaurants/15/reviews,Non HTTP response code: java.net.SocketException,Non HTTP response message: Connection reset,Virtual Users [400 threads] 1-177,text,false,"Review submission returned unexpected status (401 = bad token, 5xx = server error)",2601,0,218,218,http://k8s-forkfind-forkfind-8e65d48af1-1990260306.us-east-1.elb.amazonaws.com/restaurants/15/reviews,0,0,0
1777593217867,30068,01 - POST /auth/user/login,Non HTTP response code: java.net.SocketTimeoutException,Non HTTP response message: Read timed out,Virtual Users [400 threads] 1-181,text,false,Login failed — check credentials in users.csv,2679,0,216,216,http://k8s-forkfind-forkfind-8e65d48af1-1990260306.us-east-1.elb.amazonaws.com/auth/user/login,0,0,66
1777593247787,202,02 - GET /restaurants (search),200,OK,Virtual Users [400 threads] 1-179,text,true,,790,311,216,216,http://k8s-forkfind-forkfind-8e65d48af1-1990260306.us-east-1.elb.amazonaws.com/restaurants?q=pizza&limit=12&sort=rating,202,0,111
1777593247899,91,03 - POST /restaurants/15/reviews,Non HTTP response code: java.net.SocketException,Non HTTP response message: Connection reset,Virtual Users [400 threads] 1-178,text,false,"Review submission returned unexpected status (401 = bad token, 5xx = server error)",2601,0,216,216,http://k8s-forkfind-forkfind-8e65d48af1-1990260306.us-east-1.elb.amazonaws.com/restaurants/15/reviews,0,0,0
1777593217939,30075,01 - POST /auth/user/login,Non HTTP response code: java.net.SocketTimeoutException,Non HTTP response message: Read timed out,Virtual Users [400 threads] 1-182,text,false,Login failed — check credentials in users.csv,2679,0,215,215,http://k8s-forkfind-forkfind-8e65d48af1-1990260306.us-east-1.elb.amazonaws.com/auth/user/login,0,0,73
1777593247864,193,02 - GET /restaurants (search),200,OK,Virtual Users [400 threads] 1-180,text,true,,790,311,215,215,http://k8s-forkfind-forkfind-8e65d48af1-1990260306.us-east-1.elb.amazonaws.com/restaurants?q=pizza&limit=12&sort=rating,193,0,89
1777593247990,90,03 - POST /restaurants/15/reviews,Non HTTP response code: java.net.SocketException,Non HTTP response message: Connection reset,Virtual Users [400 threads] 1-179,text,false,"Review submission returned unexpected status (401 = bad token, 5xx = server error)",2601,0,215,215,http://k8s-forkfind-forkfind-8e65d48af1-1990260306.us-east-1.elb.amazonaws.com/restaurants/15/reviews,0,0,0
1777593218015,30068,01 - POST /auth/user/login,Non HTTP response code: java.net.SocketTimeoutException,Non HTTP response message: Read timed out,Virtual Users [400 threads] 1-183,text,false,Login failed — check credentials in users.csv,2679,0,214,214,http://k8s-forkfind-forkfind-8e65d48af1-1990260306.us-east-1.elb.amazonaws.com/auth/user/login,0,0,66
1777593247936,168,02 - GET /restaurants (search),200,OK,Virtual Users [400 threads] 1-181,text,true,,790,311,214,214,http://k8s-forkfind-forkfind-8e65d48af1-1990260306.us-east-1.elb.amazonaws.com/restaurants?q=pizza&limit=12&sort=rating,168,0,77
1777593248057,89,03 - POST /restaurants/15/reviews,Non HTTP response code: java.net.SocketException,Non HTTP response message: Connection reset,Virtual Users [400 threads] 1-180,text,false,"Review submission returned unexpected status (401 = bad token, 5xx = server error)",2601,0,214,214,http://k8s-forkfind-forkfind-8e65d48af1-1990260306.us-east-1.elb.amazonaws.com/restaurants/15/reviews,0,0,0
1777593218092,30071,01 - POST /auth/user/login,Non HTTP response code: java.net.SocketTimeoutException,Non HTTP response message: Read timed out,Virtual Users [400 threads] 1-184,text,false,Login failed — check credentials in users.csv,2679,0,213,213,http://k8s-forkfind-forkfind-8e65d48af1-1990260306.us-east-1.elb.amazonaws.com/auth/user/login,0,0,69
1777593218166,30068,01 - POST /auth/user/login,Non HTTP response code: java.net.SocketTimeoutException,Non HTTP response message: Read timed out,Virtual Users [400 threads] 1-185,text,false,Login failed — check credentials in users.csv,2679,0,213,213,http://k8s-forkfind-forkfind-8e65d48af1-1990260306.us-east-1.elb.amazonaws.com/auth/user/login,0,0,66
1777593248014,225,02 - GET /restaurants (search),200,OK,Virtual Users [400 threads] 1-182,text,true,,790,311,213,213,http://k8s-forkfind-forkfind-8e65d48af1-1990260306.us-east-1.elb.amazonaws.com/restaurants?q=pizza&limit=12&sort=rating,225,0,90
1777593248104,136,03 - POST /restaurants/15/reviews,Non HTTP response code: java.net.SocketException,Non HTTP response message: Connection reset,Virtual Users [400 threads] 1-181,text,false,"Review submission returned unexpected status (401 = bad token, 5xx = server error)",2601,0,213,213,http://k8s-forkfind-forkfind-8e65d48af1-1990260306.us-east-1.elb.amazonaws.com/restaurants/15/reviews,0,0,0
1777593218243,30074,01 - POST /auth/user/login,Non HTTP response code: java.net.SocketTimeoutException,Non HTTP response message: Read timed out,Virtual Users [400 threads] 1-186,text,false,Login failed — check credentials in users.csv,2679,0,212,212,http://k8s-forkfind-forkfind-8e65d48af1-1990260306.us-east-1.elb.amazonaws.com/auth/user/login,0,0,72
1777593248084,274,02 - GET /restaurants (search),200,OK,Virtual Users [400 threads] 1-183,text,true,,790,311,212,212,http://k8s-forkfind-forkfind-8e65d48af1-1990260306.us-east-1.elb.amazonaws.com/restaurants?q=pizza&limit=12&sort=rating,274,0,155
1777593248164,194,02 - GET /restaurants (search),200,OK,Virtual Users [400 threads] 1-184,text,true,,790,311,212,212,http://k8s-forkfind-forkfind-8e65d48af1-1990260306.us-east-1.elb.amazonaws.com/restaurants?q=pizza&limit=12&sort=rating,194,0,94
1777593248240,118,03 - POST /restaurants/15/reviews,Non HTTP response code: java.net.SocketException,Non HTTP response message: Connection reset,Virtual Users [400 threads] 1-182,text,false,"Review submission returned unexpected status (401 = bad token, 5xx = server error)",2601,0,212,212,http://k8s-forkfind-forkfind-8e65d48af1-1990260306.us-east-1.elb.amazonaws.com/restaurants/15/reviews,0,0,0
1777593218318,30070,01 - POST /auth/user/login,Non HTTP response code: java.net.SocketTimeoutException,Non HTTP response message: Read timed out,Virtual Users [400 threads] 1-187,text,false,Login failed — check credentials in users.csv,2679,0,211,211,http://k8s-forkfind-forkfind-8e65d48af1-1990260306.us-east-1.elb.amazonaws.com/auth/user/login,0,0,68
1777593248235,224,02 - GET /restaurants (search),200,OK,Virtual Users [400 threads] 1-185,text,true,,790,311,211,211,http://k8s-forkfind-forkfind-8e65d48af1-1990260306.us-east-1.elb.amazonaws.com/restaurants?q=pizza&limit=12&sort=rating,224,0,122
1777593248358,101,03 - POST /restaurants/15/reviews,Non HTTP response code: java.net.SocketException,Non HTTP response message: Connection reset,Virtual Users [400 threads] 1-184,text,false,"Review submission returned unexpected status (401 = bad token, 5xx = server error)",2601,0,211,211,http://k8s-forkfind-forkfind-8e65d48af1-1990260306.us-east-1.elb.amazonaws.com/restaurants/15/reviews,0,0,0
1777593248358,101,03 - POST /restaurants/15/reviews,Non HTTP response code: java.net.SocketException,Non HTTP response message: Connection reset,Virtual Users [400 threads] 1-183,text,false,"Review submission returned unexpected status (401 = bad token, 5xx = server error)",2601,0,211,211,http://k8s-forkfind-forkfind-8e65d48af1-1990260306.us-east-1.elb.amazonaws.com/restaurants/15/reviews,0,0,0
1777593218393,30069,01 - POST /auth/user/login,Non HTTP response code: java.net.SocketTimeoutException,Non HTTP response message: Read timed out,Virtual Users [400 threads] 1-188,text,false,Login failed — check credentials in users.csv,2679,0,209,209,http://k8s-forkfind-forkfind-8e65d48af1-1990260306.us-east-1.elb.amazonaws.com/auth/user/login,0,0,68
1777593218465,30067,01 - POST /auth/user/login,Non HTTP response code: java.net.SocketTimeoutException,Non HTTP response message: Read timed out,Virtual Users [400 threads] 1-189,text,false,Login failed — check credentials in users.csv,2679,0,209,209,http://k8s-forkfind-forkfind-8e65d48af1-1990260306.us-east-1.elb.amazonaws.com/auth/user/login,0,0,65
1777593248319,251,02 - GET /restaurants (search),200,OK,Virtual Users [400 threads] 1-186,text,true,,790,311,209,209,http://k8s-forkfind-forkfind-8e65d48af1-1990260306.us-east-1.elb.amazonaws.com/restaurants?q=pizza&limit=12&sort=rating,251,0,140
1777593248459,111,03 - POST /restaurants/15/reviews,Non HTTP response code: java.net.SocketException,Non HTTP response message: Connection reset,Virtual Users [400 threads] 1-185,text,false,"Review submission returned unexpected status (401 = bad token, 5xx = server error)",2601,0,209,209,http://k8s-forkfind-forkfind-8e65d48af1-1990260306.us-east-1.elb.amazonaws.com/restaurants/15/reviews,0,0,0
1777593248389,184,02 - GET /restaurants (search),200,OK,Virtual Users [400 threads] 1-187,text,true,,790,311,208,208,http://k8s-forkfind-forkfind-8e65d48af1-1990260306.us-east-1.elb.amazonaws.com/restaurants?q=pizza&limit=12&sort=rating,184,0,80
1777593218542,30068,01 - POST /auth/user/login,Non HTTP response code: java.net.SocketTimeoutException,Non HTTP response message: Read timed out,Virtual Users [400 threads] 1-190,text,false,Login failed — check credentials in users.csv,2679,0,208,208,http://k8s-forkfind-forkfind-8e65d48af1-1990260306.us-east-1.elb.amazonaws.com/auth/user/login,0,0,67
1777593248462,206,02 - GET /restaurants (search),200,OK,Virtual Users [400 threads] 1-188,text,true,,790,311,208,208,http://k8s-forkfind-forkfind-8e65d48af1-1990260306.us-east-1.elb.amazonaws.com/restaurants?q=pizza&limit=12&sort=rating,206,0,108
1777593248570,98,03 - POST /restaurants/15/reviews,Non HTTP response code: java.net.SocketException,Non HTTP response message: Connection reset,Virtual Users [400 threads] 1-186,text,false,"Review submission returned unexpected status (401 = bad token, 5xx = server error)",2601,0,208,208,http://k8s-forkfind-forkfind-8e65d48af1-1990260306.us-east-1.elb.amazonaws.com/restaurants/15/reviews,0,0,0
1777593248573,95,03 - POST /restaurants/15/reviews,Non HTTP response code: java.net.SocketException,Non HTTP response message: Connection reset,Virtual Users [400 threads] 1-187,text,false,"Review submission returned unexpected status (401 = bad token, 5xx = server error)",2601,0,208,208,http://k8s-forkfind-forkfind-8e65d48af1-1990260306.us-east-1.elb.amazonaws.com/restaurants/15/reviews,0,0,0
1777593218616,30076,01 - POST /auth/user/login,Non HTTP response code: java.net.SocketTimeoutException,Non HTTP response message: Read timed out,Virtual Users [400 threads] 1-191,text,false,Login failed — check credentials in users.csv,2679,0,206,206,http://k8s-forkfind-forkfind-8e65d48af1-1990260306.us-east-1.elb.amazonaws.com/auth/user/login,0,0,74
1777593248533,160,02 - GET /restaurants (search),200,OK,Virtual Users [400 threads] 1-189,text,true,,790,311,206,206,http://k8s-forkfind-forkfind-8e65d48af1-1990260306.us-east-1.elb.amazonaws.com/restaurants?q=pizza&limit=12&sort=rating,160,0,76
1777593248668,83,03 - POST /restaurants/15/reviews,Non HTTP response code: java.net.SocketException,Non HTTP response message: Connection reset,Virtual Users [400 threads] 1-188,text,false,"Review submission returned unexpected status (401 = bad token, 5xx = server error)",2601,0,206,206,http://k8s-forkfind-forkfind-8e65d48af1-1990260306.us-east-1.elb.amazonaws.com/restaurants/15/reviews,0,0,0
1777593218689,30068,01 - POST /auth/user/login,Non HTTP response code: java.net.SocketTimeoutException,Non HTTP response message: Read timed out,Virtual Users [400 threads] 1-192,text,false,Login failed — check credentials in users.csv,2679,0,205,205,http://k8s-forkfind-forkfind-8e65d48af1-1990260306.us-east-1.elb.amazonaws.com/auth/user/login,0,0,66
1777593248611,167,02 - GET /restaurants (search),200,OK,Virtual Users [400 threads] 1-190,text,true,,790,311,205,205,http://k8s-forkfind-forkfind-8e65d48af1-1990260306.us-east-1.elb.amazonaws.com/restaurants?q=pizza&limit=12&sort=rating,167,0,81
1777593248693,85,03 - POST /restaurants/15/reviews,Non HTTP response code: java.net.SocketException,Non HTTP response message: Connection reset,Virtual Users [400 threads] 1-189,text,false,"Review submission returned unexpected status (401 = bad token, 5xx = server error)",2601,0,205,205,http://k8s-forkfind-forkfind-8e65d48af1-1990260306.us-east-1.elb.amazonaws.com/restaurants/15/reviews,0,0,0
1777593218764,30092,01 - POST /auth/user/login,Non HTTP response code: java.net.SocketTimeoutException,Non HTTP response message: Read timed out,Virtual Users [400 threads] 1-193,text,false,Login failed — check credentials in users.csv,2679,0,204,204,http://k8s-forkfind-forkfind-8e65d48af1-1990260306.us-east-1.elb.amazonaws.com/auth/user/login,0,0,90
1777593248692,177,02 - GET /restaurants (search),200,OK,Virtual Users [400 threads] 1-191,text,true,,790,311,204,204,http://k8s-forkfind-forkfind-8e65d48af1-1990260306.us-east-1.elb.amazonaws.com/restaurants?q=pizza&limit=12&sort=rating,177,0,86
1777593248778,91,03 - POST /restaurants/15/reviews,Non HTTP response code: java.net.SocketException,Non HTTP response message: Connection reset,Virtual Users [400 threads] 1-190,text,false,"Review submission returned unexpected status (401 = bad token, 5xx = server error)",2601,0,204,204,http://k8s-forkfind-forkfind-8e65d48af1-1990260306.us-east-1.elb.amazonaws.com/restaurants/15/reviews,0,0,0
1777593218839,30075,01 - POST /auth/user/login,Non HTTP response code: java.net.SocketTimeoutException,Non HTTP response message: Read timed out,Virtual Users [400 threads] 1-194,text,false,Login failed — check credentials in users.csv,2679,0,203,203,http://k8s-forkfind-forkfind-8e65d48af1-1990260306.us-east-1.elb.amazonaws.com/auth/user/login,0,0,73
1777593248758,176,02 - GET /restaurants (search),200,OK,Virtual Users [400 threads] 1-192,text,true,,790,311,203,203,http://k8s-forkfind-forkfind-8e65d48af1-1990260306.us-east-1.elb.amazonaws.com/restaurants?q=pizza&limit=12&sort=rating,176,0,78
1777593248870,97,03 - POST /restaurants/15/reviews,Non HTTP response code: java.net.SocketException,Non HTTP response message: Connection reset,Virtual Users [400 threads] 1-191,text,false,"Review submission returned unexpected status (401 = bad token, 5xx = server error)",2601,0,203,203,http://k8s-forkfind-forkfind-8e65d48af1-1990260306.us-east-1.elb.amazonaws.com/restaurants/15/reviews,0,0,0
1777593218916,30071,01 - POST /auth/user/login,Non HTTP response code: java.net.SocketTimeoutException,Non HTTP response message: Read timed out,Virtual Users [400 threads] 1-195,text,false,Login failed — check credentials in users.csv,2679,0,202,202,http://k8s-forkfind-forkfind-8e65d48af1-1990260306.us-east-1.elb.amazonaws.com/auth/user/login,0,0,70
1777593248934,100,03 - POST /restaurants/15/reviews,Non HTTP response code: java.net.SocketException,Non HTTP response message: Connection reset,Virtual Users [400 threads] 1-192,text,false,"Review submission returned unexpected status (401 = bad token, 5xx = server error)",2601,0,202,202,http://k8s-forkfind-forkfind-8e65d48af1-1990260306.us-east-1.elb.amazonaws.com/restaurants/15/reviews,0,0,0
1777593248858,192,02 - GET /restaurants (search),200,OK,Virtual Users [400 threads] 1-193,text,true,,790,311,201,201,http://k8s-forkfind-forkfind-8e65d48af1-1990260306.us-east-1.elb.amazonaws.com/restaurants?q=pizza&limit=12&sort=rating,192,0,91
1777593218991,30071,01 - POST /auth/user/login,Non HTTP response code: java.net.SocketTimeoutException,Non HTTP response message: Read timed out,Virtual Users [400 threads] 1-196,text,false,Login failed — check credentials in users.csv,2679,0,201,201,http://k8s-forkfind-forkfind-8e65d48af1-1990260306.us-east-1.elb.amazonaws.com/auth/user/login,0,0,69
1777593248915,182,02 - GET /restaurants (search),200,OK,Virtual Users [400 threads] 1-194,text,true,,790,311,201,201,http://k8s-forkfind-forkfind-8e65d48af1-1990260306.us-east-1.elb.amazonaws.com/restaurants?q=pizza&limit=12&sort=rating,182,0,80
1777593219063,30066,01 - POST /auth/user/login,Non HTTP response code: java.net.SocketTimeoutException,Non HTTP response message: Read timed out,Virtual Users [400 threads] 1-197,text,false,Login failed — check credentials in users.csv,2679,0,201,201,http://k8s-forkfind-forkfind-8e65d48af1-1990260306.us-east-1.elb.amazonaws.com/auth/user/login,0,0,65
1777593249050,80,03 - POST /restaurants/15/reviews,Non HTTP response code: java.net.SocketException,Non HTTP response message: Connection reset,Virtual Users [400 threads] 1-193,text,false,"Review submission returned unexpected status (401 = bad token, 5xx = server error)",2601,0,201,201,http://k8s-forkfind-forkfind-8e65d48af1-1990260306.us-east-1.elb.amazonaws.com/restaurants/15/reviews,0,0,0
1777593248989,179,02 - GET /restaurants (search),200,OK,Virtual Users [400 threads] 1-195,text,true,,790,311,200,200,http://k8s-forkfind-forkfind-8e65d48af1-1990260306.us-east-1.elb.amazonaws.com/restaurants?q=pizza&limit=12&sort=rating,179,0,81
1777593249098,81,03 - POST /restaurants/15/reviews,Non HTTP response code: java.net.SocketException,Non HTTP response message: Connection reset,Virtual Users [400 threads] 1-194,text,false,"Review submission returned unexpected status (401 = bad token, 5xx = server error)",2601,0,200,200,http://k8s-forkfind-forkfind-8e65d48af1-1990260306.us-east-1.elb.amazonaws.com/restaurants/15/reviews,0,0,0
1777593219137,30084,01 - POST /auth/user/login,Non HTTP response code: java.net.SocketTimeoutException,Non HTTP response message: Read timed out,Virtual Users [400 threads] 1-198,text,false,Login failed — check credentials in users.csv,2679,0,199,199,http://k8s-forkfind-forkfind-8e65d48af1-1990260306.us-east-1.elb.amazonaws.com/auth/user/login,0,0,82
1777593219213,30068,01 - POST /auth/user/login,Non HTTP response code: java.net.SocketTimeoutException,Non HTTP response message: Read timed out,Virtual Users [400 threads] 1-199,text,false,Login failed — check credentials in users.csv,2679,0,199,199,http://k8s-forkfind-forkfind-8e65d48af1-1990260306.us-east-1.elb.amazonaws.com/auth/user/login,0,0,66
1777593219291,30072,01 - POST /auth/user/login,Non HTTP response code: java.net.SocketTimeoutException,Non HTTP response message: Read timed out,Virtual Users [400 threads] 1-200,text,false,Login failed — check credentials in users.csv,2679,0,199,199,http://k8s-forkfind-forkfind-8e65d48af1-1990260306.us-east-1.elb.amazonaws.com/auth/user/login,0,0,70
1777593249062,305,02 - GET /restaurants (search),200,OK,Virtual Users [400 threads] 1-196,text,true,,790,311,199,199,http://k8s-forkfind-forkfind-8e65d48af1-1990260306.us-east-1.elb.amazonaws.com/restaurants?q=pizza&limit=12&sort=rating,305,0,84
1777593249130,237,02 - GET /restaurants (search),200,OK,Virtual Users [400 threads] 1-197,text,true,,790,311,199,199,http://k8s-forkfind-forkfind-8e65d48af1-1990260306.us-east-1.elb.amazonaws.com/restaurants?q=pizza&limit=12&sort=rating,237,0,81
1777593249168,199,03 - POST /restaurants/15/reviews,Non HTTP response code: java.net.SocketException,Non HTTP response message: Connection reset,Virtual Users [400 threads] 1-195,text,false,"Review submission returned unexpected status (401 = bad token, 5xx = server error)",2601,0,199,199,http://k8s-forkfind-forkfind-8e65d48af1-1990260306.us-east-1.elb.amazonaws.com/restaurants/15/reviews,0,0,0
1777593219366,30077,01 - POST /auth/user/login,Non HTTP response code: java.net.SocketTimeoutException,Non HTTP response message: Read timed out,Virtual Users [400 threads] 1-201,text,false,Login failed — check credentials in users.csv,2679,0,198,198,http://k8s-forkfind-forkfind-8e65d48af1-1990260306.us-east-1.elb.amazonaws.com/auth/user/login,0,0,75
1777593249282,191,02 - GET /restaurants (search),200,OK,Virtual Users [400 threads] 1-199,text,true,,790,311,198,198,http://k8s-forkfind-forkfind-8e65d48af1-1990260306.us-east-1.elb.amazonaws.com/restaurants?q=pizza&limit=12&sort=rating,191,0,85
1777593249367,106,03 - POST /restaurants/15/reviews,Non HTTP response code: java.net.SocketException,Non HTTP response message: Connection reset,Virtual Users [400 threads] 1-196,text,false,"Review submission returned unexpected status (401 = bad token, 5xx = server error)",2601,0,198,198,http://k8s-forkfind-forkfind-8e65d48af1-1990260306.us-east-1.elb.amazonaws.com/restaurants/15/reviews,0,0,0
1777593249222,251,02 - GET /restaurants (search),200,OK,Virtual Users [400 threads] 1-198,text,true,,790,311,198,198,http://k8s-forkfind-forkfind-8e65d48af1-1990260306.us-east-1.elb.amazonaws.com/restaurants?q=pizza&limit=12&sort=rating,251,0,145
1777593249367,106,03 - POST /restaurants/15/reviews,Non HTTP response code: java.net.SocketException,Non HTTP response message: Connection reset,Virtual Users [400 threads] 1-197,text,false,"Review submission returned unexpected status (401 = bad token, 5xx = server error)",2601,0,198,198,http://k8s-forkfind-forkfind-8e65d48af1-1990260306.us-east-1.elb.amazonaws.com/restaurants/15/reviews,0,0,0
1777593249364,167,02 - GET /restaurants (search),200,OK,Virtual Users [400 threads] 1-200,text,true,,790,311,196,196,http://k8s-forkfind-forkfind-8e65d48af1-1990260306.us-east-1.elb.amazonaws.com/restaurants?q=pizza&limit=12&sort=rating,167,0,83
1777593219441,30090,01 - POST /auth/user/login,Non HTTP response code: java.net.SocketTimeoutException,Non HTTP response message: Read timed out,Virtual Users [400 threads] 1-202,text,false,Login failed — check credentials in users.csv,2679,0,196,196,http://k8s-forkfind-forkfind-8e65d48af1-1990260306.us-east-1.elb.amazonaws.com/auth/user/login,0,0,89
1777593249473,85,03 - POST /restaurants/15/reviews,Non HTTP response code: java.net.SocketException,Non HTTP response message: Connection reset,Virtual Users [400 threads] 1-198,text,false,"Review submission returned unexpected status (401 = bad token, 5xx = server error)",2601,0,196,196,http://k8s-forkfind-forkfind-8e65d48af1-1990260306.us-east-1.elb.amazonaws.com/restaurants/15/reviews,0,0,0
1777593249473,85,03 - POST /restaurants/15/reviews,Non HTTP response code: java.net.SocketException,Non HTTP response message: Connection reset,Virtual Users [400 threads] 1-199,text,false,"Review submission returned unexpected status (401 = bad token, 5xx = server error)",2601,0,196,196,http://k8s-forkfind-forkfind-8e65d48af1-1990260306.us-east-1.elb.amazonaws.com/restaurants/15/reviews,0,0,0
1777593219517,30070,01 - POST /auth/user/login,Non HTTP response code: java.net.SocketTimeoutException,Non HTTP response message: Read timed out,Virtual Users [400 threads] 1-203,text,false,Login failed — check credentials in users.csv,2679,0,194,194,http://k8s-forkfind-forkfind-8e65d48af1-1990260306.us-east-1.elb.amazonaws.com/auth/user/login,0,0,68
1777593249444,159,02 - GET /restaurants (search),200,OK,Virtual Users [400 threads] 1-201,text,true,,790,311,194,194,http://k8s-forkfind-forkfind-8e65d48af1-1990260306.us-east-1.elb.amazonaws.com/restaurants?q=pizza&limit=12&sort=rating,159,0,80
1777593249532,97,03 - POST /restaurants/15/reviews,Non HTTP response code: java.net.SocketException,Non HTTP response message: Connection reset,Virtual Users [400 threads] 1-200,text,false,"Review submission returned unexpected status (401 = bad token, 5xx = server error)",2601,0,194,194,http://k8s-forkfind-forkfind-8e65d48af1-1990260306.us-east-1.elb.amazonaws.com/restaurants/15/reviews,0,0,0
1777593219591,30068,01 - POST /auth/user/login,Non HTTP response code: java.net.SocketTimeoutException,Non HTTP response message: Read timed out,Virtual Users [400 threads] 1-204,text,false,Login failed — check credentials in users.csv,2679,0,193,193,http://k8s-forkfind-forkfind-8e65d48af1-1990260306.us-east-1.elb.amazonaws.com/auth/user/login,0,0,65
1777593249604,99,03 - POST /restaurants/15/reviews,Non HTTP response code: java.net.SocketException,Non HTTP response message: Connection reset,Virtual Users [400 threads] 1-201,text,false,"Review submission returned unexpected status (401 = bad token, 5xx = server error)",2601,0,193,193,http://k8s-forkfind-forkfind-8e65d48af1-1990260306.us-east-1.elb.amazonaws.com/restaurants/15/reviews,0,0,0
1777593249533,206,02 - GET /restaurants (search),200,OK,Virtual Users [400 threads] 1-202,text,true,,790,311,192,192,http://k8s-forkfind-forkfind-8e65d48af1-1990260306.us-east-1.elb.amazonaws.com/restaurants?q=pizza&limit=12&sort=rating,206,0,95
1777593219666,30076,01 - POST /auth/user/login,Non HTTP response code: java.net.SocketTimeoutException,Non HTTP response message: Read timed out,Virtual Users [400 threads] 1-205,text,false,Login failed — check credentials in users.csv,2679,0,192,192,http://k8s-forkfind-forkfind-8e65d48af1-1990260306.us-east-1.elb.amazonaws.com/auth/user/login,0,0,75
1777593219740,30070,01 - POST /auth/user/login,Non HTTP response code: java.net.SocketTimeoutException,Non HTTP response message: Read timed out,Virtual Users [400 threads] 1-206,text,false,Login failed — check credentials in users.csv,2679,0,192,192,http://k8s-forkfind-forkfind-8e65d48af1-1990260306.us-east-1.elb.amazonaws.com/auth/user/login,0,0,68
1777593249589,279,02 - GET /restaurants (search),200,OK,Virtual Users [400 threads] 1-203,text,true,,790,311,192,192,http://k8s-forkfind-forkfind-8e65d48af1-1990260306.us-east-1.elb.amazonaws.com/restaurants?q=pizza&limit=12&sort=rating,279,0,73
1777593219814,30068,01 - POST /auth/user/login,Non HTTP response code: java.net.SocketTimeoutException,Non HTTP response message: Read timed out,Virtual Users [400 threads] 1-207,text,false,Login failed — check credentials in users.csv,2679,0,192,192,http://k8s-forkfind-forkfind-8e65d48af1-1990260306.us-east-1.elb.amazonaws.com/auth/user/login,0,0,66
1777593249660,247,02 - GET /restaurants (search),200,OK,Virtual Users [400 threads] 1-204,text,true,,790,311,192,192,http://k8s-forkfind-forkfind-8e65d48af1-1990260306.us-east-1.elb.amazonaws.com/restaurants?q=pizza&limit=12&sort=rating,247,0,79
1777593249740,167,03 - POST /restaurants/15/reviews,Non HTTP response code: java.net.SocketException,Non HTTP response message: Connection reset,Virtual Users [400 threads] 1-202,text,false,"Review submission returned unexpected status (401 = bad token, 5xx = server error)",2601,0,192,192,http://k8s-forkfind-forkfind-8e65d48af1-1990260306.us-east-1.elb.amazonaws.com/restaurants/15/reviews,0,0,0
1777593219889,30068,01 - POST /auth/user/login,Non HTTP response code: java.net.SocketTimeoutException,Non HTTP response message: Read timed out,Virtual Users [400 threads] 1-208,text,false,Login failed — check credentials in users.csv,2679,0,191,191,http://k8s-forkfind-forkfind-8e65d48af1-1990260306.us-east-1.elb.amazonaws.com/auth/user/login,0,0,66
1777593249869,94,03 - POST /restaurants/15/reviews,Non HTTP response code: java.net.SocketException,Non HTTP response message: Connection reset,Virtual Users [400 threads] 1-203,text,false,"Review submission returned unexpected status (401 = bad token, 5xx = server error)",2601,0,191,191,http://k8s-forkfind-forkfind-8e65d48af1-1990260306.us-east-1.elb.amazonaws.com/restaurants/15/reviews,0,0,0
1777593249743,272,02 - GET /restaurants (search),200,OK,Virtual Users [400 threads] 1-205,text,true,,790,311,190,190,http://k8s-forkfind-forkfind-8e65d48af1-1990260306.us-east-1.elb.amazonaws.com/restaurants?q=pizza&limit=12&sort=rating,272,0,164
1777593249811,204,02 - GET /restaurants (search),200,OK,Virtual Users [400 threads] 1-206,text,true,,790,311,190,190,http://k8s-forkfind-forkfind-8e65d48af1-1990260306.us-east-1.elb.amazonaws.com/restaurants?q=pizza&limit=12&sort=rating,204,0,96
1777593249907,108,03 - POST /restaurants/15/reviews,Non HTTP response code: java.net.SocketException,Non HTTP response message: Connection reset,Virtual Users [400 threads] 1-204,text,false,"Review submission returned unexpected status (401 = bad token, 5xx = server error)",2601,0,190,190,http://k8s-forkfind-forkfind-8e65d48af1-1990260306.us-east-1.elb.amazonaws.com/restaurants/15/reviews,0,0,0
1777593219965,30078,01 - POST /auth/user/login,Non HTTP response code: java.net.SocketTimeoutException,Non HTTP response message: Read timed out,Virtual Users [400 threads] 1-209,text,false,Login failed — check credentials in users.csv,2679,0,189,189,http://k8s-forkfind-forkfind-8e65d48af1-1990260306.us-east-1.elb.amazonaws.com/auth/user/login,0,0,76
1777593249882,207,02 - GET /restaurants (search),200,OK,Virtual Users [400 threads] 1-207,text,true,,790,311,189,189,http://k8s-forkfind-forkfind-8e65d48af1-1990260306.us-east-1.elb.amazonaws.com/restaurants?q=pizza&limit=12&sort=rating,207,0,81
1777593250015,89,03 - POST /restaurants/15/reviews,Non HTTP response code: java.net.SocketException,Non HTTP response message: Connection reset,Virtual Users [400 threads] 1-205,text,false,"Review submission returned unexpected status (401 = bad token, 5xx = server error)",2601,0,189,189,http://k8s-forkfind-forkfind-8e65d48af1-1990260306.us-east-1.elb.amazonaws.com/restaurants/15/reviews,0,0,0
1777593250015,89,03 - POST /restaurants/15/reviews,Non HTTP response code: java.net.SocketException,Non HTTP response message: Connection reset,Virtual Users [400 threads] 1-206,text,false,"Review submission returned unexpected status (401 = bad token, 5xx = server error)",2601,0,189,189,http://k8s-forkfind-forkfind-8e65d48af1-1990260306.us-east-1.elb.amazonaws.com/restaurants/15/reviews,0,0,0
1777593220038,30069,01 - POST /auth/user/login,Non HTTP response code: java.net.SocketTimeoutException,Non HTTP response message: Read timed out,Virtual Users [400 threads] 1-210,text,false,Login failed — check credentials in users.csv,2679,0,187,187,http://k8s-forkfind-forkfind-8e65d48af1-1990260306.us-east-1.elb.amazonaws.com/auth/user/login,0,0,67
1777593249957,169,02 - GET /restaurants (search),200,OK,Virtual Users [400 threads] 1-208,text,true,,790,311,187,187,http://k8s-forkfind-forkfind-8e65d48af1-1990260306.us-east-1.elb.amazonaws.com/restaurants?q=pizza&limit=12&sort=rating,169,0,81
1777593220118,30069,01 - POST /auth/user/login,Non HTTP response code: java.net.SocketTimeoutException,Non HTTP response message: Read timed out,Virtual Users [400 threads] 1-211,text,false,Login failed — check credentials in users.csv,2679,0,187,187,http://k8s-forkfind-forkfind-8e65d48af1-1990260306.us-east-1.elb.amazonaws.com/auth/user/login,0,0,67
1777593250090,104,03 - POST /restaurants/15/reviews,Non HTTP response code: java.net.SocketException,Non HTTP response message: Connection reset,Virtual Users [400 threads] 1-207,text,false,"Review submission returned unexpected status (401 = bad token, 5xx = server error)",2601,0,187,187,http://k8s-forkfind-forkfind-8e65d48af1-1990260306.us-east-1.elb.amazonaws.com/restaurants/15/reviews,0,0,0
1777593220190,30074,01 - POST /auth/user/login,Non HTTP response code: java.net.SocketTimeoutException,Non HTTP response message: Read timed out,Virtual Users [400 threads] 1-212,text,false,Login failed — check credentials in users.csv,2679,0,186,186,http://k8s-forkfind-forkfind-8e65d48af1-1990260306.us-east-1.elb.amazonaws.com/auth/user/login,0,0,73
1777593250043,265,02 - GET /restaurants (search),200,OK,Virtual Users [400 threads] 1-209,text,true,,790,311,186,186,http://k8s-forkfind-forkfind-8e65d48af1-1990260306.us-east-1.elb.amazonaws.com/restaurants?q=pizza&limit=12&sort=rating,265,0,82
1777593250126,182,03 - POST /restaurants/15/reviews,Non HTTP response code: java.net.SocketException,Non HTTP response message: Connection reset,Virtual Users [400 threads] 1-208,text,false,"Review submission returned unexpected status (401 = bad token, 5xx = server error)",2601,0,186,186,http://k8s-forkfind-forkfind-8e65d48af1-1990260306.us-east-1.elb.amazonaws.com/restaurants/15/reviews,0,0,0
1777593220265,30070,01 - POST /auth/user/login,Non HTTP response code: java.net.SocketTimeoutException,Non HTTP response message: Read timed out,Virtual Users [400 threads] 1-213,text,false,Login failed — check credentials in users.csv,2679,0,185,185,http://k8s-forkfind-forkfind-8e65d48af1-1990260306.us-east-1.elb.amazonaws.com/auth/user/login,0,0,68
1777593220337,30072,01 - POST /auth/user/login,Non HTTP response code: java.net.SocketTimeoutException,Non HTTP response message: Read timed out,Virtual Users [400 threads] 1-214,text,false,Login failed — check credentials in users.csv,2679,0,185,185,http://k8s-forkfind-forkfind-8e65d48af1-1990260306.us-east-1.elb.amazonaws.com/auth/user/login,0,0,71
1777593250187,296,02 - GET /restaurants (search),200,OK,Virtual Users [400 threads] 1-211,text,true,,790,311,185,185,http://k8s-forkfind-forkfind-8e65d48af1-1990260306.us-east-1.elb.amazonaws.com/restaurants?q=pizza&limit=12&sort=rating,296,0,121
1777593250107,376,02 - GET /restaurants (search),200,OK,Virtual Users [400 threads] 1-210,text,true,,790,311,185,185,http://k8s-forkfind-forkfind-8e65d48af1-1990260306.us-east-1.elb.amazonaws.com/restaurants?q=pizza&limit=12&sort=rating,376,0,201
1777593250265,218,02 - GET /restaurants (search),200,OK,Virtual Users [400 threads] 1-212,text,true,,790,311,185,185,http://k8s-forkfind-forkfind-8e65d48af1-1990260306.us-east-1.elb.amazonaws.com/restaurants?q=pizza&limit=12&sort=rating,218,0,90
1777593250308,175,03 - POST /restaurants/15/reviews,Non HTTP response code: java.net.SocketException,Non HTTP response message: Connection reset,Virtual Users [400 threads] 1-209,text,false,"Review submission returned unexpected status (401 = bad token, 5xx = server error)",2601,0,185,185,http://k8s-forkfind-forkfind-8e65d48af1-1990260306.us-east-1.elb.amazonaws.com/restaurants/15/reviews,0,0,0
1777593220416,30078,01 - POST /auth/user/login,Non HTTP response code: java.net.SocketTimeoutException,Non HTTP response message: Read timed out,Virtual Users [400 threads] 1-215,text,false,Login failed — check credentials in users.csv,2679,0,184,184,http://k8s-forkfind-forkfind-8e65d48af1-1990260306.us-east-1.elb.amazonaws.com/auth/user/login,0,0,77
1777593220487,30083,01 - POST /auth/user/login,Non HTTP response code: java.net.SocketTimeoutException,Non HTTP response message: Read timed out,Virtual Users [400 threads] 1-216,text,false,Login failed — check credentials in users.csv,2679,0,184,184,http://k8s-forkfind-forkfind-8e65d48af1-1990260306.us-east-1.elb.amazonaws.com/auth/user/login,0,0,81
1777593250335,250,02 - GET /restaurants (search),200,OK,Virtual Users [400 threads] 1-213,text,true,,790,311,184,184,http://k8s-forkfind-forkfind-8e65d48af1-1990260306.us-east-1.elb.amazonaws.com/restaurants?q=pizza&limit=12&sort=rating,250,0,148
1777593250484,102,03 - POST /restaurants/15/reviews,Non HTTP response code: java.net.SocketException,Non HTTP response message: Connection reset,Virtual Users [400 threads] 1-212,text,false,"Review submission returned unexpected status (401 = bad token, 5xx = server error)",2601,0,184,184,http://k8s-forkfind-forkfind-8e65d48af1-1990260306.us-east-1.elb.amazonaws.com/restaurants/15/reviews,0,0,0
1777593250483,103,03 - POST /restaurants/15/reviews,Non HTTP response code: java.net.SocketException,Non HTTP response message: Connection reset,Virtual Users [400 threads] 1-210,text,false,"Review submission returned unexpected status (401 = bad token, 5xx = server error)",2601,0,184,184,http://k8s-forkfind-forkfind-8e65d48af1-1990260306.us-east-1.elb.amazonaws.com/restaurants/15/reviews,0,0,0
1777593250483,103,03 - POST /restaurants/15/reviews,Non HTTP response code: java.net.SocketException,Non HTTP response message: Connection reset,Virtual Users [400 threads] 1-211,text,false,"Review submission returned unexpected status (401 = bad token, 5xx = server error)",2601,0,184,184,http://k8s-forkfind-forkfind-8e65d48af1-1990260306.us-east-1.elb.amazonaws.com/restaurants/15/reviews,0,0,0
1777593250410,205,02 - GET /restaurants (search),200,OK,Virtual Users [400 threads] 1-214,text,true,,790,311,181,181,http://k8s-forkfind-forkfind-8e65d48af1-1990260306.us-east-1.elb.amazonaws.com/restaurants?q=pizza&limit=12&sort=rating,205,0,84
1777593220566,30066,01 - POST /auth/user/login,Non HTTP response code: java.net.SocketTimeoutException,Non HTTP response message: Read timed out,Virtual Users [400 threads] 1-217,text,false,Login failed — check credentials in users.csv,2679,0,181,181,http://k8s-forkfind-forkfind-8e65d48af1-1990260306.us-east-1.elb.amazonaws.com/auth/user/login,0,0,64
1777593250586,88,03 - POST /restaurants/15/reviews,Non HTTP response code: java.net.SocketException,Non HTTP response message: Connection reset,Virtual Users [400 threads] 1-213,text,false,"Review submission returned unexpected status (401 = bad token, 5xx = server error)",2601,0,181,181,http://k8s-forkfind-forkfind-8e65d48af1-1990260306.us-east-1.elb.amazonaws.com/restaurants/15/reviews,0,0,0
1777593220642,30070,01 - POST /auth/user/login,Non HTTP response code: java.net.SocketTimeoutException,Non HTTP response message: Read timed out,Virtual Users [400 threads] 1-218,text,false,Login failed — check credentials in users.csv,2679,0,180,180,http://k8s-forkfind-forkfind-8e65d48af1-1990260306.us-east-1.elb.amazonaws.com/auth/user/login,0,0,69
1777593220714,30070,01 - POST /auth/user/login,Non HTTP response code: java.net.SocketTimeoutException,Non HTTP response message: Read timed out,Virtual Users [400 threads] 1-219,text,false,Login failed — check credentials in users.csv,2679,0,180,180,http://k8s-forkfind-forkfind-8e65d48af1-1990260306.us-east-1.elb.amazonaws.com/auth/user/login,0,0,68
1777593250495,297,02 - GET /restaurants (search),200,OK,Virtual Users [400 threads] 1-215,text,true,,790,311,180,180,http://k8s-forkfind-forkfind-8e65d48af1-1990260306.us-east-1.elb.amazonaws.com/restaurants?q=pizza&limit=12&sort=rating,297,0,101
1777593250615,177,03 - POST /restaurants/15/reviews,Non HTTP response code: java.net.SocketException,Non HTTP response message: Connection reset,Virtual Users [400 threads] 1-214,text,false,"Review submission returned unexpected status (401 = bad token, 5xx = server error)",2601,0,180,180,http://k8s-forkfind-forkfind-8e65d48af1-1990260306.us-east-1.elb.amazonaws.com/restaurants/15/reviews,0,0,0
1777593250571,221,02 - GET /restaurants (search),200,OK,Virtual Users [400 threads] 1-216,text,true,,790,311,180,180,http://k8s-forkfind-forkfind-8e65d48af1-1990260306.us-east-1.elb.amazonaws.com/restaurants?q=pizza&limit=12&sort=rating,221,0,91
1777593220792,30067,01 - POST /auth/user/login,Non HTTP response code: java.net.SocketTimeoutException,Non HTTP response message: Read timed out,Virtual Users [400 threads] 1-220,text,false,Login failed — check credentials in users.csv,2679,0,179,179,http://k8s-forkfind-forkfind-8e65d48af1-1990260306.us-east-1.elb.amazonaws.com/auth/user/login,0,0,66
1777593250792,78,03 - POST /restaurants/15/reviews,Non HTTP response code: java.net.SocketException,Non HTTP response message: Connection reset,Virtual Users [400 threads] 1-215,text,false,"Review submission returned unexpected status (401 = bad token, 5xx = server error)",2601,0,179,179,http://k8s-forkfind-forkfind-8e65d48af1-1990260306.us-east-1.elb.amazonaws.com/restaurants/15/reviews,0,0,0
1777593250792,78,03 - POST /restaurants/15/reviews,Non HTTP response code: java.net.SocketException,Non HTTP response message: Connection reset,Virtual Users [400 threads] 1-216,text,false,"Review submission returned unexpected status (401 = bad token, 5xx = server error)",2601,0,179,179,http://k8s-forkfind-forkfind-8e65d48af1-1990260306.us-east-1.elb.amazonaws.com/restaurants/15/reviews,0,0,0
1777593250634,236,02 - GET /restaurants (search),200,OK,Virtual Users [400 threads] 1-217,text,true,,790,311,179,179,http://k8s-forkfind-forkfind-8e65d48af1-1990260306.us-east-1.elb.amazonaws.com/restaurants?q=pizza&limit=12&sort=rating,236,0,158
1777593250713,180,02 - GET /restaurants (search),200,OK,Virtual Users [400 threads] 1-218,text,true,,790,311,177,177,http://k8s-forkfind-forkfind-8e65d48af1-1990260306.us-east-1.elb.amazonaws.com/restaurants?q=pizza&limit=12&sort=rating,180,0,92
1777593220866,30068,01 - POST /auth/user/login,Non HTTP response code: java.net.SocketTimeoutException,Non HTTP response message: Read timed out,Virtual Users [400 threads] 1-221,text,false,Login failed — check credentials in users.csv,2679,0,177,177,http://k8s-forkfind-forkfind-8e65d48af1-1990260306.us-east-1.elb.amazonaws.com/auth/user/login,0,0,66
1777593250785,158,02 - GET /restaurants (search),200,OK,Virtual Users [400 threads] 1-219,text,true,,790,311,177,177,http://k8s-forkfind-forkfind-8e65d48af1-1990260306.us-east-1.elb.amazonaws.com/restaurants?q=pizza&limit=12&sort=rating,158,0,76
1777593250871,96,03 - POST /restaurants/15/reviews,Non HTTP response code: java.net.SocketException,Non HTTP response message: Connection reset,Virtual Users [400 threads] 1-217,text,false,"Review submission returned unexpected status (401 = bad token, 5xx = server error)",2601,0,177,177,http://k8s-forkfind-forkfind-8e65d48af1-1990260306.us-east-1.elb.amazonaws.com/restaurants/15/reviews,0,0,0
1777593250893,74,03 - POST /restaurants/15/reviews,Non HTTP response code: java.net.SocketException,Non HTTP response message: Connection reset,Virtual Users [400 threads] 1-218,text,false,"Review submission returned unexpected status (401 = bad token, 5xx = server error)",2601,0,177,177,http://k8s-forkfind-forkfind-8e65d48af1-1990260306.us-east-1.elb.amazonaws.com/restaurants/15/reviews,0,0,0
1777593220941,30068,01 - POST /auth/user/login,Non HTTP response code: java.net.SocketTimeoutException,Non HTTP response message: Read timed out,Virtual Users [400 threads] 1-222,text,false,Login failed — check credentials in users.csv,2679,0,175,175,http://k8s-forkfind-forkfind-8e65d48af1-1990260306.us-east-1.elb.amazonaws.com/auth/user/login,0,0,66
1777593250943,75,03 - POST /restaurants/15/reviews,Non HTTP response code: java.net.SocketException,Non HTTP response message: Connection reset,Virtual Users [400 threads] 1-219,text,false,"Review submission returned unexpected status (401 = bad token, 5xx = server error)",2601,0,175,175,http://k8s-forkfind-forkfind-8e65d48af1-1990260306.us-east-1.elb.amazonaws.com/restaurants/15/reviews,0,0,0
1777593250860,167,02 - GET /restaurants (search),200,OK,Virtual Users [400 threads] 1-220,text,true,,790,311,174,174,http://k8s-forkfind-forkfind-8e65d48af1-1990260306.us-east-1.elb.amazonaws.com/restaurants?q=pizza&limit=12&sort=rating,167,0,82
1777593221016,30067,01 - POST /auth/user/login,Non HTTP response code: java.net.SocketTimeoutException,Non HTTP response message: Read timed out,Virtual Users [400 threads] 1-223,text,false,Login failed — check credentials in users.csv,2679,0,174,174,http://k8s-forkfind-forkfind-8e65d48af1-1990260306.us-east-1.elb.amazonaws.com/auth/user/login,0,0,65
1777593250935,158,02 - GET /restaurants (search),200,OK,Virtual Users [400 threads] 1-221,text,true,,790,311,174,174,http://k8s-forkfind-forkfind-8e65d48af1-1990260306.us-east-1.elb.amazonaws.com/restaurants?q=pizza&limit=12&sort=rating,158,0,74
1777593251027,81,03 - POST /restaurants/15/reviews,Non HTTP response code: java.net.SocketException,Non HTTP response message: Connection reset,Virtual Users [400 threads] 1-220,text,false,"Review submission returned unexpected status (401 = bad token, 5xx = server error)",2601,0,174,174,http://k8s-forkfind-forkfind-8e65d48af1-1990260306.us-east-1.elb.amazonaws.com/restaurants/15/reviews,0,0,0
1777593221091,30078,01 - POST /auth/user/login,Non HTTP response code: java.net.SocketTimeoutException,Non HTTP response message: Read timed out,Virtual Users [400 threads] 1-224,text,false,Login failed — check credentials in users.csv,2679,0,173,173,http://k8s-forkfind-forkfind-8e65d48af1-1990260306.us-east-1.elb.amazonaws.com/auth/user/login,0,0,76
1777593251010,160,02 - GET /restaurants (search),200,OK,Virtual Users [400 threads] 1-222,text,true,,790,311,173,173,http://k8s-forkfind-forkfind-8e65d48af1-1990260306.us-east-1.elb.amazonaws.com/restaurants?q=pizza&limit=12&sort=rating,160,0,82
1777593251093,77,03 - POST /restaurants/15/reviews,Non HTTP response code: java.net.SocketException,Non HTTP response message: Connection reset,Virtual Users [400 threads] 1-221,text,false,"Review submission returned unexpected status (401 = bad token, 5xx = server error)",2601,0,173,173,http://k8s-forkfind-forkfind-8e65d48af1-1990260306.us-east-1.elb.amazonaws.com/restaurants/15/reviews,0,0,0
1777593221166,30069,01 - POST /auth/user/login,Non HTTP response code: java.net.SocketTimeoutException,Non HTTP response message: Read timed out,Virtual Users [400 threads] 1-225,text,false,Login failed — check credentials in users.csv,2679,0,172,172,http://k8s-forkfind-forkfind-8e65d48af1-1990260306.us-east-1.elb.amazonaws.com/auth/user/login,0,0,67
1777593221241,30067,01 - POST /auth/user/login,Non HTTP response code: java.net.SocketTimeoutException,Non HTTP response message: Read timed out,Virtual Users [400 threads] 1-226,text,false,Login failed — check credentials in users.csv,2679,0,172,172,http://k8s-forkfind-forkfind-8e65d48af1-1990260306.us-east-1.elb.amazonaws.com/auth/user/login,0,0,65
1777593251085,225,02 - GET /restaurants (search),200,OK,Virtual Users [400 threads] 1-223,text,true,,790,311,172,172,http://k8s-forkfind-forkfind-8e65d48af1-1990260306.us-east-1.elb.amazonaws.com/restaurants?q=pizza&limit=12&sort=rating,225,0,85
1777593251171,139,03 - POST /restaurants/15/reviews,Non HTTP response code: java.net.SocketException,Non HTTP response message: Connection reset,Virtual Users [400 threads] 1-222,text,false,"Review submission returned unexpected status (401 = bad token, 5xx = server error)",2601,0,172,172,http://k8s-forkfind-forkfind-8e65d48af1-1990260306.us-east-1.elb.amazonaws.com/restaurants/15/reviews,0,0,0
1777593251170,164,02 - GET /restaurants (search),200,OK,Virtual Users [400 threads] 1-224,text,true,,790,311,171,171,http://k8s-forkfind-forkfind-8e65d48af1-1990260306.us-east-1.elb.amazonaws.com/restaurants?q=pizza&limit=12&sort=rating,164,0,79
1777593221312,30070,01 - POST /auth/user/login,Non HTTP response code: java.net.SocketTimeoutException,Non HTTP response message: Read timed out,Virtual Users [400 threads] 1-227,text,false,Login failed — check credentials in users.csv,2679,0,171,171,http://k8s-forkfind-forkfind-8e65d48af1-1990260306.us-east-1.elb.amazonaws.com/auth/user/login,0,0,68
1777593251310,81,03 - POST /restaurants/15/reviews,Non HTTP response code: java.net.SocketException,Non HTTP response message: Connection reset,Virtual Users [400 threads] 1-223,text,false,"Review submission returned unexpected status (401 = bad token, 5xx = server error)",2601,0,171,171,http://k8s-forkfind-forkfind-8e65d48af1-1990260306.us-east-1.elb.amazonaws.com/restaurants/15/reviews,0,0,0
1777593251236,156,02 - GET /restaurants (search),200,OK,Virtual Users [400 threads] 1-225,text,true,,790,311,170,170,http://k8s-forkfind-forkfind-8e65d48af1-1990260306.us-east-1.elb.amazonaws.com/restaurants?q=pizza&limit=12&sort=rating,156,0,74
1777593251335,84,03 - POST /restaurants/15/reviews,Non HTTP response code: java.net.SocketException,Non HTTP response message: Connection reset,Virtual Users [400 threads] 1-224,text,false,"Review submission returned unexpected status (401 = bad token, 5xx = server error)",2601,0,170,170,http://k8s-forkfind-forkfind-8e65d48af1-1990260306.us-east-1.elb.amazonaws.com/restaurants/15/reviews,0,0,0
1777593221390,30070,01 - POST /auth/user/login,Non HTTP response code: java.net.SocketTimeoutException,Non HTTP response message: Read timed out,Virtual Users [400 threads] 1-228,text,false,Login failed — check credentials in users.csv,2679,0,169,169,http://k8s-forkfind-forkfind-8e65d48af1-1990260306.us-east-1.elb.amazonaws.com/auth/user/login,0,0,68
1777593251309,182,02 - GET /restaurants (search),200,OK,Virtual Users [400 threads] 1-226,text,true,,790,311,169,169,http://k8s-forkfind-forkfind-8e65d48af1-1990260306.us-east-1.elb.amazonaws.com/restaurants?q=pizza&limit=12&sort=rating,182,0,82
1777593251393,99,03 - POST /restaurants/15/reviews,Non HTTP response code: java.net.SocketException,Non HTTP response message: Connection reset,Virtual Users [400 threads] 1-225,text,false,"Review submission returned unexpected status (401 = bad token, 5xx = server error)",2601,0,169,169,http://k8s-forkfind-forkfind-8e65d48af1-1990260306.us-east-1.elb.amazonaws.com/restaurants/15/reviews,0,0,0
1777593221467,30071,01 - POST /auth/user/login,Non HTTP response code: java.net.SocketTimeoutException,Non HTTP response message: Read timed out,Virtual Users [400 threads] 1-229,text,false,Login failed — check credentials in users.csv,2679,0,168,168,http://k8s-forkfind-forkfind-8e65d48af1-1990260306.us-east-1.elb.amazonaws.com/auth/user/login,0,0,69
1777593251492,97,03 - POST /restaurants/15/reviews,Non HTTP response code: java.net.SocketException,Non HTTP response message: Connection reset,Virtual Users [400 threads] 1-226,text,false,"Review submission returned unexpected status (401 = bad token, 5xx = server error)",2601,0,168,168,http://k8s-forkfind-forkfind-8e65d48af1-1990260306.us-east-1.elb.amazonaws.com/restaurants/15/reviews,0,0,0
1777593251383,215,02 - GET /restaurants (search),200,OK,Virtual Users [400 threads] 1-227,text,true,,790,311,167,167,http://k8s-forkfind-forkfind-8e65d48af1-1990260306.us-east-1.elb.amazonaws.com/restaurants?q=pizza&limit=12&sort=rating,215,0,108
1777593221539,30067,01 - POST /auth/user/login,Non HTTP response code: java.net.SocketTimeoutException,Non HTTP response message: Read timed out,Virtual Users [400 threads] 1-230,text,false,Login failed — check credentials in users.csv,2679,0,167,167,http://k8s-forkfind-forkfind-8e65d48af1-1990260306.us-east-1.elb.amazonaws.com/auth/user/login,0,0,65
1777593251462,172,02 - GET /restaurants (search),200,OK,Virtual Users [400 threads] 1-228,text,true,,790,311,167,167,http://k8s-forkfind-forkfind-8e65d48af1-1990260306.us-east-1.elb.amazonaws.com/restaurants?q=pizza&limit=12&sort=rating,172,0,87
1777593251598,82,03 - POST /restaurants/15/reviews,Non HTTP response code: java.net.SocketException,Non HTTP response message: Connection reset,Virtual Users [400 threads] 1-227,text,false,"Review submission returned unexpected status (401 = bad token, 5xx = server error)",2601,0,167,167,http://k8s-forkfind-forkfind-8e65d48af1-1990260306.us-east-1.elb.amazonaws.com/restaurants/15/reviews,0,0,0
1777593221616,30085,01 - POST /auth/user/login,Non HTTP response code: java.net.SocketTimeoutException,Non HTTP response message: Read timed out,Virtual Users [400 threads] 1-231,text,false,Login failed — check credentials in users.csv,2679,0,166,166,http://k8s-forkfind-forkfind-8e65d48af1-1990260306.us-east-1.elb.amazonaws.com/auth/user/login,0,0,83
1777593251539,207,02 - GET /restaurants (search),200,OK,Virtual Users [400 threads] 1-229,text,true,,790,311,166,166,http://k8s-forkfind-forkfind-8e65d48af1-1990260306.us-east-1.elb.amazonaws.com/restaurants?q=pizza&limit=12&sort=rating,207,0,95
1777593251635,111,03 - POST /restaurants/15/reviews,Non HTTP response code: java.net.SocketException,Non HTTP response message: Connection reset,Virtual Users [400 threads] 1-228,text,false,"Review submission returned unexpected status (401 = bad token, 5xx = server error)",2601,0,166,166,http://k8s-forkfind-forkfind-8e65d48af1-1990260306.us-east-1.elb.amazonaws.com/restaurants/15/reviews,0,0,0
1777593251607,155,02 - GET /restaurants (search),200,OK,Virtual Users [400 threads] 1-230,text,true,,790,311,165,165,http://k8s-forkfind-forkfind-8e65d48af1-1990260306.us-east-1.elb.amazonaws.com/restaurants?q=pizza&limit=12&sort=rating,155,0,77
1777593221691,30083,01 - POST /auth/user/login,Non HTTP response code: java.net.SocketTimeoutException,Non HTTP response message: Read timed out,Virtual Users [400 threads] 1-232,text,false,Login failed — check credentials in users.csv,2679,0,165,165,http://k8s-forkfind-forkfind-8e65d48af1-1990260306.us-east-1.elb.amazonaws.com/auth/user/login,0,0,81
1777593251746,79,03 - POST /restaurants/15/reviews,Non HTTP response code: java.net.SocketException,Non HTTP response message: Connection reset,Virtual Users [400 threads] 1-229,text,false,"Review submission returned unexpected status (401 = bad token, 5xx = server error)",2601,0,165,165,http://k8s-forkfind-forkfind-8e65d48af1-1990260306.us-east-1.elb.amazonaws.com/restaurants/15/reviews,0,0,0
1777593221766,30069,01 - POST /auth/user/login,Non HTTP response code: java.net.SocketTimeoutException,Non HTTP response message: Read timed out,Virtual Users [400 threads] 1-233,text,false,Login failed — check credentials in users.csv,2679,0,164,164,http://k8s-forkfind-forkfind-8e65d48af1-1990260306.us-east-1.elb.amazonaws.com/auth/user/login,0,0,67
1777593251763,75,03 - POST /restaurants/15/reviews,Non HTTP response code: java.net.SocketException,Non HTTP response message: Connection reset,Virtual Users [400 threads] 1-230,text,false,"Review submission returned unexpected status (401 = bad token, 5xx = server error)",2601,0,164,164,http://k8s-forkfind-forkfind-8e65d48af1-1990260306.us-east-1.elb.amazonaws.com/restaurants/15/reviews,0,0,0
1777593251702,161,02 - GET /restaurants (search),200,OK,Virtual Users [400 threads] 1-231,text,true,,790,311,163,163,http://k8s-forkfind-forkfind-8e65d48af1-1990260306.us-east-1.elb.amazonaws.com/restaurants?q=pizza&limit=12&sort=rating,161,0,81
1777593221841,30081,01 - POST /auth/user/login,Non HTTP response code: java.net.SocketTimeoutException,Non HTTP response message: Read timed out,Virtual Users [400 threads] 1-234,text,false,Login failed — check credentials in users.csv,2679,0,163,163,http://k8s-forkfind-forkfind-8e65d48af1-1990260306.us-east-1.elb.amazonaws.com/auth/user/login,0,0,79
1777593251774,153,02 - GET /restaurants (search),200,OK,Virtual Users [400 threads] 1-232,text,true,,790,311,163,163,http://k8s-forkfind-forkfind-8e65d48af1-1990260306.us-east-1.elb.amazonaws.com/restaurants?q=pizza&limit=12&sort=rating,153,0,72
1777593251863,75,03 - POST /restaurants/15/reviews,Non HTTP response code: java.net.SocketException,Non HTTP response message: Connection reset,Virtual Users [400 threads] 1-231,text,false,"Review submission returned unexpected status (401 = bad token, 5xx = server error)",2601,0,163,163,http://k8s-forkfind-forkfind-8e65d48af1-1990260306.us-east-1.elb.amazonaws.com/restaurants/15/reviews,0,0,0
1777593221918,30068,01 - POST /auth/user/login,Non HTTP response code: java.net.SocketTimeoutException,Non HTTP response message: Read timed out,Virtual Users [400 threads] 1-235,text,false,Login failed — check credentials in users.csv,2679,0,162,162,http://k8s-forkfind-forkfind-8e65d48af1-1990260306.us-east-1.elb.amazonaws.com/auth/user/login,0,0,66
1777593251927,79,03 - POST /restaurants/15/reviews,Non HTTP response code: java.net.SocketException,Non HTTP response message: Connection reset,Virtual Users [400 threads] 1-232,text,false,"Review submission returned unexpected status (401 = bad token, 5xx = server error)",2601,0,162,162,http://k8s-forkfind-forkfind-8e65d48af1-1990260306.us-east-1.elb.amazonaws.com/restaurants/15/reviews,0,0,0
1777593251836,179,02 - GET /restaurants (search),200,OK,Virtual Users [400 threads] 1-233,text,true,,790,311,161,161,http://k8s-forkfind-forkfind-8e65d48af1-1990260306.us-east-1.elb.amazonaws.com/restaurants?q=pizza&limit=12&sort=rating,179,0,91
1777593221990,30071,01 - POST /auth/user/login,Non HTTP response code: java.net.SocketTimeoutException,Non HTTP response message: Read timed out,Virtual Users [400 threads] 1-236,text,false,Login failed — check credentials in users.csv,2679,0,161,161,http://k8s-forkfind-forkfind-8e65d48af1-1990260306.us-east-1.elb.amazonaws.com/auth/user/login,0,0,69
1777593251923,174,02 - GET /restaurants (search),200,OK,Virtual Users [400 threads] 1-234,text,true,,790,311,161,161,http://k8s-forkfind-forkfind-8e65d48af1-1990260306.us-east-1.elb.amazonaws.com/restaurants?q=pizza&limit=12&sort=rating,174,0,72
1777593252015,83,03 - POST /restaurants/15/reviews,Non HTTP response code: java.net.SocketException,Non HTTP response message: Connection reset,Virtual Users [400 threads] 1-233,text,false,"Review submission returned unexpected status (401 = bad token, 5xx = server error)",2601,0,161,161,http://k8s-forkfind-forkfind-8e65d48af1-1990260306.us-east-1.elb.amazonaws.com/restaurants/15/reviews,0,0,0
1777593222066,30098,01 - POST /auth/user/login,Non HTTP response code: java.net.SocketTimeoutException,Non HTTP response message: Read timed out,Virtual Users [400 threads] 1-237,text,false,Login failed — check credentials in users.csv,2679,0,160,160,http://k8s-forkfind-forkfind-8e65d48af1-1990260306.us-east-1.elb.amazonaws.com/auth/user/login,0,0,96
1777593252098,78,03 - POST /restaurants/15/reviews,Non HTTP response code: java.net.SocketException,Non HTTP response message: Connection reset,Virtual Users [400 threads] 1-234,text,false,"Review submission returned unexpected status (401 = bad token, 5xx = server error)",2601,0,160,160,http://k8s-forkfind-forkfind-8e65d48af1-1990260306.us-east-1.elb.amazonaws.com/restaurants/15/reviews,0,0,0
1777593251987,196,02 - GET /restaurants (search),200,OK,Virtual Users [400 threads] 1-235,text,true,,790,311,159,159,http://k8s-forkfind-forkfind-8e65d48af1-1990260306.us-east-1.elb.amazonaws.com/restaurants?q=pizza&limit=12&sort=rating,196,0,110
1777593222141,30081,01 - POST /auth/user/login,Non HTTP response code: java.net.SocketTimeoutException,Non HTTP response message: Read timed out,Virtual Users [400 threads] 1-238,text,false,Login failed — check credentials in users.csv,2679,0,159,159,http://k8s-forkfind-forkfind-8e65d48af1-1990260306.us-east-1.elb.amazonaws.com/auth/user/login,0,0,79
1777593252062,171,02 - GET /restaurants (search),200,OK,Virtual Users [400 threads] 1-236,text,true,,790,311,159,159,http://k8s-forkfind-forkfind-8e65d48af1-1990260306.us-east-1.elb.amazonaws.com/restaurants?q=pizza&limit=12&sort=rating,171,0,81
1777593252184,97,03 - POST /restaurants/15/reviews,Non HTTP response code: java.net.SocketException,Non HTTP response message: Connection reset,Virtual Users [400 threads] 1-235,text,false,"Review submission returned unexpected status (401 = bad token, 5xx = server error)",2601,0,159,159,http://k8s-forkfind-forkfind-8e65d48af1-1990260306.us-east-1.elb.amazonaws.com/restaurants/15/reviews,0,0,0
1777593222216,30085,01 - POST /auth/user/login,Non HTTP response code: java.net.SocketTimeoutException,Non HTTP response message: Read timed out,Virtual Users [400 threads] 1-239,text,false,Login failed — check credentials in users.csv,2679,0,158,158,http://k8s-forkfind-forkfind-8e65d48af1-1990260306.us-east-1.elb.amazonaws.com/auth/user/login,0,0,83
1777593252234,102,03 - POST /restaurants/15/reviews,Non HTTP response code: java.net.SocketException,Non HTTP response message: Connection reset,Virtual Users [400 threads] 1-236,text,false,"Review submission returned unexpected status (401 = bad token, 5xx = server error)",2601,0,158,158,http://k8s-forkfind-forkfind-8e65d48af1-1990260306.us-east-1.elb.amazonaws.com/restaurants/15/reviews,0,0,0
1777593222292,30070,01 - POST /auth/user/login,Non HTTP response code: java.net.SocketTimeoutException,Non HTTP response message: Read timed out,Virtual Users [400 threads] 1-240,text,false,Login failed — check credentials in users.csv,2679,0,157,157,http://k8s-forkfind-forkfind-8e65d48af1-1990260306.us-east-1.elb.amazonaws.com/auth/user/login,0,0,68
1777593252165,215,02 - GET /restaurants (search),200,OK,Virtual Users [400 threads] 1-237,text,true,,790,311,157,157,http://k8s-forkfind-forkfind-8e65d48af1-1990260306.us-east-1.elb.amazonaws.com/restaurants?q=pizza&limit=12&sort=rating,215,0,115
1777593222363,30069,01 - POST /auth/user/login,Non HTTP response code: java.net.SocketTimeoutException,Non HTTP response message: Read timed out,Virtual Users [400 threads] 1-241,text,false,Login failed — check credentials in users.csv,2679,0,157,157,http://k8s-forkfind-forkfind-8e65d48af1-1990260306.us-east-1.elb.amazonaws.com/auth/user/login,0,0,67
1777593252223,220,02 - GET /restaurants (search),200,OK,Virtual Users [400 threads] 1-238,text,true,,790,311,157,157,http://k8s-forkfind-forkfind-8e65d48af1-1990260306.us-east-1.elb.amazonaws.com/restaurants?q=pizza&limit=12&sort=rating,220,0,112
1777593252380,94,03 - POST /restaurants/15/reviews,Non HTTP response code: java.net.SocketException,Non HTTP response message: Connection reset,Virtual Users [400 threads] 1-237,text,false,"Review submission returned unexpected status (401 = bad token, 5xx = server error)",2601,0,157,157,http://k8s-forkfind-forkfind-8e65d48af1-1990260306.us-east-1.elb.amazonaws.com/restaurants/15/reviews,0,0,0
1777593252302,190,02 - GET /restaurants (search),200,OK,Virtual Users [400 threads] 1-239,text,true,,790,311,156,156,http://k8s-forkfind-forkfind-8e65d48af1-1990260306.us-east-1.elb.amazonaws.com/restaurants?q=pizza&limit=12&sort=rating,190,0,94
1777593222439,30088,01 - POST /auth/user/login,Non HTTP response code: java.net.SocketTimeoutException,Non HTTP response message: Read timed out,Virtual Users [400 threads] 1-242,text,false,Login failed — check credentials in users.csv,2679,0,156,156,http://k8s-forkfind-forkfind-8e65d48af1-1990260306.us-east-1.elb.amazonaws.com/auth/user/login,0,0,86
1777593252444,86,03 - POST /restaurants/15/reviews,Non HTTP response code: java.net.SocketException,Non HTTP response message: Connection reset,Virtual Users [400 threads] 1-238,text,false,"Review submission returned unexpected status (401 = bad token, 5xx = server error)",2601,0,156,156,http://k8s-forkfind-forkfind-8e65d48af1-1990260306.us-east-1.elb.amazonaws.com/restaurants/15/reviews,0,0,0
1777593252363,176,02 - GET /restaurants (search),200,OK,Virtual Users [400 threads] 1-240,text,true,,790,311,155,155,http://k8s-forkfind-forkfind-8e65d48af1-1990260306.us-east-1.elb.amazonaws.com/restaurants?q=pizza&limit=12&sort=rating,176,0,94
1777593252492,81,03 - POST /restaurants/15/reviews,Non HTTP response code: java.net.SocketException,Non HTTP response message: Connection reset,Virtual Users [400 threads] 1-239,text,false,"Review submission returned unexpected status (401 = bad token, 5xx = server error)",2601,0,155,155,http://k8s-forkfind-forkfind-8e65d48af1-1990260306.us-east-1.elb.amazonaws.com/restaurants/15/reviews,0,0,0
1777593222513,30069,01 - POST /auth/user/login,Non HTTP response code: java.net.SocketTimeoutException,Non HTTP response message: Read timed out,Virtual Users [400 threads] 1-243,text,false,Login failed — check credentials in users.csv,2679,0,154,154,http://k8s-forkfind-forkfind-8e65d48af1-1990260306.us-east-1.elb.amazonaws.com/auth/user/login,0,0,68
1777593252434,176,02 - GET /restaurants (search),200,OK,Virtual Users [400 threads] 1-241,text,true,,790,311,154,154,http://k8s-forkfind-forkfind-8e65d48af1-1990260306.us-east-1.elb.amazonaws.com/restaurants?q=pizza&limit=12&sort=rating,176,0,95
1777593252539,85,03 - POST /restaurants/15/reviews,Non HTTP response code: java.net.SocketException,Non HTTP response message: Connection reset,Virtual Users [400 threads] 1-240,text,false,"Review submission returned unexpected status (401 = bad token, 5xx = server error)",2601,0,154,154,http://k8s-forkfind-forkfind-8e65d48af1-1990260306.us-east-1.elb.amazonaws.com/restaurants/15/reviews,0,0,0
1777593222588,30073,01 - POST /auth/user/login,Non HTTP response code: java.net.SocketTimeoutException,Non HTTP response message: Read timed out,Virtual Users [400 threads] 1-244,text,false,Login failed — check credentials in users.csv,2679,0,153,153,http://k8s-forkfind-forkfind-8e65d48af1-1990260306.us-east-1.elb.amazonaws.com/auth/user/login,0,0,71
1777593252529,152,02 - GET /restaurants (search),200,OK,Virtual Users [400 threads] 1-242,text,true,,790,311,153,153,http://k8s-forkfind-forkfind-8e65d48af1-1990260306.us-east-1.elb.amazonaws.com/restaurants?q=pizza&limit=12&sort=rating,152,0,71
1777593252611,81,03 - POST /restaurants/15/reviews,Non HTTP response code: java.net.SocketException,Non HTTP response message: Connection reset,Virtual Users [400 threads] 1-241,text,false,"Review submission returned unexpected status (401 = bad token, 5xx = server error)",2601,0,153,153,http://k8s-forkfind-forkfind-8e65d48af1-1990260306.us-east-1.elb.amazonaws.com/restaurants/15/reviews,0,0,0
1777593222667,30070,01 - POST /auth/user/login,Non HTTP response code: java.net.SocketTimeoutException,Non HTTP response message: Read timed out,Virtual Users [400 threads] 1-245,text,false,Login failed — check credentials in users.csv,2679,0,152,152,http://k8s-forkfind-forkfind-8e65d48af1-1990260306.us-east-1.elb.amazonaws.com/auth/user/login,0,0,68
1777593252583,182,02 - GET /restaurants (search),200,OK,Virtual Users [400 threads] 1-243,text,true,,790,311,152,152,http://k8s-forkfind-forkfind-8e65d48af1-1990260306.us-east-1.elb.amazonaws.com/restaurants?q=pizza&limit=12&sort=rating,182,0,98
1777593252682,83,03 - POST /restaurants/15/reviews,Non HTTP response code: java.net.SocketException,Non HTTP response message: Connection reset,Virtual Users [400 threads] 1-242,text,false,"Review submission returned unexpected status (401 = bad token, 5xx = server error)",2601,0,152,152,http://k8s-forkfind-forkfind-8e65d48af1-1990260306.us-east-1.elb.amazonaws.com/restaurants/15/reviews,0,0,0
1777593222738,30069,01 - POST /auth/user/login,Non HTTP response code: java.net.SocketTimeoutException,Non HTTP response message: Read timed out,Virtual Users [400 threads] 1-246,text,false,Login failed — check credentials in users.csv,2679,0,151,151,http://k8s-forkfind-forkfind-8e65d48af1-1990260306.us-east-1.elb.amazonaws.com/auth/user/login,0,0,67
1777593252662,153,02 - GET /restaurants (search),200,OK,Virtual Users [400 threads] 1-244,text,true,,790,311,151,151,http://k8s-forkfind-forkfind-8e65d48af1-1990260306.us-east-1.elb.amazonaws.com/restaurants?q=pizza&limit=12&sort=rating,153,0,72
1777593252766,93,03 - POST /restaurants/15/reviews,Non HTTP response code: java.net.SocketException,Non HTTP response message: Connection reset,Virtual Users [400 threads] 1-243,text,false,"Review submission returned unexpected status (401 = bad token, 5xx = server error)",2601,0,151,151,http://k8s-forkfind-forkfind-8e65d48af1-1990260306.us-east-1.elb.amazonaws.com/restaurants/15/reviews,0,0,0
1777593222812,30070,01 - POST /auth/user/login,Non HTTP response code: java.net.SocketTimeoutException,Non HTTP response message: Read timed out,Virtual Users [400 threads] 1-247,text,false,Login failed — check credentials in users.csv,2679,0,150,150,http://k8s-forkfind-forkfind-8e65d48af1-1990260306.us-east-1.elb.amazonaws.com/auth/user/login,0,0,68
1777593252815,75,03 - POST /restaurants/15/reviews,Non HTTP response code: java.net.SocketException,Non HTTP response message: Connection reset,Virtual Users [400 threads] 1-244,text,false,"Review submission returned unexpected status (401 = bad token, 5xx = server error)",2601,0,150,150,http://k8s-forkfind-forkfind-8e65d48af1-1990260306.us-east-1.elb.amazonaws.com/restaurants/15/reviews,0,0,0
1777593252739,155,02 - GET /restaurants (search),200,OK,Virtual Users [400 threads] 1-245,text,true,,790,311,149,149,http://k8s-forkfind-forkfind-8e65d48af1-1990260306.us-east-1.elb.amazonaws.com/restaurants?q=pizza&limit=12&sort=rating,155,0,73
1777593252808,147,02 - GET /restaurants (search),200,OK,Virtual Users [400 threads] 1-246,text,true,,790,311,149,149,http://k8s-forkfind-forkfind-8e65d48af1-1990260306.us-east-1.elb.amazonaws.com/restaurants?q=pizza&limit=12&sort=rating,147,0,70
1777593222892,30069,01 - POST /auth/user/login,Non HTTP response code: java.net.SocketTimeoutException,Non HTTP response message: Read timed out,Virtual Users [400 threads] 1-248,text,false,Login failed — check credentials in users.csv,2679,0,149,149,http://k8s-forkfind-forkfind-8e65d48af1-1990260306.us-east-1.elb.amazonaws.com/auth/user/login,0,0,68
1777593252895,87,03 - POST /restaurants/15/reviews,Non HTTP response code: java.net.SocketException,Non HTTP response message: Connection reset,Virtual Users [400 threads] 1-245,text,false,"Review submission returned unexpected status (401 = bad token, 5xx = server error)",2601,0,149,149,http://k8s-forkfind-forkfind-8e65d48af1-1990260306.us-east-1.elb.amazonaws.com/restaurants/15/reviews,0,0,0
1777593252956,74,03 - POST /restaurants/15/reviews,Non HTTP response code: java.net.SocketException,Non HTTP response message: Connection reset,Virtual Users [400 threads] 1-246,text,false,"Review submission returned unexpected status (401 = bad token, 5xx = server error)",2601,0,148,148,http://k8s-forkfind-forkfind-8e65d48af1-1990260306.us-east-1.elb.amazonaws.com/restaurants/15/reviews,0,0,0
1777593252883,149,02 - GET /restaurants (search),200,OK,Virtual Users [400 threads] 1-247,text,true,,790,311,147,147,http://k8s-forkfind-forkfind-8e65d48af1-1990260306.us-east-1.elb.amazonaws.com/restaurants?q=pizza&limit=12&sort=rating,149,0,72
1777593222968,30068,01 - POST /auth/user/login,Non HTTP response code: java.net.SocketTimeoutException,Non HTTP response message: Read timed out,Virtual Users [400 threads] 1-249,text,false,Login failed — check credentials in users.csv,2679,0,147,147,http://k8s-forkfind-forkfind-8e65d48af1-1990260306.us-east-1.elb.amazonaws.com/auth/user/login,0,0,66
1777593223041,30072,01 - POST /auth/user/login,Non HTTP response code: java.net.SocketTimeoutException,Non HTTP response message: Read timed out,Virtual Users [400 threads] 1-250,text,false,Login failed — check credentials in users.csv,2679,0,147,147,http://k8s-forkfind-forkfind-8e65d48af1-1990260306.us-east-1.elb.amazonaws.com/auth/user/login,0,0,71
1777593252963,168,02 - GET /restaurants (search),200,OK,Virtual Users [400 threads] 1-248,text,true,,790,311,147,147,http://k8s-forkfind-forkfind-8e65d48af1-1990260306.us-east-1.elb.amazonaws.com/restaurants?q=pizza&limit=12&sort=rating,168,0,70
1777593253033,98,03 - POST /restaurants/15/reviews,Non HTTP response code: java.net.SocketException,Non HTTP response message: Connection reset,Virtual Users [400 threads] 1-247,text,false,"Review submission returned unexpected status (401 = bad token, 5xx = server error)",2601,0,147,147,http://k8s-forkfind-forkfind-8e65d48af1-1990260306.us-east-1.elb.amazonaws.com/restaurants/15/reviews,0,0,0
1777593223116,30067,01 - POST /auth/user/login,Non HTTP response code: java.net.SocketTimeoutException,Non HTTP response message: Read timed out,Virtual Users [400 threads] 1-251,text,false,Login failed — check credentials in users.csv,2679,0,146,146,http://k8s-forkfind-forkfind-8e65d48af1-1990260306.us-east-1.elb.amazonaws.com/auth/user/login,0,0,65
1777593253131,77,03 - POST /restaurants/15/reviews,Non HTTP response code: java.net.SocketException,Non HTTP response message: Connection reset,Virtual Users [400 threads] 1-248,text,false,"Review submission returned unexpected status (401 = bad token, 5xx = server error)",2601,0,146,146,http://k8s-forkfind-forkfind-8e65d48af1-1990260306.us-east-1.elb.amazonaws.com/restaurants/15/reviews,0,0,0
1777593253037,184,02 - GET /restaurants (search),200,OK,Virtual Users [400 threads] 1-249,text,true,,790,311,145,145,http://k8s-forkfind-forkfind-8e65d48af1-1990260306.us-east-1.elb.amazonaws.com/restaurants?q=pizza&limit=12&sort=rating,184,0,93
1777593223188,30069,01 - POST /auth/user/login,Non HTTP response code: java.net.SocketTimeoutException,Non HTTP response message: Read timed out,Virtual Users [400 threads] 1-252,text,false,Login failed — check credentials in users.csv,2679,0,145,145,http://k8s-forkfind-forkfind-8e65d48af1-1990260306.us-east-1.elb.amazonaws.com/auth/user/login,0,0,67
1777593253115,163,02 - GET /restaurants (search),200,OK,Virtual Users [400 threads] 1-250,text,true,,790,311,145,145,http://k8s-forkfind-forkfind-8e65d48af1-1990260306.us-east-1.elb.amazonaws.com/restaurants?q=pizza&limit=12&sort=rating,163,0,79
1777593253222,90,03 - POST /restaurants/15/reviews,Non HTTP response code: java.net.SocketException,Non HTTP response message: Connection reset,Virtual Users [400 threads] 1-249,text,false,"Review submission returned unexpected status (401 = bad token, 5xx = server error)",2601,0,145,145,http://k8s-forkfind-forkfind-8e65d48af1-1990260306.us-east-1.elb.amazonaws.com/restaurants/15/reviews,0,0,0
1777593223266,30077,01 - POST /auth/user/login,Non HTTP response code: java.net.SocketTimeoutException,Non HTTP response message: Read timed out,Virtual Users [400 threads] 1-253,text,false,Login failed — check credentials in users.csv,2679,0,144,144,http://k8s-forkfind-forkfind-8e65d48af1-1990260306.us-east-1.elb.amazonaws.com/auth/user/login,0,0,75
1777593253184,162,02 - GET /restaurants (search),200,OK,Virtual Users [400 threads] 1-251,text,true,,790,311,144,144,http://k8s-forkfind-forkfind-8e65d48af1-1990260306.us-east-1.elb.amazonaws.com/restaurants?q=pizza&limit=12&sort=rating,162,0,73
1777593253278,73,03 - POST /restaurants/15/reviews,Non HTTP response code: java.net.SocketException,Non HTTP response message: Connection reset,Virtual Users [400 threads] 1-250,text,false,"Review submission returned unexpected status (401 = bad token, 5xx = server error)",2601,0,144,144,http://k8s-forkfind-forkfind-8e65d48af1-1990260306.us-east-1.elb.amazonaws.com/restaurants/15/reviews,0,0,0
1777593223341,30071,01 - POST /auth/user/login,Non HTTP response code: java.net.SocketTimeoutException,Non HTTP response message: Read timed out,Virtual Users [400 threads] 1-254,text,false,Login failed — check credentials in users.csv,2679,0,143,143,http://k8s-forkfind-forkfind-8e65d48af1-1990260306.us-east-1.elb.amazonaws.com/auth/user/login,0,0,70
1777593253258,175,02 - GET /restaurants (search),200,OK,Virtual Users [400 threads] 1-252,text,true,,790,311,143,143,http://k8s-forkfind-forkfind-8e65d48af1-1990260306.us-east-1.elb.amazonaws.com/restaurants?q=pizza&limit=12&sort=rating,175,0,88
1777593253346,88,03 - POST /restaurants/15/reviews,Non HTTP response code: java.net.SocketException,Non HTTP response message: Connection reset,Virtual Users [400 threads] 1-251,text,false,"Review submission returned unexpected status (401 = bad token, 5xx = server error)",2601,0,143,143,http://k8s-forkfind-forkfind-8e65d48af1-1990260306.us-east-1.elb.amazonaws.com/restaurants/15/reviews,0,0,0
1777593223416,30069,01 - POST /auth/user/login,Non HTTP response code: java.net.SocketTimeoutException,Non HTTP response message: Read timed out,Virtual Users [400 threads] 1-255,text,false,Login failed — check credentials in users.csv,2679,0,142,142,http://k8s-forkfind-forkfind-8e65d48af1-1990260306.us-east-1.elb.amazonaws.com/auth/user/login,0,0,68
1777593253344,175,02 - GET /restaurants (search),200,OK,Virtual Users [400 threads] 1-253,text,true,,790,311,142,142,http://k8s-forkfind-forkfind-8e65d48af1-1990260306.us-east-1.elb.amazonaws.com/restaurants?q=pizza&limit=12&sort=rating,175,0,89
1777593253434,91,03 - POST /restaurants/15/reviews,Non HTTP response code: java.net.SocketException,Non HTTP response message: Connection reset,Virtual Users [400 threads] 1-252,text,false,"Review submission returned unexpected status (401 = bad token, 5xx = server error)",2601,0,142,142,http://k8s-forkfind-forkfind-8e65d48af1-1990260306.us-east-1.elb.amazonaws.com/restaurants/15/reviews,0,0,0
1777593253413,156,02 - GET /restaurants (search),200,OK,Virtual Users [400 threads] 1-254,text,true,,790,311,141,141,http://k8s-forkfind-forkfind-8e65d48af1-1990260306.us-east-1.elb.amazonaws.com/restaurants?q=pizza&limit=12&sort=rating,156,0,73
1777593223488,30084,01 - POST /auth/user/login,Non HTTP response code: java.net.SocketTimeoutException,Non HTTP response message: Read timed out,Virtual Users [400 threads] 1-256,text,false,Login failed — check credentials in users.csv,2679,0,141,141,http://k8s-forkfind-forkfind-8e65d48af1-1990260306.us-east-1.elb.amazonaws.com/auth/user/login,0,0,82
1777593253519,75,03 - POST /restaurants/15/reviews,Non HTTP response code: java.net.SocketException,Non HTTP response message: Connection reset,Virtual Users [400 threads] 1-253,text,false,"Review submission returned unexpected status (401 = bad token, 5xx = server error)",2601,0,141,141,http://k8s-forkfind-forkfind-8e65d48af1-1990260306.us-east-1.elb.amazonaws.com/restaurants/15/reviews,0,0,0
1777593223563,30083,01 - POST /auth/user/login,Non HTTP response code: java.net.SocketTimeoutException,Non HTTP response message: Read timed out,Virtual Users [400 threads] 1-257,text,false,Login failed — check credentials in users.csv,2679,0,140,140,http://k8s-forkfind-forkfind-8e65d48af1-1990260306.us-east-1.elb.amazonaws.com/auth/user/login,0,0,81
1777593253570,84,03 - POST /restaurants/15/reviews,Non HTTP response code: java.net.SocketException,Non HTTP response message: Connection reset,Virtual Users [400 threads] 1-254,text,false,"Review submission returned unexpected status (401 = bad token, 5xx = server error)",2601,0,140,140,http://k8s-forkfind-forkfind-8e65d48af1-1990260306.us-east-1.elb.amazonaws.com/restaurants/15/reviews,0,0,0
1777593253485,175,02 - GET /restaurants (search),200,OK,Virtual Users [400 threads] 1-255,text,true,,790,311,139,139,http://k8s-forkfind-forkfind-8e65d48af1-1990260306.us-east-1.elb.amazonaws.com/restaurants?q=pizza&limit=12&sort=rating,175,0,84
1777593223642,30069,01 - POST /auth/user/login,Non HTTP response code: java.net.SocketTimeoutException,Non HTTP response message: Read timed out,Virtual Users [400 threads] 1-258,text,false,Login failed — check credentials in users.csv,2679,0,139,139,http://k8s-forkfind-forkfind-8e65d48af1-1990260306.us-east-1.elb.amazonaws.com/auth/user/login,0,0,68
1777593253573,169,02 - GET /restaurants (search),200,OK,Virtual Users [400 threads] 1-256,text,true,,790,311,139,139,http://k8s-forkfind-forkfind-8e65d48af1-1990260306.us-east-1.elb.amazonaws.com/restaurants?q=pizza&limit=12&sort=rating,169,0,73
1777593253660,82,03 - POST /restaurants/15/reviews,Non HTTP response code: java.net.SocketException,Non HTTP response message: Connection reset,Virtual Users [400 threads] 1-255,text,false,"Review submission returned unexpected status (401 = bad token, 5xx = server error)",2601,0,139,139,http://k8s-forkfind-forkfind-8e65d48af1-1990260306.us-east-1.elb.amazonaws.com/restaurants/15/reviews,0,0,0
1777593223715,30075,01 - POST /auth/user/login,Non HTTP response code: java.net.SocketTimeoutException,Non HTTP response message: Read timed out,Virtual Users [400 threads] 1-259,text,false,Login failed — check credentials in users.csv,2679,0,138,138,http://k8s-forkfind-forkfind-8e65d48af1-1990260306.us-east-1.elb.amazonaws.com/auth/user/login,0,0,73
1777593253647,162,02 - GET /restaurants (search),200,OK,Virtual Users [400 threads] 1-257,text,true,,790,311,138,138,http://k8s-forkfind-forkfind-8e65d48af1-1990260306.us-east-1.elb.amazonaws.com/restaurants?q=pizza&limit=12&sort=rating,162,0,74
1777593253742,79,03 - POST /restaurants/15/reviews,Non HTTP response code: java.net.SocketException,Non HTTP response message: Connection reset,Virtual Users [400 threads] 1-256,text,false,"Review submission returned unexpected status (401 = bad token, 5xx = server error)",2601,0,138,138,http://k8s-forkfind-forkfind-8e65d48af1-1990260306.us-east-1.elb.amazonaws.com/restaurants/15/reviews,0,0,0
1777593223791,30071,01 - POST /auth/user/login,Non HTTP response code: java.net.SocketTimeoutException,Non HTTP response message: Read timed out,Virtual Users [400 threads] 1-260,text,false,Login failed — check credentials in users.csv,2679,0,137,137,http://k8s-forkfind-forkfind-8e65d48af1-1990260306.us-east-1.elb.amazonaws.com/auth/user/login,0,0,68
1777593253711,154,02 - GET /restaurants (search),200,OK,Virtual Users [400 threads] 1-258,text,true,,790,311,137,137,http://k8s-forkfind-forkfind-8e65d48af1-1990260306.us-east-1.elb.amazonaws.com/restaurants?q=pizza&limit=12&sort=rating,154,0,72
1777593253810,84,03 - POST /restaurants/15/reviews,Non HTTP response code: java.net.SocketException,Non HTTP response message: Connection reset,Virtual Users [400 threads] 1-257,text,false,"Review submission returned unexpected status (401 = bad token, 5xx = server error)",2601,0,137,137,http://k8s-forkfind-forkfind-8e65d48af1-1990260306.us-east-1.elb.amazonaws.com/restaurants/15/reviews,0,0,0
1777593223863,30068,01 - POST /auth/user/login,Non HTTP response code: java.net.SocketTimeoutException,Non HTTP response message: Read timed out,Virtual Users [400 threads] 1-261,text,false,Login failed — check credentials in users.csv,2679,0,136,136,http://k8s-forkfind-forkfind-8e65d48af1-1990260306.us-east-1.elb.amazonaws.com/auth/user/login,0,0,66
1777593253866,114,03 - POST /restaurants/15/reviews,Non HTTP response code: java.net.SocketException,Non HTTP response message: Connection reset,Virtual Users [400 threads] 1-258,text,false,"Review submission returned unexpected status (401 = bad token, 5xx = server error)",2601,0,136,136,http://k8s-forkfind-forkfind-8e65d48af1-1990260306.us-east-1.elb.amazonaws.com/restaurants/15/reviews,0,0,0
1777593253792,206,02 - GET /restaurants (search),200,OK,Virtual Users [400 threads] 1-259,text,true,,790,311,135,135,http://k8s-forkfind-forkfind-8e65d48af1-1990260306.us-east-1.elb.amazonaws.com/restaurants?q=pizza&limit=12&sort=rating,206,0,73
1777593223941,30070,01 - POST /auth/user/login,Non HTTP response code: java.net.SocketTimeoutException,Non HTTP response message: Read timed out,Virtual Users [400 threads] 1-262,text,false,Login failed — check credentials in users.csv,2679,0,135,135,http://k8s-forkfind-forkfind-8e65d48af1-1990260306.us-east-1.elb.amazonaws.com/auth/user/login,0,0,68
1777593253863,195,02 - GET /restaurants (search),200,OK,Virtual Users [400 threads] 1-260,text,true,,790,311,135,135,http://k8s-forkfind-forkfind-8e65d48af1-1990260306.us-east-1.elb.amazonaws.com/restaurants?q=pizza&limit=12&sort=rating,195,0,117
1777593253999,83,03 - POST /restaurants/15/reviews,Non HTTP response code: java.net.SocketException,Non HTTP response message: Connection reset,Virtual Users [400 threads] 1-259,text,false,"Review submission returned unexpected status (401 = bad token, 5xx = server error)",2601,0,135,135,http://k8s-forkfind-forkfind-8e65d48af1-1990260306.us-east-1.elb.amazonaws.com/restaurants/15/reviews,0,0,0
1777593224016,30068,01 - POST /auth/user/login,Non HTTP response code: java.net.SocketTimeoutException,Non HTTP response message: Read timed out,Virtual Users [400 threads] 1-263,text,false,Login failed — check credentials in users.csv,2679,0,134,134,http://k8s-forkfind-forkfind-8e65d48af1-1990260306.us-east-1.elb.amazonaws.com/auth/user/login,0,0,66
1777593253932,228,02 - GET /restaurants (search),200,OK,Virtual Users [400 threads] 1-261,text,true,,790,311,134,134,http://k8s-forkfind-forkfind-8e65d48af1-1990260306.us-east-1.elb.amazonaws.com/restaurants?q=pizza&limit=12&sort=rating,228,0,114
1777593254059,101,03 - POST /restaurants/15/reviews,Non HTTP response code: java.net.SocketException,Non HTTP response message: Connection reset,Virtual Users [400 threads] 1-260,text,false,"Review submission returned unexpected status (401 = bad token, 5xx = server error)",2601,0,134,134,http://k8s-forkfind-forkfind-8e65d48af1-1990260306.us-east-1.elb.amazonaws.com/restaurants/15/reviews,0,0,0
1777593224091,30070,01 - POST /auth/user/login,Non HTTP response code: java.net.SocketTimeoutException,Non HTTP response message: Read timed out,Virtual Users [400 threads] 1-264,text,false,Login failed — check credentials in users.csv,2679,0,134,134,http://k8s-forkfind-forkfind-8e65d48af1-1990260306.us-east-1.elb.amazonaws.com/auth/user/login,0,0,68
1777593254012,183,02 - GET /restaurants (search),200,OK,Virtual Users [400 threads] 1-262,text,true,,790,311,133,133,http://k8s-forkfind-forkfind-8e65d48af1-1990260306.us-east-1.elb.amazonaws.com/restaurants?q=pizza&limit=12&sort=rating,183,0,87
1777593224166,30067,01 - POST /auth/user/login,Non HTTP response code: java.net.SocketTimeoutException,Non HTTP response message: Read timed out,Virtual Users [400 threads] 1-265,text,false,Login failed — check credentials in users.csv,2679,0,133,133,http://k8s-forkfind-forkfind-8e65d48af1-1990260306.us-east-1.elb.amazonaws.com/auth/user/login,0,0,65
1777593254084,159,02 - GET /restaurants (search),200,OK,Virtual Users [400 threads] 1-263,text,true,,790,311,133,133,http://k8s-forkfind-forkfind-8e65d48af1-1990260306.us-east-1.elb.amazonaws.com/restaurants?q=pizza&limit=12&sort=rating,159,0,76
1777593254161,82,03 - POST /restaurants/15/reviews,Non HTTP response code: java.net.SocketException,Non HTTP response message: Connection reset,Virtual Users [400 threads] 1-261,text,false,"Review submission returned unexpected status (401 = bad token, 5xx = server error)",2601,0,133,133,http://k8s-forkfind-forkfind-8e65d48af1-1990260306.us-east-1.elb.amazonaws.com/restaurants/15/reviews,0,0,0
1777593254195,80,03 - POST /restaurants/15/reviews,Non HTTP response code: java.net.SocketException,Non HTTP response message: Connection reset,Virtual Users [400 threads] 1-262,text,false,"Review submission returned unexpected status (401 = bad token, 5xx = server error)",2601,0,132,132,http://k8s-forkfind-forkfind-8e65d48af1-1990260306.us-east-1.elb.amazonaws.com/restaurants/15/reviews,0,0,0
1777593224242,30089,01 - POST /auth/user/login,Non HTTP response code: java.net.SocketTimeoutException,Non HTTP response message: Read timed out,Virtual Users [400 threads] 1-266,text,false,Login failed — check credentials in users.csv,2679,0,131,131,http://k8s-forkfind-forkfind-8e65d48af1-1990260306.us-east-1.elb.amazonaws.com/auth/user/login,0,0,87
1777593254243,109,03 - POST /restaurants/15/reviews,Non HTTP response code: java.net.SocketException,Non HTTP response message: Connection reset,Virtual Users [400 threads] 1-263,text,false,"Review submission returned unexpected status (401 = bad token, 5xx = server error)",2601,0,131,131,http://k8s-forkfind-forkfind-8e65d48af1-1990260306.us-east-1.elb.amazonaws.com/restaurants/15/reviews,0,0,0
1777593224311,30068,01 - POST /auth/user/login,Non HTTP response code: java.net.SocketTimeoutException,Non HTTP response message: Read timed out,Virtual Users [400 threads] 1-267,text,false,Login failed — check credentials in users.csv,2679,0,130,130,http://k8s-forkfind-forkfind-8e65d48af1-1990260306.us-east-1.elb.amazonaws.com/auth/user/login,0,0,66
1777593254234,189,02 - GET /restaurants (search),200,OK,Virtual Users [400 threads] 1-265,text,true,,790,311,130,130,http://k8s-forkfind-forkfind-8e65d48af1-1990260306.us-east-1.elb.amazonaws.com/restaurants?q=pizza&limit=12&sort=rating,189,0,82
1777593254161,262,02 - GET /restaurants (search),200,OK,Virtual Users [400 threads] 1-264,text,true,,790,311,130,130,http://k8s-forkfind-forkfind-8e65d48af1-1990260306.us-east-1.elb.amazonaws.com/restaurants?q=pizza&limit=12&sort=rating,262,0,82
1777593224391,30083,01 - POST /auth/user/login,Non HTTP response code: java.net.SocketTimeoutException,Non HTTP response message: Read timed out,Virtual Users [400 threads] 1-268,text,false,Login failed — check credentials in users.csv,2679,0,130,130,http://k8s-forkfind-forkfind-8e65d48af1-1990260306.us-east-1.elb.amazonaws.com/auth/user/login,0,0,81
1777593254333,182,02 - GET /restaurants (search),200,OK,Virtual Users [400 threads] 1-266,text,true,,790,311,130,130,http://k8s-forkfind-forkfind-8e65d48af1-1990260306.us-east-1.elb.amazonaws.com/restaurants?q=pizza&limit=12&sort=rating,182,0,89
1777593254423,93,03 - POST /restaurants/15/reviews,Non HTTP response code: java.net.SocketException,Non HTTP response message: Connection reset,Virtual Users [400 threads] 1-265,text,false,"Review submission returned unexpected status (401 = bad token, 5xx = server error)",2601,0,130,130,http://k8s-forkfind-forkfind-8e65d48af1-1990260306.us-east-1.elb.amazonaws.com/restaurants/15/reviews,0,0,0
1777593254423,93,03 - POST /restaurants/15/reviews,Non HTTP response code: java.net.SocketException,Non HTTP response message: Connection reset,Virtual Users [400 threads] 1-264,text,false,"Review submission returned unexpected status (401 = bad token, 5xx = server error)",2601,0,130,130,http://k8s-forkfind-forkfind-8e65d48af1-1990260306.us-east-1.elb.amazonaws.com/restaurants/15/reviews,0,0,0
1777593254380,156,02 - GET /restaurants (search),200,OK,Virtual Users [400 threads] 1-267,text,true,,790,311,128,128,http://k8s-forkfind-forkfind-8e65d48af1-1990260306.us-east-1.elb.amazonaws.com/restaurants?q=pizza&limit=12&sort=rating,156,0,75
1777593224466,30072,01 - POST /auth/user/login,Non HTTP response code: java.net.SocketTimeoutException,Non HTTP response message: Read timed out,Virtual Users [400 threads] 1-269,text,false,Login failed — check credentials in users.csv,2679,0,128,128,http://k8s-forkfind-forkfind-8e65d48af1-1990260306.us-east-1.elb.amazonaws.com/auth/user/login,0,0,70
1777593224540,30066,01 - POST /auth/user/login,Non HTTP response code: java.net.SocketTimeoutException,Non HTTP response message: Read timed out,Virtual Users [400 threads] 1-270,text,false,Login failed — check credentials in users.csv,2679,0,128,128,http://k8s-forkfind-forkfind-8e65d48af1-1990260306.us-east-1.elb.amazonaws.com/auth/user/login,0,0,64
1777593254516,91,03 - POST /restaurants/15/reviews,Non HTTP response code: java.net.SocketException,Non HTTP response message: Connection reset,Virtual Users [400 threads] 1-266,text,false,"Review submission returned unexpected status (401 = bad token, 5xx = server error)",2601,0,128,128,http://k8s-forkfind-forkfind-8e65d48af1-1990260306.us-east-1.elb.amazonaws.com/restaurants/15/reviews,0,0,0
1777593254536,93,03 - POST /restaurants/15/reviews,Non HTTP response code: java.net.SocketException,Non HTTP response message: Connection reset,Virtual Users [400 threads] 1-267,text,false,"Review submission returned unexpected status (401 = bad token, 5xx = server error)",2601,0,127,127,http://k8s-forkfind-forkfind-8e65d48af1-1990260306.us-east-1.elb.amazonaws.com/restaurants/15/reviews,0,0,0
1777593224617,30070,01 - POST /auth/user/login,Non HTTP response code: java.net.SocketTimeoutException,Non HTTP response message: Read timed out,Virtual Users [400 threads] 1-271,text,false,Login failed — check credentials in users.csv,2679,0,126,126,http://k8s-forkfind-forkfind-8e65d48af1-1990260306.us-east-1.elb.amazonaws.com/auth/user/login,0,0,68
1777593254474,227,02 - GET /restaurants (search),200,OK,Virtual Users [400 threads] 1-268,text,true,,790,311,126,126,http://k8s-forkfind-forkfind-8e65d48af1-1990260306.us-east-1.elb.amazonaws.com/restaurants?q=pizza&limit=12&sort=rating,227,0,121
1777593254539,200,02 - GET /restaurants (search),200,OK,Virtual Users [400 threads] 1-269,text,true,,790,311,126,126,http://k8s-forkfind-forkfind-8e65d48af1-1990260306.us-east-1.elb.amazonaws.com/restaurants?q=pizza&limit=12&sort=rating,200,0,89
1777593224692,30072,01 - POST /auth/user/login,Non HTTP response code: java.net.SocketTimeoutException,Non HTTP response message: Read timed out,Virtual Users [400 threads] 1-272,text,false,Login failed — check credentials in users.csv,2679,0,126,126,http://k8s-forkfind-forkfind-8e65d48af1-1990260306.us-east-1.elb.amazonaws.com/auth/user/login,0,0,70
1777593254607,214,02 - GET /restaurants (search),200,OK,Virtual Users [400 threads] 1-270,text,true,,790,311,126,126,http://k8s-forkfind-forkfind-8e65d48af1-1990260306.us-east-1.elb.amazonaws.com/restaurants?q=pizza&limit=12&sort=rating,214,0,94
1777593254739,82,03 - POST /restaurants/15/reviews,Non HTTP response code: java.net.SocketException,Non HTTP response message: Connection reset,Virtual Users [400 threads] 1-269,text,false,"Review submission returned unexpected status (401 = bad token, 5xx = server error)",2601,0,126,126,http://k8s-forkfind-forkfind-8e65d48af1-1990260306.us-east-1.elb.amazonaws.com/restaurants/15/reviews,0,0,0
1777593254701,120,03 - POST /restaurants/15/reviews,Non HTTP response code: java.net.SocketException,Non HTTP response message: Connection reset,Virtual Users [400 threads] 1-268,text,false,"Review submission returned unexpected status (401 = bad token, 5xx = server error)",2601,0,126,126,http://k8s-forkfind-forkfind-8e65d48af1-1990260306.us-east-1.elb.amazonaws.com/restaurants/15/reviews,0,0,0
1777593224767,30066,01 - POST /auth/user/login,Non HTTP response code: java.net.SocketTimeoutException,Non HTTP response message: Read timed out,Virtual Users [400 threads] 1-273,text,false,Login failed — check credentials in users.csv,2679,0,124,124,http://k8s-forkfind-forkfind-8e65d48af1-1990260306.us-east-1.elb.amazonaws.com/auth/user/login,0,0,64
1777593224842,30069,01 - POST /auth/user/login,Non HTTP response code: java.net.SocketTimeoutException,Non HTTP response message: Read timed out,Virtual Users [400 threads] 1-274,text,false,Login failed — check credentials in users.csv,2679,0,124,124,http://k8s-forkfind-forkfind-8e65d48af1-1990260306.us-east-1.elb.amazonaws.com/auth/user/login,0,0,67
1777593254687,285,02 - GET /restaurants (search),200,OK,Virtual Users [400 threads] 1-271,text,true,,790,311,124,124,http://k8s-forkfind-forkfind-8e65d48af1-1990260306.us-east-1.elb.amazonaws.com/restaurants?q=pizza&limit=12&sort=rating,285,0,76
1777593254764,208,02 - GET /restaurants (search),200,OK,Virtual Users [400 threads] 1-272,text,true,,790,311,124,124,http://k8s-forkfind-forkfind-8e65d48af1-1990260306.us-east-1.elb.amazonaws.com/restaurants?q=pizza&limit=12&sort=rating,208,0,80
1777593254821,151,03 - POST /restaurants/15/reviews,Non HTTP response code: java.net.SocketException,Non HTTP response message: Connection reset,Virtual Users [400 threads] 1-270,text,false,"Review submission returned unexpected status (401 = bad token, 5xx = server error)",2601,0,124,124,http://k8s-forkfind-forkfind-8e65d48af1-1990260306.us-east-1.elb.amazonaws.com/restaurants/15/reviews,0,0,0
1777593224915,30067,01 - POST /auth/user/login,Non HTTP response code: java.net.SocketTimeoutException,Non HTTP response message: Read timed out,Virtual Users [400 threads] 1-275,text,false,Login failed — check credentials in users.csv,2679,0,123,123,http://k8s-forkfind-forkfind-8e65d48af1-1990260306.us-east-1.elb.amazonaws.com/auth/user/login,0,0,66
1777593224989,30069,01 - POST /auth/user/login,Non HTTP response code: java.net.SocketTimeoutException,Non HTTP response message: Read timed out,Virtual Users [400 threads] 1-276,text,false,Login failed — check credentials in users.csv,2679,0,123,123,http://k8s-forkfind-forkfind-8e65d48af1-1990260306.us-east-1.elb.amazonaws.com/auth/user/login,0,0,67
1777593254972,92,03 - POST /restaurants/15/reviews,Non HTTP response code: java.net.SocketException,Non HTTP response message: Connection reset,Virtual Users [400 threads] 1-271,text,false,"Review submission returned unexpected status (401 = bad token, 5xx = server error)",2601,0,123,123,http://k8s-forkfind-forkfind-8e65d48af1-1990260306.us-east-1.elb.amazonaws.com/restaurants/15/reviews,0,0,0
1777593254972,92,03 - POST /restaurants/15/reviews,Non HTTP response code: java.net.SocketException,Non HTTP response message: Connection reset,Virtual Users [400 threads] 1-272,text,false,"Review submission returned unexpected status (401 = bad token, 5xx = server error)",2601,0,123,123,http://k8s-forkfind-forkfind-8e65d48af1-1990260306.us-east-1.elb.amazonaws.com/restaurants/15/reviews,0,0,0
1777593254912,208,02 - GET /restaurants (search),200,OK,Virtual Users [400 threads] 1-274,text,true,,790,311,121,121,http://k8s-forkfind-forkfind-8e65d48af1-1990260306.us-east-1.elb.amazonaws.com/restaurants?q=pizza&limit=12&sort=rating,208,0,84
1777593254833,287,02 - GET /restaurants (search),200,OK,Virtual Users [400 threads] 1-273,text,true,,790,311,121,121,http://k8s-forkfind-forkfind-8e65d48af1-1990260306.us-east-1.elb.amazonaws.com/restaurants?q=pizza&limit=12&sort=rating,287,0,139
1777593225068,30072,01 - POST /auth/user/login,Non HTTP response code: java.net.SocketTimeoutException,Non HTTP response message: Read timed out,Virtual Users [400 threads] 1-277,text,false,Login failed — check credentials in users.csv,2679,0,121,121,http://k8s-forkfind-forkfind-8e65d48af1-1990260306.us-east-1.elb.amazonaws.com/auth/user/login,0,0,70
1777593225142,30068,01 - POST /auth/user/login,Non HTTP response code: java.net.SocketTimeoutException,Non HTTP response message: Read timed out,Virtual Users [400 threads] 1-278,text,false,Login failed — check credentials in users.csv,2679,0,121,121,http://k8s-forkfind-forkfind-8e65d48af1-1990260306.us-east-1.elb.amazonaws.com/auth/user/login,0,0,65
1777593255058,168,02 - GET /restaurants (search),200,OK,Virtual Users [400 threads] 1-276,text,true,,790,311,121,121,http://k8s-forkfind-forkfind-8e65d48af1-1990260306.us-east-1.elb.amazonaws.com/restaurants?q=pizza&limit=12&sort=rating,168,0,81
1777593254982,244,02 - GET /restaurants (search),200,OK,Virtual Users [400 threads] 1-275,text,true,,790,311,121,121,http://k8s-forkfind-forkfind-8e65d48af1-1990260306.us-east-1.elb.amazonaws.com/restaurants?q=pizza&limit=12&sort=rating,244,0,82
1777593255120,106,03 - POST /restaurants/15/reviews,Non HTTP response code: java.net.SocketException,Non HTTP response message: Connection reset,Virtual Users [400 threads] 1-273,text,false,"Review submission returned unexpected status (401 = bad token, 5xx = server error)",2601,0,121,121,http://k8s-forkfind-forkfind-8e65d48af1-1990260306.us-east-1.elb.amazonaws.com/restaurants/15/reviews,0,0,0
1777593255120,106,03 - POST /restaurants/15/reviews,Non HTTP response code: java.net.SocketException,Non HTTP response message: Connection reset,Virtual Users [400 threads] 1-274,text,false,"Review submission returned unexpected status (401 = bad token, 5xx = server error)",2601,0,121,121,http://k8s-forkfind-forkfind-8e65d48af1-1990260306.us-east-1.elb.amazonaws.com/restaurants/15/reviews,0,0,0
1777593225214,30069,01 - POST /auth/user/login,Non HTTP response code: java.net.SocketTimeoutException,Non HTTP response message: Read timed out,Virtual Users [400 threads] 1-279,text,false,Login failed — check credentials in users.csv,2679,0,119,119,http://k8s-forkfind-forkfind-8e65d48af1-1990260306.us-east-1.elb.amazonaws.com/auth/user/login,0,0,67
1777593255140,174,02 - GET /restaurants (search),200,OK,Virtual Users [400 threads] 1-277,text,true,,790,311,119,119,http://k8s-forkfind-forkfind-8e65d48af1-1990260306.us-east-1.elb.amazonaws.com/restaurants?q=pizza&limit=12&sort=rating,174,0,86
1777593255227,87,03 - POST /restaurants/15/reviews,Non HTTP response code: java.net.SocketException,Non HTTP response message: Connection reset,Virtual Users [400 threads] 1-276,text,false,"Review submission returned unexpected status (401 = bad token, 5xx = server error)",2601,0,119,119,http://k8s-forkfind-forkfind-8e65d48af1-1990260306.us-east-1.elb.amazonaws.com/restaurants/15/reviews,0,0,0
1777593255227,87,03 - POST /restaurants/15/reviews,Non HTTP response code: java.net.SocketException,Non HTTP response message: Connection reset,Virtual Users [400 threads] 1-275,text,false,"Review submission returned unexpected status (401 = bad token, 5xx = server error)",2601,0,119,119,http://k8s-forkfind-forkfind-8e65d48af1-1990260306.us-east-1.elb.amazonaws.com/restaurants/15/reviews,0,0,0
1777593225289,30071,01 - POST /auth/user/login,Non HTTP response code: java.net.SocketTimeoutException,Non HTTP response message: Read timed out,Virtual Users [400 threads] 1-280,text,false,Login failed — check credentials in users.csv,2679,0,117,117,http://k8s-forkfind-forkfind-8e65d48af1-1990260306.us-east-1.elb.amazonaws.com/auth/user/login,0,0,69
1777593255209,192,02 - GET /restaurants (search),200,OK,Virtual Users [400 threads] 1-278,text,true,,790,311,117,117,http://k8s-forkfind-forkfind-8e65d48af1-1990260306.us-east-1.elb.amazonaws.com/restaurants?q=pizza&limit=12&sort=rating,192,0,100
1777593255314,87,03 - POST /restaurants/15/reviews,Non HTTP response code: java.net.SocketException,Non HTTP response message: Connection reset,Virtual Users [400 threads] 1-277,text,false,"Review submission returned unexpected status (401 = bad token, 5xx = server error)",2601,0,117,117,http://k8s-forkfind-forkfind-8e65d48af1-1990260306.us-east-1.elb.amazonaws.com/restaurants/15/reviews,0,0,0
1777593225364,30067,01 - POST /auth/user/login,Non HTTP response code: java.net.SocketTimeoutException,Non HTTP response message: Read timed out,Virtual Users [400 threads] 1-281,text,false,Login failed — check credentials in users.csv,2679,0,116,116,http://k8s-forkfind-forkfind-8e65d48af1-1990260306.us-east-1.elb.amazonaws.com/auth/user/login,0,0,64
1777593255284,193,02 - GET /restaurants (search),200,OK,Virtual Users [400 threads] 1-279,text,true,,790,311,116,116,http://k8s-forkfind-forkfind-8e65d48af1-1990260306.us-east-1.elb.amazonaws.com/restaurants?q=pizza&limit=12&sort=rating,193,0,101
1777593255402,95,03 - POST /restaurants/15/reviews,Non HTTP response code: java.net.SocketException,Non HTTP response message: Connection reset,Virtual Users [400 threads] 1-278,text,false,"Review submission returned unexpected status (401 = bad token, 5xx = server error)",2601,0,116,116,http://k8s-forkfind-forkfind-8e65d48af1-1990260306.us-east-1.elb.amazonaws.com/restaurants/15/reviews,0,0,0
1777593225442,30069,01 - POST /auth/user/login,Non HTTP response code: java.net.SocketTimeoutException,Non HTTP response message: Read timed out,Virtual Users [400 threads] 1-282,text,false,Login failed — check credentials in users.csv,2679,0,115,115,http://k8s-forkfind-forkfind-8e65d48af1-1990260306.us-east-1.elb.amazonaws.com/auth/user/login,0,0,67
1777593255360,162,02 - GET /restaurants (search),200,OK,Virtual Users [400 threads] 1-280,text,true,,790,311,115,115,http://k8s-forkfind-forkfind-8e65d48af1-1990260306.us-east-1.elb.amazonaws.com/restaurants?q=pizza&limit=12&sort=rating,162,0,71
1777593255478,87,03 - POST /restaurants/15/reviews,Non HTTP response code: java.net.SocketException,Non HTTP response message: Connection reset,Virtual Users [400 threads] 1-279,text,false,"Review submission returned unexpected status (401 = bad token, 5xx = server error)",2601,0,115,115,http://k8s-forkfind-forkfind-8e65d48af1-1990260306.us-east-1.elb.amazonaws.com/restaurants/15/reviews,0,0,0
1777593255431,166,02 - GET /restaurants (search),200,OK,Virtual Users [400 threads] 1-281,text,true,,790,311,114,114,http://k8s-forkfind-forkfind-8e65d48af1-1990260306.us-east-1.elb.amazonaws.com/restaurants?q=pizza&limit=12&sort=rating,166,0,75
1777593225515,30084,01 - POST /auth/user/login,Non HTTP response code: java.net.SocketTimeoutException,Non HTTP response message: Read timed out,Virtual Users [400 threads] 1-283,text,false,Login failed — check credentials in users.csv,2679,0,114,114,http://k8s-forkfind-forkfind-8e65d48af1-1990260306.us-east-1.elb.amazonaws.com/auth/user/login,0,0,82
1777593255522,78,03 - POST /restaurants/15/reviews,Non HTTP response code: java.net.SocketException,Non HTTP response message: Connection reset,Virtual Users [400 threads] 1-280,text,false,"Review submission returned unexpected status (401 = bad token, 5xx = server error)",2601,0,114,114,http://k8s-forkfind-forkfind-8e65d48af1-1990260306.us-east-1.elb.amazonaws.com/restaurants/15/reviews,0,0,0
1777593225599,30068,01 - POST /auth/user/login,Non HTTP response code: java.net.SocketTimeoutException,Non HTTP response message: Read timed out,Virtual Users [400 threads] 1-284,text,false,Login failed — check credentials in users.csv,2679,0,113,113,http://k8s-forkfind-forkfind-8e65d48af1-1990260306.us-east-1.elb.amazonaws.com/auth/user/login,0,0,66
1777593255510,182,02 - GET /restaurants (search),200,OK,Virtual Users [400 threads] 1-282,text,true,,790,311,113,113,http://k8s-forkfind-forkfind-8e65d48af1-1990260306.us-east-1.elb.amazonaws.com/restaurants?q=pizza&limit=12&sort=rating,182,0,87
1777593255597,95,03 - POST /restaurants/15/reviews,Non HTTP response code: java.net.SocketException,Non HTTP response message: Connection reset,Virtual Users [400 threads] 1-281,text,false,"Review submission returned unexpected status (401 = bad token, 5xx = server error)",2601,0,113,113,http://k8s-forkfind-forkfind-8e65d48af1-1990260306.us-east-1.elb.amazonaws.com/restaurants/15/reviews,0,0,0
1777593225668,30079,01 - POST /auth/user/login,Non HTTP response code: java.net.SocketTimeoutException,Non HTTP response message: Read timed out,Virtual Users [400 threads] 1-285,text,false,Login failed — check credentials in users.csv,2679,0,112,112,http://k8s-forkfind-forkfind-8e65d48af1-1990260306.us-east-1.elb.amazonaws.com/auth/user/login,0,0,77
1777593255598,191,02 - GET /restaurants (search),200,OK,Virtual Users [400 threads] 1-283,text,true,,790,311,112,112,http://k8s-forkfind-forkfind-8e65d48af1-1990260306.us-east-1.elb.amazonaws.com/restaurants?q=pizza&limit=12&sort=rating,191,0,94
1777593255692,97,03 - POST /restaurants/15/reviews,Non HTTP response code: java.net.SocketException,Non HTTP response message: Connection reset,Virtual Users [400 threads] 1-282,text,false,"Review submission returned unexpected status (401 = bad token, 5xx = server error)",2601,0,112,112,http://k8s-forkfind-forkfind-8e65d48af1-1990260306.us-east-1.elb.amazonaws.com/restaurants/15/reviews,0,0,0
1777593225743,30069,01 - POST /auth/user/login,Non HTTP response code: java.net.SocketTimeoutException,Non HTTP response message: Read timed out,Virtual Users [400 threads] 1-286,text,false,Login failed — check credentials in users.csv,2679,0,111,111,http://k8s-forkfind-forkfind-8e65d48af1-1990260306.us-east-1.elb.amazonaws.com/auth/user/login,0,0,67
1777593225813,30066,01 - POST /auth/user/login,Non HTTP response code: java.net.SocketTimeoutException,Non HTTP response message: Read timed out,Virtual Users [400 threads] 1-287,text,false,Login failed — check credentials in users.csv,2679,0,111,111,http://k8s-forkfind-forkfind-8e65d48af1-1990260306.us-east-1.elb.amazonaws.com/auth/user/login,0,0,64
1777593255667,213,02 - GET /restaurants (search),200,OK,Virtual Users [400 threads] 1-284,text,true,,790,311,111,111,http://k8s-forkfind-forkfind-8e65d48af1-1990260306.us-east-1.elb.amazonaws.com/restaurants?q=pizza&limit=12&sort=rating,213,0,121
1777593255789,91,03 - POST /restaurants/15/reviews,Non HTTP response code: java.net.SocketException,Non HTTP response message: Connection reset,Virtual Users [400 threads] 1-283,text,false,"Review submission returned unexpected status (401 = bad token, 5xx = server error)",2601,0,111,111,http://k8s-forkfind-forkfind-8e65d48af1-1990260306.us-east-1.elb.amazonaws.com/restaurants/15/reviews,0,0,0
1777593255747,158,02 - GET /restaurants (search),200,OK,Virtual Users [400 threads] 1-285,text,true,,790,311,110,110,http://k8s-forkfind-forkfind-8e65d48af1-1990260306.us-east-1.elb.amazonaws.com/restaurants?q=pizza&limit=12&sort=rating,158,0,77
1777593255880,75,03 - POST /restaurants/15/reviews,Non HTTP response code: java.net.SocketException,Non HTTP response message: Connection reset,Virtual Users [400 threads] 1-284,text,false,"Review submission returned unexpected status (401 = bad token, 5xx = server error)",2601,0,110,110,http://k8s-forkfind-forkfind-8e65d48af1-1990260306.us-east-1.elb.amazonaws.com/restaurants/15/reviews,0,0,0
1777593225891,30068,01 - POST /auth/user/login,Non HTTP response code: java.net.SocketTimeoutException,Non HTTP response message: Read timed out,Virtual Users [400 threads] 1-288,text,false,Login failed — check credentials in users.csv,2679,0,109,109,http://k8s-forkfind-forkfind-8e65d48af1-1990260306.us-east-1.elb.amazonaws.com/auth/user/login,0,0,66
1777593255906,83,03 - POST /restaurants/15/reviews,Non HTTP response code: java.net.SocketException,Non HTTP response message: Connection reset,Virtual Users [400 threads] 1-285,text,false,"Review submission returned unexpected status (401 = bad token, 5xx = server error)",2601,0,109,109,http://k8s-forkfind-forkfind-8e65d48af1-1990260306.us-east-1.elb.amazonaws.com/restaurants/15/reviews,0,0,0
1777593255812,180,02 - GET /restaurants (search),200,OK,Virtual Users [400 threads] 1-286,text,true,,790,311,108,108,http://k8s-forkfind-forkfind-8e65d48af1-1990260306.us-east-1.elb.amazonaws.com/restaurants?q=pizza&limit=12&sort=rating,180,0,93
1777593255879,156,02 - GET /restaurants (search),200,OK,Virtual Users [400 threads] 1-287,text,true,,790,311,108,108,http://k8s-forkfind-forkfind-8e65d48af1-1990260306.us-east-1.elb.amazonaws.com/restaurants?q=pizza&limit=12&sort=rating,156,0,73
1777593225966,30080,01 - POST /auth/user/login,Non HTTP response code: java.net.SocketTimeoutException,Non HTTP response message: Read timed out,Virtual Users [400 threads] 1-289,text,false,Login failed — check credentials in users.csv,2679,0,108,108,http://k8s-forkfind-forkfind-8e65d48af1-1990260306.us-east-1.elb.amazonaws.com/auth/user/login,0,0,79
1777593255992,83,03 - POST /restaurants/15/reviews,Non HTTP response code: java.net.SocketException,Non HTTP response message: Connection reset,Virtual Users [400 threads] 1-286,text,false,"Review submission returned unexpected status (401 = bad token, 5xx = server error)",2601,0,108,108,http://k8s-forkfind-forkfind-8e65d48af1-1990260306.us-east-1.elb.amazonaws.com/restaurants/15/reviews,0,0,0
1777593226043,30067,01 - POST /auth/user/login,Non HTTP response code: java.net.SocketTimeoutException,Non HTTP response message: Read timed out,Virtual Users [400 threads] 1-290,text,false,Login failed — check credentials in users.csv,2679,0,107,107,http://k8s-forkfind-forkfind-8e65d48af1-1990260306.us-east-1.elb.amazonaws.com/auth/user/login,0,0,66
1777593255959,196,02 - GET /restaurants (search),200,OK,Virtual Users [400 threads] 1-288,text,true,,790,311,107,107,http://k8s-forkfind-forkfind-8e65d48af1-1990260306.us-east-1.elb.amazonaws.com/restaurants?q=pizza&limit=12&sort=rating,196,0,76
1777593256035,120,03 - POST /restaurants/15/reviews,Non HTTP response code: java.net.SocketException,Non HTTP response message: Connection reset,Virtual Users [400 threads] 1-287,text,false,"Review submission returned unexpected status (401 = bad token, 5xx = server error)",2601,0,107,107,http://k8s-forkfind-forkfind-8e65d48af1-1990260306.us-east-1.elb.amazonaws.com/restaurants/15/reviews,0,0,0
1777593226115,30067,01 - POST /auth/user/login,Non HTTP response code: java.net.SocketTimeoutException,Non HTTP response message: Read timed out,Virtual Users [400 threads] 1-291,text,false,Login failed — check credentials in users.csv,2679,0,106,106,http://k8s-forkfind-forkfind-8e65d48af1-1990260306.us-east-1.elb.amazonaws.com/auth/user/login,0,0,65
1777593256155,75,03 - POST /restaurants/15/reviews,Non HTTP response code: java.net.SocketException,Non HTTP response message: Connection reset,Virtual Users [400 threads] 1-288,text,false,"Review submission returned unexpected status (401 = bad token, 5xx = server error)",2601,0,106,106,http://k8s-forkfind-forkfind-8e65d48af1-1990260306.us-east-1.elb.amazonaws.com/restaurants/15/reviews,0,0,0
1777593256046,189,02 - GET /restaurants (search),200,OK,Virtual Users [400 threads] 1-289,text,true,,790,311,105,105,http://k8s-forkfind-forkfind-8e65d48af1-1990260306.us-east-1.elb.amazonaws.com/restaurants?q=pizza&limit=12&sort=rating,189,0,109
1777593226189,30068,01 - POST /auth/user/login,Non HTTP response code: java.net.SocketTimeoutException,Non HTTP response message: Read timed out,Virtual Users [400 threads] 1-292,text,false,Login failed — check credentials in users.csv,2679,0,105,105,http://k8s-forkfind-forkfind-8e65d48af1-1990260306.us-east-1.elb.amazonaws.com/auth/user/login,0,0,66
1777593256111,171,02 - GET /restaurants (search),200,OK,Virtual Users [400 threads] 1-290,text,true,,790,311,105,105,http://k8s-forkfind-forkfind-8e65d48af1-1990260306.us-east-1.elb.amazonaws.com/restaurants?q=pizza&limit=12&sort=rating,171,0,77
1777593256235,87,03 - POST /restaurants/15/reviews,Non HTTP response code: java.net.SocketException,Non HTTP response message: Connection reset,Virtual Users [400 threads] 1-289,text,false,"Review submission returned unexpected status (401 = bad token, 5xx = server error)",2601,0,105,105,http://k8s-forkfind-forkfind-8e65d48af1-1990260306.us-east-1.elb.amazonaws.com/restaurants/15/reviews,0,0,0
1777593226267,30066,01 - POST /auth/user/login,Non HTTP response code: java.net.SocketTimeoutException,Non HTTP response message: Read timed out,Virtual Users [400 threads] 1-293,text,false,Login failed — check credentials in users.csv,2679,0,104,104,http://k8s-forkfind-forkfind-8e65d48af1-1990260306.us-east-1.elb.amazonaws.com/auth/user/login,0,0,65
1777593256182,161,02 - GET /restaurants (search),200,OK,Virtual Users [400 threads] 1-291,text,true,,790,311,104,104,http://k8s-forkfind-forkfind-8e65d48af1-1990260306.us-east-1.elb.amazonaws.com/restaurants?q=pizza&limit=12&sort=rating,161,0,73
1777593256283,79,03 - POST /restaurants/15/reviews,Non HTTP response code: java.net.SocketException,Non HTTP response message: Connection reset,Virtual Users [400 threads] 1-290,text,false,"Review submission returned unexpected status (401 = bad token, 5xx = server error)",2601,0,104,104,http://k8s-forkfind-forkfind-8e65d48af1-1990260306.us-east-1.elb.amazonaws.com/restaurants/15/reviews,0,0,0
1777593226342,30068,01 - POST /auth/user/login,Non HTTP response code: java.net.SocketTimeoutException,Non HTTP response message: Read timed out,Virtual Users [400 threads] 1-294,text,false,Login failed — check credentials in users.csv,2679,0,103,103,http://k8s-forkfind-forkfind-8e65d48af1-1990260306.us-east-1.elb.amazonaws.com/auth/user/login,0,0,66
1777593256344,76,03 - POST /restaurants/15/reviews,Non HTTP response code: java.net.SocketException,Non HTTP response message: Connection reset,Virtual Users [400 threads] 1-291,text,false,"Review submission returned unexpected status (401 = bad token, 5xx = server error)",2601,0,103,103,http://k8s-forkfind-forkfind-8e65d48af1-1990260306.us-east-1.elb.amazonaws.com/restaurants/15/reviews,0,0,0
1777593226418,30069,01 - POST /auth/user/login,Non HTTP response code: java.net.SocketTimeoutException,Non HTTP response message: Read timed out,Virtual Users [400 threads] 1-295,text,false,Login failed — check credentials in users.csv,2679,0,102,102,http://k8s-forkfind-forkfind-8e65d48af1-1990260306.us-east-1.elb.amazonaws.com/auth/user/login,0,0,67
1777593256257,248,02 - GET /restaurants (search),200,OK,Virtual Users [400 threads] 1-292,text,true,,790,311,102,102,http://k8s-forkfind-forkfind-8e65d48af1-1990260306.us-east-1.elb.amazonaws.com/restaurants?q=pizza&limit=12&sort=rating,248,0,86
1777593256333,172,02 - GET /restaurants (search),200,OK,Virtual Users [400 threads] 1-293,text,true,,790,311,102,102,http://k8s-forkfind-forkfind-8e65d48af1-1990260306.us-east-1.elb.amazonaws.com/restaurants?q=pizza&limit=12&sort=rating,172,0,85
1777593226489,30081,01 - POST /auth/user/login,Non HTTP response code: java.net.SocketTimeoutException,Non HTTP response message: Read timed out,Virtual Users [400 threads] 1-296,text,false,Login failed — check credentials in users.csv,2679,0,102,102,http://k8s-forkfind-forkfind-8e65d48af1-1990260306.us-east-1.elb.amazonaws.com/auth/user/login,0,0,79
1777593256409,204,02 - GET /restaurants (search),200,OK,Virtual Users [400 threads] 1-294,text,true,,790,311,102,102,http://k8s-forkfind-forkfind-8e65d48af1-1990260306.us-east-1.elb.amazonaws.com/restaurants?q=pizza&limit=12&sort=rating,204,0,96
1777593256506,107,03 - POST /restaurants/15/reviews,Non HTTP response code: java.net.SocketException,Non HTTP response message: Connection reset,Virtual Users [400 threads] 1-293,text,false,"Review submission returned unexpected status (401 = bad token, 5xx = server error)",2601,0,102,102,http://k8s-forkfind-forkfind-8e65d48af1-1990260306.us-east-1.elb.amazonaws.com/restaurants/15/reviews,0,0,0
1777593256506,107,03 - POST /restaurants/15/reviews,Non HTTP response code: java.net.SocketException,Non HTTP response message: Connection reset,Virtual Users [400 threads] 1-292,text,false,"Review submission returned unexpected status (401 = bad token, 5xx = server error)",2601,0,102,102,http://k8s-forkfind-forkfind-8e65d48af1-1990260306.us-east-1.elb.amazonaws.com/restaurants/15/reviews,0,0,0
1777593226567,30075,01 - POST /auth/user/login,Non HTTP response code: java.net.SocketTimeoutException,Non HTTP response message: Read timed out,Virtual Users [400 threads] 1-297,text,false,Login failed — check credentials in users.csv,2679,0,100,100,http://k8s-forkfind-forkfind-8e65d48af1-1990260306.us-east-1.elb.amazonaws.com/auth/user/login,0,0,73
1777593256488,176,02 - GET /restaurants (search),200,OK,Virtual Users [400 threads] 1-295,text,true,,790,311,100,100,http://k8s-forkfind-forkfind-8e65d48af1-1990260306.us-east-1.elb.amazonaws.com/restaurants?q=pizza&limit=12&sort=rating,176,0,86
1777593256614,88,03 - POST /restaurants/15/reviews,Non HTTP response code: java.net.SocketException,Non HTTP response message: Connection reset,Virtual Users [400 threads] 1-294,text,false,"Review submission returned unexpected status (401 = bad token, 5xx = server error)",2601,0,100,100,http://k8s-forkfind-forkfind-8e65d48af1-1990260306.us-east-1.elb.amazonaws.com/restaurants/15/reviews,0,0,0
1777593226639,30072,01 - POST /auth/user/login,Non HTTP response code: java.net.SocketTimeoutException,Non HTTP response message: Read timed out,Virtual Users [400 threads] 1-298,text,false,Login failed — check credentials in users.csv,2679,0,99,99,http://k8s-forkfind-forkfind-8e65d48af1-1990260306.us-east-1.elb.amazonaws.com/auth/user/login,0,0,71
1777593256569,197,02 - GET /restaurants (search),200,OK,Virtual Users [400 threads] 1-296,text,true,,790,311,99,99,http://k8s-forkfind-forkfind-8e65d48af1-1990260306.us-east-1.elb.amazonaws.com/restaurants?q=pizza&limit=12&sort=rating,197,0,78
1777593256665,101,03 - POST /restaurants/15/reviews,Non HTTP response code: java.net.SocketException,Non HTTP response message: Connection reset,Virtual Users [400 threads] 1-295,text,false,"Review submission returned unexpected status (401 = bad token, 5xx = server error)",2601,0,99,99,http://k8s-forkfind-forkfind-8e65d48af1-1990260306.us-east-1.elb.amazonaws.com/restaurants/15/reviews,0,0,0
1777593226715,30068,01 - POST /auth/user/login,Non HTTP response code: java.net.SocketTimeoutException,Non HTTP response message: Read timed out,Virtual Users [400 threads] 1-299,text,false,Login failed — check credentials in users.csv,2679,0,98,98,http://k8s-forkfind-forkfind-8e65d48af1-1990260306.us-east-1.elb.amazonaws.com/auth/user/login,0,0,67
1777593226791,30068,01 - POST /auth/user/login,Non HTTP response code: java.net.SocketTimeoutException,Non HTTP response message: Read timed out,Virtual Users [400 threads] 1-300,text,false,Login failed — check credentials in users.csv,2679,0,98,98,http://k8s-forkfind-forkfind-8e65d48af1-1990260306.us-east-1.elb.amazonaws.com/auth/user/login,0,0,66
1777593256642,248,02 - GET /restaurants (search),200,OK,Virtual Users [400 threads] 1-297,text,true,,790,311,98,98,http://k8s-forkfind-forkfind-8e65d48af1-1990260306.us-east-1.elb.amazonaws.com/restaurants?q=pizza&limit=12&sort=rating,248,0,123
1777593256766,124,03 - POST /restaurants/15/reviews,Non HTTP response code: java.net.SocketException,Non HTTP response message: Connection reset,Virtual Users [400 threads] 1-296,text,false,"Review submission returned unexpected status (401 = bad token, 5xx = server error)",2601,0,98,98,http://k8s-forkfind-forkfind-8e65d48af1-1990260306.us-east-1.elb.amazonaws.com/restaurants/15/reviews,0,0,0
1777593256712,209,02 - GET /restaurants (search),200,OK,Virtual Users [400 threads] 1-298,text,true,,790,311,97,97,http://k8s-forkfind-forkfind-8e65d48af1-1990260306.us-east-1.elb.amazonaws.com/restaurants?q=pizza&limit=12&sort=rating,209,0,93
1777593226865,30069,01 - POST /auth/user/login,Non HTTP response code: java.net.SocketTimeoutException,Non HTTP response message: Read timed out,Virtual Users [400 threads] 1-301,text,false,Login failed — check credentials in users.csv,2679,0,97,97,http://k8s-forkfind-forkfind-8e65d48af1-1990260306.us-east-1.elb.amazonaws.com/auth/user/login,0,0,67
1777593256783,235,02 - GET /restaurants (search),200,OK,Virtual Users [400 threads] 1-299,text,true,,790,311,97,97,http://k8s-forkfind-forkfind-8e65d48af1-1990260306.us-east-1.elb.amazonaws.com/restaurants?q=pizza&limit=12&sort=rating,235,0,107
1777593256891,127,03 - POST /restaurants/15/reviews,Non HTTP response code: java.net.SocketException,Non HTTP response message: Connection reset,Virtual Users [400 threads] 1-297,text,false,"Review submission returned unexpected status (401 = bad token, 5xx = server error)",2601,0,97,97,http://k8s-forkfind-forkfind-8e65d48af1-1990260306.us-east-1.elb.amazonaws.com/restaurants/15/reviews,0,0,0
1777593226943,30076,01 - POST /auth/user/login,Non HTTP response code: java.net.SocketTimeoutException,Non HTTP response message: Read timed out,Virtual Users [400 threads] 1-302,text,false,Login failed — check credentials in users.csv,2679,0,97,97,http://k8s-forkfind-forkfind-8e65d48af1-1990260306.us-east-1.elb.amazonaws.com/auth/user/login,0,0,75
1777593256921,98,03 - POST /restaurants/15/reviews,Non HTTP response code: java.net.SocketException,Non HTTP response message: Connection reset,Virtual Users [400 threads] 1-298,text,false,"Review submission returned unexpected status (401 = bad token, 5xx = server error)",2601,0,96,96,http://k8s-forkfind-forkfind-8e65d48af1-1990260306.us-east-1.elb.amazonaws.com/restaurants/15/reviews,0,0,0
1777593256859,201,02 - GET /restaurants (search),200,OK,Virtual Users [400 threads] 1-300,text,true,,790,311,95,95,http://k8s-forkfind-forkfind-8e65d48af1-1990260306.us-east-1.elb.amazonaws.com/restaurants?q=pizza&limit=12&sort=rating,201,0,76
1777593227018,30069,01 - POST /auth/user/login,Non HTTP response code: java.net.SocketTimeoutException,Non HTTP response message: Read timed out,Virtual Users [400 threads] 1-303,text,false,Login failed — check credentials in users.csv,2679,0,95,95,http://k8s-forkfind-forkfind-8e65d48af1-1990260306.us-east-1.elb.amazonaws.com/auth/user/login,0,0,68
1777593256934,183,02 - GET /restaurants (search),200,OK,Virtual Users [400 threads] 1-301,text,true,,790,311,95,95,http://k8s-forkfind-forkfind-8e65d48af1-1990260306.us-east-1.elb.amazonaws.com/restaurants?q=pizza&limit=12&sort=rating,183,0,85
1777593257019,98,03 - POST /restaurants/15/reviews,Non HTTP response code: java.net.SocketException,Non HTTP response message: Connection reset,Virtual Users [400 threads] 1-299,text,false,"Review submission returned unexpected status (401 = bad token, 5xx = server error)",2601,0,95,95,http://k8s-forkfind-forkfind-8e65d48af1-1990260306.us-east-1.elb.amazonaws.com/restaurants/15/reviews,0,0,0
1777593257019,170,02 - GET /restaurants (search),200,OK,Virtual Users [400 threads] 1-302,text,true,,790,311,94,94,http://k8s-forkfind-forkfind-8e65d48af1-1990260306.us-east-1.elb.amazonaws.com/restaurants?q=pizza&limit=12&sort=rating,170,0,78
1777593257060,129,03 - POST /restaurants/15/reviews,Non HTTP response code: java.net.SocketException,Non HTTP response message: Connection reset,Virtual Users [400 threads] 1-300,text,false,"Review submission returned unexpected status (401 = bad token, 5xx = server error)",2601,0,94,94,http://k8s-forkfind-forkfind-8e65d48af1-1990260306.us-east-1.elb.amazonaws.com/restaurants/15/reviews,0,0,0
1777593227092,30109,01 - POST /auth/user/login,Non HTTP response code: java.net.SocketTimeoutException,Non HTTP response message: Read timed out,Virtual Users [400 threads] 1-304,text,false,Login failed — check credentials in users.csv,2679,0,93,93,http://k8s-forkfind-forkfind-8e65d48af1-1990260306.us-east-1.elb.amazonaws.com/auth/user/login,0,0,107
1777593257117,89,03 - POST /restaurants/15/reviews,Non HTTP response code: java.net.SocketException,Non HTTP response message: Connection reset,Virtual Users [400 threads] 1-301,text,false,"Review submission returned unexpected status (401 = bad token, 5xx = server error)",2601,0,93,93,http://k8s-forkfind-forkfind-8e65d48af1-1990260306.us-east-1.elb.amazonaws.com/restaurants/15/reviews,0,0,0
1777593227166,30069,01 - POST /auth/user/login,Non HTTP response code: java.net.SocketTimeoutException,Non HTTP response message: Read timed out,Virtual Users [400 threads] 1-305,text,false,Login failed — check credentials in users.csv,2679,0,92,92,http://k8s-forkfind-forkfind-8e65d48af1-1990260306.us-east-1.elb.amazonaws.com/auth/user/login,0,0,67
1777593257087,198,02 - GET /restaurants (search),200,OK,Virtual Users [400 threads] 1-303,text,true,,790,311,92,92,http://k8s-forkfind-forkfind-8e65d48af1-1990260306.us-east-1.elb.amazonaws.com/restaurants?q=pizza&limit=12&sort=rating,198,0,102
1777593257189,96,03 - POST /restaurants/15/reviews,Non HTTP response code: java.net.SocketException,Non HTTP response message: Connection reset,Virtual Users [400 threads] 1-302,text,false,"Review submission returned unexpected status (401 = bad token, 5xx = server error)",2601,0,92,92,http://k8s-forkfind-forkfind-8e65d48af1-1990260306.us-east-1.elb.amazonaws.com/restaurants/15/reviews,0,0,0
1777593227241,30071,01 - POST /auth/user/login,Non HTTP response code: java.net.SocketTimeoutException,Non HTTP response message: Read timed out,Virtual Users [400 threads] 1-306,text,false,Login failed — check credentials in users.csv,2679,0,91,91,http://k8s-forkfind-forkfind-8e65d48af1-1990260306.us-east-1.elb.amazonaws.com/auth/user/login,0,0,69
1777593257200,170,02 - GET /restaurants (search),200,OK,Virtual Users [400 threads] 1-304,text,true,,790,311,91,91,http://k8s-forkfind-forkfind-8e65d48af1-1990260306.us-east-1.elb.amazonaws.com/restaurants?q=pizza&limit=12&sort=rating,170,0,85
1777593257286,84,03 - POST /restaurants/15/reviews,Non HTTP response code: java.net.SocketException,Non HTTP response message: Connection reset,Virtual Users [400 threads] 1-303,text,false,"Review submission returned unexpected status (401 = bad token, 5xx = server error)",2601,0,91,91,http://k8s-forkfind-forkfind-8e65d48af1-1990260306.us-east-1.elb.amazonaws.com/restaurants/15/reviews,0,0,0
1777593227317,30068,01 - POST /auth/user/login,Non HTTP response code: java.net.SocketTimeoutException,Non HTTP response message: Read timed out,Virtual Users [400 threads] 1-307,text,false,Login failed — check credentials in users.csv,2679,0,90,90,http://k8s-forkfind-forkfind-8e65d48af1-1990260306.us-east-1.elb.amazonaws.com/auth/user/login,0,0,66
1777593257235,172,02 - GET /restaurants (search),200,OK,Virtual Users [400 threads] 1-305,text,true,,790,311,90,90,http://k8s-forkfind-forkfind-8e65d48af1-1990260306.us-east-1.elb.amazonaws.com/restaurants?q=pizza&limit=12&sort=rating,171,0,88
1777593257370,85,03 - POST /restaurants/15/reviews,Non HTTP response code: java.net.SocketException,Non HTTP response message: Connection reset,Virtual Users [400 threads] 1-304,text,false,"Review submission returned unexpected status (401 = bad token, 5xx = server error)",2601,0,90,90,http://k8s-forkfind-forkfind-8e65d48af1-1990260306.us-east-1.elb.amazonaws.com/restaurants/15/reviews,0,0,0
1777593227390,30078,01 - POST /auth/user/login,Non HTTP response code: java.net.SocketTimeoutException,Non HTTP response message: Read timed out,Virtual Users [400 threads] 1-308,text,false,Login failed — check credentials in users.csv,2679,0,89,89,http://k8s-forkfind-forkfind-8e65d48af1-1990260306.us-east-1.elb.amazonaws.com/auth/user/login,0,0,76
1777593257312,159,02 - GET /restaurants (search),200,OK,Virtual Users [400 threads] 1-306,text,true,,790,311,89,89,http://k8s-forkfind-forkfind-8e65d48af1-1990260306.us-east-1.elb.amazonaws.com/restaurants?q=pizza&limit=12&sort=rating,159,0,80
1777593257407,81,03 - POST /restaurants/15/reviews,Non HTTP response code: java.net.SocketException,Non HTTP response message: Connection reset,Virtual Users [400 threads] 1-305,text,false,"Review submission returned unexpected status (401 = bad token, 5xx = server error)",2601,0,89,89,http://k8s-forkfind-forkfind-8e65d48af1-1990260306.us-east-1.elb.amazonaws.com/restaurants/15/reviews,0,0,0
1777593257385,156,02 - GET /restaurants (search),200,OK,Virtual Users [400 threads] 1-307,text,true,,790,311,88,88,http://k8s-forkfind-forkfind-8e65d48af1-1990260306.us-east-1.elb.amazonaws.com/restaurants?q=pizza&limit=12&sort=rating,156,0,75
1777593257471,74,03 - POST /restaurants/15/reviews,Non HTTP response code: java.net.SocketException,Non HTTP response message: Connection reset,Virtual Users [400 threads] 1-306,text,false,"Review submission returned unexpected status (401 = bad token, 5xx = server error)",2601,0,88,88,http://k8s-forkfind-forkfind-8e65d48af1-1990260306.us-east-1.elb.amazonaws.com/restaurants/15/reviews,0,0,0
1777593227467,30087,01 - POST /auth/user/login,Non HTTP response code: java.net.SocketTimeoutException,Non HTTP response message: Read timed out,Virtual Users [400 threads] 1-309,text,false,Login failed — check credentials in users.csv,2679,0,87,87,http://k8s-forkfind-forkfind-8e65d48af1-1990260306.us-east-1.elb.amazonaws.com/auth/user/login,0,0,86
1777593227538,30074,01 - POST /auth/user/login,Non HTTP response code: java.net.SocketTimeoutException,Non HTTP response message: Read timed out,Virtual Users [400 threads] 1-310,text,false,Login failed — check credentials in users.csv,2679,0,87,87,http://k8s-forkfind-forkfind-8e65d48af1-1990260306.us-east-1.elb.amazonaws.com/auth/user/login,0,0,72
1777593257541,78,03 - POST /restaurants/15/reviews,Non HTTP response code: java.net.SocketException,Non HTTP response message: Connection reset,Virtual Users [400 threads] 1-307,text,false,"Review submission returned unexpected status (401 = bad token, 5xx = server error)",2601,0,87,87,http://k8s-forkfind-forkfind-8e65d48af1-1990260306.us-east-1.elb.amazonaws.com/restaurants/15/reviews,0,0,0
1777593257468,161,02 - GET /restaurants (search),200,OK,Virtual Users [400 threads] 1-308,text,true,,790,311,86,86,http://k8s-forkfind-forkfind-8e65d48af1-1990260306.us-east-1.elb.amazonaws.com/restaurants?q=pizza&limit=12&sort=rating,161,0,73
1777593227617,30070,01 - POST /auth/user/login,Non HTTP response code: java.net.SocketTimeoutException,Non HTTP response message: Read timed out,Virtual Users [400 threads] 1-311,text,false,Login failed — check credentials in users.csv,2679,0,86,86,http://k8s-forkfind-forkfind-8e65d48af1-1990260306.us-east-1.elb.amazonaws.com/auth/user/login,0,0,69
1777593257554,190,02 - GET /restaurants (search),200,OK,Virtual Users [400 threads] 1-309,text,true,,790,311,86,86,http://k8s-forkfind-forkfind-8e65d48af1-1990260306.us-east-1.elb.amazonaws.com/restaurants?q=pizza&limit=12&sort=rating,190,0,75
1777593257630,115,03 - POST /restaurants/15/reviews,Non HTTP response code: java.net.SocketException,Non HTTP response message: Connection reset,Virtual Users [400 threads] 1-308,text,false,"Review submission returned unexpected status (401 = bad token, 5xx = server error)",2601,0,86,86,http://k8s-forkfind-forkfind-8e65d48af1-1990260306.us-east-1.elb.amazonaws.com/restaurants/15/reviews,0,0,0
1777593227688,30066,01 - POST /auth/user/login,Non HTTP response code: java.net.SocketTimeoutException,Non HTTP response message: Read timed out,Virtual Users [400 threads] 1-312,text,false,Login failed — check credentials in users.csv,2679,0,85,85,http://k8s-forkfind-forkfind-8e65d48af1-1990260306.us-east-1.elb.amazonaws.com/auth/user/login,0,0,64
1777593227768,30073,01 - POST /auth/user/login,Non HTTP response code: java.net.SocketTimeoutException,Non HTTP response message: Read timed out,Virtual Users [400 threads] 1-313,text,false,Login failed — check credentials in users.csv,2679,0,85,85,http://k8s-forkfind-forkfind-8e65d48af1-1990260306.us-east-1.elb.amazonaws.com/auth/user/login,0,0,71
1777593257687,166,02 - GET /restaurants (search),200,OK,Virtual Users [400 threads] 1-311,text,true,,790,311,85,85,http://k8s-forkfind-forkfind-8e65d48af1-1990260306.us-east-1.elb.amazonaws.com/restaurants?q=pizza&limit=12&sort=rating,166,0,82
1777593257612,241,02 - GET /restaurants (search),200,OK,Virtual Users [400 threads] 1-310,text,true,,790,311,85,85,http://k8s-forkfind-forkfind-8e65d48af1-1990260306.us-east-1.elb.amazonaws.com/restaurants?q=pizza&limit=12&sort=rating,241,0,132
1777593257745,108,03 - POST /restaurants/15/reviews,Non HTTP response code: java.net.SocketException,Non HTTP response message: Connection reset,Virtual Users [400 threads] 1-309,text,false,"Review submission returned unexpected status (401 = bad token, 5xx = server error)",2601,0,85,85,http://k8s-forkfind-forkfind-8e65d48af1-1990260306.us-east-1.elb.amazonaws.com/restaurants/15/reviews,0,0,0
1777593227841,30069,01 - POST /auth/user/login,Non HTTP response code: java.net.SocketTimeoutException,Non HTTP response message: Read timed out,Virtual Users [400 threads] 1-314,text,false,Login failed — check credentials in users.csv,2679,0,84,84,http://k8s-forkfind-forkfind-8e65d48af1-1990260306.us-east-1.elb.amazonaws.com/auth/user/login,0,0,68
1777593257754,189,02 - GET /restaurants (search),200,OK,Virtual Users [400 threads] 1-312,text,true,,790,311,84,84,http://k8s-forkfind-forkfind-8e65d48af1-1990260306.us-east-1.elb.amazonaws.com/restaurants?q=pizza&limit=12&sort=rating,189,0,99
1777593257853,90,03 - POST /restaurants/15/reviews,Non HTTP response code: java.net.SocketException,Non HTTP response message: Connection reset,Virtual Users [400 threads] 1-310,text,false,"Review submission returned unexpected status (401 = bad token, 5xx = server error)",2601,0,84,84,http://k8s-forkfind-forkfind-8e65d48af1-1990260306.us-east-1.elb.amazonaws.com/restaurants/15/reviews,0,0,0
1777593257853,90,03 - POST /restaurants/15/reviews,Non HTTP response code: java.net.SocketException,Non HTTP response message: Connection reset,Virtual Users [400 threads] 1-311,text,false,"Review submission returned unexpected status (401 = bad token, 5xx = server error)",2601,0,84,84,http://k8s-forkfind-forkfind-8e65d48af1-1990260306.us-east-1.elb.amazonaws.com/restaurants/15/reviews,0,0,0
1777593227914,30078,01 - POST /auth/user/login,Non HTTP response code: java.net.SocketTimeoutException,Non HTTP response message: Read timed out,Virtual Users [400 threads] 1-315,text,false,Login failed — check credentials in users.csv,2679,0,82,82,http://k8s-forkfind-forkfind-8e65d48af1-1990260306.us-east-1.elb.amazonaws.com/auth/user/login,0,0,76
1777593257841,198,02 - GET /restaurants (search),200,OK,Virtual Users [400 threads] 1-313,text,true,,790,311,82,82,http://k8s-forkfind-forkfind-8e65d48af1-1990260306.us-east-1.elb.amazonaws.com/restaurants?q=pizza&limit=12&sort=rating,198,0,102
1777593257943,96,03 - POST /restaurants/15/reviews,Non HTTP response code: java.net.SocketException,Non HTTP response message: Connection reset,Virtual Users [400 threads] 1-312,text,false,"Review submission returned unexpected status (401 = bad token, 5xx = server error)",2601,0,82,82,http://k8s-forkfind-forkfind-8e65d48af1-1990260306.us-east-1.elb.amazonaws.com/restaurants/15/reviews,0,0,0
1777593227991,30069,01 - POST /auth/user/login,Non HTTP response code: java.net.SocketTimeoutException,Non HTTP response message: Read timed out,Virtual Users [400 threads] 1-316,text,false,Login failed — check credentials in users.csv,2679,0,81,81,http://k8s-forkfind-forkfind-8e65d48af1-1990260306.us-east-1.elb.amazonaws.com/auth/user/login,0,0,67
1777593257910,164,02 - GET /restaurants (search),200,OK,Virtual Users [400 threads] 1-314,text,true,,790,311,81,81,http://k8s-forkfind-forkfind-8e65d48af1-1990260306.us-east-1.elb.amazonaws.com/restaurants?q=pizza&limit=12&sort=rating,164,0,75
1777593258039,101,03 - POST /restaurants/15/reviews,Non HTTP response code: java.net.SocketException,Non HTTP response message: Connection reset,Virtual Users [400 threads] 1-313,text,false,"Review submission returned unexpected status (401 = bad token, 5xx = server error)",2601,0,81,81,http://k8s-forkfind-forkfind-8e65d48af1-1990260306.us-east-1.elb.amazonaws.com/restaurants/15/reviews,0,0,0
1777593228067,30075,01 - POST /auth/user/login,Non HTTP response code: java.net.SocketTimeoutException,Non HTTP response message: Read timed out,Virtual Users [400 threads] 1-317,text,false,Login failed — check credentials in users.csv,2679,0,80,80,http://k8s-forkfind-forkfind-8e65d48af1-1990260306.us-east-1.elb.amazonaws.com/auth/user/login,0,0,74
1777593257991,169,02 - GET /restaurants (search),200,OK,Virtual Users [400 threads] 1-315,text,true,,790,311,80,80,http://k8s-forkfind-forkfind-8e65d48af1-1990260306.us-east-1.elb.amazonaws.com/restaurants?q=pizza&limit=12&sort=rating,169,0,83
1777593258074,86,03 - POST /restaurants/15/reviews,Non HTTP response code: java.net.SocketException,Non HTTP response message: Connection reset,Virtual Users [400 threads] 1-314,text,false,"Review submission returned unexpected status (401 = bad token, 5xx = server error)",2601,0,80,80,http://k8s-forkfind-forkfind-8e65d48af1-1990260306.us-east-1.elb.amazonaws.com/restaurants/15/reviews,0,0,0
1777593228140,30068,01 - POST /auth/user/login,Non HTTP response code: java.net.SocketTimeoutException,Non HTTP response message: Read timed out,Virtual Users [400 threads] 1-318,text,false,Login failed — check credentials in users.csv,2679,0,79,79,http://k8s-forkfind-forkfind-8e65d48af1-1990260306.us-east-1.elb.amazonaws.com/auth/user/login,0,0,66
1777593258059,177,02 - GET /restaurants (search),200,OK,Virtual Users [400 threads] 1-316,text,true,,790,311,79,79,http://k8s-forkfind-forkfind-8e65d48af1-1990260306.us-east-1.elb.amazonaws.com/restaurants?q=pizza&limit=12&sort=rating,177,0,81
1777593258160,76,03 - POST /restaurants/15/reviews,Non HTTP response code: java.net.SocketException,Non HTTP response message: Connection reset,Virtual Users [400 threads] 1-315,text,false,"Review submission returned unexpected status (401 = bad token, 5xx = server error)",2601,0,79,79,http://k8s-forkfind-forkfind-8e65d48af1-1990260306.us-east-1.elb.amazonaws.com/restaurants/15/reviews,0,0,0
1777593228217,30080,01 - POST /auth/user/login,Non HTTP response code: java.net.SocketTimeoutException,Non HTTP response message: Read timed out,Virtual Users [400 threads] 1-319,text,false,Login failed — check credentials in users.csv,2679,0,78,78,http://k8s-forkfind-forkfind-8e65d48af1-1990260306.us-east-1.elb.amazonaws.com/auth/user/login,0,0,78
1777593258142,198,02 - GET /restaurants (search),200,OK,Virtual Users [400 threads] 1-317,text,true,,790,311,78,78,http://k8s-forkfind-forkfind-8e65d48af1-1990260306.us-east-1.elb.amazonaws.com/restaurants?q=pizza&limit=12&sort=rating,198,0,94
1777593258237,103,03 - POST /restaurants/15/reviews,Non HTTP response code: java.net.SocketException,Non HTTP response message: Connection reset,Virtual Users [400 threads] 1-316,text,false,"Review submission returned unexpected status (401 = bad token, 5xx = server error)",2601,0,78,78,http://k8s-forkfind-forkfind-8e65d48af1-1990260306.us-east-1.elb.amazonaws.com/restaurants/15/reviews,0,0,0
1777593228291,30069,01 - POST /auth/user/login,Non HTTP response code: java.net.SocketTimeoutException,Non HTTP response message: Read timed out,Virtual Users [400 threads] 1-320,text,false,Login failed — check credentials in users.csv,2679,0,77,77,http://k8s-forkfind-forkfind-8e65d48af1-1990260306.us-east-1.elb.amazonaws.com/auth/user/login,0,0,67
1777593258341,77,03 - POST /restaurants/15/reviews,Non HTTP response code: java.net.SocketException,Non HTTP response message: Connection reset,Virtual Users [400 threads] 1-317,text,false,"Review submission returned unexpected status (401 = bad token, 5xx = server error)",2601,0,77,77,http://k8s-forkfind-forkfind-8e65d48af1-1990260306.us-east-1.elb.amazonaws.com/restaurants/15/reviews,0,0,0
1777593258208,220,02 - GET /restaurants (search),200,OK,Virtual Users [400 threads] 1-318,text,true,,790,311,76,76,http://k8s-forkfind-forkfind-8e65d48af1-1990260306.us-east-1.elb.amazonaws.com/restaurants?q=pizza&limit=12&sort=rating,220,0,132
1777593228366,30071,01 - POST /auth/user/login,Non HTTP response code: java.net.SocketTimeoutException,Non HTTP response message: Read timed out,Virtual Users [400 threads] 1-321,text,false,Login failed — check credentials in users.csv,2679,0,76,76,http://k8s-forkfind-forkfind-8e65d48af1-1990260306.us-east-1.elb.amazonaws.com/auth/user/login,0,0,69
1777593228438,30074,01 - POST /auth/user/login,Non HTTP response code: java.net.SocketTimeoutException,Non HTTP response message: Read timed out,Virtual Users [400 threads] 1-322,text,false,Login failed — check credentials in users.csv,2679,0,76,76,http://k8s-forkfind-forkfind-8e65d48af1-1990260306.us-east-1.elb.amazonaws.com/auth/user/login,0,0,73
1777593258297,232,02 - GET /restaurants (search),200,OK,Virtual Users [400 threads] 1-319,text,true,,790,311,76,76,http://k8s-forkfind-forkfind-8e65d48af1-1990260306.us-east-1.elb.amazonaws.com/restaurants?q=pizza&limit=12&sort=rating,232,0,121
1777593258429,100,03 - POST /restaurants/15/reviews,Non HTTP response code: java.net.SocketException,Non HTTP response message: Connection reset,Virtual Users [400 threads] 1-318,text,false,"Review submission returned unexpected status (401 = bad token, 5xx = server error)",2601,0,76,76,http://k8s-forkfind-forkfind-8e65d48af1-1990260306.us-east-1.elb.amazonaws.com/restaurants/15/reviews,0,0,0
1777593228514,30067,01 - POST /auth/user/login,Non HTTP response code: java.net.SocketTimeoutException,Non HTTP response message: Read timed out,Virtual Users [400 threads] 1-323,text,false,Login failed — check credentials in users.csv,2679,0,75,75,http://k8s-forkfind-forkfind-8e65d48af1-1990260306.us-east-1.elb.amazonaws.com/auth/user/login,0,0,65
1777593258361,249,02 - GET /restaurants (search),200,OK,Virtual Users [400 threads] 1-320,text,true,,790,311,75,75,http://k8s-forkfind-forkfind-8e65d48af1-1990260306.us-east-1.elb.amazonaws.com/restaurants?q=pizza&limit=12&sort=rating,249,0,98
1777593258529,81,03 - POST /restaurants/15/reviews,Non HTTP response code: java.net.SocketException,Non HTTP response message: Connection reset,Virtual Users [400 threads] 1-319,text,false,"Review submission returned unexpected status (401 = bad token, 5xx = server error)",2601,0,75,75,http://k8s-forkfind-forkfind-8e65d48af1-1990260306.us-east-1.elb.amazonaws.com/restaurants/15/reviews,0,0,0
1777593258437,183,02 - GET /restaurants (search),200,OK,Virtual Users [400 threads] 1-321,text,true,,790,311,74,74,http://k8s-forkfind-forkfind-8e65d48af1-1990260306.us-east-1.elb.amazonaws.com/restaurants?q=pizza&limit=12&sort=rating,183,0,76
1777593228592,30069,01 - POST /auth/user/login,Non HTTP response code: java.net.SocketTimeoutException,Non HTTP response message: Read timed out,Virtual Users [400 threads] 1-324,text,false,Login failed — check credentials in users.csv,2679,0,74,74,http://k8s-forkfind-forkfind-8e65d48af1-1990260306.us-east-1.elb.amazonaws.com/auth/user/login,0,0,67
1777593258512,183,02 - GET /restaurants (search),200,OK,Virtual Users [400 threads] 1-322,text,true,,790,311,74,74,http://k8s-forkfind-forkfind-8e65d48af1-1990260306.us-east-1.elb.amazonaws.com/restaurants?q=pizza&limit=12&sort=rating,183,0,97
1777593258610,85,03 - POST /restaurants/15/reviews,Non HTTP response code: java.net.SocketException,Non HTTP response message: Connection reset,Virtual Users [400 threads] 1-320,text,false,"Review submission returned unexpected status (401 = bad token, 5xx = server error)",2601,0,74,74,http://k8s-forkfind-forkfind-8e65d48af1-1990260306.us-east-1.elb.amazonaws.com/restaurants/15/reviews,0,0,0
1777593258621,107,03 - POST /restaurants/15/reviews,Non HTTP response code: java.net.SocketException,Non HTTP response message: Connection reset,Virtual Users [400 threads] 1-321,text,false,"Review submission returned unexpected status (401 = bad token, 5xx = server error)",2601,0,73,73,http://k8s-forkfind-forkfind-8e65d48af1-1990260306.us-east-1.elb.amazonaws.com/restaurants/15/reviews,0,0,0
1777593228668,30073,01 - POST /auth/user/login,Non HTTP response code: java.net.SocketTimeoutException,Non HTTP response message: Read timed out,Virtual Users [400 threads] 1-325,text,false,Login failed — check credentials in users.csv,2679,0,72,72,http://k8s-forkfind-forkfind-8e65d48af1-1990260306.us-east-1.elb.amazonaws.com/auth/user/login,0,0,71
1777593258582,213,02 - GET /restaurants (search),200,OK,Virtual Users [400 threads] 1-323,text,true,,790,311,72,72,http://k8s-forkfind-forkfind-8e65d48af1-1990260306.us-east-1.elb.amazonaws.com/restaurants?q=pizza&limit=12&sort=rating,212,0,83
1777593258696,99,03 - POST /restaurants/15/reviews,Non HTTP response code: java.net.SocketException,Non HTTP response message: Connection reset,Virtual Users [400 threads] 1-322,text,false,"Review submission returned unexpected status (401 = bad token, 5xx = server error)",2601,0,72,72,http://k8s-forkfind-forkfind-8e65d48af1-1990260306.us-east-1.elb.amazonaws.com/restaurants/15/reviews,0,0,0
1777593228742,30066,01 - POST /auth/user/login,Non HTTP response code: java.net.SocketTimeoutException,Non HTTP response message: Read timed out,Virtual Users [400 threads] 1-326,text,false,Login failed — check credentials in users.csv,2679,0,71,71,http://k8s-forkfind-forkfind-8e65d48af1-1990260306.us-east-1.elb.amazonaws.com/auth/user/login,0,0,65
1777593258662,192,02 - GET /restaurants (search),200,OK,Virtual Users [400 threads] 1-324,text,true,,790,311,71,71,http://k8s-forkfind-forkfind-8e65d48af1-1990260306.us-east-1.elb.amazonaws.com/restaurants?q=pizza&limit=12&sort=rating,192,0,86
1777593228815,30069,01 - POST /auth/user/login,Non HTTP response code: java.net.SocketTimeoutException,Non HTTP response message: Read timed out,Virtual Users [400 threads] 1-327,text,false,Login failed — check credentials in users.csv,2679,0,71,71,http://k8s-forkfind-forkfind-8e65d48af1-1990260306.us-east-1.elb.amazonaws.com/auth/user/login,0,0,67
1777593258795,101,03 - POST /restaurants/15/reviews,Non HTTP response code: java.net.SocketException,Non HTTP response message: Connection reset,Virtual Users [400 threads] 1-323,text,false,"Review submission returned unexpected status (401 = bad token, 5xx = server error)",2601,0,71,71,http://k8s-forkfind-forkfind-8e65d48af1-1990260306.us-east-1.elb.amazonaws.com/restaurants/15/reviews,0,0,0
1777593258741,166,02 - GET /restaurants (search),200,OK,Virtual Users [400 threads] 1-325,text,true,,790,311,70,70,http://k8s-forkfind-forkfind-8e65d48af1-1990260306.us-east-1.elb.amazonaws.com/restaurants?q=pizza&limit=12&sort=rating,166,0,73
1777593258855,80,03 - POST /restaurants/15/reviews,Non HTTP response code: java.net.SocketException,Non HTTP response message: Connection reset,Virtual Users [400 threads] 1-324,text,false,"Review submission returned unexpected status (401 = bad token, 5xx = server error)",2601,0,70,70,http://k8s-forkfind-forkfind-8e65d48af1-1990260306.us-east-1.elb.amazonaws.com/restaurants/15/reviews,0,0,0
1777593228892,30084,01 - POST /auth/user/login,Non HTTP response code: java.net.SocketTimeoutException,Non HTTP response message: Read timed out,Virtual Users [400 threads] 1-328,text,false,Login failed — check credentials in users.csv,2679,0,69,69,http://k8s-forkfind-forkfind-8e65d48af1-1990260306.us-east-1.elb.amazonaws.com/auth/user/login,0,0,82
1777593258807,181,02 - GET /restaurants (search),200,OK,Virtual Users [400 threads] 1-326,text,true,,790,311,69,69,http://k8s-forkfind-forkfind-8e65d48af1-1990260306.us-east-1.elb.amazonaws.com/restaurants?q=pizza&limit=12&sort=rating,181,0,88
1777593258907,88,03 - POST /restaurants/15/reviews,Non HTTP response code: java.net.SocketException,Non HTTP response message: Connection reset,Virtual Users [400 threads] 1-325,text,false,"Review submission returned unexpected status (401 = bad token, 5xx = server error)",2601,0,69,69,http://k8s-forkfind-forkfind-8e65d48af1-1990260306.us-east-1.elb.amazonaws.com/restaurants/15/reviews,0,0,0
1777593228965,30070,01 - POST /auth/user/login,Non HTTP response code: java.net.SocketTimeoutException,Non HTTP response message: Read timed out,Virtual Users [400 threads] 1-329,text,false,Login failed — check credentials in users.csv,2679,0,68,68,http://k8s-forkfind-forkfind-8e65d48af1-1990260306.us-east-1.elb.amazonaws.com/auth/user/login,0,0,68
1777593258884,174,02 - GET /restaurants (search),200,OK,Virtual Users [400 threads] 1-327,text,true,,790,311,68,68,http://k8s-forkfind-forkfind-8e65d48af1-1990260306.us-east-1.elb.amazonaws.com/restaurants?q=pizza&limit=12&sort=rating,174,0,77
1777593258989,89,03 - POST /restaurants/15/reviews,Non HTTP response code: java.net.SocketException,Non HTTP response message: Connection reset,Virtual Users [400 threads] 1-326,text,false,"Review submission returned unexpected status (401 = bad token, 5xx = server error)",2601,0,68,68,http://k8s-forkfind-forkfind-8e65d48af1-1990260306.us-east-1.elb.amazonaws.com/restaurants/15/reviews,0,0,0
1777593229037,30067,01 - POST /auth/user/login,Non HTTP response code: java.net.SocketTimeoutException,Non HTTP response message: Read timed out,Virtual Users [400 threads] 1-330,text,false,Login failed — check credentials in users.csv,2679,0,67,67,http://k8s-forkfind-forkfind-8e65d48af1-1990260306.us-east-1.elb.amazonaws.com/auth/user/login,0,0,66
1777593229116,30065,01 - POST /auth/user/login,Non HTTP response code: java.net.SocketTimeoutException,Non HTTP response message: Read timed out,Virtual Users [400 threads] 1-331,text,false,Login failed — check credentials in users.csv,2679,0,67,67,http://k8s-forkfind-forkfind-8e65d48af1-1990260306.us-east-1.elb.amazonaws.com/auth/user/login,0,0,63
1777593258976,265,02 - GET /restaurants (search),200,OK,Virtual Users [400 threads] 1-328,text,true,,790,311,67,67,http://k8s-forkfind-forkfind-8e65d48af1-1990260306.us-east-1.elb.amazonaws.com/restaurants?q=pizza&limit=12&sort=rating,265,0,82
1777593259035,206,02 - GET /restaurants (search),200,OK,Virtual Users [400 threads] 1-329,text,true,,790,311,67,67,http://k8s-forkfind-forkfind-8e65d48af1-1990260306.us-east-1.elb.amazonaws.com/restaurants?q=pizza&limit=12&sort=rating,206,0,76
1777593259059,182,03 - POST /restaurants/15/reviews,Non HTTP response code: java.net.SocketException,Non HTTP response message: Connection reset,Virtual Users [400 threads] 1-327,text,false,"Review submission returned unexpected status (401 = bad token, 5xx = server error)",2601,0,67,67,http://k8s-forkfind-forkfind-8e65d48af1-1990260306.us-east-1.elb.amazonaws.com/restaurants/15/reviews,0,0,0
1777593229189,30071,01 - POST /auth/user/login,Non HTTP response code: java.net.SocketTimeoutException,Non HTTP response message: Read timed out,Virtual Users [400 threads] 1-332,text,false,Login failed — check credentials in users.csv,2679,0,66,66,http://k8s-forkfind-forkfind-8e65d48af1-1990260306.us-east-1.elb.amazonaws.com/auth/user/login,0,0,70
1777593259242,78,03 - POST /restaurants/15/reviews,Non HTTP response code: java.net.SocketException,Non HTTP response message: Connection reset,Virtual Users [400 threads] 1-329,text,false,"Review submission returned unexpected status (401 = bad token, 5xx = server error)",2601,0,66,66,http://k8s-forkfind-forkfind-8e65d48af1-1990260306.us-east-1.elb.amazonaws.com/restaurants/15/reviews,0,0,0
1777593259242,78,03 - POST /restaurants/15/reviews,Non HTTP response code: java.net.SocketException,Non HTTP response message: Connection reset,Virtual Users [400 threads] 1-328,text,false,"Review submission returned unexpected status (401 = bad token, 5xx = server error)",2601,0,66,66,http://k8s-forkfind-forkfind-8e65d48af1-1990260306.us-east-1.elb.amazonaws.com/restaurants/15/reviews,0,0,0
1777593259104,220,02 - GET /restaurants (search),200,OK,Virtual Users [400 threads] 1-330,text,true,,790,311,64,64,http://k8s-forkfind-forkfind-8e65d48af1-1990260306.us-east-1.elb.amazonaws.com/restaurants?q=pizza&limit=12&sort=rating,220,0,137
1777593229264,30067,01 - POST /auth/user/login,Non HTTP response code: java.net.SocketTimeoutException,Non HTTP response message: Read timed out,Virtual Users [400 threads] 1-333,text,false,Login failed — check credentials in users.csv,2679,0,64,64,http://k8s-forkfind-forkfind-8e65d48af1-1990260306.us-east-1.elb.amazonaws.com/auth/user/login,0,0,65
1777593259181,171,02 - GET /restaurants (search),200,OK,Virtual Users [400 threads] 1-331,text,true,,790,311,64,64,http://k8s-forkfind-forkfind-8e65d48af1-1990260306.us-east-1.elb.amazonaws.com/restaurants?q=pizza&limit=12&sort=rating,171,0,94
1777593259324,76,03 - POST /restaurants/15/reviews,Non HTTP response code: java.net.SocketException,Non HTTP response message: Connection reset,Virtual Users [400 threads] 1-330,text,false,"Review submission returned unexpected status (401 = bad token, 5xx = server error)",2601,0,64,64,http://k8s-forkfind-forkfind-8e65d48af1-1990260306.us-east-1.elb.amazonaws.com/restaurants/15/reviews,0,0,0
1777593229340,30066,01 - POST /auth/user/login,Non HTTP response code: java.net.SocketTimeoutException,Non HTTP response message: Read timed out,Virtual Users [400 threads] 1-334,text,false,Login failed — check credentials in users.csv,2679,0,63,63,http://k8s-forkfind-forkfind-8e65d48af1-1990260306.us-east-1.elb.amazonaws.com/auth/user/login,0,0,64
1777593259260,239,02 - GET /restaurants (search),200,OK,Virtual Users [400 threads] 1-332,text,true,,790,311,63,63,http://k8s-forkfind-forkfind-8e65d48af1-1990260306.us-east-1.elb.amazonaws.com/restaurants?q=pizza&limit=12&sort=rating,239,0,73
1777593259353,146,03 - POST /restaurants/15/reviews,Non HTTP response code: java.net.SocketException,Non HTTP response message: Connection reset,Virtual Users [400 threads] 1-331,text,false,"Review submission returned unexpected status (401 = bad token, 5xx = server error)",2601,0,63,63,http://k8s-forkfind-forkfind-8e65d48af1-1990260306.us-east-1.elb.amazonaws.com/restaurants/15/reviews,0,0,0
1777593229416,30086,01 - POST /auth/user/login,Non HTTP response code: java.net.SocketTimeoutException,Non HTTP response message: Read timed out,Virtual Users [400 threads] 1-335,text,false,Login failed — check credentials in users.csv,2679,0,62,62,http://k8s-forkfind-forkfind-8e65d48af1-1990260306.us-east-1.elb.amazonaws.com/auth/user/login,0,0,85
1777593259500,76,03 - POST /restaurants/15/reviews,Non HTTP response code: java.net.SocketException,Non HTTP response message: Connection reset,Virtual Users [400 threads] 1-332,text,false,"Review submission returned unexpected status (401 = bad token, 5xx = server error)",2601,0,62,62,http://k8s-forkfind-forkfind-8e65d48af1-1990260306.us-east-1.elb.amazonaws.com/restaurants/15/reviews,0,0,0
1777593259331,256,02 - GET /restaurants (search),200,OK,Virtual Users [400 threads] 1-333,text,true,,790,311,61,61,http://k8s-forkfind-forkfind-8e65d48af1-1990260306.us-east-1.elb.amazonaws.com/restaurants?q=pizza&limit=12&sort=rating,256,0,168
1777593259406,181,02 - GET /restaurants (search),200,OK,Virtual Users [400 threads] 1-334,text,true,,790,311,61,61,http://k8s-forkfind-forkfind-8e65d48af1-1990260306.us-east-1.elb.amazonaws.com/restaurants?q=pizza&limit=12&sort=rating,181,0,93
1777593229492,30101,01 - POST /auth/user/login,Non HTTP response code: java.net.SocketTimeoutException,Non HTTP response message: Read timed out,Virtual Users [400 threads] 1-336,text,false,Login failed — check credentials in users.csv,2679,0,61,61,http://k8s-forkfind-forkfind-8e65d48af1-1990260306.us-east-1.elb.amazonaws.com/auth/user/login,0,0,99
1777593229566,30069,01 - POST /auth/user/login,Non HTTP response code: java.net.SocketTimeoutException,Non HTTP response message: Read timed out,Virtual Users [400 threads] 1-337,text,false,Login failed — check credentials in users.csv,2679,0,61,61,http://k8s-forkfind-forkfind-8e65d48af1-1990260306.us-east-1.elb.amazonaws.com/auth/user/login,0,0,68
1777593259587,84,03 - POST /restaurants/15/reviews,Non HTTP response code: java.net.SocketException,Non HTTP response message: Connection reset,Virtual Users [400 threads] 1-333,text,false,"Review submission returned unexpected status (401 = bad token, 5xx = server error)",2601,0,61,61,http://k8s-forkfind-forkfind-8e65d48af1-1990260306.us-east-1.elb.amazonaws.com/restaurants/15/reviews,0,0,0
1777593259587,84,03 - POST /restaurants/15/reviews,Non HTTP response code: java.net.SocketException,Non HTTP response message: Connection reset,Virtual Users [400 threads] 1-334,text,false,"Review submission returned unexpected status (401 = bad token, 5xx = server error)",2601,0,61,61,http://k8s-forkfind-forkfind-8e65d48af1-1990260306.us-east-1.elb.amazonaws.com/restaurants/15/reviews,0,0,0
1777593259502,196,02 - GET /restaurants (search),200,OK,Virtual Users [400 threads] 1-335,text,true,,790,311,59,59,http://k8s-forkfind-forkfind-8e65d48af1-1990260306.us-east-1.elb.amazonaws.com/restaurants?q=pizza&limit=12&sort=rating,196,0,85
1777593229642,30069,01 - POST /auth/user/login,Non HTTP response code: java.net.SocketTimeoutException,Non HTTP response message: Read timed out,Virtual Users [400 threads] 1-338,text,false,Login failed — check credentials in users.csv,2679,0,59,59,http://k8s-forkfind-forkfind-8e65d48af1-1990260306.us-east-1.elb.amazonaws.com/auth/user/login,0,0,67
1777593229715,30069,01 - POST /auth/user/login,Non HTTP response code: java.net.SocketTimeoutException,Non HTTP response message: Read timed out,Virtual Users [400 threads] 1-339,text,false,Login failed — check credentials in users.csv,2679,0,59,59,http://k8s-forkfind-forkfind-8e65d48af1-1990260306.us-east-1.elb.amazonaws.com/auth/user/login,0,0,67
1777593259593,247,02 - GET /restaurants (search),200,OK,Virtual Users [400 threads] 1-336,text,true,,790,311,59,59,http://k8s-forkfind-forkfind-8e65d48af1-1990260306.us-east-1.elb.amazonaws.com/restaurants?q=pizza&limit=12&sort=rating,247,0,77
1777593259635,205,02 - GET /restaurants (search),200,OK,Virtual Users [400 threads] 1-337,text,true,,790,311,59,59,http://k8s-forkfind-forkfind-8e65d48af1-1990260306.us-east-1.elb.amazonaws.com/restaurants?q=pizza&limit=12&sort=rating,205,0,101
1777593259699,141,03 - POST /restaurants/15/reviews,Non HTTP response code: java.net.SocketException,Non HTTP response message: Connection reset,Virtual Users [400 threads] 1-335,text,false,"Review submission returned unexpected status (401 = bad token, 5xx = server error)",2601,0,59,59,http://k8s-forkfind-forkfind-8e65d48af1-1990260306.us-east-1.elb.amazonaws.com/restaurants/15/reviews,0,0,0
1777593229792,30068,01 - POST /auth/user/login,Non HTTP response code: java.net.SocketTimeoutException,Non HTTP response message: Read timed out,Virtual Users [400 threads] 1-340,text,false,Login failed — check credentials in users.csv,2679,0,58,58,http://k8s-forkfind-forkfind-8e65d48af1-1990260306.us-east-1.elb.amazonaws.com/auth/user/login,0,0,66
1777593259841,89,03 - POST /restaurants/15/reviews,Non HTTP response code: java.net.SocketException,Non HTTP response message: Connection reset,Virtual Users [400 threads] 1-336,text,false,"Review submission returned unexpected status (401 = bad token, 5xx = server error)",2601,0,58,58,http://k8s-forkfind-forkfind-8e65d48af1-1990260306.us-east-1.elb.amazonaws.com/restaurants/15/reviews,0,0,0
1777593259841,89,03 - POST /restaurants/15/reviews,Non HTTP response code: java.net.SocketException,Non HTTP response message: Connection reset,Virtual Users [400 threads] 1-337,text,false,"Review submission returned unexpected status (401 = bad token, 5xx = server error)",2601,0,58,58,http://k8s-forkfind-forkfind-8e65d48af1-1990260306.us-east-1.elb.amazonaws.com/restaurants/15/reviews,0,0,0
1777593259711,221,02 - GET /restaurants (search),200,OK,Virtual Users [400 threads] 1-338,text,true,,790,311,56,56,http://k8s-forkfind-forkfind-8e65d48af1-1990260306.us-east-1.elb.amazonaws.com/restaurants?q=pizza&limit=12&sort=rating,220,0,129
1777593229867,30070,01 - POST /auth/user/login,Non HTTP response code: java.net.SocketTimeoutException,Non HTTP response message: Read timed out,Virtual Users [400 threads] 1-341,text,false,Login failed — check credentials in users.csv,2679,0,56,56,http://k8s-forkfind-forkfind-8e65d48af1-1990260306.us-east-1.elb.amazonaws.com/auth/user/login,0,0,68
1777593259783,161,02 - GET /restaurants (search),200,OK,Virtual Users [400 threads] 1-339,text,true,,790,311,56,56,http://k8s-forkfind-forkfind-8e65d48af1-1990260306.us-east-1.elb.amazonaws.com/restaurants?q=pizza&limit=12&sort=rating,161,0,81
1777593229939,30067,01 - POST /auth/user/login,Non HTTP response code: java.net.SocketTimeoutException,Non HTTP response message: Read timed out,Virtual Users [400 threads] 1-342,text,false,Login failed — check credentials in users.csv,2679,0,56,56,http://k8s-forkfind-forkfind-8e65d48af1-1990260306.us-east-1.elb.amazonaws.com/auth/user/login,0,0,65
1777593259932,89,03 - POST /restaurants/15/reviews,Non HTTP response code: java.net.SocketException,Non HTTP response message: Connection reset,Virtual Users [400 threads] 1-338,text,false,"Review submission returned unexpected status (401 = bad token, 5xx = server error)",2601,0,56,56,http://k8s-forkfind-forkfind-8e65d48af1-1990260306.us-east-1.elb.amazonaws.com/restaurants/15/reviews,0,0,0
1777593259859,164,02 - GET /restaurants (search),200,OK,Virtual Users [400 threads] 1-340,text,true,,790,311,55,55,http://k8s-forkfind-forkfind-8e65d48af1-1990260306.us-east-1.elb.amazonaws.com/restaurants?q=pizza&limit=12&sort=rating,164,0,72
1777593259944,79,03 - POST /restaurants/15/reviews,Non HTTP response code: java.net.SocketException,Non HTTP response message: Connection reset,Virtual Users [400 threads] 1-339,text,false,"Review submission returned unexpected status (401 = bad token, 5xx = server error)",2601,0,55,55,http://k8s-forkfind-forkfind-8e65d48af1-1990260306.us-east-1.elb.amazonaws.com/restaurants/15/reviews,0,0,0
1777593230017,30074,01 - POST /auth/user/login,Non HTTP response code: java.net.SocketTimeoutException,Non HTTP response message: Read timed out,Virtual Users [400 threads] 1-343,text,false,Login failed — check credentials in users.csv,2679,0,54,54,http://k8s-forkfind-forkfind-8e65d48af1-1990260306.us-east-1.elb.amazonaws.com/auth/user/login,0,0,72
1777593259936,155,02 - GET /restaurants (search),200,OK,Virtual Users [400 threads] 1-341,text,true,,790,311,54,54,http://k8s-forkfind-forkfind-8e65d48af1-1990260306.us-east-1.elb.amazonaws.com/restaurants?q=pizza&limit=12&sort=rating,155,0,71
1777593260023,74,03 - POST /restaurants/15/reviews,Non HTTP response code: java.net.SocketException,Non HTTP response message: Connection reset,Virtual Users [400 threads] 1-340,text,false,"Review submission returned unexpected status (401 = bad token, 5xx = server error)",2601,0,54,54,http://k8s-forkfind-forkfind-8e65d48af1-1990260306.us-east-1.elb.amazonaws.com/restaurants/15/reviews,0,0,0
1777593260006,155,02 - GET /restaurants (search),200,OK,Virtual Users [400 threads] 1-342,text,true,,790,311,53,53,http://k8s-forkfind-forkfind-8e65d48af1-1990260306.us-east-1.elb.amazonaws.com/restaurants?q=pizza&limit=12&sort=rating,155,0,75
1777593230094,30067,01 - POST /auth/user/login,Non HTTP response code: java.net.SocketTimeoutException,Non HTTP response message: Read timed out,Virtual Users [400 threads] 1-344,text,false,Login failed — check credentials in users.csv,2679,0,53,53,http://k8s-forkfind-forkfind-8e65d48af1-1990260306.us-east-1.elb.amazonaws.com/auth/user/login,0,0,65
1777593260092,72,03 - POST /restaurants/15/reviews,Non HTTP response code: java.net.SocketException,Non HTTP response message: Connection reset,Virtual Users [400 threads] 1-341,text,false,"Review submission returned unexpected status (401 = bad token, 5xx = server error)",2601,0,53,53,http://k8s-forkfind-forkfind-8e65d48af1-1990260306.us-east-1.elb.amazonaws.com/restaurants/15/reviews,0,0,0
1777593230163,30069,01 - POST /auth/user/login,Non HTTP response code: java.net.SocketTimeoutException,Non HTTP response message: Read timed out,Virtual Users [400 threads] 1-345,text,false,Login failed — check credentials in users.csv,2679,0,52,52,http://k8s-forkfind-forkfind-8e65d48af1-1990260306.us-east-1.elb.amazonaws.com/auth/user/login,0,0,67
1777593260161,76,03 - POST /restaurants/15/reviews,Non HTTP response code: java.net.SocketException,Non HTTP response message: Connection reset,Virtual Users [400 threads] 1-342,text,false,"Review submission returned unexpected status (401 = bad token, 5xx = server error)",2601,0,52,52,http://k8s-forkfind-forkfind-8e65d48af1-1990260306.us-east-1.elb.amazonaws.com/restaurants/15/reviews,0,0,0
1777593260091,149,02 - GET /restaurants (search),200,OK,Virtual Users [400 threads] 1-343,text,true,,790,311,51,51,http://k8s-forkfind-forkfind-8e65d48af1-1990260306.us-east-1.elb.amazonaws.com/restaurants?q=pizza&limit=12&sort=rating,149,0,70
1777593230242,30068,01 - POST /auth/user/login,Non HTTP response code: java.net.SocketTimeoutException,Non HTTP response message: Read timed out,Virtual Users [400 threads] 1-346,text,false,Login failed — check credentials in users.csv,2679,0,51,51,http://k8s-forkfind-forkfind-8e65d48af1-1990260306.us-east-1.elb.amazonaws.com/auth/user/login,0,0,65
1777593260241,74,03 - POST /restaurants/15/reviews,Non HTTP response code: java.net.SocketException,Non HTTP response message: Connection reset,Virtual Users [400 threads] 1-343,text,false,"Review submission returned unexpected status (401 = bad token, 5xx = server error)",2601,0,51,51,http://k8s-forkfind-forkfind-8e65d48af1-1990260306.us-east-1.elb.amazonaws.com/restaurants/15/reviews,0,0,0
1777593260161,159,02 - GET /restaurants (search),200,OK,Virtual Users [400 threads] 1-344,text,true,,790,311,50,50,http://k8s-forkfind-forkfind-8e65d48af1-1990260306.us-east-1.elb.amazonaws.com/restaurants?q=pizza&limit=12&sort=rating,159,0,72
1777593230317,30069,01 - POST /auth/user/login,Non HTTP response code: java.net.SocketTimeoutException,Non HTTP response message: Read timed out,Virtual Users [400 threads] 1-347,text,false,Login failed — check credentials in users.csv,2679,0,50,50,http://k8s-forkfind-forkfind-8e65d48af1-1990260306.us-east-1.elb.amazonaws.com/auth/user/login,0,0,67
1777593260233,154,02 - GET /restaurants (search),200,OK,Virtual Users [400 threads] 1-345,text,true,,790,311,50,50,http://k8s-forkfind-forkfind-8e65d48af1-1990260306.us-east-1.elb.amazonaws.com/restaurants?q=pizza&limit=12&sort=rating,154,0,71
1777593260320,76,03 - POST /restaurants/15/reviews,Non HTTP response code: java.net.SocketException,Non HTTP response message: Connection reset,Virtual Users [400 threads] 1-344,text,false,"Review submission returned unexpected status (401 = bad token, 5xx = server error)",2601,0,50,50,http://k8s-forkfind-forkfind-8e65d48af1-1990260306.us-east-1.elb.amazonaws.com/restaurants/15/reviews,0,0,0
1777593230391,30070,01 - POST /auth/user/login,Non HTTP response code: java.net.SocketTimeoutException,Non HTTP response message: Read timed out,Virtual Users [400 threads] 1-348,text,false,Login failed — check credentials in users.csv,2679,0,49,49,http://k8s-forkfind-forkfind-8e65d48af1-1990260306.us-east-1.elb.amazonaws.com/auth/user/login,0,0,70
1777593260310,160,02 - GET /restaurants (search),200,OK,Virtual Users [400 threads] 1-346,text,true,,790,311,49,49,http://k8s-forkfind-forkfind-8e65d48af1-1990260306.us-east-1.elb.amazonaws.com/restaurants?q=pizza&limit=12&sort=rating,160,0,72
1777593260387,83,03 - POST /restaurants/15/reviews,Non HTTP response code: java.net.SocketException,Non HTTP response message: Connection reset,Virtual Users [400 threads] 1-345,text,false,"Review submission returned unexpected status (401 = bad token, 5xx = server error)",2601,0,49,49,http://k8s-forkfind-forkfind-8e65d48af1-1990260306.us-east-1.elb.amazonaws.com/restaurants/15/reviews,0,0,0
1777593230467,30067,01 - POST /auth/user/login,Non HTTP response code: java.net.SocketTimeoutException,Non HTTP response message: Read timed out,Virtual Users [400 threads] 1-349,text,false,Login failed — check credentials in users.csv,2679,0,48,48,http://k8s-forkfind-forkfind-8e65d48af1-1990260306.us-east-1.elb.amazonaws.com/auth/user/login,0,0,65
1777593260385,149,02 - GET /restaurants (search),200,OK,Virtual Users [400 threads] 1-347,text,true,,790,311,48,48,http://k8s-forkfind-forkfind-8e65d48af1-1990260306.us-east-1.elb.amazonaws.com/restaurants?q=pizza&limit=12&sort=rating,149,0,70
1777593260470,73,03 - POST /restaurants/15/reviews,Non HTTP response code: java.net.SocketException,Non HTTP response message: Connection reset,Virtual Users [400 threads] 1-346,text,false,"Review submission returned unexpected status (401 = bad token, 5xx = server error)",2601,0,48,48,http://k8s-forkfind-forkfind-8e65d48af1-1990260306.us-east-1.elb.amazonaws.com/restaurants/15/reviews,0,0,0
1777593260534,76,03 - POST /restaurants/15/reviews,Non HTTP response code: java.net.SocketException,Non HTTP response message: Connection reset,Virtual Users [400 threads] 1-347,text,false,"Review submission returned unexpected status (401 = bad token, 5xx = server error)",2601,0,47,47,http://k8s-forkfind-forkfind-8e65d48af1-1990260306.us-east-1.elb.amazonaws.com/restaurants/15/reviews,0,0,0
1777593230541,30070,01 - POST /auth/user/login,Non HTTP response code: java.net.SocketTimeoutException,Non HTTP response message: Read timed out,Virtual Users [400 threads] 1-350,text,false,Login failed — check credentials in users.csv,2679,0,47,47,http://k8s-forkfind-forkfind-8e65d48af1-1990260306.us-east-1.elb.amazonaws.com/auth/user/login,0,0,69
1777593260461,160,02 - GET /restaurants (search),200,OK,Virtual Users [400 threads] 1-348,text,true,,790,311,46,46,http://k8s-forkfind-forkfind-8e65d48af1-1990260306.us-east-1.elb.amazonaws.com/restaurants?q=pizza&limit=12&sort=rating,160,0,72
1777593230618,30072,01 - POST /auth/user/login,Non HTTP response code: java.net.SocketTimeoutException,Non HTTP response message: Read timed out,Virtual Users [400 threads] 1-351,text,false,Login failed — check credentials in users.csv,2679,0,46,46,http://k8s-forkfind-forkfind-8e65d48af1-1990260306.us-east-1.elb.amazonaws.com/auth/user/login,0,0,71
1777593260534,160,02 - GET /restaurants (search),200,OK,Virtual Users [400 threads] 1-349,text,true,,790,311,46,46,http://k8s-forkfind-forkfind-8e65d48af1-1990260306.us-east-1.elb.amazonaws.com/restaurants?q=pizza&limit=12&sort=rating,160,0,76
1777593260621,73,03 - POST /restaurants/15/reviews,Non HTTP response code: java.net.SocketException,Non HTTP response message: Connection reset,Virtual Users [400 threads] 1-348,text,false,"Review submission returned unexpected status (401 = bad token, 5xx = server error)",2601,0,46,46,http://k8s-forkfind-forkfind-8e65d48af1-1990260306.us-east-1.elb.amazonaws.com/restaurants/15/reviews,0,0,0
1777593260611,150,02 - GET /restaurants (search),200,OK,Virtual Users [400 threads] 1-350,text,true,,790,311,45,45,http://k8s-forkfind-forkfind-8e65d48af1-1990260306.us-east-1.elb.amazonaws.com/restaurants?q=pizza&limit=12&sort=rating,150,0,72
1777593260694,73,03 - POST /restaurants/15/reviews,Non HTTP response code: java.net.SocketException,Non HTTP response message: Connection reset,Virtual Users [400 threads] 1-349,text,false,"Review submission returned unexpected status (401 = bad token, 5xx = server error)",2601,0,45,45,http://k8s-forkfind-forkfind-8e65d48af1-1990260306.us-east-1.elb.amazonaws.com/restaurants/15/reviews,0,0,0
1777593230689,30085,01 - POST /auth/user/login,Non HTTP response code: java.net.SocketTimeoutException,Non HTTP response message: Read timed out,Virtual Users [400 threads] 1-352,text,false,Login failed — check credentials in users.csv,2679,0,44,44,http://k8s-forkfind-forkfind-8e65d48af1-1990260306.us-east-1.elb.amazonaws.com/auth/user/login,0,0,83
1777593230765,30066,01 - POST /auth/user/login,Non HTTP response code: java.net.SocketTimeoutException,Non HTTP response message: Read timed out,Virtual Users [400 threads] 1-353,text,false,Login failed — check credentials in users.csv,2679,0,44,44,http://k8s-forkfind-forkfind-8e65d48af1-1990260306.us-east-1.elb.amazonaws.com/auth/user/login,0,0,64
1777593260761,76,03 - POST /restaurants/15/reviews,Non HTTP response code: java.net.SocketException,Non HTTP response message: Connection reset,Virtual Users [400 threads] 1-350,text,false,"Review submission returned unexpected status (401 = bad token, 5xx = server error)",2601,0,44,44,http://k8s-forkfind-forkfind-8e65d48af1-1990260306.us-east-1.elb.amazonaws.com/restaurants/15/reviews,0,0,0
1777593260691,191,02 - GET /restaurants (search),200,OK,Virtual Users [400 threads] 1-351,text,true,,790,311,43,43,http://k8s-forkfind-forkfind-8e65d48af1-1990260306.us-east-1.elb.amazonaws.com/restaurants?q=pizza&limit=12&sort=rating,191,0,70
1777593230840,30076,01 - POST /auth/user/login,Non HTTP response code: java.net.SocketTimeoutException,Non HTTP response message: Read timed out,Virtual Users [400 threads] 1-354,text,false,Login failed — check credentials in users.csv,2679,0,43,43,http://k8s-forkfind-forkfind-8e65d48af1-1990260306.us-east-1.elb.amazonaws.com/auth/user/login,0,0,74
1777593260882,77,03 - POST /restaurants/15/reviews,Non HTTP response code: java.net.SocketException,Non HTTP response message: Connection reset,Virtual Users [400 threads] 1-351,text,false,"Review submission returned unexpected status (401 = bad token, 5xx = server error)",2601,0,43,43,http://k8s-forkfind-forkfind-8e65d48af1-1990260306.us-east-1.elb.amazonaws.com/restaurants/15/reviews,0,0,0
1777593260774,188,02 - GET /restaurants (search),200,OK,Virtual Users [400 threads] 1-352,text,true,,790,311,42,42,http://k8s-forkfind-forkfind-8e65d48af1-1990260306.us-east-1.elb.amazonaws.com/restaurants?q=pizza&limit=12&sort=rating,188,0,108
1777593230916,30065,01 - POST /auth/user/login,Non HTTP response code: java.net.SocketTimeoutException,Non HTTP response message: Read timed out,Virtual Users [400 threads] 1-355,text,false,Login failed — check credentials in users.csv,2679,0,42,42,http://k8s-forkfind-forkfind-8e65d48af1-1990260306.us-east-1.elb.amazonaws.com/auth/user/login,0,0,64
1777593260831,167,02 - GET /restaurants (search),200,OK,Virtual Users [400 threads] 1-353,text,true,,790,311,42,42,http://k8s-forkfind-forkfind-8e65d48af1-1990260306.us-east-1.elb.amazonaws.com/restaurants?q=pizza&limit=12&sort=rating,167,0,84
1777593260963,75,03 - POST /restaurants/15/reviews,Non HTTP response code: java.net.SocketException,Non HTTP response message: Connection reset,Virtual Users [400 threads] 1-352,text,false,"Review submission returned unexpected status (401 = bad token, 5xx = server error)",2601,0,42,42,http://k8s-forkfind-forkfind-8e65d48af1-1990260306.us-east-1.elb.amazonaws.com/restaurants/15/reviews,0,0,0
1777593230990,30074,01 - POST /auth/user/login,Non HTTP response code: java.net.SocketTimeoutException,Non HTTP response message: Read timed out,Virtual Users [400 threads] 1-356,text,false,Login failed — check credentials in users.csv,2679,0,41,41,http://k8s-forkfind-forkfind-8e65d48af1-1990260306.us-east-1.elb.amazonaws.com/auth/user/login,0,0,73
1777593260916,155,02 - GET /restaurants (search),200,OK,Virtual Users [400 threads] 1-354,text,true,,790,311,41,41,http://k8s-forkfind-forkfind-8e65d48af1-1990260306.us-east-1.elb.amazonaws.com/restaurants?q=pizza&limit=12&sort=rating,155,0,75
1777593231066,30071,01 - POST /auth/user/login,Non HTTP response code: java.net.SocketTimeoutException,Non HTTP response message: Read timed out,Virtual Users [400 threads] 1-357,text,false,Login failed — check credentials in users.csv,2679,0,41,41,http://k8s-forkfind-forkfind-8e65d48af1-1990260306.us-east-1.elb.amazonaws.com/auth/user/login,0,0,70
1777593260981,156,02 - GET /restaurants (search),200,OK,Virtual Users [400 threads] 1-355,text,true,,790,311,41,41,http://k8s-forkfind-forkfind-8e65d48af1-1990260306.us-east-1.elb.amazonaws.com/restaurants?q=pizza&limit=12&sort=rating,156,0,73
1777593261071,83,03 - POST /restaurants/15/reviews,Non HTTP response code: java.net.SocketException,Non HTTP response message: Connection reset,Virtual Users [400 threads] 1-354,text,false,"Review submission returned unexpected status (401 = bad token, 5xx = server error)",2601,0,41,41,http://k8s-forkfind-forkfind-8e65d48af1-1990260306.us-east-1.elb.amazonaws.com/restaurants/15/reviews,0,0,0
1777593231139,30066,01 - POST /auth/user/login,Non HTTP response code: java.net.SocketTimeoutException,Non HTTP response message: Read timed out,Virtual Users [400 threads] 1-358,text,false,Login failed — check credentials in users.csv,2679,0,40,40,http://k8s-forkfind-forkfind-8e65d48af1-1990260306.us-east-1.elb.amazonaws.com/auth/user/login,0,0,65
1777593261138,81,03 - POST /restaurants/15/reviews,Non HTTP response code: java.net.SocketException,Non HTTP response message: Connection reset,Virtual Users [400 threads] 1-355,text,false,"Review submission returned unexpected status (401 = bad token, 5xx = server error)",2601,0,40,40,http://k8s-forkfind-forkfind-8e65d48af1-1990260306.us-east-1.elb.amazonaws.com/restaurants/15/reviews,0,0,0
1777593261064,158,02 - GET /restaurants (search),200,OK,Virtual Users [400 threads] 1-356,text,true,,790,311,39,39,http://k8s-forkfind-forkfind-8e65d48af1-1990260306.us-east-1.elb.amazonaws.com/restaurants?q=pizza&limit=12&sort=rating,158,0,73
1777593231217,30068,01 - POST /auth/user/login,Non HTTP response code: java.net.SocketTimeoutException,Non HTTP response message: Read timed out,Virtual Users [400 threads] 1-359,text,false,Login failed — check credentials in users.csv,2679,0,39,39,http://k8s-forkfind-forkfind-8e65d48af1-1990260306.us-east-1.elb.amazonaws.com/auth/user/login,0,0,66
1777593261137,155,02 - GET /restaurants (search),200,OK,Virtual Users [400 threads] 1-357,text,true,,790,311,39,39,http://k8s-forkfind-forkfind-8e65d48af1-1990260306.us-east-1.elb.amazonaws.com/restaurants?q=pizza&limit=12&sort=rating,155,0,77
1777593261223,71,03 - POST /restaurants/15/reviews,Non HTTP response code: java.net.SocketException,Non HTTP response message: Connection reset,Virtual Users [400 threads] 1-356,text,false,"Review submission returned unexpected status (401 = bad token, 5xx = server error)",2601,0,39,39,http://k8s-forkfind-forkfind-8e65d48af1-1990260306.us-east-1.elb.amazonaws.com/restaurants/15/reviews,0,0,0
1777593261205,152,02 - GET /restaurants (search),200,OK,Virtual Users [400 threads] 1-358,text,true,,790,311,38,38,http://k8s-forkfind-forkfind-8e65d48af1-1990260306.us-east-1.elb.amazonaws.com/restaurants?q=pizza&limit=12&sort=rating,152,0,75
1777593231291,30068,01 - POST /auth/user/login,Non HTTP response code: java.net.SocketTimeoutException,Non HTTP response message: Read timed out,Virtual Users [400 threads] 1-360,text,false,Login failed — check credentials in users.csv,2679,0,38,38,http://k8s-forkfind-forkfind-8e65d48af1-1990260306.us-east-1.elb.amazonaws.com/auth/user/login,0,0,68
1777593261292,73,03 - POST /restaurants/15/reviews,Non HTTP response code: java.net.SocketException,Non HTTP response message: Connection reset,Virtual Users [400 threads] 1-357,text,false,"Review submission returned unexpected status (401 = bad token, 5xx = server error)",2601,0,38,38,http://k8s-forkfind-forkfind-8e65d48af1-1990260306.us-east-1.elb.amazonaws.com/restaurants/15/reviews,0,0,0
1777593261357,75,03 - POST /restaurants/15/reviews,Non HTTP response code: java.net.SocketException,Non HTTP response message: Connection reset,Virtual Users [400 threads] 1-358,text,false,"Review submission returned unexpected status (401 = bad token, 5xx = server error)",2601,0,37,37,http://k8s-forkfind-forkfind-8e65d48af1-1990260306.us-east-1.elb.amazonaws.com/restaurants/15/reviews,0,0,0
1777593231366,30068,01 - POST /auth/user/login,Non HTTP response code: java.net.SocketTimeoutException,Non HTTP response message: Read timed out,Virtual Users [400 threads] 1-361,text,false,Login failed — check credentials in users.csv,2679,0,36,36,http://k8s-forkfind-forkfind-8e65d48af1-1990260306.us-east-1.elb.amazonaws.com/auth/user/login,0,0,66
1777593261285,152,02 - GET /restaurants (search),200,OK,Virtual Users [400 threads] 1-359,text,true,,790,311,36,36,http://k8s-forkfind-forkfind-8e65d48af1-1990260306.us-east-1.elb.amazonaws.com/restaurants?q=pizza&limit=12&sort=rating,152,0,71
1777593231438,30073,01 - POST /auth/user/login,Non HTTP response code: java.net.SocketTimeoutException,Non HTTP response message: Read timed out,Virtual Users [400 threads] 1-362,text,false,Login failed — check credentials in users.csv,2679,0,36,36,http://k8s-forkfind-forkfind-8e65d48af1-1990260306.us-east-1.elb.amazonaws.com/auth/user/login,0,0,71
1777593261437,82,03 - POST /restaurants/15/reviews,Non HTTP response code: java.net.SocketException,Non HTTP response message: Connection reset,Virtual Users [400 threads] 1-359,text,false,"Review submission returned unexpected status (401 = bad token, 5xx = server error)",2601,0,36,36,http://k8s-forkfind-forkfind-8e65d48af1-1990260306.us-east-1.elb.amazonaws.com/restaurants/15/reviews,0,0,0
1777593261359,162,02 - GET /restaurants (search),200,OK,Virtual Users [400 threads] 1-360,text,true,,790,311,35,35,http://k8s-forkfind-forkfind-8e65d48af1-1990260306.us-east-1.elb.amazonaws.com/restaurants?q=pizza&limit=12&sort=rating,162,0,72
1777593231515,30070,01 - POST /auth/user/login,Non HTTP response code: java.net.SocketTimeoutException,Non HTTP response message: Read timed out,Virtual Users [400 threads] 1-363,text,false,Login failed — check credentials in users.csv,2679,0,35,35,http://k8s-forkfind-forkfind-8e65d48af1-1990260306.us-east-1.elb.amazonaws.com/auth/user/login,0,0,68
1777593261433,162,02 - GET /restaurants (search),200,OK,Virtual Users [400 threads] 1-361,text,true,,790,311,35,35,http://k8s-forkfind-forkfind-8e65d48af1-1990260306.us-east-1.elb.amazonaws.com/restaurants?q=pizza&limit=12&sort=rating,162,0,72
1777593261521,74,03 - POST /restaurants/15/reviews,Non HTTP response code: java.net.SocketException,Non HTTP response message: Connection reset,Virtual Users [400 threads] 1-360,text,false,"Review submission returned unexpected status (401 = bad token, 5xx = server error)",2601,0,35,35,http://k8s-forkfind-forkfind-8e65d48af1-1990260306.us-east-1.elb.amazonaws.com/restaurants/15/reviews,0,0,0
1777593261511,151,02 - GET /restaurants (search),200,OK,Virtual Users [400 threads] 1-362,text,true,,790,311,34,34,http://k8s-forkfind-forkfind-8e65d48af1-1990260306.us-east-1.elb.amazonaws.com/restaurants?q=pizza&limit=12&sort=rating,151,0,72
1777593261596,75,03 - POST /restaurants/15/reviews,Non HTTP response code: java.net.SocketException,Non HTTP response message: Connection reset,Virtual Users [400 threads] 1-361,text,false,"Review submission returned unexpected status (401 = bad token, 5xx = server error)",2601,0,34,34,http://k8s-forkfind-forkfind-8e65d48af1-1990260306.us-east-1.elb.amazonaws.com/restaurants/15/reviews,0,0,0
1777593231591,30092,01 - POST /auth/user/login,Non HTTP response code: java.net.SocketTimeoutException,Non HTTP response message: Read timed out,Virtual Users [400 threads] 1-364,text,false,Login failed — check credentials in users.csv,2679,0,33,33,http://k8s-forkfind-forkfind-8e65d48af1-1990260306.us-east-1.elb.amazonaws.com/auth/user/login,0,0,90
1777593231666,30068,01 - POST /auth/user/login,Non HTTP response code: java.net.SocketTimeoutException,Non HTTP response message: Read timed out,Virtual Users [400 threads] 1-365,text,false,Login failed — check credentials in users.csv,2679,0,33,33,http://k8s-forkfind-forkfind-8e65d48af1-1990260306.us-east-1.elb.amazonaws.com/auth/user/login,0,0,66
1777593261585,159,02 - GET /restaurants (search),200,OK,Virtual Users [400 threads] 1-363,text,true,,790,311,33,33,http://k8s-forkfind-forkfind-8e65d48af1-1990260306.us-east-1.elb.amazonaws.com/restaurants?q=pizza&limit=12&sort=rating,159,0,70
1777593261662,82,03 - POST /restaurants/15/reviews,Non HTTP response code: java.net.SocketException,Non HTTP response message: Connection reset,Virtual Users [400 threads] 1-362,text,false,"Review submission returned unexpected status (401 = bad token, 5xx = server error)",2601,0,33,33,http://k8s-forkfind-forkfind-8e65d48af1-1990260306.us-east-1.elb.amazonaws.com/restaurants/15/reviews,0,0,0
1777593231739,30071,01 - POST /auth/user/login,Non HTTP response code: java.net.SocketTimeoutException,Non HTTP response message: Read timed out,Virtual Users [400 threads] 1-366,text,false,Login failed — check credentials in users.csv,2679,0,32,32,http://k8s-forkfind-forkfind-8e65d48af1-1990260306.us-east-1.elb.amazonaws.com/auth/user/login,0,0,69
1777593261744,78,03 - POST /restaurants/15/reviews,Non HTTP response code: java.net.SocketException,Non HTTP response message: Connection reset,Virtual Users [400 threads] 1-363,text,false,"Review submission returned unexpected status (401 = bad token, 5xx = server error)",2601,0,32,32,http://k8s-forkfind-forkfind-8e65d48af1-1990260306.us-east-1.elb.amazonaws.com/restaurants/15/reviews,0,0,0
1777593261683,148,02 - GET /restaurants (search),200,OK,Virtual Users [400 threads] 1-364,text,true,,790,311,31,31,http://k8s-forkfind-forkfind-8e65d48af1-1990260306.us-east-1.elb.amazonaws.com/restaurants?q=pizza&limit=12&sort=rating,148,0,71
1777593231813,30073,01 - POST /auth/user/login,Non HTTP response code: java.net.SocketTimeoutException,Non HTTP response message: Read timed out,Virtual Users [400 threads] 1-367,text,false,Login failed — check credentials in users.csv,2679,0,31,31,http://k8s-forkfind-forkfind-8e65d48af1-1990260306.us-east-1.elb.amazonaws.com/auth/user/login,0,0,72
1777593261734,158,02 - GET /restaurants (search),200,OK,Virtual Users [400 threads] 1-365,text,true,,790,311,31,31,http://k8s-forkfind-forkfind-8e65d48af1-1990260306.us-east-1.elb.amazonaws.com/restaurants?q=pizza&limit=12&sort=rating,158,0,73
1777593261831,87,03 - POST /restaurants/15/reviews,Non HTTP response code: java.net.SocketException,Non HTTP response message: Connection reset,Virtual Users [400 threads] 1-364,text,false,"Review submission returned unexpected status (401 = bad token, 5xx = server error)",2601,0,31,31,http://k8s-forkfind-forkfind-8e65d48af1-1990260306.us-east-1.elb.amazonaws.com/restaurants/15/reviews,0,0,0
1777593261809,148,02 - GET /restaurants (search),200,OK,Virtual Users [400 threads] 1-366,text,true,,790,311,30,30,http://k8s-forkfind-forkfind-8e65d48af1-1990260306.us-east-1.elb.amazonaws.com/restaurants?q=pizza&limit=12&sort=rating,148,0,72
1777593261892,78,03 - POST /restaurants/15/reviews,Non HTTP response code: java.net.SocketException,Non HTTP response message: Connection reset,Virtual Users [400 threads] 1-365,text,false,"Review submission returned unexpected status (401 = bad token, 5xx = server error)",2601,0,30,30,http://k8s-forkfind-forkfind-8e65d48af1-1990260306.us-east-1.elb.amazonaws.com/restaurants/15/reviews,0,0,0
1777593231892,30123,01 - POST /auth/user/login,Non HTTP response code: java.net.SocketTimeoutException,Non HTTP response message: Read timed out,Virtual Users [400 threads] 1-368,text,false,Login failed — check credentials in users.csv,2679,0,29,29,http://k8s-forkfind-forkfind-8e65d48af1-1990260306.us-east-1.elb.amazonaws.com/auth/user/login,0,0,121
1777593261958,77,03 - POST /restaurants/15/reviews,Non HTTP response code: java.net.SocketException,Non HTTP response message: Connection reset,Virtual Users [400 threads] 1-366,text,false,"Review submission returned unexpected status (401 = bad token, 5xx = server error)",2601,0,29,29,http://k8s-forkfind-forkfind-8e65d48af1-1990260306.us-east-1.elb.amazonaws.com/restaurants/15/reviews,0,0,0
1777593261887,149,02 - GET /restaurants (search),200,OK,Virtual Users [400 threads] 1-367,text,true,,790,311,28,28,http://k8s-forkfind-forkfind-8e65d48af1-1990260306.us-east-1.elb.amazonaws.com/restaurants?q=pizza&limit=12&sort=rating,149,0,70
1777593231968,30074,01 - POST /auth/user/login,Non HTTP response code: java.net.SocketTimeoutException,Non HTTP response message: Read timed out,Virtual Users [400 threads] 1-369,text,false,Login failed — check credentials in users.csv,2679,0,28,28,http://k8s-forkfind-forkfind-8e65d48af1-1990260306.us-east-1.elb.amazonaws.com/auth/user/login,0,0,73
1777593232038,30072,01 - POST /auth/user/login,Non HTTP response code: java.net.SocketTimeoutException,Non HTTP response message: Read timed out,Virtual Users [400 threads] 1-370,text,false,Login failed — check credentials in users.csv,2679,0,28,28,http://k8s-forkfind-forkfind-8e65d48af1-1990260306.us-east-1.elb.amazonaws.com/auth/user/login,0,0,70
1777593262036,94,03 - POST /restaurants/15/reviews,Non HTTP response code: java.net.SocketException,Non HTTP response message: Connection reset,Virtual Users [400 threads] 1-367,text,false,"Review submission returned unexpected status (401 = bad token, 5xx = server error)",2601,0,28,28,http://k8s-forkfind-forkfind-8e65d48af1-1990260306.us-east-1.elb.amazonaws.com/restaurants/15/reviews,0,0,0
1777593262015,158,02 - GET /restaurants (search),200,OK,Virtual Users [400 threads] 1-368,text,true,,790,311,27,27,http://k8s-forkfind-forkfind-8e65d48af1-1990260306.us-east-1.elb.amazonaws.com/restaurants?q=pizza&limit=12&sort=rating,158,0,71
1777593232116,30069,01 - POST /auth/user/login,Non HTTP response code: java.net.SocketTimeoutException,Non HTTP response message: Read timed out,Virtual Users [400 threads] 1-371,text,false,Login failed — check credentials in users.csv,2679,0,27,27,http://k8s-forkfind-forkfind-8e65d48af1-1990260306.us-east-1.elb.amazonaws.com/auth/user/login,0,0,67
1777593262041,172,02 - GET /restaurants (search),200,OK,Virtual Users [400 threads] 1-369,text,true,,790,311,27,27,http://k8s-forkfind-forkfind-8e65d48af1-1990260306.us-east-1.elb.amazonaws.com/restaurants?q=pizza&limit=12&sort=rating,172,0,73
1777593262173,74,03 - POST /restaurants/15/reviews,Non HTTP response code: java.net.SocketException,Non HTTP response message: Connection reset,Virtual Users [400 threads] 1-368,text,false,"Review submission returned unexpected status (401 = bad token, 5xx = server error)",2601,0,27,27,http://k8s-forkfind-forkfind-8e65d48af1-1990260306.us-east-1.elb.amazonaws.com/restaurants/15/reviews,0,0,0
1777593232188,30076,01 - POST /auth/user/login,Non HTTP response code: java.net.SocketTimeoutException,Non HTTP response message: Read timed out,Virtual Users [400 threads] 1-372,text,false,Login failed — check credentials in users.csv,2679,0,26,26,http://k8s-forkfind-forkfind-8e65d48af1-1990260306.us-east-1.elb.amazonaws.com/auth/user/login,0,0,74
1777593262110,168,02 - GET /restaurants (search),200,OK,Virtual Users [400 threads] 1-370,text,true,,790,311,26,26,http://k8s-forkfind-forkfind-8e65d48af1-1990260306.us-east-1.elb.amazonaws.com/restaurants?q=pizza&limit=12&sort=rating,168,0,73
1777593262213,79,03 - POST /restaurants/15/reviews,Non HTTP response code: java.net.SocketException,Non HTTP response message: Connection reset,Virtual Users [400 threads] 1-369,text,false,"Review submission returned unexpected status (401 = bad token, 5xx = server error)",2601,0,26,26,http://k8s-forkfind-forkfind-8e65d48af1-1990260306.us-east-1.elb.amazonaws.com/restaurants/15/reviews,0,0,0
1777593232266,30085,01 - POST /auth/user/login,Non HTTP response code: java.net.SocketTimeoutException,Non HTTP response message: Read timed out,Virtual Users [400 threads] 1-373,text,false,Login failed — check credentials in users.csv,2679,0,25,25,http://k8s-forkfind-forkfind-8e65d48af1-1990260306.us-east-1.elb.amazonaws.com/auth/user/login,0,0,83
1777593262185,177,02 - GET /restaurants (search),200,OK,Virtual Users [400 threads] 1-371,text,true,,790,311,25,25,http://k8s-forkfind-forkfind-8e65d48af1-1990260306.us-east-1.elb.amazonaws.com/restaurants?q=pizza&limit=12&sort=rating,177,0,71
1777593262278,84,03 - POST /restaurants/15/reviews,Non HTTP response code: java.net.SocketException,Non HTTP response message: Connection reset,Virtual Users [400 threads] 1-370,text,false,"Review submission returned unexpected status (401 = bad token, 5xx = server error)",2601,0,25,25,http://k8s-forkfind-forkfind-8e65d48af1-1990260306.us-east-1.elb.amazonaws.com/restaurants/15/reviews,0,0,0
1777593232342,30073,01 - POST /auth/user/login,Non HTTP response code: java.net.SocketTimeoutException,Non HTTP response message: Read timed out,Virtual Users [400 threads] 1-374,text,false,Login failed — check credentials in users.csv,2679,0,24,24,http://k8s-forkfind-forkfind-8e65d48af1-1990260306.us-east-1.elb.amazonaws.com/auth/user/login,0,0,71
1777593262362,73,03 - POST /restaurants/15/reviews,Non HTTP response code: java.net.SocketException,Non HTTP response message: Connection reset,Virtual Users [400 threads] 1-371,text,false,"Review submission returned unexpected status (401 = bad token, 5xx = server error)",2601,0,24,24,http://k8s-forkfind-forkfind-8e65d48af1-1990260306.us-east-1.elb.amazonaws.com/restaurants/15/reviews,0,0,0
1777593262264,176,02 - GET /restaurants (search),200,OK,Virtual Users [400 threads] 1-372,text,true,,790,311,23,23,http://k8s-forkfind-forkfind-8e65d48af1-1990260306.us-east-1.elb.amazonaws.com/restaurants?q=pizza&limit=12&sort=rating,176,0,98
1777593262351,167,02 - GET /restaurants (search),200,OK,Virtual Users [400 threads] 1-373,text,true,,790,311,23,23,http://k8s-forkfind-forkfind-8e65d48af1-1990260306.us-east-1.elb.amazonaws.com/restaurants?q=pizza&limit=12&sort=rating,167,0,84
1777593262441,76,03 - POST /restaurants/15/reviews,Non HTTP response code: java.net.SocketException,Non HTTP response message: Connection reset,Virtual Users [400 threads] 1-372,text,false,"Review submission returned unexpected status (401 = bad token, 5xx = server error)",2601,0,23,23,http://k8s-forkfind-forkfind-8e65d48af1-1990260306.us-east-1.elb.amazonaws.com/restaurants/15/reviews,0,0,0
1777593232415,30109,01 - POST /auth/user/login,Non HTTP response code: java.net.SocketTimeoutException,Non HTTP response message: Read timed out,Virtual Users [400 threads] 1-375,text,false,Login failed — check credentials in users.csv,2679,0,22,22,http://k8s-forkfind-forkfind-8e65d48af1-1990260306.us-east-1.elb.amazonaws.com/auth/user/login,0,0,108
1777593262415,162,02 - GET /restaurants (search),200,OK,Virtual Users [400 threads] 1-374,text,true,,790,311,22,22,http://k8s-forkfind-forkfind-8e65d48af1-1990260306.us-east-1.elb.amazonaws.com/restaurants?q=pizza&limit=12&sort=rating,162,0,81
1777593232491,30089,01 - POST /auth/user/login,Non HTTP response code: java.net.SocketTimeoutException,Non HTTP response message: Read timed out,Virtual Users [400 threads] 1-376,text,false,Login failed — check credentials in users.csv,2679,0,22,22,http://k8s-forkfind-forkfind-8e65d48af1-1990260306.us-east-1.elb.amazonaws.com/auth/user/login,0,0,88
1777593262518,73,03 - POST /restaurants/15/reviews,Non HTTP response code: java.net.SocketException,Non HTTP response message: Connection reset,Virtual Users [400 threads] 1-373,text,false,"Review submission returned unexpected status (401 = bad token, 5xx = server error)",2601,0,22,22,http://k8s-forkfind-forkfind-8e65d48af1-1990260306.us-east-1.elb.amazonaws.com/restaurants/15/reviews,0,0,0
1777593232567,30073,01 - POST /auth/user/login,Non HTTP response code: java.net.SocketTimeoutException,Non HTTP response message: Read timed out,Virtual Users [400 threads] 1-377,text,false,Login failed — check credentials in users.csv,2679,0,21,21,http://k8s-forkfind-forkfind-8e65d48af1-1990260306.us-east-1.elb.amazonaws.com/auth/user/login,0,0,71
1777593262578,94,03 - POST /restaurants/15/reviews,Non HTTP response code: java.net.SocketException,Non HTTP response message: Connection reset,Virtual Users [400 threads] 1-374,text,false,"Review submission returned unexpected status (401 = bad token, 5xx = server error)",2601,0,21,21,http://k8s-forkfind-forkfind-8e65d48af1-1990260306.us-east-1.elb.amazonaws.com/restaurants/15/reviews,0,0,0
1777593262524,155,02 - GET /restaurants (search),200,OK,Virtual Users [400 threads] 1-375,text,true,,790,311,20,20,http://k8s-forkfind-forkfind-8e65d48af1-1990260306.us-east-1.elb.amazonaws.com/restaurants?q=pizza&limit=12&sort=rating,155,0,72
1777593232639,30074,01 - POST /auth/user/login,Non HTTP response code: java.net.SocketTimeoutException,Non HTTP response message: Read timed out,Virtual Users [400 threads] 1-378,text,false,Login failed — check credentials in users.csv,2679,0,20,20,http://k8s-forkfind-forkfind-8e65d48af1-1990260306.us-east-1.elb.amazonaws.com/auth/user/login,0,0,73
1777593262580,180,02 - GET /restaurants (search),200,OK,Virtual Users [400 threads] 1-376,text,true,,790,311,20,20,http://k8s-forkfind-forkfind-8e65d48af1-1990260306.us-east-1.elb.amazonaws.com/restaurants?q=pizza&limit=12&sort=rating,180,0,91
1777593262679,81,03 - POST /restaurants/15/reviews,Non HTTP response code: java.net.SocketException,Non HTTP response message: Connection reset,Virtual Users [400 threads] 1-375,text,false,"Review submission returned unexpected status (401 = bad token, 5xx = server error)",2601,0,20,20,http://k8s-forkfind-forkfind-8e65d48af1-1990260306.us-east-1.elb.amazonaws.com/restaurants/15/reviews,0,0,0
1777593262640,161,02 - GET /restaurants (search),200,OK,Virtual Users [400 threads] 1-377,text,true,,790,311,19,19,http://k8s-forkfind-forkfind-8e65d48af1-1990260306.us-east-1.elb.amazonaws.com/restaurants?q=pizza&limit=12&sort=rating,161,0,85
1777593232717,30094,01 - POST /auth/user/login,Non HTTP response code: java.net.SocketTimeoutException,Non HTTP response message: Read timed out,Virtual Users [400 threads] 1-379,text,false,Login failed — check credentials in users.csv,2679,0,19,19,http://k8s-forkfind-forkfind-8e65d48af1-1990260306.us-east-1.elb.amazonaws.com/auth/user/login,0,0,93
1777593232793,30083,01 - POST /auth/user/login,Non HTTP response code: java.net.SocketTimeoutException,Non HTTP response message: Read timed out,Virtual Users [400 threads] 1-380,text,false,Login failed — check credentials in users.csv,2679,0,19,19,http://k8s-forkfind-forkfind-8e65d48af1-1990260306.us-east-1.elb.amazonaws.com/auth/user/login,0,0,81
1777593262714,164,02 - GET /restaurants (search),200,OK,Virtual Users [400 threads] 1-378,text,true,,790,311,19,19,http://k8s-forkfind-forkfind-8e65d48af1-1990260306.us-east-1.elb.amazonaws.com/restaurants?q=pizza&limit=12&sort=rating,164,0,78
1777593262760,118,03 - POST /restaurants/15/reviews,Non HTTP response code: java.net.SocketException,Non HTTP response message: Connection reset,Virtual Users [400 threads] 1-376,text,false,"Review submission returned unexpected status (401 = bad token, 5xx = server error)",2601,0,19,19,http://k8s-forkfind-forkfind-8e65d48af1-1990260306.us-east-1.elb.amazonaws.com/restaurants/15/reviews,0,0,0
1777593262802,81,03 - POST /restaurants/15/reviews,Non HTTP response code: java.net.SocketException,Non HTTP response message: Connection reset,Virtual Users [400 threads] 1-377,text,false,"Review submission returned unexpected status (401 = bad token, 5xx = server error)",2601,0,18,18,http://k8s-forkfind-forkfind-8e65d48af1-1990260306.us-east-1.elb.amazonaws.com/restaurants/15/reviews,0,0,0
1777593262878,77,03 - POST /restaurants/15/reviews,Non HTTP response code: java.net.SocketException,Non HTTP response message: Connection reset,Virtual Users [400 threads] 1-378,text,false,"Review submission returned unexpected status (401 = bad token, 5xx = server error)",2601,0,17,17,http://k8s-forkfind-forkfind-8e65d48af1-1990260306.us-east-1.elb.amazonaws.com/restaurants/15/reviews,0,0,0
1777593232864,30095,01 - POST /auth/user/login,Non HTTP response code: java.net.SocketTimeoutException,Non HTTP response message: Read timed out,Virtual Users [400 threads] 1-381,text,false,Login failed — check credentials in users.csv,2679,0,16,16,http://k8s-forkfind-forkfind-8e65d48af1-1990260306.us-east-1.elb.amazonaws.com/auth/user/login,0,0,93
1777593262811,167,02 - GET /restaurants (search),200,OK,Virtual Users [400 threads] 1-379,text,true,,790,311,16,16,http://k8s-forkfind-forkfind-8e65d48af1-1990260306.us-east-1.elb.amazonaws.com/restaurants?q=pizza&limit=12&sort=rating,167,0,72
1777593232940,30082,01 - POST /auth/user/login,Non HTTP response code: java.net.SocketTimeoutException,Non HTTP response message: Read timed out,Virtual Users [400 threads] 1-382,text,false,Login failed — check credentials in users.csv,2679,0,16,16,http://k8s-forkfind-forkfind-8e65d48af1-1990260306.us-east-1.elb.amazonaws.com/auth/user/login,0,0,80
1777593262876,153,02 - GET /restaurants (search),200,OK,Virtual Users [400 threads] 1-380,text,true,,790,311,16,16,http://k8s-forkfind-forkfind-8e65d48af1-1990260306.us-east-1.elb.amazonaws.com/restaurants?q=pizza&limit=12&sort=rating,153,0,71
1777593262979,73,03 - POST /restaurants/15/reviews,Non HTTP response code: java.net.SocketException,Non HTTP response message: Connection reset,Virtual Users [400 threads] 1-379,text,false,"Review submission returned unexpected status (401 = bad token, 5xx = server error)",2601,0,16,16,http://k8s-forkfind-forkfind-8e65d48af1-1990260306.us-east-1.elb.amazonaws.com/restaurants/15/reviews,0,0,0
1777593233014,30078,01 - POST /auth/user/login,Non HTTP response code: java.net.SocketTimeoutException,Non HTTP response message: Read timed out,Virtual Users [400 threads] 1-383,text,false,Login failed — check credentials in users.csv,2679,0,15,15,http://k8s-forkfind-forkfind-8e65d48af1-1990260306.us-east-1.elb.amazonaws.com/auth/user/login,0,0,76
1777593263029,88,03 - POST /restaurants/15/reviews,Non HTTP response code: java.net.SocketException,Non HTTP response message: Connection reset,Virtual Users [400 threads] 1-380,text,false,"Review submission returned unexpected status (401 = bad token, 5xx = server error)",2601,0,15,15,http://k8s-forkfind-forkfind-8e65d48af1-1990260306.us-east-1.elb.amazonaws.com/restaurants/15/reviews,0,0,0
1777593262959,166,02 - GET /restaurants (search),200,OK,Virtual Users [400 threads] 1-381,text,true,,790,311,14,14,http://k8s-forkfind-forkfind-8e65d48af1-1990260306.us-east-1.elb.amazonaws.com/restaurants?q=pizza&limit=12&sort=rating,166,0,84
1777593233090,30076,01 - POST /auth/user/login,Non HTTP response code: java.net.SocketTimeoutException,Non HTTP response message: Read timed out,Virtual Users [400 threads] 1-384,text,false,Login failed — check credentials in users.csv,2679,0,14,14,http://k8s-forkfind-forkfind-8e65d48af1-1990260306.us-east-1.elb.amazonaws.com/auth/user/login,0,0,74
1777593263021,176,02 - GET /restaurants (search),200,OK,Virtual Users [400 threads] 1-382,text,true,,790,311,14,14,http://k8s-forkfind-forkfind-8e65d48af1-1990260306.us-east-1.elb.amazonaws.com/restaurants?q=pizza&limit=12&sort=rating,176,0,85
1777593263125,75,03 - POST /restaurants/15/reviews,Non HTTP response code: java.net.SocketException,Non HTTP response message: Connection reset,Virtual Users [400 threads] 1-381,text,false,"Review submission returned unexpected status (401 = bad token, 5xx = server error)",2601,0,14,14,http://k8s-forkfind-forkfind-8e65d48af1-1990260306.us-east-1.elb.amazonaws.com/restaurants/15/reviews,0,0,0
1777593233167,30067,01 - POST /auth/user/login,Non HTTP response code: java.net.SocketTimeoutException,Non HTTP response message: Read timed out,Virtual Users [400 threads] 1-385,text,false,Login failed — check credentials in users.csv,2679,0,13,13,http://k8s-forkfind-forkfind-8e65d48af1-1990260306.us-east-1.elb.amazonaws.com/auth/user/login,0,0,65
1777593263091,153,02 - GET /restaurants (search),200,OK,Virtual Users [400 threads] 1-383,text,true,,790,311,13,13,http://k8s-forkfind-forkfind-8e65d48af1-1990260306.us-east-1.elb.amazonaws.com/restaurants?q=pizza&limit=12&sort=rating,153,0,75
1777593263197,73,03 - POST /restaurants/15/reviews,Non HTTP response code: java.net.SocketException,Non HTTP response message: Connection reset,Virtual Users [400 threads] 1-382,text,false,"Review submission returned unexpected status (401 = bad token, 5xx = server error)",2601,0,13,13,http://k8s-forkfind-forkfind-8e65d48af1-1990260306.us-east-1.elb.amazonaws.com/restaurants/15/reviews,0,0,0
1777593263244,79,03 - POST /restaurants/15/reviews,Non HTTP response code: java.net.SocketException,Non HTTP response message: Connection reset,Virtual Users [400 threads] 1-383,text,false,"Review submission returned unexpected status (401 = bad token, 5xx = server error)",2601,0,12,12,http://k8s-forkfind-forkfind-8e65d48af1-1990260306.us-east-1.elb.amazonaws.com/restaurants/15/reviews,0,0,0
1777593263166,157,02 - GET /restaurants (search),200,OK,Virtual Users [400 threads] 1-384,text,true,,790,311,12,12,http://k8s-forkfind-forkfind-8e65d48af1-1990260306.us-east-1.elb.amazonaws.com/restaurants?q=pizza&limit=12&sort=rating,157,0,78
1777593233237,30097,01 - POST /auth/user/login,Non HTTP response code: java.net.SocketTimeoutException,Non HTTP response message: Read timed out,Virtual Users [400 threads] 1-386,text,false,Login failed — check credentials in users.csv,2679,0,11,11,http://k8s-forkfind-forkfind-8e65d48af1-1990260306.us-east-1.elb.amazonaws.com/auth/user/login,0,0,96
1777593233316,30071,01 - POST /auth/user/login,Non HTTP response code: java.net.SocketTimeoutException,Non HTTP response message: Read timed out,Virtual Users [400 threads] 1-387,text,false,Login failed — check credentials in users.csv,2679,0,11,11,http://k8s-forkfind-forkfind-8e65d48af1-1990260306.us-east-1.elb.amazonaws.com/auth/user/login,0,0,69
1777593263234,157,02 - GET /restaurants (search),200,OK,Virtual Users [400 threads] 1-385,text,true,,790,311,11,11,http://k8s-forkfind-forkfind-8e65d48af1-1990260306.us-east-1.elb.amazonaws.com/restaurants?q=pizza&limit=12&sort=rating,157,0,75
1777593263323,80,03 - POST /restaurants/15/reviews,Non HTTP response code: java.net.SocketException,Non HTTP response message: Connection reset,Virtual Users [400 threads] 1-384,text,false,"Review submission returned unexpected status (401 = bad token, 5xx = server error)",2601,0,11,11,http://k8s-forkfind-forkfind-8e65d48af1-1990260306.us-east-1.elb.amazonaws.com/restaurants/15/reviews,0,0,0
1777593233388,30069,01 - POST /auth/user/login,Non HTTP response code: java.net.SocketTimeoutException,Non HTTP response message: Read timed out,Virtual Users [400 threads] 1-388,text,false,Login failed — check credentials in users.csv,2679,0,10,10,http://k8s-forkfind-forkfind-8e65d48af1-1990260306.us-east-1.elb.amazonaws.com/auth/user/login,0,0,67
1777593263391,76,03 - POST /restaurants/15/reviews,Non HTTP response code: java.net.SocketException,Non HTTP response message: Connection reset,Virtual Users [400 threads] 1-385,text,false,"Review submission returned unexpected status (401 = bad token, 5xx = server error)",2601,0,10,10,http://k8s-forkfind-forkfind-8e65d48af1-1990260306.us-east-1.elb.amazonaws.com/restaurants/15/reviews,0,0,0
1777593263334,181,02 - GET /restaurants (search),200,OK,Virtual Users [400 threads] 1-386,text,true,,790,311,9,9,http://k8s-forkfind-forkfind-8e65d48af1-1990260306.us-east-1.elb.amazonaws.com/restaurants?q=pizza&limit=12&sort=rating,181,0,87
1777593233464,30068,01 - POST /auth/user/login,Non HTTP response code: java.net.SocketTimeoutException,Non HTTP response message: Read timed out,Virtual Users [400 threads] 1-389,text,false,Login failed — check credentials in users.csv,2679,0,9,9,http://k8s-forkfind-forkfind-8e65d48af1-1990260306.us-east-1.elb.amazonaws.com/auth/user/login,0,0,66
1777593263387,153,02 - GET /restaurants (search),200,OK,Virtual Users [400 threads] 1-387,text,true,,790,311,9,9,http://k8s-forkfind-forkfind-8e65d48af1-1990260306.us-east-1.elb.amazonaws.com/restaurants?q=pizza&limit=12&sort=rating,153,0,72
1777593263457,177,02 - GET /restaurants (search),200,OK,Virtual Users [400 threads] 1-388,text,true,,790,311,9,9,http://k8s-forkfind-forkfind-8e65d48af1-1990260306.us-east-1.elb.amazonaws.com/restaurants?q=pizza&limit=12&sort=rating,177,0,81
1777593263516,117,03 - POST /restaurants/15/reviews,Non HTTP response code: java.net.SocketException,Non HTTP response message: Connection reset,Virtual Users [400 threads] 1-386,text,false,"Review submission returned unexpected status (401 = bad token, 5xx = server error)",2601,0,9,9,http://k8s-forkfind-forkfind-8e65d48af1-1990260306.us-east-1.elb.amazonaws.com/restaurants/15/reviews,0,0,0
1777593263540,94,03 - POST /restaurants/15/reviews,Non HTTP response code: java.net.SocketException,Non HTTP response message: Connection reset,Virtual Users [400 threads] 1-387,text,false,"Review submission returned unexpected status (401 = bad token, 5xx = server error)",2601,0,9,9,http://k8s-forkfind-forkfind-8e65d48af1-1990260306.us-east-1.elb.amazonaws.com/restaurants/15/reviews,0,0,0
1777593233614,30075,01 - POST /auth/user/login,Non HTTP response code: java.net.SocketTimeoutException,Non HTTP response message: Read timed out,Virtual Users [400 threads] 1-391,text,false,Login failed — check credentials in users.csv,2679,0,7,7,http://k8s-forkfind-forkfind-8e65d48af1-1990260306.us-east-1.elb.amazonaws.com/auth/user/login,0,0,73
1777593263634,75,03 - POST /restaurants/15/reviews,Non HTTP response code: java.net.SocketException,Non HTTP response message: Connection reset,Virtual Users [400 threads] 1-388,text,false,"Review submission returned unexpected status (401 = bad token, 5xx = server error)",2601,0,7,7,http://k8s-forkfind-forkfind-8e65d48af1-1990260306.us-east-1.elb.amazonaws.com/restaurants/15/reviews,0,0,0
1777593263532,193,02 - GET /restaurants (search),200,OK,Virtual Users [400 threads] 1-389,text,true,,790,311,6,6,http://k8s-forkfind-forkfind-8e65d48af1-1990260306.us-east-1.elb.amazonaws.com/restaurants?q=pizza&limit=12&sort=rating,193,0,101
1777593233688,30075,01 - POST /auth/user/login,Non HTTP response code: java.net.SocketTimeoutException,Non HTTP response message: Read timed out,Virtual Users [400 threads] 1-392,text,false,Login failed — check credentials in users.csv,2679,0,6,6,http://k8s-forkfind-forkfind-8e65d48af1-1990260306.us-east-1.elb.amazonaws.com/auth/user/login,0,0,73
1777593263726,75,03 - POST /restaurants/15/reviews,Non HTTP response code: java.net.SocketException,Non HTTP response message: Connection reset,Virtual Users [400 threads] 1-389,text,false,"Review submission returned unexpected status (401 = bad token, 5xx = server error)",2601,0,6,6,http://k8s-forkfind-forkfind-8e65d48af1-1990260306.us-east-1.elb.amazonaws.com/restaurants/15/reviews,0,0,0
1777593233766,30068,01 - POST /auth/user/login,Non HTTP response code: java.net.SocketTimeoutException,Non HTTP response message: Read timed out,Virtual Users [400 threads] 1-393,text,false,Login failed — check credentials in users.csv,2679,0,5,5,http://k8s-forkfind-forkfind-8e65d48af1-1990260306.us-east-1.elb.amazonaws.com/auth/user/login,0,0,66
1777593263689,157,02 - GET /restaurants (search),200,OK,Virtual Users [400 threads] 1-391,text,true,,790,311,5,5,http://k8s-forkfind-forkfind-8e65d48af1-1990260306.us-east-1.elb.amazonaws.com/restaurants?q=pizza&limit=12&sort=rating,157,0,77
1777593233842,30079,01 - POST /auth/user/login,Non HTTP response code: java.net.SocketTimeoutException,Non HTTP response message: Read timed out,Virtual Users [400 threads] 1-394,text,false,Login failed — check credentials in users.csv,2679,0,5,5,http://k8s-forkfind-forkfind-8e65d48af1-1990260306.us-east-1.elb.amazonaws.com/auth/user/login,0,0,78
1777593263846,84,03 - POST /restaurants/15/reviews,Non HTTP response code: java.net.SocketException,Non HTTP response message: Connection reset,Virtual Users [400 threads] 1-391,text,false,"Review submission returned unexpected status (401 = bad token, 5xx = server error)",2601,0,5,5,http://k8s-forkfind-forkfind-8e65d48af1-1990260306.us-east-1.elb.amazonaws.com/restaurants/15/reviews,0,0,0
1777593263763,174,02 - GET /restaurants (search),200,OK,Virtual Users [400 threads] 1-392,text,true,,790,311,4,4,http://k8s-forkfind-forkfind-8e65d48af1-1990260306.us-east-1.elb.amazonaws.com/restaurants?q=pizza&limit=12&sort=rating,174,0,82
1777593263834,171,02 - GET /restaurants (search),200,OK,Virtual Users [400 threads] 1-393,text,true,,790,311,4,4,http://k8s-forkfind-forkfind-8e65d48af1-1990260306.us-east-1.elb.amazonaws.com/restaurants?q=pizza&limit=12&sort=rating,171,0,85
1777593263937,79,03 - POST /restaurants/15/reviews,Non HTTP response code: java.net.SocketException,Non HTTP response message: Connection reset,Virtual Users [400 threads] 1-392,text,false,"Review submission returned unexpected status (401 = bad token, 5xx = server error)",2601,0,4,4,http://k8s-forkfind-forkfind-8e65d48af1-1990260306.us-east-1.elb.amazonaws.com/restaurants/15/reviews,0,0,0
1777593264005,75,03 - POST /restaurants/15/reviews,Non HTTP response code: java.net.SocketException,Non HTTP response message: Connection reset,Virtual Users [400 threads] 1-393,text,false,"Review submission returned unexpected status (401 = bad token, 5xx = server error)",2601,0,3,3,http://k8s-forkfind-forkfind-8e65d48af1-1990260306.us-east-1.elb.amazonaws.com/restaurants/15/reviews,0,0,0
1777593263922,183,02 - GET /restaurants (search),200,OK,Virtual Users [400 threads] 1-394,text,true,,790,311,2,2,http://k8s-forkfind-forkfind-8e65d48af1-1990260306.us-east-1.elb.amazonaws.com/restaurants?q=pizza&limit=12&sort=rating,183,0,83
1777593264106,73,03 - POST /restaurants/15/reviews,Non HTTP response code: java.net.SocketException,Non HTTP response message: Connection reset,Virtual Users [400 threads] 1-394,text,false,"Review submission returned unexpected status (401 = bad token, 5xx = server error)",2601,0,2,2,http://k8s-forkfind-forkfind-8e65d48af1-1990260306.us-east-1.elb.amazonaws.com/restaurants/15/reviews,0,0,0
1777593260999,30002,03 - POST /restaurants/15/reviews,Non HTTP response code: java.net.SocketTimeoutException,Non HTTP response message: Read timed out,Virtual Users [400 threads] 1-353,text,false,"Review submission returned unexpected status (401 = bad token, 5xx = server error)",2679,0,1,1,http://k8s-forkfind-forkfind-8e65d48af1-1990260306.us-east-1.elb.amazonaws.com/restaurants/15/reviews,0,0,0
1777594941459,761,01 - POST /auth/user/login,200,OK,Virtual Users [400 threads] 1-1,text,true,,405,361,4,4,http://k8s-forkfind-forkfind-8e65d48af1-1990260306.us-east-1.elb.amazonaws.com/auth/user/login,761,0,81
1777594942239,88,02 - GET /restaurants (search),200,OK,Virtual Users [400 threads] 1-1,text,true,,790,433,5,5,http://k8s-forkfind-forkfind-8e65d48af1-1990260306.us-east-1.elb.amazonaws.com/restaurants?q=pizza&limit=12&sort=rating,88,0,0
1777594941648,750,01 - POST /auth/user/login,200,OK,Virtual Users [400 threads] 1-2,text,true,,399,359,5,5,http://k8s-forkfind-forkfind-8e65d48af1-1990260306.us-east-1.elb.amazonaws.com/auth/user/login,750,0,72
1777594942328,79,03 - POST /restaurants/15/reviews,400,Bad Request,Virtual Users [400 threads] 1-1,text,false,,266,568,5,5,http://k8s-forkfind-forkfind-8e65d48af1-1990260306.us-east-1.elb.amazonaws.com/restaurants/15/reviews,79,0,0
1777594942399,93,02 - GET /restaurants (search),200,OK,Virtual Users [400 threads] 1-2,text,true,,790,433,4,4,http://k8s-forkfind-forkfind-8e65d48af1-1990260306.us-east-1.elb.amazonaws.com/restaurants?q=pizza&limit=12&sort=rating,93,0,0
1777594942493,80,03 - POST /restaurants/15/reviews,400,Bad Request,Virtual Users [400 threads] 1-2,text,false,,266,568,5,5,http://k8s-forkfind-forkfind-8e65d48af1-1990260306.us-east-1.elb.amazonaws.com/restaurants/15/reviews,80,0,0
1777594941862,723,01 - POST /auth/user/login,200,OK,Virtual Users [400 threads] 1-3,text,true,,403,361,4,4,http://k8s-forkfind-forkfind-8e65d48af1-1990260306.us-east-1.elb.amazonaws.com/auth/user/login,723,0,71
1777594942587,81,02 - GET /restaurants (search),200,OK,Virtual Users [400 threads] 1-3,text,true,,790,433,4,4,http://k8s-forkfind-forkfind-8e65d48af1-1990260306.us-east-1.elb.amazonaws.com/restaurants?q=pizza&limit=12&sort=rating,81,0,0
1777594942669,78,03 - POST /restaurants/15/reviews,400,Bad Request,Virtual Users [400 threads] 1-3,text,false,,266,568,4,4,http://k8s-forkfind-forkfind-8e65d48af1-1990260306.us-east-1.elb.amazonaws.com/restaurants/15/reviews,78,0,0
1777594942099,690,01 - POST /auth/user/login,200,OK,Virtual Users [400 threads] 1-4,text,true,,401,361,4,4,http://k8s-forkfind-forkfind-8e65d48af1-1990260306.us-east-1.elb.amazonaws.com/auth/user/login,690,0,73
1777594942790,84,02 - GET /restaurants (search),200,OK,Virtual Users [400 threads] 1-4,text,true,,790,433,4,4,http://k8s-forkfind-forkfind-8e65d48af1-1990260306.us-east-1.elb.amazonaws.com/restaurants?q=pizza&limit=12&sort=rating,84,0,0
1777594942876,82,03 - POST /restaurants/15/reviews,400,Bad Request,Virtual Users [400 threads] 1-4,text,false,,266,568,4,4,http://k8s-forkfind-forkfind-8e65d48af1-1990260306.us-east-1.elb.amazonaws.com/restaurants/15/reviews,82,0,0
1777594942321,1114,01 - POST /auth/user/login,200,OK,Virtual Users [400 threads] 1-5,text,true,,398,359,5,5,http://k8s-forkfind-forkfind-8e65d48af1-1990260306.us-east-1.elb.amazonaws.com/auth/user/login,1114,0,74
1777594943436,80,02 - GET /restaurants (search),200,OK,Virtual Users [400 threads] 1-5,text,true,,790,436,6,6,http://k8s-forkfind-forkfind-8e65d48af1-1990260306.us-east-1.elb.amazonaws.com/restaurants?q=pizza&limit=12&sort=rating,80,0,0
1777594943518,82,03 - POST /restaurants/15/reviews,400,Bad Request,Virtual Users [400 threads] 1-5,text,false,,266,571,6,6,http://k8s-forkfind-forkfind-8e65d48af1-1990260306.us-east-1.elb.amazonaws.com/restaurants/15/reviews,82,0,0
1777594942540,1154,01 - POST /auth/user/login,200,OK,Virtual Users [400 threads] 1-6,text,true,,402,361,6,6,http://k8s-forkfind-forkfind-8e65d48af1-1990260306.us-east-1.elb.amazonaws.com/auth/user/login,1154,0,70
1777594942773,1038,01 - POST /auth/user/login,200,OK,Virtual Users [400 threads] 1-7,text,true,,402,361,6,6,http://k8s-forkfind-forkfind-8e65d48af1-1990260306.us-east-1.elb.amazonaws.com/auth/user/login,1038,0,70
1777594943696,117,02 - GET /restaurants (search),200,OK,Virtual Users [400 threads] 1-6,text,true,,790,436,6,6,http://k8s-forkfind-forkfind-8e65d48af1-1990260306.us-east-1.elb.amazonaws.com/restaurants?q=pizza&limit=12&sort=rating,117,0,0
1777594943814,78,03 - POST /restaurants/15/reviews,400,Bad Request,Virtual Users [400 threads] 1-6,text,false,,266,571,7,7,http://k8s-forkfind-forkfind-8e65d48af1-1990260306.us-east-1.elb.amazonaws.com/restaurants/15/reviews,78,0,0
1777594943812,132,02 - GET /restaurants (search),200,OK,Virtual Users [400 threads] 1-7,text,true,,790,436,6,6,http://k8s-forkfind-forkfind-8e65d48af1-1990260306.us-east-1.elb.amazonaws.com/restaurants?q=pizza&limit=12&sort=rating,132,0,0
1777594943945,104,03 - POST /restaurants/15/reviews,400,Bad Request,Virtual Users [400 threads] 1-7,text,false,,266,571,6,6,http://k8s-forkfind-forkfind-8e65d48af1-1990260306.us-east-1.elb.amazonaws.com/restaurants/15/reviews,104,0,0
1777594942991,1161,01 - POST /auth/user/login,200,OK,Virtual Users [400 threads] 1-8,text,true,,402,361,6,6,http://k8s-forkfind-forkfind-8e65d48af1-1990260306.us-east-1.elb.amazonaws.com/auth/user/login,1161,0,71
1777594944152,96,02 - GET /restaurants (search),200,OK,Virtual Users [400 threads] 1-8,text,true,,790,436,6,6,http://k8s-forkfind-forkfind-8e65d48af1-1990260306.us-east-1.elb.amazonaws.com/restaurants?q=pizza&limit=12&sort=rating,96,0,0
1777594943221,1027,01 - POST /auth/user/login,200,OK,Virtual Users [400 threads] 1-9,text,true,,400,360,6,6,http://k8s-forkfind-forkfind-8e65d48af1-1990260306.us-east-1.elb.amazonaws.com/auth/user/login,1027,0,76
1777594944249,102,03 - POST /restaurants/15/reviews,400,Bad Request,Virtual Users [400 threads] 1-8,text,false,,266,571,7,7,http://k8s-forkfind-forkfind-8e65d48af1-1990260306.us-east-1.elb.amazonaws.com/restaurants/15/reviews,102,0,0
1777594944249,102,02 - GET /restaurants (search),200,OK,Virtual Users [400 threads] 1-9,text,true,,790,436,7,7,http://k8s-forkfind-forkfind-8e65d48af1-1990260306.us-east-1.elb.amazonaws.com/restaurants?q=pizza&limit=12&sort=rating,102,0,0
1777594944352,92,03 - POST /restaurants/15/reviews,400,Bad Request,Virtual Users [400 threads] 1-9,text,false,,266,571,6,6,http://k8s-forkfind-forkfind-8e65d48af1-1990260306.us-east-1.elb.amazonaws.com/restaurants/15/reviews,92,0,0
1777594943665,875,01 - POST /auth/user/login,200,OK,Virtual Users [400 threads] 1-11,text,true,,400,360,5,5,http://k8s-forkfind-forkfind-8e65d48af1-1990260306.us-east-1.elb.amazonaws.com/auth/user/login,875,0,72
1777594943436,1105,01 - POST /auth/user/login,200,OK,Virtual Users [400 threads] 1-10,text,true,,400,360,5,5,http://k8s-forkfind-forkfind-8e65d48af1-1990260306.us-east-1.elb.amazonaws.com/auth/user/login,1105,0,71
1777594944542,95,02 - GET /restaurants (search),200,OK,Virtual Users [400 threads] 1-10,text,true,,790,436,6,6,http://k8s-forkfind-forkfind-8e65d48af1-1990260306.us-east-1.elb.amazonaws.com/restaurants?q=pizza&limit=12&sort=rating,95,0,0
1777594944542,102,02 - GET /restaurants (search),200,OK,Virtual Users [400 threads] 1-11,text,true,,790,436,6,6,http://k8s-forkfind-forkfind-8e65d48af1-1990260306.us-east-1.elb.amazonaws.com/restaurants?q=pizza&limit=12&sort=rating,102,0,0
1777594944637,95,03 - POST /restaurants/15/reviews,400,Bad Request,Virtual Users [400 threads] 1-10,text,false,,266,572,6,6,http://k8s-forkfind-forkfind-8e65d48af1-1990260306.us-east-1.elb.amazonaws.com/restaurants/15/reviews,95,0,0
1777594944645,91,03 - POST /restaurants/15/reviews,400,Bad Request,Virtual Users [400 threads] 1-11,text,false,,266,572,5,5,http://k8s-forkfind-forkfind-8e65d48af1-1990260306.us-east-1.elb.amazonaws.com/restaurants/15/reviews,91,0,0
1777594943891,1084,01 - POST /auth/user/login,200,OK,Virtual Users [400 threads] 1-12,text,true,,400,360,5,5,http://k8s-forkfind-forkfind-8e65d48af1-1990260306.us-east-1.elb.amazonaws.com/auth/user/login,1084,0,75
1777594944118,891,01 - POST /auth/user/login,200,OK,Virtual Users [400 threads] 1-13,text,true,,398,359,5,5,http://k8s-forkfind-forkfind-8e65d48af1-1990260306.us-east-1.elb.amazonaws.com/auth/user/login,891,0,71
1777594945010,97,02 - GET /restaurants (search),200,OK,Virtual Users [400 threads] 1-13,text,true,,790,436,6,6,http://k8s-forkfind-forkfind-8e65d48af1-1990260306.us-east-1.elb.amazonaws.com/restaurants?q=pizza&limit=12&sort=rating,97,0,0
1777594944977,137,02 - GET /restaurants (search),200,OK,Virtual Users [400 threads] 1-12,text,true,,790,436,6,6,http://k8s-forkfind-forkfind-8e65d48af1-1990260306.us-east-1.elb.amazonaws.com/restaurants?q=pizza&limit=12&sort=rating,137,0,0
1777594945115,115,03 - POST /restaurants/15/reviews,400,Bad Request,Virtual Users [400 threads] 1-12,text,false,,266,572,6,6,http://k8s-forkfind-forkfind-8e65d48af1-1990260306.us-east-1.elb.amazonaws.com/restaurants/15/reviews,115,0,0
1777594945108,122,03 - POST /restaurants/15/reviews,400,Bad Request,Virtual Users [400 threads] 1-13,text,false,,266,572,6,6,http://k8s-forkfind-forkfind-8e65d48af1-1990260306.us-east-1.elb.amazonaws.com/restaurants/15/reviews,122,0,0
1777594944340,990,01 - POST /auth/user/login,200,OK,Virtual Users [400 threads] 1-14,text,true,,400,360,5,5,http://k8s-forkfind-forkfind-8e65d48af1-1990260306.us-east-1.elb.amazonaws.com/auth/user/login,990,0,70
1777594945332,89,02 - GET /restaurants (search),200,OK,Virtual Users [400 threads] 1-14,text,true,,790,436,5,5,http://k8s-forkfind-forkfind-8e65d48af1-1990260306.us-east-1.elb.amazonaws.com/restaurants?q=pizza&limit=12&sort=rating,89,0,0
1777594945423,101,03 - POST /restaurants/15/reviews,201,Created,Virtual Users [400 threads] 1-14,text,true,,566,572,6,6,http://k8s-forkfind-forkfind-8e65d48af1-1990260306.us-east-1.elb.amazonaws.com/restaurants/15/reviews,101,0,0
1777594944566,1069,01 - POST /auth/user/login,200,OK,Virtual Users [400 threads] 1-15,text,true,,404,362,5,5,http://k8s-forkfind-forkfind-8e65d48af1-1990260306.us-east-1.elb.amazonaws.com/auth/user/login,1069,0,70
1777594945637,98,02 - GET /restaurants (search),200,OK,Virtual Users [400 threads] 1-15,text,true,,790,436,6,6,http://k8s-forkfind-forkfind-8e65d48af1-1990260306.us-east-1.elb.amazonaws.com/restaurants?q=pizza&limit=12&sort=rating,98,0,0
1777594945736,93,03 - POST /restaurants/15/reviews,201,Created,Virtual Users [400 threads] 1-15,text,true,,568,572,6,6,http://k8s-forkfind-forkfind-8e65d48af1-1990260306.us-east-1.elb.amazonaws.com/restaurants/15/reviews,93,0,0
1777594944782,1153,01 - POST /auth/user/login,200,OK,Virtual Users [400 threads] 1-16,text,true,,402,361,6,6,http://k8s-forkfind-forkfind-8e65d48af1-1990260306.us-east-1.elb.amazonaws.com/auth/user/login,1153,0,70
1777594945937,92,02 - GET /restaurants (search),200,OK,Virtual Users [400 threads] 1-16,text,true,,790,436,6,6,http://k8s-forkfind-forkfind-8e65d48af1-1990260306.us-east-1.elb.amazonaws.com/restaurants?q=pizza&limit=12&sort=rating,92,0,0
1777594946031,96,03 - POST /restaurants/15/reviews,201,Created,Virtual Users [400 threads] 1-16,text,true,,567,572,6,6,http://k8s-forkfind-forkfind-8e65d48af1-1990260306.us-east-1.elb.amazonaws.com/restaurants/15/reviews,96,0,0
1777594945019,1212,01 - POST /auth/user/login,200,OK,Virtual Users [400 threads] 1-17,text,true,,402,361,6,6,http://k8s-forkfind-forkfind-8e65d48af1-1990260306.us-east-1.elb.amazonaws.com/auth/user/login,1212,0,71
1777594945467,818,01 - POST /auth/user/login,200,OK,Virtual Users [400 threads] 1-19,text,true,,398,359,6,6,http://k8s-forkfind-forkfind-8e65d48af1-1990260306.us-east-1.elb.amazonaws.com/auth/user/login,818,0,71
1777594946233,91,02 - GET /restaurants (search),200,OK,Virtual Users [400 threads] 1-17,text,true,,790,436,6,6,http://k8s-forkfind-forkfind-8e65d48af1-1990260306.us-east-1.elb.amazonaws.com/restaurants?q=pizza&limit=12&sort=rating,91,0,0
1777594946287,80,02 - GET /restaurants (search),200,OK,Virtual Users [400 threads] 1-19,text,true,,790,436,7,7,http://k8s-forkfind-forkfind-8e65d48af1-1990260306.us-east-1.elb.amazonaws.com/restaurants?q=pizza&limit=12&sort=rating,80,0,0
1777594946325,87,03 - POST /restaurants/15/reviews,400,Bad Request,Virtual Users [400 threads] 1-17,text,false,,266,572,7,7,http://k8s-forkfind-forkfind-8e65d48af1-1990260306.us-east-1.elb.amazonaws.com/restaurants/15/reviews,87,0,0
1777594945243,1169,01 - POST /auth/user/login,200,OK,Virtual Users [400 threads] 1-18,text,true,,404,362,7,7,http://k8s-forkfind-forkfind-8e65d48af1-1990260306.us-east-1.elb.amazonaws.com/auth/user/login,1169,0,72
1777594946368,83,03 - POST /restaurants/15/reviews,201,Created,Virtual Users [400 threads] 1-19,text,true,,565,572,6,6,http://k8s-forkfind-forkfind-8e65d48af1-1990260306.us-east-1.elb.amazonaws.com/restaurants/15/reviews,83,0,0
1777594946413,80,02 - GET /restaurants (search),200,OK,Virtual Users [400 threads] 1-18,text,true,,790,436,5,5,http://k8s-forkfind-forkfind-8e65d48af1-1990260306.us-east-1.elb.amazonaws.com/restaurants?q=pizza&limit=12&sort=rating,80,0,0
1777594946495,83,03 - POST /restaurants/15/reviews,201,Created,Virtual Users [400 threads] 1-18,text,true,,568,572,5,5,http://k8s-forkfind-forkfind-8e65d48af1-1990260306.us-east-1.elb.amazonaws.com/restaurants/15/reviews,83,0,0
1777594945695,1021,01 - POST /auth/user/login,200,OK,Virtual Users [400 threads] 1-20,text,true,,400,360,5,5,http://k8s-forkfind-forkfind-8e65d48af1-1990260306.us-east-1.elb.amazonaws.com/auth/user/login,1020,0,71
1777594946717,78,02 - GET /restaurants (search),200,OK,Virtual Users [400 threads] 1-20,text,true,,790,436,5,5,http://k8s-forkfind-forkfind-8e65d48af1-1990260306.us-east-1.elb.amazonaws.com/restaurants?q=pizza&limit=12&sort=rating,78,0,0
1777594945916,879,01 - POST /auth/user/login,200,OK,Virtual Users [400 threads] 1-21,text,true,,406,363,5,5,http://k8s-forkfind-forkfind-8e65d48af1-1990260306.us-east-1.elb.amazonaws.com/auth/user/login,879,0,71
1777594946797,82,02 - GET /restaurants (search),200,OK,Virtual Users [400 threads] 1-21,text,true,,790,436,6,6,http://k8s-forkfind-forkfind-8e65d48af1-1990260306.us-east-1.elb.amazonaws.com/restaurants?q=pizza&limit=12&sort=rating,82,0,0
1777594946797,87,03 - POST /restaurants/15/reviews,201,Created,Virtual Users [400 threads] 1-20,text,true,,566,572,6,6,http://k8s-forkfind-forkfind-8e65d48af1-1990260306.us-east-1.elb.amazonaws.com/restaurants/15/reviews,87,0,0
1777594946880,92,03 - POST /restaurants/15/reviews,201,Created,Virtual Users [400 threads] 1-21,text,true,,569,572,5,5,http://k8s-forkfind-forkfind-8e65d48af1-1990260306.us-east-1.elb.amazonaws.com/restaurants/15/reviews,92,0,0
1777594946144,982,01 - POST /auth/user/login,200,OK,Virtual Users [400 threads] 1-22,text,true,,406,363,5,5,http://k8s-forkfind-forkfind-8e65d48af1-1990260306.us-east-1.elb.amazonaws.com/auth/user/login,982,0,72
1777594947128,89,02 - GET /restaurants (search),200,OK,Virtual Users [400 threads] 1-22,text,true,,790,436,5,5,http://k8s-forkfind-forkfind-8e65d48af1-1990260306.us-east-1.elb.amazonaws.com/restaurants?q=pizza&limit=12&sort=rating,89,0,0
1777594947219,92,03 - POST /restaurants/15/reviews,201,Created,Virtual Users [400 threads] 1-22,text,true,,569,572,6,6,http://k8s-forkfind-forkfind-8e65d48af1-1990260306.us-east-1.elb.amazonaws.com/restaurants/15/reviews,92,0,0
1777594946362,1161,01 - POST /auth/user/login,200,OK,Virtual Users [400 threads] 1-23,text,true,,406,363,6,6,http://k8s-forkfind-forkfind-8e65d48af1-1990260306.us-east-1.elb.amazonaws.com/auth/user/login,1161,0,71
1777594947525,79,02 - GET /restaurants (search),200,OK,Virtual Users [400 threads] 1-23,text,true,,790,436,6,6,http://k8s-forkfind-forkfind-8e65d48af1-1990260306.us-east-1.elb.amazonaws.com/restaurants?q=pizza&limit=12&sort=rating,79,0,0
1777594947605,99,03 - POST /restaurants/15/reviews,201,Created,Virtual Users [400 threads] 1-23,text,true,,569,572,6,6,http://k8s-forkfind-forkfind-8e65d48af1-1990260306.us-east-1.elb.amazonaws.com/restaurants/15/reviews,99,0,0
1777594946591,1139,01 - POST /auth/user/login,200,OK,Virtual Users [400 threads] 1-24,text,true,,406,363,6,6,http://k8s-forkfind-forkfind-8e65d48af1-1990260306.us-east-1.elb.amazonaws.com/auth/user/login,1138,0,72
1777594947731,95,02 - GET /restaurants (search),200,OK,Virtual Users [400 threads] 1-24,text,true,,790,436,6,6,http://k8s-forkfind-forkfind-8e65d48af1-1990260306.us-east-1.elb.amazonaws.com/restaurants?q=pizza&limit=12&sort=rating,95,0,0
1777594946819,1073,01 - POST /auth/user/login,200,OK,Virtual Users [400 threads] 1-25,text,true,,406,363,6,6,http://k8s-forkfind-forkfind-8e65d48af1-1990260306.us-east-1.elb.amazonaws.com/auth/user/login,1073,0,72
1777594947828,124,03 - POST /restaurants/15/reviews,201,Created,Virtual Users [400 threads] 1-24,text,true,,569,572,7,7,http://k8s-forkfind-forkfind-8e65d48af1-1990260306.us-east-1.elb.amazonaws.com/restaurants/15/reviews,124,0,0
1777594947893,80,02 - GET /restaurants (search),200,OK,Virtual Users [400 threads] 1-25,text,true,,790,436,6,6,http://k8s-forkfind-forkfind-8e65d48af1-1990260306.us-east-1.elb.amazonaws.com/restaurants?q=pizza&limit=12&sort=rating,80,0,0
1777594947266,753,01 - POST /auth/user/login,200,OK,Virtual Users [400 threads] 1-27,text,true,,406,363,6,6,http://k8s-forkfind-forkfind-8e65d48af1-1990260306.us-east-1.elb.amazonaws.com/auth/user/login,753,0,76
1777594948021,84,02 - GET /restaurants (search),200,OK,Virtual Users [400 threads] 1-27,text,true,,790,436,6,6,http://k8s-forkfind-forkfind-8e65d48af1-1990260306.us-east-1.elb.amazonaws.com/restaurants?q=pizza&limit=12&sort=rating,84,0,0
1777594947974,139,03 - POST /restaurants/15/reviews,201,Created,Virtual Users [400 threads] 1-25,text,true,,569,572,6,6,http://k8s-forkfind-forkfind-8e65d48af1-1990260306.us-east-1.elb.amazonaws.com/restaurants/15/reviews,139,0,0
1777594948107,113,03 - POST /restaurants/15/reviews,201,Created,Virtual Users [400 threads] 1-27,text,true,,568,572,6,6,http://k8s-forkfind-forkfind-8e65d48af1-1990260306.us-east-1.elb.amazonaws.com/restaurants/15/reviews,113,0,0
1777594947488,817,01 - POST /auth/user/login,200,OK,Virtual Users [400 threads] 1-28,text,true,,406,363,5,5,http://k8s-forkfind-forkfind-8e65d48af1-1990260306.us-east-1.elb.amazonaws.com/auth/user/login,816,0,71
1777594948306,92,02 - GET /restaurants (search),200,OK,Virtual Users [400 threads] 1-28,text,true,,790,436,6,6,http://k8s-forkfind-forkfind-8e65d48af1-1990260306.us-east-1.elb.amazonaws.com/restaurants?q=pizza&limit=12&sort=rating,91,0,0
1777594947043,1356,01 - POST /auth/user/login,200,OK,Virtual Users [400 threads] 1-26,text,true,,406,363,6,6,http://k8s-forkfind-forkfind-8e65d48af1-1990260306.us-east-1.elb.amazonaws.com/auth/user/login,1356,0,74
1777594948399,115,03 - POST /restaurants/15/reviews,201,Created,Virtual Users [400 threads] 1-28,text,true,,569,572,6,6,http://k8s-forkfind-forkfind-8e65d48af1-1990260306.us-east-1.elb.amazonaws.com/restaurants/15/reviews,115,0,0
1777594948400,114,02 - GET /restaurants (search),200,OK,Virtual Users [400 threads] 1-26,text,true,,790,436,6,6,http://k8s-forkfind-forkfind-8e65d48af1-1990260306.us-east-1.elb.amazonaws.com/restaurants?q=pizza&limit=12&sort=rating,114,0,0
1777594948515,97,03 - POST /restaurants/15/reviews,201,Created,Virtual Users [400 threads] 1-26,text,true,,569,572,5,5,http://k8s-forkfind-forkfind-8e65d48af1-1990260306.us-east-1.elb.amazonaws.com/restaurants/15/reviews,97,0,0
1777594947942,747,01 - POST /auth/user/login,200,OK,Virtual Users [400 threads] 1-30,text,true,,406,363,5,5,http://k8s-forkfind-forkfind-8e65d48af1-1990260306.us-east-1.elb.amazonaws.com/auth/user/login,746,0,71
1777594948691,85,02 - GET /restaurants (search),200,OK,Virtual Users [400 threads] 1-30,text,true,,790,436,5,5,http://k8s-forkfind-forkfind-8e65d48af1-1990260306.us-east-1.elb.amazonaws.com/restaurants?q=pizza&limit=12&sort=rating,85,0,0
1777594948778,136,03 - POST /restaurants/15/reviews,201,Created,Virtual Users [400 threads] 1-30,text,true,,569,572,6,6,http://k8s-forkfind-forkfind-8e65d48af1-1990260306.us-east-1.elb.amazonaws.com/restaurants/15/reviews,136,0,0
1777594948162,760,01 - POST /auth/user/login,200,OK,Virtual Users [400 threads] 1-31,text,true,,406,363,5,5,http://k8s-forkfind-forkfind-8e65d48af1-1990260306.us-east-1.elb.amazonaws.com/auth/user/login,760,0,74
1777594947713,1279,01 - POST /auth/user/login,200,OK,Virtual Users [400 threads] 1-29,text,true,,406,363,5,5,http://k8s-forkfind-forkfind-8e65d48af1-1990260306.us-east-1.elb.amazonaws.com/auth/user/login,1279,0,73
1777594948923,84,02 - GET /restaurants (search),200,OK,Virtual Users [400 threads] 1-31,text,true,,790,436,5,5,http://k8s-forkfind-forkfind-8e65d48af1-1990260306.us-east-1.elb.amazonaws.com/restaurants?q=pizza&limit=12&sort=rating,84,0,0
1777594948994,79,02 - GET /restaurants (search),200,OK,Virtual Users [400 threads] 1-29,text,true,,790,436,6,6,http://k8s-forkfind-forkfind-8e65d48af1-1990260306.us-east-1.elb.amazonaws.com/restaurants?q=pizza&limit=12&sort=rating,79,0,0
1777594949008,98,03 - POST /restaurants/15/reviews,201,Created,Virtual Users [400 threads] 1-31,text,true,,569,572,6,6,http://k8s-forkfind-forkfind-8e65d48af1-1990260306.us-east-1.elb.amazonaws.com/restaurants/15/reviews,97,0,0
1777594949075,130,03 - POST /restaurants/15/reviews,201,Created,Virtual Users [400 threads] 1-29,text,true,,569,572,5,5,http://k8s-forkfind-forkfind-8e65d48af1-1990260306.us-east-1.elb.amazonaws.com/restaurants/15/reviews,130,0,0
1777594948382,1027,01 - POST /auth/user/login,200,OK,Virtual Users [400 threads] 1-32,text,true,,406,363,5,5,http://k8s-forkfind-forkfind-8e65d48af1-1990260306.us-east-1.elb.amazonaws.com/auth/user/login,1027,0,72
1777594949411,83,02 - GET /restaurants (search),200,OK,Virtual Users [400 threads] 1-32,text,true,,790,436,5,5,http://k8s-forkfind-forkfind-8e65d48af1-1990260306.us-east-1.elb.amazonaws.com/restaurants?q=pizza&limit=12&sort=rating,83,0,0
1777594949495,115,03 - POST /restaurants/15/reviews,201,Created,Virtual Users [400 threads] 1-32,text,true,,569,572,6,6,http://k8s-forkfind-forkfind-8e65d48af1-1990260306.us-east-1.elb.amazonaws.com/restaurants/15/reviews,115,0,0
1777594948615,1075,01 - POST /auth/user/login,200,OK,Virtual Users [400 threads] 1-33,text,true,,406,363,5,5,http://k8s-forkfind-forkfind-8e65d48af1-1990260306.us-east-1.elb.amazonaws.com/auth/user/login,1075,0,71
1777594949692,84,02 - GET /restaurants (search),200,OK,Virtual Users [400 threads] 1-33,text,true,,790,436,6,6,http://k8s-forkfind-forkfind-8e65d48af1-1990260306.us-east-1.elb.amazonaws.com/restaurants?q=pizza&limit=12&sort=rating,84,0,0
1777594949777,146,03 - POST /restaurants/15/reviews,201,Created,Virtual Users [400 threads] 1-33,text,true,,569,572,6,6,http://k8s-forkfind-forkfind-8e65d48af1-1990260306.us-east-1.elb.amazonaws.com/restaurants/15/reviews,146,0,0
1777594948840,1091,01 - POST /auth/user/login,200,OK,Virtual Users [400 threads] 1-34,text,true,,406,363,5,5,http://k8s-forkfind-forkfind-8e65d48af1-1990260306.us-east-1.elb.amazonaws.com/auth/user/login,1091,0,74
1777594949931,110,02 - GET /restaurants (search),200,OK,Virtual Users [400 threads] 1-34,text,true,,790,436,6,6,http://k8s-forkfind-forkfind-8e65d48af1-1990260306.us-east-1.elb.amazonaws.com/restaurants?q=pizza&limit=12&sort=rating,110,0,0
1777594949061,980,01 - POST /auth/user/login,200,OK,Virtual Users [400 threads] 1-35,text,true,,406,363,6,6,http://k8s-forkfind-forkfind-8e65d48af1-1990260306.us-east-1.elb.amazonaws.com/auth/user/login,980,0,73
1777594950041,88,02 - GET /restaurants (search),200,OK,Virtual Users [400 threads] 1-35,text,true,,790,436,6,6,http://k8s-forkfind-forkfind-8e65d48af1-1990260306.us-east-1.elb.amazonaws.com/restaurants?q=pizza&limit=12&sort=rating,88,0,0
1777594950043,126,03 - POST /restaurants/15/reviews,201,Created,Virtual Users [400 threads] 1-34,text,true,,569,572,6,6,http://k8s-forkfind-forkfind-8e65d48af1-1990260306.us-east-1.elb.amazonaws.com/restaurants/15/reviews,126,0,0
1777594950130,125,03 - POST /restaurants/15/reviews,201,Created,Virtual Users [400 threads] 1-35,text,true,,569,572,6,6,http://k8s-forkfind-forkfind-8e65d48af1-1990260306.us-east-1.elb.amazonaws.com/restaurants/15/reviews,125,0,0
1777594949285,1220,01 - POST /auth/user/login,200,OK,Virtual Users [400 threads] 1-36,text,true,,406,363,6,6,http://k8s-forkfind-forkfind-8e65d48af1-1990260306.us-east-1.elb.amazonaws.com/auth/user/login,1220,0,78
1777594950508,90,02 - GET /restaurants (search),200,OK,Virtual Users [400 threads] 1-36,text,true,,790,436,6,6,http://k8s-forkfind-forkfind-8e65d48af1-1990260306.us-east-1.elb.amazonaws.com/restaurants?q=pizza&limit=12&sort=rating,90,0,0
1777594949963,697,01 - POST /auth/user/login,200,OK,Virtual Users [400 threads] 1-39,text,true,,406,363,7,7,http://k8s-forkfind-forkfind-8e65d48af1-1990260306.us-east-1.elb.amazonaws.com/auth/user/login,697,0,78
1777594950599,110,03 - POST /restaurants/15/reviews,201,Created,Virtual Users [400 threads] 1-36,text,true,,569,572,7,7,http://k8s-forkfind-forkfind-8e65d48af1-1990260306.us-east-1.elb.amazonaws.com/restaurants/15/reviews,110,0,0
1777594949511,1204,01 - POST /auth/user/login,200,OK,Virtual Users [400 threads] 1-37,text,true,,406,363,6,6,http://k8s-forkfind-forkfind-8e65d48af1-1990260306.us-east-1.elb.amazonaws.com/auth/user/login,1204,0,71
1777594950662,83,02 - GET /restaurants (search),200,OK,Virtual Users [400 threads] 1-39,text,true,,790,436,6,6,http://k8s-forkfind-forkfind-8e65d48af1-1990260306.us-east-1.elb.amazonaws.com/restaurants?q=pizza&limit=12&sort=rating,83,0,0
1777594950716,86,02 - GET /restaurants (search),200,OK,Virtual Users [400 threads] 1-37,text,true,,790,436,6,6,http://k8s-forkfind-forkfind-8e65d48af1-1990260306.us-east-1.elb.amazonaws.com/restaurants?q=pizza&limit=12&sort=rating,86,0,0
1777594950746,83,03 - POST /restaurants/15/reviews,201,Created,Virtual Users [400 threads] 1-39,text,true,,569,572,6,6,http://k8s-forkfind-forkfind-8e65d48af1-1990260306.us-east-1.elb.amazonaws.com/restaurants/15/reviews,83,0,0
1777594950803,106,03 - POST /restaurants/15/reviews,201,Created,Virtual Users [400 threads] 1-37,text,true,,569,572,6,6,http://k8s-forkfind-forkfind-8e65d48af1-1990260306.us-east-1.elb.amazonaws.com/restaurants/15/reviews,106,0,0
1777594950179,834,01 - POST /auth/user/login,200,OK,Virtual Users [400 threads] 1-40,text,true,,406,363,5,5,http://k8s-forkfind-forkfind-8e65d48af1-1990260306.us-east-1.elb.amazonaws.com/auth/user/login,834,0,72
1777594949727,1358,01 - POST /auth/user/login,200,OK,Virtual Users [400 threads] 1-38,text,true,,406,363,6,6,http://k8s-forkfind-forkfind-8e65d48af1-1990260306.us-east-1.elb.amazonaws.com/auth/user/login,1358,0,71
1777594951015,80,02 - GET /restaurants (search),200,OK,Virtual Users [400 threads] 1-40,text,true,,790,436,6,6,http://k8s-forkfind-forkfind-8e65d48af1-1990260306.us-east-1.elb.amazonaws.com/restaurants?q=pizza&limit=12&sort=rating,80,0,0
1777594951087,82,02 - GET /restaurants (search),200,OK,Virtual Users [400 threads] 1-38,text,true,,790,436,6,6,http://k8s-forkfind-forkfind-8e65d48af1-1990260306.us-east-1.elb.amazonaws.com/restaurants?q=pizza&limit=12&sort=rating,82,0,0
1777594951096,77,03 - POST /restaurants/15/reviews,400,Bad Request,Virtual Users [400 threads] 1-40,text,false,,266,572,6,6,http://k8s-forkfind-forkfind-8e65d48af1-1990260306.us-east-1.elb.amazonaws.com/restaurants/15/reviews,76,0,0
1777594951170,87,03 - POST /restaurants/15/reviews,201,Created,Virtual Users [400 threads] 1-38,text,true,,568,572,5,5,http://k8s-forkfind-forkfind-8e65d48af1-1990260306.us-east-1.elb.amazonaws.com/restaurants/15/reviews,87,0,0
1777594950414,1077,01 - POST /auth/user/login,200,OK,Virtual Users [400 threads] 1-41,text,true,,406,363,5,5,http://k8s-forkfind-forkfind-8e65d48af1-1990260306.us-east-1.elb.amazonaws.com/auth/user/login,1077,0,73
1777594951493,93,02 - GET /restaurants (search),200,OK,Virtual Users [400 threads] 1-41,text,true,,790,436,6,6,http://k8s-forkfind-forkfind-8e65d48af1-1990260306.us-east-1.elb.amazonaws.com/restaurants?q=pizza&limit=12&sort=rating,93,0,0
1777594951588,86,03 - POST /restaurants/15/reviews,201,Created,Virtual Users [400 threads] 1-41,text,true,,569,572,6,6,http://k8s-forkfind-forkfind-8e65d48af1-1990260306.us-east-1.elb.amazonaws.com/restaurants/15/reviews,86,0,0
1777594951079,723,01 - POST /auth/user/login,200,OK,Virtual Users [400 threads] 1-44,text,true,,406,363,6,6,http://k8s-forkfind-forkfind-8e65d48af1-1990260306.us-east-1.elb.amazonaws.com/auth/user/login,723,0,72
1777594950635,1191,01 - POST /auth/user/login,200,OK,Virtual Users [400 threads] 1-42,text,true,,406,363,6,6,http://k8s-forkfind-forkfind-8e65d48af1-1990260306.us-east-1.elb.amazonaws.com/auth/user/login,1191,0,73
1777594951804,81,02 - GET /restaurants (search),200,OK,Virtual Users [400 threads] 1-44,text,true,,790,436,6,6,http://k8s-forkfind-forkfind-8e65d48af1-1990260306.us-east-1.elb.amazonaws.com/restaurants?q=pizza&limit=12&sort=rating,81,0,0
1777594951827,89,02 - GET /restaurants (search),200,OK,Virtual Users [400 threads] 1-42,text,true,,790,436,6,6,http://k8s-forkfind-forkfind-8e65d48af1-1990260306.us-east-1.elb.amazonaws.com/restaurants?q=pizza&limit=12&sort=rating,89,0,0
1777594951917,111,03 - POST /restaurants/15/reviews,201,Created,Virtual Users [400 threads] 1-42,text,true,,569,572,7,7,http://k8s-forkfind-forkfind-8e65d48af1-1990260306.us-east-1.elb.amazonaws.com/restaurants/15/reviews,111,0,0
1777594951885,143,03 - POST /restaurants/15/reviews,201,Created,Virtual Users [400 threads] 1-44,text,true,,569,572,7,7,http://k8s-forkfind-forkfind-8e65d48af1-1990260306.us-east-1.elb.amazonaws.com/restaurants/15/reviews,143,0,0
1777594951309,798,01 - POST /auth/user/login,200,OK,Virtual Users [400 threads] 1-45,text,true,,406,363,5,5,http://k8s-forkfind-forkfind-8e65d48af1-1990260306.us-east-1.elb.amazonaws.com/auth/user/login,798,0,85
1777594952108,84,02 - GET /restaurants (search),200,OK,Virtual Users [400 threads] 1-45,text,true,,790,436,5,5,http://k8s-forkfind-forkfind-8e65d48af1-1990260306.us-east-1.elb.amazonaws.com/restaurants?q=pizza&limit=12&sort=rating,84,0,0
1777594950865,1368,01 - POST /auth/user/login,200,OK,Virtual Users [400 threads] 1-43,text,true,,406,363,6,6,http://k8s-forkfind-forkfind-8e65d48af1-1990260306.us-east-1.elb.amazonaws.com/auth/user/login,1368,0,73
1777594952193,130,03 - POST /restaurants/15/reviews,201,Created,Virtual Users [400 threads] 1-45,text,true,,569,572,6,6,http://k8s-forkfind-forkfind-8e65d48af1-1990260306.us-east-1.elb.amazonaws.com/restaurants/15/reviews,130,0,0
1777594952234,89,02 - GET /restaurants (search),200,OK,Virtual Users [400 threads] 1-43,text,true,,790,436,6,6,http://k8s-forkfind-forkfind-8e65d48af1-1990260306.us-east-1.elb.amazonaws.com/restaurants?q=pizza&limit=12&sort=rating,89,0,0
1777594952324,107,03 - POST /restaurants/15/reviews,201,Created,Virtual Users [400 threads] 1-43,text,true,,569,572,5,5,http://k8s-forkfind-forkfind-8e65d48af1-1990260306.us-east-1.elb.amazonaws.com/restaurants/15/reviews,107,0,0
1777594951539,1081,01 - POST /auth/user/login,200,OK,Virtual Users [400 threads] 1-46,text,true,,406,363,5,5,http://k8s-forkfind-forkfind-8e65d48af1-1990260306.us-east-1.elb.amazonaws.com/auth/user/login,1081,0,75
1777594952621,86,02 - GET /restaurants (search),200,OK,Virtual Users [400 threads] 1-46,text,true,,790,436,6,6,http://k8s-forkfind-forkfind-8e65d48af1-1990260306.us-east-1.elb.amazonaws.com/restaurants?q=pizza&limit=12&sort=rating,86,0,0
1777594952708,97,03 - POST /restaurants/15/reviews,201,Created,Virtual Users [400 threads] 1-46,text,true,,569,572,6,6,http://k8s-forkfind-forkfind-8e65d48af1-1990260306.us-east-1.elb.amazonaws.com/restaurants/15/reviews,97,0,0
1777594951757,1048,01 - POST /auth/user/login,200,OK,Virtual Users [400 threads] 1-47,text,true,,406,363,6,6,http://k8s-forkfind-forkfind-8e65d48af1-1990260306.us-east-1.elb.amazonaws.com/auth/user/login,1048,0,73
1777594952806,81,02 - GET /restaurants (search),200,OK,Virtual Users [400 threads] 1-47,text,true,,790,436,6,6,http://k8s-forkfind-forkfind-8e65d48af1-1990260306.us-east-1.elb.amazonaws.com/restaurants?q=pizza&limit=12&sort=rating,81,0,0
1777594952887,132,03 - POST /restaurants/15/reviews,201,Created,Virtual Users [400 threads] 1-47,text,true,,569,572,6,6,http://k8s-forkfind-forkfind-8e65d48af1-1990260306.us-east-1.elb.amazonaws.com/restaurants/15/reviews,132,0,0
1777594952203,998,01 - POST /auth/user/login,200,OK,Virtual Users [400 threads] 1-49,text,true,,406,363,6,6,http://k8s-forkfind-forkfind-8e65d48af1-1990260306.us-east-1.elb.amazonaws.com/auth/user/login,998,0,72
1777594951986,1215,01 - POST /auth/user/login,200,OK,Virtual Users [400 threads] 1-48,text,true,,406,363,6,6,http://k8s-forkfind-forkfind-8e65d48af1-1990260306.us-east-1.elb.amazonaws.com/auth/user/login,1215,0,73
1777594953203,90,02 - GET /restaurants (search),200,OK,Virtual Users [400 threads] 1-49,text,true,,790,436,6,6,http://k8s-forkfind-forkfind-8e65d48af1-1990260306.us-east-1.elb.amazonaws.com/restaurants?q=pizza&limit=12&sort=rating,90,0,0
1777594953203,94,02 - GET /restaurants (search),200,OK,Virtual Users [400 threads] 1-48,text,true,,790,436,6,6,http://k8s-forkfind-forkfind-8e65d48af1-1990260306.us-east-1.elb.amazonaws.com/restaurants?q=pizza&limit=12&sort=rating,94,0,0
1777594952660,710,01 - POST /auth/user/login,200,OK,Virtual Users [400 threads] 1-51,text,true,,406,363,7,7,http://k8s-forkfind-forkfind-8e65d48af1-1990260306.us-east-1.elb.amazonaws.com/auth/user/login,710,0,73
1777594953297,110,03 - POST /restaurants/15/reviews,201,Created,Virtual Users [400 threads] 1-48,text,true,,569,572,7,7,http://k8s-forkfind-forkfind-8e65d48af1-1990260306.us-east-1.elb.amazonaws.com/restaurants/15/reviews,110,0,0
1777594953294,113,03 - POST /restaurants/15/reviews,201,Created,Virtual Users [400 threads] 1-49,text,true,,569,572,7,7,http://k8s-forkfind-forkfind-8e65d48af1-1990260306.us-east-1.elb.amazonaws.com/restaurants/15/reviews,113,0,0
1777594953372,87,02 - GET /restaurants (search),200,OK,Virtual Users [400 threads] 1-51,text,true,,790,436,5,5,http://k8s-forkfind-forkfind-8e65d48af1-1990260306.us-east-1.elb.amazonaws.com/restaurants?q=pizza&limit=12&sort=rating,87,0,0
1777594953460,146,03 - POST /restaurants/15/reviews,201,Created,Virtual Users [400 threads] 1-51,text,true,,569,572,6,6,http://k8s-forkfind-forkfind-8e65d48af1-1990260306.us-east-1.elb.amazonaws.com/restaurants/15/reviews,145,0,0
1777594952881,833,01 - POST /auth/user/login,200,OK,Virtual Users [400 threads] 1-52,text,true,,406,363,5,5,http://k8s-forkfind-forkfind-8e65d48af1-1990260306.us-east-1.elb.amazonaws.com/auth/user/login,833,0,71
1777594953715,95,02 - GET /restaurants (search),200,OK,Virtual Users [400 threads] 1-52,text,true,,790,436,6,6,http://k8s-forkfind-forkfind-8e65d48af1-1990260306.us-east-1.elb.amazonaws.com/restaurants?q=pizza&limit=12&sort=rating,95,0,0
1777594952434,1444,01 - POST /auth/user/login,200,OK,Virtual Users [400 threads] 1-50,text,true,,406,363,6,6,http://k8s-forkfind-forkfind-8e65d48af1-1990260306.us-east-1.elb.amazonaws.com/auth/user/login,1444,0,72
1777594953811,105,03 - POST /restaurants/15/reviews,201,Created,Virtual Users [400 threads] 1-52,text,true,,569,572,6,6,http://k8s-forkfind-forkfind-8e65d48af1-1990260306.us-east-1.elb.amazonaws.com/restaurants/15/reviews,105,0,0
1777594953879,137,02 - GET /restaurants (search),200,OK,Virtual Users [400 threads] 1-50,text,true,,790,436,6,6,http://k8s-forkfind-forkfind-8e65d48af1-1990260306.us-east-1.elb.amazonaws.com/restaurants?q=pizza&limit=12&sort=rating,137,0,0
1777594954017,122,03 - POST /restaurants/15/reviews,201,Created,Virtual Users [400 threads] 1-50,text,true,,569,572,6,6,http://k8s-forkfind-forkfind-8e65d48af1-1990260306.us-east-1.elb.amazonaws.com/restaurants/15/reviews,121,0,0
1777594953105,1077,01 - POST /auth/user/login,200,OK,Virtual Users [400 threads] 1-53,text,true,,406,363,5,5,http://k8s-forkfind-forkfind-8e65d48af1-1990260306.us-east-1.elb.amazonaws.com/auth/user/login,1077,0,71
1777594953329,897,01 - POST /auth/user/login,200,OK,Virtual Users [400 threads] 1-54,text,true,,406,363,5,5,http://k8s-forkfind-forkfind-8e65d48af1-1990260306.us-east-1.elb.amazonaws.com/auth/user/login,897,0,72
1777594954227,86,02 - GET /restaurants (search),200,OK,Virtual Users [400 threads] 1-54,text,true,,790,436,6,6,http://k8s-forkfind-forkfind-8e65d48af1-1990260306.us-east-1.elb.amazonaws.com/restaurants?q=pizza&limit=12&sort=rating,86,0,0
1777594954184,143,02 - GET /restaurants (search),200,OK,Virtual Users [400 threads] 1-53,text,true,,790,436,6,6,http://k8s-forkfind-forkfind-8e65d48af1-1990260306.us-east-1.elb.amazonaws.com/restaurants?q=pizza&limit=12&sort=rating,143,0,0
1777594953563,768,01 - POST /auth/user/login,200,OK,Virtual Users [400 threads] 1-55,text,true,,406,363,6,6,http://k8s-forkfind-forkfind-8e65d48af1-1990260306.us-east-1.elb.amazonaws.com/auth/user/login,768,0,74
1777594954332,191,02 - GET /restaurants (search),200,OK,Virtual Users [400 threads] 1-55,text,true,,790,436,7,7,http://k8s-forkfind-forkfind-8e65d48af1-1990260306.us-east-1.elb.amazonaws.com/restaurants?q=pizza&limit=12&sort=rating,191,0,0
1777594954314,217,03 - POST /restaurants/15/reviews,201,Created,Virtual Users [400 threads] 1-54,text,true,,569,572,7,7,http://k8s-forkfind-forkfind-8e65d48af1-1990260306.us-east-1.elb.amazonaws.com/restaurants/15/reviews,217,0,0
1777594954328,229,03 - POST /restaurants/15/reviews,201,Created,Virtual Users [400 threads] 1-53,text,true,,568,572,6,6,http://k8s-forkfind-forkfind-8e65d48af1-1990260306.us-east-1.elb.amazonaws.com/restaurants/15/reviews,229,0,0
1777594953777,882,01 - POST /auth/user/login,200,OK,Virtual Users [400 threads] 1-56,text,true,,406,363,5,5,http://k8s-forkfind-forkfind-8e65d48af1-1990260306.us-east-1.elb.amazonaws.com/auth/user/login,882,0,72
1777594954524,137,03 - POST /restaurants/15/reviews,201,Created,Virtual Users [400 threads] 1-55,text,true,,569,572,5,5,http://k8s-forkfind-forkfind-8e65d48af1-1990260306.us-east-1.elb.amazonaws.com/restaurants/15/reviews,137,0,0
1777594954660,96,02 - GET /restaurants (search),200,OK,Virtual Users [400 threads] 1-56,text,true,,790,436,5,5,http://k8s-forkfind-forkfind-8e65d48af1-1990260306.us-east-1.elb.amazonaws.com/restaurants?q=pizza&limit=12&sort=rating,96,0,0
1777594954757,102,03 - POST /restaurants/15/reviews,201,Created,Virtual Users [400 threads] 1-56,text,true,,569,572,5,5,http://k8s-forkfind-forkfind-8e65d48af1-1990260306.us-east-1.elb.amazonaws.com/restaurants/15/reviews,102,0,0
1777594954228,731,01 - POST /auth/user/login,200,OK,Virtual Users [400 threads] 1-58,text,true,,406,363,5,5,http://k8s-forkfind-forkfind-8e65d48af1-1990260306.us-east-1.elb.amazonaws.com/auth/user/login,731,0,71
1777594954014,998,01 - POST /auth/user/login,200,OK,Virtual Users [400 threads] 1-57,text,true,,406,363,5,5,http://k8s-forkfind-forkfind-8e65d48af1-1990260306.us-east-1.elb.amazonaws.com/auth/user/login,998,0,71
1777594954961,81,02 - GET /restaurants (search),200,OK,Virtual Users [400 threads] 1-58,text,true,,790,436,5,5,http://k8s-forkfind-forkfind-8e65d48af1-1990260306.us-east-1.elb.amazonaws.com/restaurants?q=pizza&limit=12&sort=rating,81,0,0
1777594955014,133,02 - GET /restaurants (search),200,OK,Virtual Users [400 threads] 1-57,text,true,,790,436,6,6,http://k8s-forkfind-forkfind-8e65d48af1-1990260306.us-east-1.elb.amazonaws.com/restaurants?q=pizza&limit=12&sort=rating,133,0,0
1777594955043,106,03 - POST /restaurants/15/reviews,201,Created,Virtual Users [400 threads] 1-58,text,true,,569,572,6,6,http://k8s-forkfind-forkfind-8e65d48af1-1990260306.us-east-1.elb.amazonaws.com/restaurants/15/reviews,106,0,0
1777594955148,93,03 - POST /restaurants/15/reviews,201,Created,Virtual Users [400 threads] 1-57,text,true,,569,572,5,5,http://k8s-forkfind-forkfind-8e65d48af1-1990260306.us-east-1.elb.amazonaws.com/restaurants/15/reviews,93,0,0
1777594954461,953,01 - POST /auth/user/login,200,OK,Virtual Users [400 threads] 1-59,text,true,,406,363,5,5,http://k8s-forkfind-forkfind-8e65d48af1-1990260306.us-east-1.elb.amazonaws.com/auth/user/login,953,0,85
1777594955416,100,02 - GET /restaurants (search),200,OK,Virtual Users [400 threads] 1-59,text,true,,790,436,5,5,http://k8s-forkfind-forkfind-8e65d48af1-1990260306.us-east-1.elb.amazonaws.com/restaurants?q=pizza&limit=12&sort=rating,100,0,0
1777594955518,93,03 - POST /restaurants/15/reviews,201,Created,Virtual Users [400 threads] 1-59,text,true,,569,572,6,6,http://k8s-forkfind-forkfind-8e65d48af1-1990260306.us-east-1.elb.amazonaws.com/restaurants/15/reviews,93,0,0
1777594954673,1044,01 - POST /auth/user/login,200,OK,Virtual Users [400 threads] 1-60,text,true,,406,363,5,5,http://k8s-forkfind-forkfind-8e65d48af1-1990260306.us-east-1.elb.amazonaws.com/auth/user/login,1044,0,72
1777594955718,122,02 - GET /restaurants (search),200,OK,Virtual Users [400 threads] 1-60,text,true,,790,436,6,6,http://k8s-forkfind-forkfind-8e65d48af1-1990260306.us-east-1.elb.amazonaws.com/restaurants?q=pizza&limit=12&sort=rating,122,0,0
1777594955841,107,03 - POST /restaurants/15/reviews,201,Created,Virtual Users [400 threads] 1-60,text,true,,569,572,6,6,http://k8s-forkfind-forkfind-8e65d48af1-1990260306.us-east-1.elb.amazonaws.com/restaurants/15/reviews,106,0,0
1777594954901,1123,01 - POST /auth/user/login,200,OK,Virtual Users [400 threads] 1-61,text,true,,406,363,5,5,http://k8s-forkfind-forkfind-8e65d48af1-1990260306.us-east-1.elb.amazonaws.com/auth/user/login,1123,0,73
1777594956025,100,02 - GET /restaurants (search),200,OK,Virtual Users [400 threads] 1-61,text,true,,790,436,6,6,http://k8s-forkfind-forkfind-8e65d48af1-1990260306.us-east-1.elb.amazonaws.com/restaurants?q=pizza&limit=12&sort=rating,100,0,0
1777594956126,102,03 - POST /restaurants/15/reviews,201,Created,Virtual Users [400 threads] 1-61,text,true,,569,572,6,6,http://k8s-forkfind-forkfind-8e65d48af1-1990260306.us-east-1.elb.amazonaws.com/restaurants/15/reviews,101,0,0
1777594955579,708,01 - POST /auth/user/login,200,OK,Virtual Users [400 threads] 1-64,text,true,,406,363,6,6,http://k8s-forkfind-forkfind-8e65d48af1-1990260306.us-east-1.elb.amazonaws.com/auth/user/login,708,0,72
1777594956289,78,02 - GET /restaurants (search),200,OK,Virtual Users [400 threads] 1-64,text,true,,790,436,6,6,http://k8s-forkfind-forkfind-8e65d48af1-1990260306.us-east-1.elb.amazonaws.com/restaurants?q=pizza&limit=12&sort=rating,78,0,0
1777594956369,87,03 - POST /restaurants/15/reviews,201,Created,Virtual Users [400 threads] 1-64,text,true,,569,572,6,6,http://k8s-forkfind-forkfind-8e65d48af1-1990260306.us-east-1.elb.amazonaws.com/restaurants/15/reviews,87,0,0
1777594955132,1375,01 - POST /auth/user/login,200,OK,Virtual Users [400 threads] 1-62,text,true,,406,363,6,6,http://k8s-forkfind-forkfind-8e65d48af1-1990260306.us-east-1.elb.amazonaws.com/auth/user/login,1375,0,75
1777594956508,89,02 - GET /restaurants (search),200,OK,Virtual Users [400 threads] 1-62,text,true,,790,436,6,6,http://k8s-forkfind-forkfind-8e65d48af1-1990260306.us-east-1.elb.amazonaws.com/restaurants?q=pizza&limit=12&sort=rating,89,0,0
1777594955801,812,01 - POST /auth/user/login,200,OK,Virtual Users [400 threads] 1-65,text,true,,406,363,6,6,http://k8s-forkfind-forkfind-8e65d48af1-1990260306.us-east-1.elb.amazonaws.com/auth/user/login,812,0,75
1777594955362,1269,01 - POST /auth/user/login,200,OK,Virtual Users [400 threads] 1-63,text,true,,406,363,6,6,http://k8s-forkfind-forkfind-8e65d48af1-1990260306.us-east-1.elb.amazonaws.com/auth/user/login,1269,0,76
1777594956598,84,03 - POST /restaurants/15/reviews,201,Created,Virtual Users [400 threads] 1-62,text,true,,569,572,6,6,http://k8s-forkfind-forkfind-8e65d48af1-1990260306.us-east-1.elb.amazonaws.com/restaurants/15/reviews,84,0,0
1777594956614,99,02 - GET /restaurants (search),200,OK,Virtual Users [400 threads] 1-65,text,true,,790,436,6,6,http://k8s-forkfind-forkfind-8e65d48af1-1990260306.us-east-1.elb.amazonaws.com/restaurants?q=pizza&limit=12&sort=rating,99,0,0
1777594956633,89,02 - GET /restaurants (search),200,OK,Virtual Users [400 threads] 1-63,text,true,,790,436,6,6,http://k8s-forkfind-forkfind-8e65d48af1-1990260306.us-east-1.elb.amazonaws.com/restaurants?q=pizza&limit=12&sort=rating,88,0,0
1777594956713,95,03 - POST /restaurants/15/reviews,201,Created,Virtual Users [400 threads] 1-65,text,true,,569,572,6,6,http://k8s-forkfind-forkfind-8e65d48af1-1990260306.us-east-1.elb.amazonaws.com/restaurants/15/reviews,95,0,0
1777594956723,91,03 - POST /restaurants/15/reviews,201,Created,Virtual Users [400 threads] 1-63,text,true,,569,572,5,5,http://k8s-forkfind-forkfind-8e65d48af1-1990260306.us-east-1.elb.amazonaws.com/restaurants/15/reviews,91,0,0
1777594956033,1094,01 - POST /auth/user/login,200,OK,Virtual Users [400 threads] 1-66,text,true,,406,363,5,5,http://k8s-forkfind-forkfind-8e65d48af1-1990260306.us-east-1.elb.amazonaws.com/auth/user/login,1094,0,73
1777594957129,116,02 - GET /restaurants (search),200,OK,Virtual Users [400 threads] 1-66,text,true,,790,436,6,6,http://k8s-forkfind-forkfind-8e65d48af1-1990260306.us-east-1.elb.amazonaws.com/restaurants?q=pizza&limit=12&sort=rating,116,0,0
1777594956259,1049,01 - POST /auth/user/login,200,OK,Virtual Users [400 threads] 1-67,text,true,,406,363,6,6,http://k8s-forkfind-forkfind-8e65d48af1-1990260306.us-east-1.elb.amazonaws.com/auth/user/login,1049,0,74
1777594957247,164,03 - POST /restaurants/15/reviews,201,Created,Virtual Users [400 threads] 1-66,text,true,,569,572,7,7,http://k8s-forkfind-forkfind-8e65d48af1-1990260306.us-east-1.elb.amazonaws.com/restaurants/15/reviews,163,0,0
1777594957309,112,02 - GET /restaurants (search),200,OK,Virtual Users [400 threads] 1-67,text,true,,790,436,6,6,http://k8s-forkfind-forkfind-8e65d48af1-1990260306.us-east-1.elb.amazonaws.com/restaurants?q=pizza&limit=12&sort=rating,112,0,0
1777594957422,106,03 - POST /restaurants/15/reviews,201,Created,Virtual Users [400 threads] 1-67,text,true,,569,572,6,6,http://k8s-forkfind-forkfind-8e65d48af1-1990260306.us-east-1.elb.amazonaws.com/restaurants/15/reviews,106,0,0
1777594956482,1125,01 - POST /auth/user/login,200,OK,Virtual Users [400 threads] 1-68,text,true,,406,363,6,6,http://k8s-forkfind-forkfind-8e65d48af1-1990260306.us-east-1.elb.amazonaws.com/auth/user/login,1125,0,75
1777594957608,115,02 - GET /restaurants (search),200,OK,Virtual Users [400 threads] 1-68,text,true,,790,436,6,6,http://k8s-forkfind-forkfind-8e65d48af1-1990260306.us-east-1.elb.amazonaws.com/restaurants?q=pizza&limit=12&sort=rating,114,0,0
1777594956709,1035,01 - POST /auth/user/login,200,OK,Virtual Users [400 threads] 1-69,text,true,,406,363,6,6,http://k8s-forkfind-forkfind-8e65d48af1-1990260306.us-east-1.elb.amazonaws.com/auth/user/login,1035,0,73
1777594957723,126,03 - POST /restaurants/15/reviews,201,Created,Virtual Users [400 threads] 1-68,text,true,,569,572,7,7,http://k8s-forkfind-forkfind-8e65d48af1-1990260306.us-east-1.elb.amazonaws.com/restaurants/15/reviews,126,0,0
1777594957746,103,02 - GET /restaurants (search),200,OK,Virtual Users [400 threads] 1-69,text,true,,790,436,7,7,http://k8s-forkfind-forkfind-8e65d48af1-1990260306.us-east-1.elb.amazonaws.com/restaurants?q=pizza&limit=12&sort=rating,103,0,0
1777594957158,767,01 - POST /auth/user/login,200,OK,Virtual Users [400 threads] 1-71,text,true,,406,363,6,6,http://k8s-forkfind-forkfind-8e65d48af1-1990260306.us-east-1.elb.amazonaws.com/auth/user/login,767,0,87
1777594957850,135,03 - POST /restaurants/15/reviews,201,Created,Virtual Users [400 threads] 1-69,text,true,,569,572,6,6,http://k8s-forkfind-forkfind-8e65d48af1-1990260306.us-east-1.elb.amazonaws.com/restaurants/15/reviews,135,0,0
1777594956934,1095,01 - POST /auth/user/login,200,OK,Virtual Users [400 threads] 1-70,text,true,,406,363,5,5,http://k8s-forkfind-forkfind-8e65d48af1-1990260306.us-east-1.elb.amazonaws.com/auth/user/login,1095,0,75
1777594957927,175,02 - GET /restaurants (search),200,OK,Virtual Users [400 threads] 1-71,text,true,,790,436,6,6,http://k8s-forkfind-forkfind-8e65d48af1-1990260306.us-east-1.elb.amazonaws.com/restaurants?q=pizza&limit=12&sort=rating,175,0,0
1777594958030,110,02 - GET /restaurants (search),200,OK,Virtual Users [400 threads] 1-70,text,true,,790,436,6,6,http://k8s-forkfind-forkfind-8e65d48af1-1990260306.us-east-1.elb.amazonaws.com/restaurants?q=pizza&limit=12&sort=rating,110,0,0
1777594958104,189,03 - POST /restaurants/15/reviews,201,Created,Virtual Users [400 threads] 1-71,text,true,,569,572,7,7,http://k8s-forkfind-forkfind-8e65d48af1-1990260306.us-east-1.elb.amazonaws.com/restaurants/15/reviews,189,0,0
1777594958141,152,03 - POST /restaurants/15/reviews,201,Created,Virtual Users [400 threads] 1-70,text,true,,569,572,7,7,http://k8s-forkfind-forkfind-8e65d48af1-1990260306.us-east-1.elb.amazonaws.com/restaurants/15/reviews,152,0,0
1777594957374,1066,01 - POST /auth/user/login,200,OK,Virtual Users [400 threads] 1-72,text,true,,406,363,5,5,http://k8s-forkfind-forkfind-8e65d48af1-1990260306.us-east-1.elb.amazonaws.com/auth/user/login,1066,0,73
1777594957600,918,01 - POST /auth/user/login,200,OK,Virtual Users [400 threads] 1-73,text,true,,406,363,6,6,http://k8s-forkfind-forkfind-8e65d48af1-1990260306.us-east-1.elb.amazonaws.com/auth/user/login,918,0,122
1777594958442,94,02 - GET /restaurants (search),200,OK,Virtual Users [400 threads] 1-72,text,true,,790,436,6,6,http://k8s-forkfind-forkfind-8e65d48af1-1990260306.us-east-1.elb.amazonaws.com/restaurants?q=pizza&limit=12&sort=rating,94,0,0
1777594958519,128,02 - GET /restaurants (search),200,OK,Virtual Users [400 threads] 1-73,text,true,,790,436,6,6,http://k8s-forkfind-forkfind-8e65d48af1-1990260306.us-east-1.elb.amazonaws.com/restaurants?q=pizza&limit=12&sort=rating,128,0,0
1777594958537,208,03 - POST /restaurants/15/reviews,201,Created,Virtual Users [400 threads] 1-72,text,true,,569,572,7,7,http://k8s-forkfind-forkfind-8e65d48af1-1990260306.us-east-1.elb.amazonaws.com/restaurants/15/reviews,208,0,0
1777594958648,116,03 - POST /restaurants/15/reviews,201,Created,Virtual Users [400 threads] 1-73,text,true,,569,572,6,6,http://k8s-forkfind-forkfind-8e65d48af1-1990260306.us-east-1.elb.amazonaws.com/restaurants/15/reviews,116,0,0
1777594958057,707,01 - POST /auth/user/login,200,OK,Virtual Users [400 threads] 1-75,text,true,,406,363,6,6,http://k8s-forkfind-forkfind-8e65d48af1-1990260306.us-east-1.elb.amazonaws.com/auth/user/login,707,0,83
1777594958765,111,02 - GET /restaurants (search),200,OK,Virtual Users [400 threads] 1-75,text,true,,790,436,5,5,http://k8s-forkfind-forkfind-8e65d48af1-1990260306.us-east-1.elb.amazonaws.com/restaurants?q=pizza&limit=12&sort=rating,111,0,0
1777594957826,1172,01 - POST /auth/user/login,200,OK,Virtual Users [400 threads] 1-74,text,true,,406,363,6,6,http://k8s-forkfind-forkfind-8e65d48af1-1990260306.us-east-1.elb.amazonaws.com/auth/user/login,1172,0,86
1777594958877,143,03 - POST /restaurants/15/reviews,201,Created,Virtual Users [400 threads] 1-75,text,true,,569,572,6,6,http://k8s-forkfind-forkfind-8e65d48af1-1990260306.us-east-1.elb.amazonaws.com/restaurants/15/reviews,143,0,0
1777594959000,114,02 - GET /restaurants (search),200,OK,Virtual Users [400 threads] 1-74,text,true,,790,436,5,5,http://k8s-forkfind-forkfind-8e65d48af1-1990260306.us-east-1.elb.amazonaws.com/restaurants?q=pizza&limit=12&sort=rating,114,0,0
1777594958279,835,01 - POST /auth/user/login,200,OK,Virtual Users [400 threads] 1-76,text,true,,406,363,5,5,http://k8s-forkfind-forkfind-8e65d48af1-1990260306.us-east-1.elb.amazonaws.com/auth/user/login,835,0,161
1777594959115,107,03 - POST /restaurants/15/reviews,201,Created,Virtual Users [400 threads] 1-74,text,true,,569,572,6,6,http://k8s-forkfind-forkfind-8e65d48af1-1990260306.us-east-1.elb.amazonaws.com/restaurants/15/reviews,107,0,0
1777594959115,107,02 - GET /restaurants (search),200,OK,Virtual Users [400 threads] 1-76,text,true,,790,436,6,6,http://k8s-forkfind-forkfind-8e65d48af1-1990260306.us-east-1.elb.amazonaws.com/restaurants?q=pizza&limit=12&sort=rating,107,0,0
1777594959223,109,03 - POST /restaurants/15/reviews,201,Created,Virtual Users [400 threads] 1-76,text,true,,569,572,5,5,http://k8s-forkfind-forkfind-8e65d48af1-1990260306.us-east-1.elb.amazonaws.com/restaurants/15/reviews,109,0,0
1777594958502,944,01 - POST /auth/user/login,200,OK,Virtual Users [400 threads] 1-77,text,true,,406,363,5,5,http://k8s-forkfind-forkfind-8e65d48af1-1990260306.us-east-1.elb.amazonaws.com/auth/user/login,944,0,85
1777594959448,118,02 - GET /restaurants (search),200,OK,Virtual Users [400 threads] 1-77,text,true,,790,436,5,5,http://k8s-forkfind-forkfind-8e65d48af1-1990260306.us-east-1.elb.amazonaws.com/restaurants?q=pizza&limit=12&sort=rating,118,0,0
1777594959567,157,03 - POST /restaurants/15/reviews,201,Created,Virtual Users [400 threads] 1-77,text,true,,569,572,6,6,http://k8s-forkfind-forkfind-8e65d48af1-1990260306.us-east-1.elb.amazonaws.com/restaurants/15/reviews,157,0,0
1777594958727,1018,01 - POST /auth/user/login,200,OK,Virtual Users [400 threads] 1-78,text,true,,406,363,5,5,http://k8s-forkfind-forkfind-8e65d48af1-1990260306.us-east-1.elb.amazonaws.com/auth/user/login,1018,0,83
1777594959746,110,02 - GET /restaurants (search),200,OK,Virtual Users [400 threads] 1-78,text,true,,790,436,5,5,http://k8s-forkfind-forkfind-8e65d48af1-1990260306.us-east-1.elb.amazonaws.com/restaurants?q=pizza&limit=12&sort=rating,109,0,0
1777594959857,156,03 - POST /restaurants/15/reviews,201,Created,Virtual Users [400 threads] 1-78,text,true,,569,572,6,6,http://k8s-forkfind-forkfind-8e65d48af1-1990260306.us-east-1.elb.amazonaws.com/restaurants/15/reviews,155,0,0
1777594958956,1176,01 - POST /auth/user/login,200,OK,Virtual Users [400 threads] 1-79,text,true,,406,363,6,6,http://k8s-forkfind-forkfind-8e65d48af1-1990260306.us-east-1.elb.amazonaws.com/auth/user/login,1176,0,125
1777594960133,100,02 - GET /restaurants (search),200,OK,Virtual Users [400 threads] 1-79,text,true,,790,436,6,6,http://k8s-forkfind-forkfind-8e65d48af1-1990260306.us-east-1.elb.amazonaws.com/restaurants?q=pizza&limit=12&sort=rating,100,0,0
1777594960236,90,03 - POST /restaurants/15/reviews,201,Created,Virtual Users [400 threads] 1-79,text,true,,569,572,7,7,http://k8s-forkfind-forkfind-8e65d48af1-1990260306.us-east-1.elb.amazonaws.com/restaurants/15/reviews,90,0,0
1777594959631,760,01 - POST /auth/user/login,200,OK,Virtual Users [400 threads] 1-82,text,true,,406,363,6,6,http://k8s-forkfind-forkfind-8e65d48af1-1990260306.us-east-1.elb.amazonaws.com/auth/user/login,760,0,92
1777594960392,81,02 - GET /restaurants (search),200,OK,Virtual Users [400 threads] 1-82,text,true,,790,436,6,6,http://k8s-forkfind-forkfind-8e65d48af1-1990260306.us-east-1.elb.amazonaws.com/restaurants?q=pizza&limit=12&sort=rating,81,0,0
1777594960474,144,03 - POST /restaurants/15/reviews,201,Created,Virtual Users [400 threads] 1-82,text,true,,569,572,7,7,http://k8s-forkfind-forkfind-8e65d48af1-1990260306.us-east-1.elb.amazonaws.com/restaurants/15/reviews,144,0,0
1777594959180,1440,01 - POST /auth/user/login,200,OK,Virtual Users [400 threads] 1-80,text,true,,406,363,6,6,http://k8s-forkfind-forkfind-8e65d48af1-1990260306.us-east-1.elb.amazonaws.com/auth/user/login,1440,0,123
1777594959859,835,01 - POST /auth/user/login,200,OK,Virtual Users [400 threads] 1-83,text,true,,406,363,6,6,http://k8s-forkfind-forkfind-8e65d48af1-1990260306.us-east-1.elb.amazonaws.com/auth/user/login,835,0,76
1777594960621,84,02 - GET /restaurants (search),200,OK,Virtual Users [400 threads] 1-80,text,true,,790,436,6,6,http://k8s-forkfind-forkfind-8e65d48af1-1990260306.us-east-1.elb.amazonaws.com/restaurants?q=pizza&limit=12&sort=rating,84,0,0
1777594960695,82,02 - GET /restaurants (search),200,OK,Virtual Users [400 threads] 1-83,text,true,,790,436,7,7,http://k8s-forkfind-forkfind-8e65d48af1-1990260306.us-east-1.elb.amazonaws.com/restaurants?q=pizza&limit=12&sort=rating,82,0,0
1777594960706,107,03 - POST /restaurants/15/reviews,201,Created,Virtual Users [400 threads] 1-80,text,true,,569,572,7,7,http://k8s-forkfind-forkfind-8e65d48af1-1990260306.us-east-1.elb.amazonaws.com/restaurants/15/reviews,107,0,0
1777594959409,1406,01 - POST /auth/user/login,200,OK,Virtual Users [400 threads] 1-81,text,true,,406,363,6,6,http://k8s-forkfind-forkfind-8e65d48af1-1990260306.us-east-1.elb.amazonaws.com/auth/user/login,1406,0,92
1777594960778,82,03 - POST /restaurants/15/reviews,201,Created,Virtual Users [400 threads] 1-83,text,true,,569,572,6,6,http://k8s-forkfind-forkfind-8e65d48af1-1990260306.us-east-1.elb.amazonaws.com/restaurants/15/reviews,82,0,0
1777594960817,89,02 - GET /restaurants (search),200,OK,Virtual Users [400 threads] 1-81,text,true,,790,436,5,5,http://k8s-forkfind-forkfind-8e65d48af1-1990260306.us-east-1.elb.amazonaws.com/restaurants?q=pizza&limit=12&sort=rating,89,0,0
1777594960907,106,03 - POST /restaurants/15/reviews,201,Created,Virtual Users [400 threads] 1-81,text,true,,569,572,6,6,http://k8s-forkfind-forkfind-8e65d48af1-1990260306.us-east-1.elb.amazonaws.com/restaurants/15/reviews,106,0,0
1777594960305,716,01 - POST /auth/user/login,200,OK,Virtual Users [400 threads] 1-85,text,true,,406,363,5,5,http://k8s-forkfind-forkfind-8e65d48af1-1990260306.us-east-1.elb.amazonaws.com/auth/user/login,716,0,72
1777594961022,86,02 - GET /restaurants (search),200,OK,Virtual Users [400 threads] 1-85,text,true,,790,436,5,5,http://k8s-forkfind-forkfind-8e65d48af1-1990260306.us-east-1.elb.amazonaws.com/restaurants?q=pizza&limit=12&sort=rating,86,0,0
1777594961109,109,03 - POST /restaurants/15/reviews,201,Created,Virtual Users [400 threads] 1-85,text,true,,569,572,6,6,http://k8s-forkfind-forkfind-8e65d48af1-1990260306.us-east-1.elb.amazonaws.com/restaurants/15/reviews,109,0,0
1777594960527,767,01 - POST /auth/user/login,200,OK,Virtual Users [400 threads] 1-86,text,true,,406,363,5,5,http://k8s-forkfind-forkfind-8e65d48af1-1990260306.us-east-1.elb.amazonaws.com/auth/user/login,767,0,71
1777594961295,92,02 - GET /restaurants (search),200,OK,Virtual Users [400 threads] 1-86,text,true,,790,436,5,5,http://k8s-forkfind-forkfind-8e65d48af1-1990260306.us-east-1.elb.amazonaws.com/restaurants?q=pizza&limit=12&sort=rating,92,0,0
1777594960074,1428,01 - POST /auth/user/login,200,OK,Virtual Users [400 threads] 1-84,text,true,,406,363,6,6,http://k8s-forkfind-forkfind-8e65d48af1-1990260306.us-east-1.elb.amazonaws.com/auth/user/login,1428,0,71
1777594961388,126,03 - POST /restaurants/15/reviews,201,Created,Virtual Users [400 threads] 1-86,text,true,,569,572,6,6,http://k8s-forkfind-forkfind-8e65d48af1-1990260306.us-east-1.elb.amazonaws.com/restaurants/15/reviews,126,0,0
1777594961504,108,02 - GET /restaurants (search),200,OK,Virtual Users [400 threads] 1-84,text,true,,790,436,5,5,http://k8s-forkfind-forkfind-8e65d48af1-1990260306.us-east-1.elb.amazonaws.com/restaurants?q=pizza&limit=12&sort=rating,108,0,0
1777594961613,143,03 - POST /restaurants/15/reviews,201,Created,Virtual Users [400 threads] 1-84,text,true,,569,572,6,6,http://k8s-forkfind-forkfind-8e65d48af1-1990260306.us-east-1.elb.amazonaws.com/restaurants/15/reviews,143,0,0
1777594960973,814,01 - POST /auth/user/login,200,OK,Virtual Users [400 threads] 1-88,text,true,,406,363,5,5,http://k8s-forkfind-forkfind-8e65d48af1-1990260306.us-east-1.elb.amazonaws.com/auth/user/login,814,0,71
1777594961789,80,02 - GET /restaurants (search),200,OK,Virtual Users [400 threads] 1-88,text,true,,790,436,5,5,http://k8s-forkfind-forkfind-8e65d48af1-1990260306.us-east-1.elb.amazonaws.com/restaurants?q=pizza&limit=12&sort=rating,80,0,0
1777594961207,693,01 - POST /auth/user/login,200,OK,Virtual Users [400 threads] 1-89,text,true,,406,363,6,6,http://k8s-forkfind-forkfind-8e65d48af1-1990260306.us-east-1.elb.amazonaws.com/auth/user/login,693,0,71
1777594961870,86,03 - POST /restaurants/15/reviews,201,Created,Virtual Users [400 threads] 1-88,text,true,,569,572,6,6,http://k8s-forkfind-forkfind-8e65d48af1-1990260306.us-east-1.elb.amazonaws.com/restaurants/15/reviews,86,0,0
1777594961902,80,02 - GET /restaurants (search),200,OK,Virtual Users [400 threads] 1-89,text,true,,790,436,5,5,http://k8s-forkfind-forkfind-8e65d48af1-1990260306.us-east-1.elb.amazonaws.com/restaurants?q=pizza&limit=12&sort=rating,80,0,0
1777594960754,1243,01 - POST /auth/user/login,200,OK,Virtual Users [400 threads] 1-87,text,true,,406,363,5,5,http://k8s-forkfind-forkfind-8e65d48af1-1990260306.us-east-1.elb.amazonaws.com/auth/user/login,1243,0,72
1777594961999,84,02 - GET /restaurants (search),200,OK,Virtual Users [400 threads] 1-87,text,true,,790,436,5,5,http://k8s-forkfind-forkfind-8e65d48af1-1990260306.us-east-1.elb.amazonaws.com/restaurants?q=pizza&limit=12&sort=rating,84,0,0
1777594961983,145,03 - POST /restaurants/15/reviews,201,Created,Virtual Users [400 threads] 1-89,text,true,,569,572,6,6,http://k8s-forkfind-forkfind-8e65d48af1-1990260306.us-east-1.elb.amazonaws.com/restaurants/15/reviews,145,0,0
1777594962084,130,03 - POST /restaurants/15/reviews,201,Created,Virtual Users [400 threads] 1-87,text,true,,569,572,5,5,http://k8s-forkfind-forkfind-8e65d48af1-1990260306.us-east-1.elb.amazonaws.com/restaurants/15/reviews,130,0,0
1777594961429,982,01 - POST /auth/user/login,200,OK,Virtual Users [400 threads] 1-90,text,true,,406,363,5,5,http://k8s-forkfind-forkfind-8e65d48af1-1990260306.us-east-1.elb.amazonaws.com/auth/user/login,982,0,73
1777594961649,794,01 - POST /auth/user/login,200,OK,Virtual Users [400 threads] 1-91,text,true,,406,363,5,5,http://k8s-forkfind-forkfind-8e65d48af1-1990260306.us-east-1.elb.amazonaws.com/auth/user/login,794,0,73
1777594962412,94,02 - GET /restaurants (search),200,OK,Virtual Users [400 threads] 1-90,text,true,,790,436,5,5,http://k8s-forkfind-forkfind-8e65d48af1-1990260306.us-east-1.elb.amazonaws.com/restaurants?q=pizza&limit=12&sort=rating,93,0,0
1777594962444,84,02 - GET /restaurants (search),200,OK,Virtual Users [400 threads] 1-91,text,true,,790,436,5,5,http://k8s-forkfind-forkfind-8e65d48af1-1990260306.us-east-1.elb.amazonaws.com/restaurants?q=pizza&limit=12&sort=rating,84,0,0
1777594962506,106,03 - POST /restaurants/15/reviews,201,Created,Virtual Users [400 threads] 1-90,text,true,,569,572,6,6,http://k8s-forkfind-forkfind-8e65d48af1-1990260306.us-east-1.elb.amazonaws.com/restaurants/15/reviews,106,0,0
1777594962529,132,03 - POST /restaurants/15/reviews,201,Created,Virtual Users [400 threads] 1-91,text,true,,569,572,5,5,http://k8s-forkfind-forkfind-8e65d48af1-1990260306.us-east-1.elb.amazonaws.com/restaurants/15/reviews,132,0,0
1777594962095,674,01 - POST /auth/user/login,200,OK,Virtual Users [400 threads] 1-93,text,true,,406,363,4,4,http://k8s-forkfind-forkfind-8e65d48af1-1990260306.us-east-1.elb.amazonaws.com/auth/user/login,674,0,71
1777594962770,83,02 - GET /restaurants (search),200,OK,Virtual Users [400 threads] 1-93,text,true,,790,436,5,5,http://k8s-forkfind-forkfind-8e65d48af1-1990260306.us-east-1.elb.amazonaws.com/restaurants?q=pizza&limit=12&sort=rating,83,0,0
1777594962854,102,03 - POST /restaurants/15/reviews,201,Created,Virtual Users [400 threads] 1-93,text,true,,569,572,5,5,http://k8s-forkfind-forkfind-8e65d48af1-1990260306.us-east-1.elb.amazonaws.com/restaurants/15/reviews,102,0,0
1777594962318,737,01 - POST /auth/user/login,200,OK,Virtual Users [400 threads] 1-94,text,true,,406,363,5,5,http://k8s-forkfind-forkfind-8e65d48af1-1990260306.us-east-1.elb.amazonaws.com/auth/user/login,737,0,71
1777594961881,1220,01 - POST /auth/user/login,200,OK,Virtual Users [400 threads] 1-92,text,true,,406,363,5,5,http://k8s-forkfind-forkfind-8e65d48af1-1990260306.us-east-1.elb.amazonaws.com/auth/user/login,1220,0,72
1777594963056,78,02 - GET /restaurants (search),200,OK,Virtual Users [400 threads] 1-94,text,true,,790,436,5,5,http://k8s-forkfind-forkfind-8e65d48af1-1990260306.us-east-1.elb.amazonaws.com/restaurants?q=pizza&limit=12&sort=rating,78,0,0
1777594963102,81,02 - GET /restaurants (search),200,OK,Virtual Users [400 threads] 1-92,text,true,,790,436,5,5,http://k8s-forkfind-forkfind-8e65d48af1-1990260306.us-east-1.elb.amazonaws.com/restaurants?q=pizza&limit=12&sort=rating,81,0,0
1777594963135,119,03 - POST /restaurants/15/reviews,201,Created,Virtual Users [400 threads] 1-94,text,true,,569,572,6,6,http://k8s-forkfind-forkfind-8e65d48af1-1990260306.us-east-1.elb.amazonaws.com/restaurants/15/reviews,119,0,0
1777594963184,120,03 - POST /restaurants/15/reviews,201,Created,Virtual Users [400 threads] 1-92,text,true,,569,572,5,5,http://k8s-forkfind-forkfind-8e65d48af1-1990260306.us-east-1.elb.amazonaws.com/restaurants/15/reviews,120,0,0
1777594962546,964,01 - POST /auth/user/login,200,OK,Virtual Users [400 threads] 1-95,text,true,,406,363,5,5,http://k8s-forkfind-forkfind-8e65d48af1-1990260306.us-east-1.elb.amazonaws.com/auth/user/login,964,0,71
1777594963512,80,02 - GET /restaurants (search),200,OK,Virtual Users [400 threads] 1-95,text,true,,790,436,5,5,http://k8s-forkfind-forkfind-8e65d48af1-1990260306.us-east-1.elb.amazonaws.com/restaurants?q=pizza&limit=12&sort=rating,80,0,0
1777594963593,114,03 - POST /restaurants/15/reviews,201,Created,Virtual Users [400 threads] 1-95,text,true,,569,572,6,6,http://k8s-forkfind-forkfind-8e65d48af1-1990260306.us-east-1.elb.amazonaws.com/restaurants/15/reviews,114,0,0
1777594962774,1155,01 - POST /auth/user/login,200,OK,Virtual Users [400 threads] 1-96,text,true,,406,363,6,6,http://k8s-forkfind-forkfind-8e65d48af1-1990260306.us-east-1.elb.amazonaws.com/auth/user/login,1155,0,72
1777594963930,128,02 - GET /restaurants (search),200,OK,Virtual Users [400 threads] 1-96,text,true,,790,436,6,6,http://k8s-forkfind-forkfind-8e65d48af1-1990260306.us-east-1.elb.amazonaws.com/restaurants?q=pizza&limit=12&sort=rating,128,0,0
1777594963218,886,01 - POST /auth/user/login,200,OK,Virtual Users [400 threads] 1-98,text,true,,406,363,6,6,http://k8s-forkfind-forkfind-8e65d48af1-1990260306.us-east-1.elb.amazonaws.com/auth/user/login,886,0,72
1777594962995,1129,01 - POST /auth/user/login,200,OK,Virtual Users [400 threads] 1-97,text,true,,406,363,7,7,http://k8s-forkfind-forkfind-8e65d48af1-1990260306.us-east-1.elb.amazonaws.com/auth/user/login,1129,0,75
1777594964059,96,03 - POST /restaurants/15/reviews,201,Created,Virtual Users [400 threads] 1-96,text,true,,568,572,7,7,http://k8s-forkfind-forkfind-8e65d48af1-1990260306.us-east-1.elb.amazonaws.com/restaurants/15/reviews,95,0,0
1777594964105,118,02 - GET /restaurants (search),200,OK,Virtual Users [400 threads] 1-98,text,true,,790,436,6,6,http://k8s-forkfind-forkfind-8e65d48af1-1990260306.us-east-1.elb.amazonaws.com/restaurants?q=pizza&limit=12&sort=rating,118,0,0
1777594964125,104,02 - GET /restaurants (search),200,OK,Virtual Users [400 threads] 1-97,text,true,,790,436,6,6,http://k8s-forkfind-forkfind-8e65d48af1-1990260306.us-east-1.elb.amazonaws.com/restaurants?q=pizza&limit=12&sort=rating,104,0,0
1777594963444,866,01 - POST /auth/user/login,200,OK,Virtual Users [400 threads] 1-99,text,true,,406,363,6,6,http://k8s-forkfind-forkfind-8e65d48af1-1990260306.us-east-1.elb.amazonaws.com/auth/user/login,866,0,73
1777594964230,99,03 - POST /restaurants/15/reviews,201,Created,Virtual Users [400 threads] 1-97,text,true,,569,572,6,6,http://k8s-forkfind-forkfind-8e65d48af1-1990260306.us-east-1.elb.amazonaws.com/restaurants/15/reviews,99,0,0
1777594964224,130,03 - POST /restaurants/15/reviews,201,Created,Virtual Users [400 threads] 1-98,text,true,,569,572,6,6,http://k8s-forkfind-forkfind-8e65d48af1-1990260306.us-east-1.elb.amazonaws.com/restaurants/15/reviews,130,0,0
1777594964311,210,02 - GET /restaurants (search),200,OK,Virtual Users [400 threads] 1-99,text,true,,790,436,5,5,http://k8s-forkfind-forkfind-8e65d48af1-1990260306.us-east-1.elb.amazonaws.com/restaurants?q=pizza&limit=12&sort=rating,210,0,0
1777594964522,95,03 - POST /restaurants/15/reviews,201,Created,Virtual Users [400 threads] 1-99,text,true,,569,572,6,6,http://k8s-forkfind-forkfind-8e65d48af1-1990260306.us-east-1.elb.amazonaws.com/restaurants/15/reviews,95,0,0
1777594963670,1061,01 - POST /auth/user/login,200,OK,Virtual Users [400 threads] 1-100,text,true,,406,363,5,5,http://k8s-forkfind-forkfind-8e65d48af1-1990260306.us-east-1.elb.amazonaws.com/auth/user/login,1061,0,73
1777594964120,703,01 - POST /auth/user/login,200,OK,Virtual Users [400 threads] 1-102,text,true,,406,363,6,6,http://k8s-forkfind-forkfind-8e65d48af1-1990260306.us-east-1.elb.amazonaws.com/auth/user/login,703,0,71
1777594964733,100,02 - GET /restaurants (search),200,OK,Virtual Users [400 threads] 1-100,text,true,,790,436,6,6,http://k8s-forkfind-forkfind-8e65d48af1-1990260306.us-east-1.elb.amazonaws.com/restaurants?q=pizza&limit=12&sort=rating,100,0,0
1777594963898,995,01 - POST /auth/user/login,200,OK,Virtual Users [400 threads] 1-101,text,true,,406,363,6,6,http://k8s-forkfind-forkfind-8e65d48af1-1990260306.us-east-1.elb.amazonaws.com/auth/user/login,995,0,72
1777594964825,110,02 - GET /restaurants (search),200,OK,Virtual Users [400 threads] 1-102,text,true,,790,436,6,6,http://k8s-forkfind-forkfind-8e65d48af1-1990260306.us-east-1.elb.amazonaws.com/restaurants?q=pizza&limit=12&sort=rating,110,0,0
1777594964834,118,03 - POST /restaurants/15/reviews,201,Created,Virtual Users [400 threads] 1-100,text,true,,570,573,6,6,http://k8s-forkfind-forkfind-8e65d48af1-1990260306.us-east-1.elb.amazonaws.com/restaurants/15/reviews,118,0,0
1777594964894,136,02 - GET /restaurants (search),200,OK,Virtual Users [400 threads] 1-101,text,true,,790,436,6,6,http://k8s-forkfind-forkfind-8e65d48af1-1990260306.us-east-1.elb.amazonaws.com/restaurants?q=pizza&limit=12&sort=rating,136,0,0
1777594964935,99,03 - POST /restaurants/15/reviews,201,Created,Virtual Users [400 threads] 1-102,text,true,,571,573,6,6,http://k8s-forkfind-forkfind-8e65d48af1-1990260306.us-east-1.elb.amazonaws.com/restaurants/15/reviews,99,0,0
1777594965030,112,03 - POST /restaurants/15/reviews,201,Created,Virtual Users [400 threads] 1-101,text,true,,570,573,5,5,http://k8s-forkfind-forkfind-8e65d48af1-1990260306.us-east-1.elb.amazonaws.com/restaurants/15/reviews,112,0,0
1777594964346,860,01 - POST /auth/user/login,200,OK,Virtual Users [400 threads] 1-103,text,true,,406,363,4,4,http://k8s-forkfind-forkfind-8e65d48af1-1990260306.us-east-1.elb.amazonaws.com/auth/user/login,860,0,71
1777594965207,140,02 - GET /restaurants (search),200,OK,Virtual Users [400 threads] 1-103,text,true,,790,436,5,5,http://k8s-forkfind-forkfind-8e65d48af1-1990260306.us-east-1.elb.amazonaws.com/restaurants?q=pizza&limit=12&sort=rating,140,0,0
1777594964570,851,01 - POST /auth/user/login,200,OK,Virtual Users [400 threads] 1-104,text,true,,406,363,5,5,http://k8s-forkfind-forkfind-8e65d48af1-1990260306.us-east-1.elb.amazonaws.com/auth/user/login,851,0,72
1777594965348,174,03 - POST /restaurants/15/reviews,201,Created,Virtual Users [400 threads] 1-103,text,true,,571,573,6,6,http://k8s-forkfind-forkfind-8e65d48af1-1990260306.us-east-1.elb.amazonaws.com/restaurants/15/reviews,174,0,0
1777594965422,100,02 - GET /restaurants (search),200,OK,Virtual Users [400 threads] 1-104,text,true,,790,436,6,6,http://k8s-forkfind-forkfind-8e65d48af1-1990260306.us-east-1.elb.amazonaws.com/restaurants?q=pizza&limit=12&sort=rating,100,0,0
1777594965523,92,03 - POST /restaurants/15/reviews,201,Created,Virtual Users [400 threads] 1-104,text,true,,570,573,5,5,http://k8s-forkfind-forkfind-8e65d48af1-1990260306.us-east-1.elb.amazonaws.com/restaurants/15/reviews,92,0,0
1777594964791,1023,01 - POST /auth/user/login,200,OK,Virtual Users [400 threads] 1-105,text,true,,406,363,5,5,http://k8s-forkfind-forkfind-8e65d48af1-1990260306.us-east-1.elb.amazonaws.com/auth/user/login,1023,0,72
1777594965816,82,02 - GET /restaurants (search),200,OK,Virtual Users [400 threads] 1-105,text,true,,790,436,5,5,http://k8s-forkfind-forkfind-8e65d48af1-1990260306.us-east-1.elb.amazonaws.com/restaurants?q=pizza&limit=12&sort=rating,82,0,0
1777594965899,96,03 - POST /restaurants/15/reviews,201,Created,Virtual Users [400 threads] 1-105,text,true,,571,573,6,6,http://k8s-forkfind-forkfind-8e65d48af1-1990260306.us-east-1.elb.amazonaws.com/restaurants/15/reviews,96,0,0
1777594965019,1099,01 - POST /auth/user/login,200,OK,Virtual Users [400 threads] 1-106,text,true,,406,363,5,5,http://k8s-forkfind-forkfind-8e65d48af1-1990260306.us-east-1.elb.amazonaws.com/auth/user/login,1098,0,75
1777594966119,100,02 - GET /restaurants (search),200,OK,Virtual Users [400 threads] 1-106,text,true,,790,436,6,6,http://k8s-forkfind-forkfind-8e65d48af1-1990260306.us-east-1.elb.amazonaws.com/restaurants?q=pizza&limit=12&sort=rating,100,0,0
1777594966220,121,03 - POST /restaurants/15/reviews,201,Created,Virtual Users [400 threads] 1-106,text,true,,571,573,6,6,http://k8s-forkfind-forkfind-8e65d48af1-1990260306.us-east-1.elb.amazonaws.com/restaurants/15/reviews,121,0,0
1777594965249,1092,01 - POST /auth/user/login,200,OK,Virtual Users [400 threads] 1-107,text,true,,406,363,6,6,http://k8s-forkfind-forkfind-8e65d48af1-1990260306.us-east-1.elb.amazonaws.com/auth/user/login,1092,0,98
1777594966342,95,02 - GET /restaurants (search),200,OK,Virtual Users [400 threads] 1-107,text,true,,790,436,6,6,http://k8s-forkfind-forkfind-8e65d48af1-1990260306.us-east-1.elb.amazonaws.com/restaurants?q=pizza&limit=12&sort=rating,95,0,0
1777594965702,735,01 - POST /auth/user/login,200,OK,Virtual Users [400 threads] 1-109,text,true,,406,363,6,6,http://k8s-forkfind-forkfind-8e65d48af1-1990260306.us-east-1.elb.amazonaws.com/auth/user/login,735,0,78
1777594966438,89,02 - GET /restaurants (search),200,OK,Virtual Users [400 threads] 1-109,text,true,,790,436,6,6,http://k8s-forkfind-forkfind-8e65d48af1-1990260306.us-east-1.elb.amazonaws.com/restaurants?q=pizza&limit=12&sort=rating,89,0,0
1777594966438,119,03 - POST /restaurants/15/reviews,201,Created,Virtual Users [400 threads] 1-107,text,true,,571,573,6,6,http://k8s-forkfind-forkfind-8e65d48af1-1990260306.us-east-1.elb.amazonaws.com/restaurants/15/reviews,119,0,0
1777594966528,166,03 - POST /restaurants/15/reviews,201,Created,Virtual Users [400 threads] 1-109,text,true,,571,573,6,6,http://k8s-forkfind-forkfind-8e65d48af1-1990260306.us-east-1.elb.amazonaws.com/restaurants/15/reviews,166,0,0
1777594965924,769,01 - POST /auth/user/login,200,OK,Virtual Users [400 threads] 1-110,text,true,,406,363,6,6,http://k8s-forkfind-forkfind-8e65d48af1-1990260306.us-east-1.elb.amazonaws.com/auth/user/login,769,0,71
1777594966695,105,02 - GET /restaurants (search),200,OK,Virtual Users [400 threads] 1-110,text,true,,790,436,5,5,http://k8s-forkfind-forkfind-8e65d48af1-1990260306.us-east-1.elb.amazonaws.com/restaurants?q=pizza&limit=12&sort=rating,105,0,0
1777594966801,109,03 - POST /restaurants/15/reviews,201,Created,Virtual Users [400 threads] 1-110,text,true,,571,573,6,6,http://k8s-forkfind-forkfind-8e65d48af1-1990260306.us-east-1.elb.amazonaws.com/restaurants/15/reviews,109,0,0
1777594965476,1469,01 - POST /auth/user/login,200,OK,Virtual Users [400 threads] 1-108,text,true,,406,363,5,5,http://k8s-forkfind-forkfind-8e65d48af1-1990260306.us-east-1.elb.amazonaws.com/auth/user/login,1468,0,118
1777594966947,170,02 - GET /restaurants (search),200,OK,Virtual Users [400 threads] 1-108,text,true,,790,436,6,6,http://k8s-forkfind-forkfind-8e65d48af1-1990260306.us-east-1.elb.amazonaws.com/restaurants?q=pizza&limit=12&sort=rating,170,0,0
1777594966367,749,01 - POST /auth/user/login,200,OK,Virtual Users [400 threads] 1-112,text,true,,406,363,6,6,http://k8s-forkfind-forkfind-8e65d48af1-1990260306.us-east-1.elb.amazonaws.com/auth/user/login,749,0,83
1777594967118,104,02 - GET /restaurants (search),200,OK,Virtual Users [400 threads] 1-112,text,true,,790,436,6,6,http://k8s-forkfind-forkfind-8e65d48af1-1990260306.us-east-1.elb.amazonaws.com/restaurants?q=pizza&limit=12&sort=rating,104,0,0
1777594967118,104,03 - POST /restaurants/15/reviews,201,Created,Virtual Users [400 threads] 1-108,text,true,,571,573,6,6,http://k8s-forkfind-forkfind-8e65d48af1-1990260306.us-east-1.elb.amazonaws.com/restaurants/15/reviews,104,0,0
1777594967223,127,03 - POST /restaurants/15/reviews,201,Created,Virtual Users [400 threads] 1-112,text,true,,570,573,6,6,http://k8s-forkfind-forkfind-8e65d48af1-1990260306.us-east-1.elb.amazonaws.com/restaurants/15/reviews,127,0,0
1777594966593,757,01 - POST /auth/user/login,200,OK,Virtual Users [400 threads] 1-113,text,true,,406,363,6,6,http://k8s-forkfind-forkfind-8e65d48af1-1990260306.us-east-1.elb.amazonaws.com/auth/user/login,757,0,101
1777594967351,129,02 - GET /restaurants (search),200,OK,Virtual Users [400 threads] 1-113,text,true,,790,436,5,5,http://k8s-forkfind-forkfind-8e65d48af1-1990260306.us-east-1.elb.amazonaws.com/restaurants?q=pizza&limit=12&sort=rating,129,0,0
1777594966152,1327,01 - POST /auth/user/login,200,OK,Virtual Users [400 threads] 1-111,text,true,,406,363,5,5,http://k8s-forkfind-forkfind-8e65d48af1-1990260306.us-east-1.elb.amazonaws.com/auth/user/login,1327,0,86
1777594967481,176,03 - POST /restaurants/15/reviews,201,Created,Virtual Users [400 threads] 1-113,text,true,,571,573,6,6,http://k8s-forkfind-forkfind-8e65d48af1-1990260306.us-east-1.elb.amazonaws.com/restaurants/15/reviews,176,0,0
1777594967481,176,02 - GET /restaurants (search),200,OK,Virtual Users [400 threads] 1-111,text,true,,790,436,6,6,http://k8s-forkfind-forkfind-8e65d48af1-1990260306.us-east-1.elb.amazonaws.com/restaurants?q=pizza&limit=12&sort=rating,176,0,0
1777594967658,103,03 - POST /restaurants/15/reviews,201,Created,Virtual Users [400 threads] 1-111,text,true,,570,573,6,6,http://k8s-forkfind-forkfind-8e65d48af1-1990260306.us-east-1.elb.amazonaws.com/restaurants/15/reviews,103,0,0
1777594967041,779,01 - POST /auth/user/login,200,OK,Virtual Users [400 threads] 1-115,text,true,,406,363,5,5,http://k8s-forkfind-forkfind-8e65d48af1-1990260306.us-east-1.elb.amazonaws.com/auth/user/login,779,0,100
1777594967821,84,02 - GET /restaurants (search),200,OK,Virtual Users [400 threads] 1-115,text,true,,790,436,5,5,http://k8s-forkfind-forkfind-8e65d48af1-1990260306.us-east-1.elb.amazonaws.com/restaurants?q=pizza&limit=12&sort=rating,84,0,0
1777594966820,1105,01 - POST /auth/user/login,200,OK,Virtual Users [400 threads] 1-114,text,true,,406,363,5,5,http://k8s-forkfind-forkfind-8e65d48af1-1990260306.us-east-1.elb.amazonaws.com/auth/user/login,1105,0,76
1777594967906,106,03 - POST /restaurants/15/reviews,201,Created,Virtual Users [400 threads] 1-115,text,true,,570,573,6,6,http://k8s-forkfind-forkfind-8e65d48af1-1990260306.us-east-1.elb.amazonaws.com/restaurants/15/reviews,106,0,0
1777594967925,88,02 - GET /restaurants (search),200,OK,Virtual Users [400 threads] 1-114,text,true,,790,436,6,6,http://k8s-forkfind-forkfind-8e65d48af1-1990260306.us-east-1.elb.amazonaws.com/restaurants?q=pizza&limit=12&sort=rating,88,0,0
1777594967265,766,01 - POST /auth/user/login,200,OK,Virtual Users [400 threads] 1-116,text,true,,406,363,5,5,http://k8s-forkfind-forkfind-8e65d48af1-1990260306.us-east-1.elb.amazonaws.com/auth/user/login,766,0,85
1777594968032,86,02 - GET /restaurants (search),200,OK,Virtual Users [400 threads] 1-116,text,true,,790,436,5,5,http://k8s-forkfind-forkfind-8e65d48af1-1990260306.us-east-1.elb.amazonaws.com/restaurants?q=pizza&limit=12&sort=rating,86,0,0
1777594968013,115,03 - POST /restaurants/15/reviews,201,Created,Virtual Users [400 threads] 1-114,text,true,,570,573,5,5,http://k8s-forkfind-forkfind-8e65d48af1-1990260306.us-east-1.elb.amazonaws.com/restaurants/15/reviews,115,0,0
1777594968119,106,03 - POST /restaurants/15/reviews,201,Created,Virtual Users [400 threads] 1-116,text,true,,571,573,5,5,http://k8s-forkfind-forkfind-8e65d48af1-1990260306.us-east-1.elb.amazonaws.com/restaurants/15/reviews,106,0,0
1777594967487,963,01 - POST /auth/user/login,200,OK,Virtual Users [400 threads] 1-117,text,true,,406,363,5,5,http://k8s-forkfind-forkfind-8e65d48af1-1990260306.us-east-1.elb.amazonaws.com/auth/user/login,963,0,170
1777594968451,79,02 - GET /restaurants (search),200,OK,Virtual Users [400 threads] 1-117,text,true,,790,436,5,5,http://k8s-forkfind-forkfind-8e65d48af1-1990260306.us-east-1.elb.amazonaws.com/restaurants?q=pizza&limit=12&sort=rating,79,0,0
1777594967713,895,01 - POST /auth/user/login,200,OK,Virtual Users [400 threads] 1-118,text,true,,406,363,5,5,http://k8s-forkfind-forkfind-8e65d48af1-1990260306.us-east-1.elb.amazonaws.com/auth/user/login,895,0,107
1777594968531,85,03 - POST /restaurants/15/reviews,201,Created,Virtual Users [400 threads] 1-117,text,true,,570,573,6,6,http://k8s-forkfind-forkfind-8e65d48af1-1990260306.us-east-1.elb.amazonaws.com/restaurants/15/reviews,85,0,0
1777594968609,82,02 - GET /restaurants (search),200,OK,Virtual Users [400 threads] 1-118,text,true,,790,436,5,5,http://k8s-forkfind-forkfind-8e65d48af1-1990260306.us-east-1.elb.amazonaws.com/restaurants?q=pizza&limit=12&sort=rating,82,0,0
1777594968692,121,03 - POST /restaurants/15/reviews,201,Created,Virtual Users [400 threads] 1-118,text,true,,571,573,5,5,http://k8s-forkfind-forkfind-8e65d48af1-1990260306.us-east-1.elb.amazonaws.com/restaurants/15/reviews,121,0,0
1777594967943,892,01 - POST /auth/user/login,200,OK,Virtual Users [400 threads] 1-119,text,true,,406,363,5,5,http://k8s-forkfind-forkfind-8e65d48af1-1990260306.us-east-1.elb.amazonaws.com/auth/user/login,892,0,70
1777594968836,98,02 - GET /restaurants (search),200,OK,Virtual Users [400 threads] 1-119,text,true,,790,436,5,5,http://k8s-forkfind-forkfind-8e65d48af1-1990260306.us-east-1.elb.amazonaws.com/restaurants?q=pizza&limit=12&sort=rating,98,0,0
1777594968945,107,03 - POST /restaurants/15/reviews,201,Created,Virtual Users [400 threads] 1-119,text,true,,571,573,5,5,http://k8s-forkfind-forkfind-8e65d48af1-1990260306.us-east-1.elb.amazonaws.com/restaurants/15/reviews,107,0,0
1777594968161,962,01 - POST /auth/user/login,200,OK,Virtual Users [400 threads] 1-120,text,true,,406,363,5,5,http://k8s-forkfind-forkfind-8e65d48af1-1990260306.us-east-1.elb.amazonaws.com/auth/user/login,962,0,72
1777594969124,90,02 - GET /restaurants (search),200,OK,Virtual Users [400 threads] 1-120,text,true,,790,436,5,5,http://k8s-forkfind-forkfind-8e65d48af1-1990260306.us-east-1.elb.amazonaws.com/restaurants?q=pizza&limit=12&sort=rating,90,0,0
1777594968389,904,01 - POST /auth/user/login,200,OK,Virtual Users [400 threads] 1-121,text,true,,406,363,6,6,http://k8s-forkfind-forkfind-8e65d48af1-1990260306.us-east-1.elb.amazonaws.com/auth/user/login,904,0,72
1777594969295,106,02 - GET /restaurants (search),200,OK,Virtual Users [400 threads] 1-121,text,true,,790,436,6,6,http://k8s-forkfind-forkfind-8e65d48af1-1990260306.us-east-1.elb.amazonaws.com/restaurants?q=pizza&limit=12&sort=rating,106,0,0
1777594969215,213,03 - POST /restaurants/15/reviews,201,Created,Virtual Users [400 threads] 1-120,text,true,,571,573,6,6,http://k8s-forkfind-forkfind-8e65d48af1-1990260306.us-east-1.elb.amazonaws.com/restaurants/15/reviews,213,0,0
1777594968615,813,01 - POST /auth/user/login,200,OK,Virtual Users [400 threads] 1-122,text,true,,406,363,6,6,http://k8s-forkfind-forkfind-8e65d48af1-1990260306.us-east-1.elb.amazonaws.com/auth/user/login,813,0,72
1777594969402,111,03 - POST /restaurants/15/reviews,201,Created,Virtual Users [400 threads] 1-121,text,true,,571,573,6,6,http://k8s-forkfind-forkfind-8e65d48af1-1990260306.us-east-1.elb.amazonaws.com/restaurants/15/reviews,111,0,0
1777594969430,134,02 - GET /restaurants (search),200,OK,Virtual Users [400 threads] 1-122,text,true,,790,436,5,5,http://k8s-forkfind-forkfind-8e65d48af1-1990260306.us-east-1.elb.amazonaws.com/restaurants?q=pizza&limit=12&sort=rating,134,0,0
1777594969565,161,03 - POST /restaurants/15/reviews,201,Created,Virtual Users [400 threads] 1-122,text,true,,570,573,5,5,http://k8s-forkfind-forkfind-8e65d48af1-1990260306.us-east-1.elb.amazonaws.com/restaurants/15/reviews,161,0,0
1777594968836,890,01 - POST /auth/user/login,200,OK,Virtual Users [400 threads] 1-123,text,true,,406,363,5,5,http://k8s-forkfind-forkfind-8e65d48af1-1990260306.us-east-1.elb.amazonaws.com/auth/user/login,890,0,71
1777594969727,86,02 - GET /restaurants (search),200,OK,Virtual Users [400 threads] 1-123,text,true,,790,436,5,5,http://k8s-forkfind-forkfind-8e65d48af1-1990260306.us-east-1.elb.amazonaws.com/restaurants?q=pizza&limit=12&sort=rating,86,0,0
1777594969814,97,03 - POST /restaurants/15/reviews,201,Created,Virtual Users [400 threads] 1-123,text,true,,571,573,5,5,http://k8s-forkfind-forkfind-8e65d48af1-1990260306.us-east-1.elb.amazonaws.com/restaurants/15/reviews,97,0,0
1777594969286,684,01 - POST /auth/user/login,200,OK,Virtual Users [400 threads] 1-125,text,true,,406,363,5,5,http://k8s-forkfind-forkfind-8e65d48af1-1990260306.us-east-1.elb.amazonaws.com/auth/user/login,684,0,71
1777594969971,78,02 - GET /restaurants (search),200,OK,Virtual Users [400 threads] 1-125,text,true,,790,436,5,5,http://k8s-forkfind-forkfind-8e65d48af1-1990260306.us-east-1.elb.amazonaws.com/restaurants?q=pizza&limit=12&sort=rating,78,0,0
1777594970050,178,03 - POST /restaurants/15/reviews,201,Created,Virtual Users [400 threads] 1-125,text,true,,570,573,6,6,http://k8s-forkfind-forkfind-8e65d48af1-1990260306.us-east-1.elb.amazonaws.com/restaurants/15/reviews,178,0,0
1777594969060,1264,01 - POST /auth/user/login,200,OK,Virtual Users [400 threads] 1-124,text,true,,406,363,5,5,http://k8s-forkfind-forkfind-8e65d48af1-1990260306.us-east-1.elb.amazonaws.com/auth/user/login,1264,0,72
1777594970325,130,02 - GET /restaurants (search),200,OK,Virtual Users [400 threads] 1-124,text,true,,790,436,6,6,http://k8s-forkfind-forkfind-8e65d48af1-1990260306.us-east-1.elb.amazonaws.com/restaurants?q=pizza&limit=12&sort=rating,130,0,0
1777594969744,843,01 - POST /auth/user/login,200,OK,Virtual Users [400 threads] 1-127,text,true,,406,363,6,6,http://k8s-forkfind-forkfind-8e65d48af1-1990260306.us-east-1.elb.amazonaws.com/auth/user/login,843,0,71
1777594970456,172,03 - POST /restaurants/15/reviews,201,Created,Virtual Users [400 threads] 1-124,text,true,,571,573,6,6,http://k8s-forkfind-forkfind-8e65d48af1-1990260306.us-east-1.elb.amazonaws.com/restaurants/15/reviews,172,0,0
1777594970588,85,02 - GET /restaurants (search),200,OK,Virtual Users [400 threads] 1-127,text,true,,790,436,6,6,http://k8s-forkfind-forkfind-8e65d48af1-1990260306.us-east-1.elb.amazonaws.com/restaurants?q=pizza&limit=12&sort=rating,85,0,0
1777594969967,706,01 - POST /auth/user/login,200,OK,Virtual Users [400 threads] 1-128,text,true,,406,363,6,6,http://k8s-forkfind-forkfind-8e65d48af1-1990260306.us-east-1.elb.amazonaws.com/auth/user/login,706,0,81
1777594970674,83,02 - GET /restaurants (search),200,OK,Virtual Users [400 threads] 1-128,text,true,,790,436,6,6,http://k8s-forkfind-forkfind-8e65d48af1-1990260306.us-east-1.elb.amazonaws.com/restaurants?q=pizza&limit=12&sort=rating,83,0,0
1777594970674,139,03 - POST /restaurants/15/reviews,201,Created,Virtual Users [400 threads] 1-127,text,true,,571,573,6,6,http://k8s-forkfind-forkfind-8e65d48af1-1990260306.us-east-1.elb.amazonaws.com/restaurants/15/reviews,139,0,0
1777594969513,1321,01 - POST /auth/user/login,200,OK,Virtual Users [400 threads] 1-126,text,true,,406,363,5,5,http://k8s-forkfind-forkfind-8e65d48af1-1990260306.us-east-1.elb.amazonaws.com/auth/user/login,1321,0,103
1777594970759,95,03 - POST /restaurants/15/reviews,201,Created,Virtual Users [400 threads] 1-128,text,true,,571,573,5,5,http://k8s-forkfind-forkfind-8e65d48af1-1990260306.us-east-1.elb.amazonaws.com/restaurants/15/reviews,95,0,0
1777594970836,94,02 - GET /restaurants (search),200,OK,Virtual Users [400 threads] 1-126,text,true,,790,436,5,5,http://k8s-forkfind-forkfind-8e65d48af1-1990260306.us-east-1.elb.amazonaws.com/restaurants?q=pizza&limit=12&sort=rating,94,0,0
1777594970930,99,03 - POST /restaurants/15/reviews,201,Created,Virtual Users [400 threads] 1-126,text,true,,570,573,5,5,http://k8s-forkfind-forkfind-8e65d48af1-1990260306.us-east-1.elb.amazonaws.com/restaurants/15/reviews,99,0,0
1777594970186,1029,01 - POST /auth/user/login,200,OK,Virtual Users [400 threads] 1-129,text,true,,406,363,5,5,http://k8s-forkfind-forkfind-8e65d48af1-1990260306.us-east-1.elb.amazonaws.com/auth/user/login,1029,0,72
1777594971217,94,02 - GET /restaurants (search),200,OK,Virtual Users [400 threads] 1-129,text,true,,790,436,6,6,http://k8s-forkfind-forkfind-8e65d48af1-1990260306.us-east-1.elb.amazonaws.com/restaurants?q=pizza&limit=12&sort=rating,94,0,0
1777594971312,100,03 - POST /restaurants/15/reviews,201,Created,Virtual Users [400 threads] 1-129,text,true,,571,573,6,6,http://k8s-forkfind-forkfind-8e65d48af1-1990260306.us-east-1.elb.amazonaws.com/restaurants/15/reviews,100,0,0
1777594970859,798,01 - POST /auth/user/login,200,OK,Virtual Users [400 threads] 1-132,text,true,,406,363,6,6,http://k8s-forkfind-forkfind-8e65d48af1-1990260306.us-east-1.elb.amazonaws.com/auth/user/login,798,0,71
1777594971657,141,02 - GET /restaurants (search),200,OK,Virtual Users [400 threads] 1-132,text,true,,790,436,7,7,http://k8s-forkfind-forkfind-8e65d48af1-1990260306.us-east-1.elb.amazonaws.com/restaurants?q=pizza&limit=12&sort=rating,141,0,0
1777594970413,1386,01 - POST /auth/user/login,200,OK,Virtual Users [400 threads] 1-130,text,true,,406,363,7,7,http://k8s-forkfind-forkfind-8e65d48af1-1990260306.us-east-1.elb.amazonaws.com/auth/user/login,1386,0,173
1777594971086,742,01 - POST /auth/user/login,200,OK,Virtual Users [400 threads] 1-133,text,true,,406,363,7,7,http://k8s-forkfind-forkfind-8e65d48af1-1990260306.us-east-1.elb.amazonaws.com/auth/user/login,742,0,83
1777594971799,98,03 - POST /restaurants/15/reviews,201,Created,Virtual Users [400 threads] 1-132,text,true,,570,573,7,7,http://k8s-forkfind-forkfind-8e65d48af1-1990260306.us-east-1.elb.amazonaws.com/restaurants/15/reviews,98,0,0
1777594971799,98,02 - GET /restaurants (search),200,OK,Virtual Users [400 threads] 1-130,text,true,,790,436,7,7,http://k8s-forkfind-forkfind-8e65d48af1-1990260306.us-east-1.elb.amazonaws.com/restaurants?q=pizza&limit=12&sort=rating,98,0,0
1777594970637,1261,01 - POST /auth/user/login,200,OK,Virtual Users [400 threads] 1-131,text,true,,406,363,7,7,http://k8s-forkfind-forkfind-8e65d48af1-1990260306.us-east-1.elb.amazonaws.com/auth/user/login,1261,0,74
1777594971828,82,02 - GET /restaurants (search),200,OK,Virtual Users [400 threads] 1-133,text,true,,790,436,6,6,http://k8s-forkfind-forkfind-8e65d48af1-1990260306.us-east-1.elb.amazonaws.com/restaurants?q=pizza&limit=12&sort=rating,82,0,0
1777594971898,83,02 - GET /restaurants (search),200,OK,Virtual Users [400 threads] 1-131,text,true,,790,436,6,6,http://k8s-forkfind-forkfind-8e65d48af1-1990260306.us-east-1.elb.amazonaws.com/restaurants?q=pizza&limit=12&sort=rating,83,0,0
1777594971910,110,03 - POST /restaurants/15/reviews,201,Created,Virtual Users [400 threads] 1-133,text,true,,571,573,7,7,http://k8s-forkfind-forkfind-8e65d48af1-1990260306.us-east-1.elb.amazonaws.com/restaurants/15/reviews,110,0,0
1777594971898,122,03 - POST /restaurants/15/reviews,201,Created,Virtual Users [400 threads] 1-130,text,true,,570,573,7,7,http://k8s-forkfind-forkfind-8e65d48af1-1990260306.us-east-1.elb.amazonaws.com/restaurants/15/reviews,122,0,0
1777594971981,130,03 - POST /restaurants/15/reviews,201,Created,Virtual Users [400 threads] 1-131,text,true,,571,573,5,5,http://k8s-forkfind-forkfind-8e65d48af1-1990260306.us-east-1.elb.amazonaws.com/restaurants/15/reviews,130,0,0
1777594971311,904,01 - POST /auth/user/login,200,OK,Virtual Users [400 threads] 1-134,text,true,,406,363,5,5,http://k8s-forkfind-forkfind-8e65d48af1-1990260306.us-east-1.elb.amazonaws.com/auth/user/login,904,0,72
1777594972215,89,02 - GET /restaurants (search),200,OK,Virtual Users [400 threads] 1-134,text,true,,790,436,5,5,http://k8s-forkfind-forkfind-8e65d48af1-1990260306.us-east-1.elb.amazonaws.com/restaurants?q=pizza&limit=12&sort=rating,89,0,0
1777594972305,109,03 - POST /restaurants/15/reviews,201,Created,Virtual Users [400 threads] 1-134,text,true,,571,573,5,5,http://k8s-forkfind-forkfind-8e65d48af1-1990260306.us-east-1.elb.amazonaws.com/restaurants/15/reviews,109,0,0
1777594971541,884,01 - POST /auth/user/login,200,OK,Virtual Users [400 threads] 1-135,text,true,,406,363,4,4,http://k8s-forkfind-forkfind-8e65d48af1-1990260306.us-east-1.elb.amazonaws.com/auth/user/login,884,0,94
1777594972426,103,02 - GET /restaurants (search),200,OK,Virtual Users [400 threads] 1-135,text,true,,790,436,5,5,http://k8s-forkfind-forkfind-8e65d48af1-1990260306.us-east-1.elb.amazonaws.com/restaurants?q=pizza&limit=12&sort=rating,103,0,0
1777594972529,139,03 - POST /restaurants/15/reviews,201,Created,Virtual Users [400 threads] 1-135,text,true,,571,573,6,6,http://k8s-forkfind-forkfind-8e65d48af1-1990260306.us-east-1.elb.amazonaws.com/restaurants/15/reviews,139,0,0
1777594971758,1127,01 - POST /auth/user/login,200,OK,Virtual Users [400 threads] 1-136,text,true,,406,363,6,6,http://k8s-forkfind-forkfind-8e65d48af1-1990260306.us-east-1.elb.amazonaws.com/auth/user/login,1127,0,80
1777594972206,725,01 - POST /auth/user/login,200,OK,Virtual Users [400 threads] 1-138,text,true,,406,363,6,6,http://k8s-forkfind-forkfind-8e65d48af1-1990260306.us-east-1.elb.amazonaws.com/auth/user/login,725,0,98
1777594972886,79,02 - GET /restaurants (search),200,OK,Virtual Users [400 threads] 1-136,text,true,,790,436,6,6,http://k8s-forkfind-forkfind-8e65d48af1-1990260306.us-east-1.elb.amazonaws.com/restaurants?q=pizza&limit=12&sort=rating,79,0,0
1777594972932,91,02 - GET /restaurants (search),200,OK,Virtual Users [400 threads] 1-138,text,true,,790,436,6,6,http://k8s-forkfind-forkfind-8e65d48af1-1990260306.us-east-1.elb.amazonaws.com/restaurants?q=pizza&limit=12&sort=rating,90,0,0
1777594973023,98,03 - POST /restaurants/15/reviews,201,Created,Virtual Users [400 threads] 1-138,text,true,,571,573,7,7,http://k8s-forkfind-forkfind-8e65d48af1-1990260306.us-east-1.elb.amazonaws.com/restaurants/15/reviews,98,0,0
1777594972966,155,03 - POST /restaurants/15/reviews,201,Created,Virtual Users [400 threads] 1-136,text,true,,571,573,7,7,http://k8s-forkfind-forkfind-8e65d48af1-1990260306.us-east-1.elb.amazonaws.com/restaurants/15/reviews,155,0,0
1777594972436,719,01 - POST /auth/user/login,200,OK,Virtual Users [400 threads] 1-139,text,true,,406,363,5,5,http://k8s-forkfind-forkfind-8e65d48af1-1990260306.us-east-1.elb.amazonaws.com/auth/user/login,719,0,72
1777594973156,87,02 - GET /restaurants (search),200,OK,Virtual Users [400 threads] 1-139,text,true,,790,436,5,5,http://k8s-forkfind-forkfind-8e65d48af1-1990260306.us-east-1.elb.amazonaws.com/restaurants?q=pizza&limit=12&sort=rating,87,0,0
1777594973243,100,03 - POST /restaurants/15/reviews,201,Created,Virtual Users [400 threads] 1-139,text,true,,571,573,6,6,http://k8s-forkfind-forkfind-8e65d48af1-1990260306.us-east-1.elb.amazonaws.com/restaurants/15/reviews,100,0,0
1777594971987,1402,01 - POST /auth/user/login,200,OK,Virtual Users [400 threads] 1-137,text,true,,406,363,5,5,http://k8s-forkfind-forkfind-8e65d48af1-1990260306.us-east-1.elb.amazonaws.com/auth/user/login,1402,0,75
1777594973390,82,02 - GET /restaurants (search),200,OK,Virtual Users [400 threads] 1-137,text,true,,790,436,5,5,http://k8s-forkfind-forkfind-8e65d48af1-1990260306.us-east-1.elb.amazonaws.com/restaurants?q=pizza&limit=12&sort=rating,82,0,0
1777594973473,83,03 - POST /restaurants/15/reviews,201,Created,Virtual Users [400 threads] 1-137,text,true,,571,573,5,5,http://k8s-forkfind-forkfind-8e65d48af1-1990260306.us-east-1.elb.amazonaws.com/restaurants/15/reviews,83,0,0
1777594972667,1151,01 - POST /auth/user/login,200,OK,Virtual Users [400 threads] 1-140,text,true,,406,363,6,6,http://k8s-forkfind-forkfind-8e65d48af1-1990260306.us-east-1.elb.amazonaws.com/auth/user/login,1150,0,72
1777594972885,953,01 - POST /auth/user/login,200,OK,Virtual Users [400 threads] 1-141,text,true,,406,363,6,6,http://k8s-forkfind-forkfind-8e65d48af1-1990260306.us-east-1.elb.amazonaws.com/auth/user/login,953,0,75
1777594973818,100,02 - GET /restaurants (search),200,OK,Virtual Users [400 threads] 1-140,text,true,,790,436,6,6,http://k8s-forkfind-forkfind-8e65d48af1-1990260306.us-east-1.elb.amazonaws.com/restaurants?q=pizza&limit=12&sort=rating,100,0,0
1777594973840,103,02 - GET /restaurants (search),200,OK,Virtual Users [400 threads] 1-141,text,true,,790,436,6,6,http://k8s-forkfind-forkfind-8e65d48af1-1990260306.us-east-1.elb.amazonaws.com/restaurants?q=pizza&limit=12&sort=rating,103,0,0
1777594973944,167,03 - POST /restaurants/15/reviews,201,Created,Virtual Users [400 threads] 1-141,text,true,,571,573,7,7,http://k8s-forkfind-forkfind-8e65d48af1-1990260306.us-east-1.elb.amazonaws.com/restaurants/15/reviews,166,0,0
1777594973919,192,03 - POST /restaurants/15/reviews,201,Created,Virtual Users [400 threads] 1-140,text,true,,571,573,7,7,http://k8s-forkfind-forkfind-8e65d48af1-1990260306.us-east-1.elb.amazonaws.com/restaurants/15/reviews,192,0,0
1777594973111,1117,01 - POST /auth/user/login,200,OK,Virtual Users [400 threads] 1-142,text,true,,406,363,6,6,http://k8s-forkfind-forkfind-8e65d48af1-1990260306.us-east-1.elb.amazonaws.com/auth/user/login,1117,0,71
1777594973337,910,01 - POST /auth/user/login,200,OK,Virtual Users [400 threads] 1-143,text,true,,406,363,6,6,http://k8s-forkfind-forkfind-8e65d48af1-1990260306.us-east-1.elb.amazonaws.com/auth/user/login,910,0,80
1777594974229,98,02 - GET /restaurants (search),200,OK,Virtual Users [400 threads] 1-142,text,true,,790,436,6,6,http://k8s-forkfind-forkfind-8e65d48af1-1990260306.us-east-1.elb.amazonaws.com/restaurants?q=pizza&limit=12&sort=rating,98,0,0
1777594974248,128,02 - GET /restaurants (search),200,OK,Virtual Users [400 threads] 1-143,text,true,,790,436,6,6,http://k8s-forkfind-forkfind-8e65d48af1-1990260306.us-east-1.elb.amazonaws.com/restaurants?q=pizza&limit=12&sort=rating,128,0,0
1777594974376,191,03 - POST /restaurants/15/reviews,201,Created,Virtual Users [400 threads] 1-143,text,true,,571,573,7,7,http://k8s-forkfind-forkfind-8e65d48af1-1990260306.us-east-1.elb.amazonaws.com/restaurants/15/reviews,191,0,0
1777594974328,239,03 - POST /restaurants/15/reviews,201,Created,Virtual Users [400 threads] 1-142,text,true,,571,573,7,7,http://k8s-forkfind-forkfind-8e65d48af1-1990260306.us-east-1.elb.amazonaws.com/restaurants/15/reviews,239,0,0
1777594973563,1032,01 - POST /auth/user/login,200,OK,Virtual Users [400 threads] 1-144,text,true,,406,363,5,5,http://k8s-forkfind-forkfind-8e65d48af1-1990260306.us-east-1.elb.amazonaws.com/auth/user/login,1032,0,70
1777594974596,148,02 - GET /restaurants (search),200,OK,Virtual Users [400 threads] 1-144,text,true,,790,436,6,6,http://k8s-forkfind-forkfind-8e65d48af1-1990260306.us-east-1.elb.amazonaws.com/restaurants?q=pizza&limit=12&sort=rating,148,0,0
1777594973778,966,01 - POST /auth/user/login,200,OK,Virtual Users [400 threads] 1-145,text,true,,406,363,6,6,http://k8s-forkfind-forkfind-8e65d48af1-1990260306.us-east-1.elb.amazonaws.com/auth/user/login,966,0,72
1777594974745,204,03 - POST /restaurants/15/reviews,201,Created,Virtual Users [400 threads] 1-144,text,true,,570,573,7,7,http://k8s-forkfind-forkfind-8e65d48af1-1990260306.us-east-1.elb.amazonaws.com/restaurants/15/reviews,204,0,0
1777594974745,204,02 - GET /restaurants (search),200,OK,Virtual Users [400 threads] 1-145,text,true,,790,436,7,7,http://k8s-forkfind-forkfind-8e65d48af1-1990260306.us-east-1.elb.amazonaws.com/restaurants?q=pizza&limit=12&sort=rating,204,0,0
1777594974014,1005,01 - POST /auth/user/login,200,OK,Virtual Users [400 threads] 1-146,text,true,,406,363,6,6,http://k8s-forkfind-forkfind-8e65d48af1-1990260306.us-east-1.elb.amazonaws.com/auth/user/login,1005,0,74
1777594975020,104,02 - GET /restaurants (search),200,OK,Virtual Users [400 threads] 1-146,text,true,,790,436,6,6,http://k8s-forkfind-forkfind-8e65d48af1-1990260306.us-east-1.elb.amazonaws.com/restaurants?q=pizza&limit=12&sort=rating,104,0,0
1777594974949,192,03 - POST /restaurants/15/reviews,201,Created,Virtual Users [400 threads] 1-145,text,true,,570,573,7,7,http://k8s-forkfind-forkfind-8e65d48af1-1990260306.us-east-1.elb.amazonaws.com/restaurants/15/reviews,192,0,0
1777594975125,109,03 - POST /restaurants/15/reviews,201,Created,Virtual Users [400 threads] 1-146,text,true,,571,573,6,6,http://k8s-forkfind-forkfind-8e65d48af1-1990260306.us-east-1.elb.amazonaws.com/restaurants/15/reviews,109,0,0
1777594974229,1095,01 - POST /auth/user/login,200,OK,Virtual Users [400 threads] 1-147,text,true,,406,363,5,5,http://k8s-forkfind-forkfind-8e65d48af1-1990260306.us-east-1.elb.amazonaws.com/auth/user/login,1095,0,70
1777594975325,106,02 - GET /restaurants (search),200,OK,Virtual Users [400 threads] 1-147,text,true,,790,436,6,6,http://k8s-forkfind-forkfind-8e65d48af1-1990260306.us-east-1.elb.amazonaws.com/restaurants?q=pizza&limit=12&sort=rating,106,0,0
1777594975432,85,03 - POST /restaurants/15/reviews,201,Created,Virtual Users [400 threads] 1-147,text,true,,571,573,6,6,http://k8s-forkfind-forkfind-8e65d48af1-1990260306.us-east-1.elb.amazonaws.com/restaurants/15/reviews,85,0,0
1777594974464,1260,01 - POST /auth/user/login,200,OK,Virtual Users [400 threads] 1-148,text,true,,406,363,6,6,http://k8s-forkfind-forkfind-8e65d48af1-1990260306.us-east-1.elb.amazonaws.com/auth/user/login,1260,0,103
1777594975725,103,02 - GET /restaurants (search),200,OK,Virtual Users [400 threads] 1-148,text,true,,790,436,7,7,http://k8s-forkfind-forkfind-8e65d48af1-1990260306.us-east-1.elb.amazonaws.com/restaurants?q=pizza&limit=12&sort=rating,103,0,0
1777594974681,1238,01 - POST /auth/user/login,200,OK,Virtual Users [400 threads] 1-149,text,true,,406,363,7,7,http://k8s-forkfind-forkfind-8e65d48af1-1990260306.us-east-1.elb.amazonaws.com/auth/user/login,1238,0,160
1777594975829,100,03 - POST /restaurants/15/reviews,201,Created,Virtual Users [400 threads] 1-148,text,true,,571,573,7,7,http://k8s-forkfind-forkfind-8e65d48af1-1990260306.us-east-1.elb.amazonaws.com/restaurants/15/reviews,100,0,0
1777594975920,110,02 - GET /restaurants (search),200,OK,Virtual Users [400 threads] 1-149,text,true,,790,436,6,6,http://k8s-forkfind-forkfind-8e65d48af1-1990260306.us-east-1.elb.amazonaws.com/restaurants?q=pizza&limit=12&sort=rating,110,0,0
1777594975135,895,01 - POST /auth/user/login,200,OK,Virtual Users [400 threads] 1-151,text,true,,406,363,6,6,http://k8s-forkfind-forkfind-8e65d48af1-1990260306.us-east-1.elb.amazonaws.com/auth/user/login,895,0,72
1777594976031,92,02 - GET /restaurants (search),200,OK,Virtual Users [400 threads] 1-151,text,true,,790,436,7,7,http://k8s-forkfind-forkfind-8e65d48af1-1990260306.us-east-1.elb.amazonaws.com/restaurants?q=pizza&limit=12&sort=rating,92,0,0
1777594976031,98,03 - POST /restaurants/15/reviews,201,Created,Virtual Users [400 threads] 1-149,text,true,,571,573,7,7,http://k8s-forkfind-forkfind-8e65d48af1-1990260306.us-east-1.elb.amazonaws.com/restaurants/15/reviews,98,0,0
1777594974915,1246,01 - POST /auth/user/login,200,OK,Virtual Users [400 threads] 1-150,text,true,,406,363,6,6,http://k8s-forkfind-forkfind-8e65d48af1-1990260306.us-east-1.elb.amazonaws.com/auth/user/login,1246,0,79
1777594976123,106,03 - POST /restaurants/15/reviews,201,Created,Virtual Users [400 threads] 1-151,text,true,,571,573,6,6,http://k8s-forkfind-forkfind-8e65d48af1-1990260306.us-east-1.elb.amazonaws.com/restaurants/15/reviews,106,0,0
1777594975365,864,01 - POST /auth/user/login,200,OK,Virtual Users [400 threads] 1-152,text,true,,406,363,6,6,http://k8s-forkfind-forkfind-8e65d48af1-1990260306.us-east-1.elb.amazonaws.com/auth/user/login,864,0,71
1777594976163,91,02 - GET /restaurants (search),200,OK,Virtual Users [400 threads] 1-150,text,true,,790,436,5,5,http://k8s-forkfind-forkfind-8e65d48af1-1990260306.us-east-1.elb.amazonaws.com/restaurants?q=pizza&limit=12&sort=rating,91,0,0
1777594976231,92,02 - GET /restaurants (search),200,OK,Virtual Users [400 threads] 1-152,text,true,,790,436,6,6,http://k8s-forkfind-forkfind-8e65d48af1-1990260306.us-east-1.elb.amazonaws.com/restaurants?q=pizza&limit=12&sort=rating,92,0,0
1777594976254,86,03 - POST /restaurants/15/reviews,201,Created,Virtual Users [400 threads] 1-150,text,true,,571,573,6,6,http://k8s-forkfind-forkfind-8e65d48af1-1990260306.us-east-1.elb.amazonaws.com/restaurants/15/reviews,86,0,0
1777594976324,110,03 - POST /restaurants/15/reviews,201,Created,Virtual Users [400 threads] 1-152,text,true,,571,573,5,5,http://k8s-forkfind-forkfind-8e65d48af1-1990260306.us-east-1.elb.amazonaws.com/restaurants/15/reviews,110,0,0
1777594975809,924,01 - POST /auth/user/login,200,OK,Virtual Users [400 threads] 1-154,text,true,,406,363,6,6,http://k8s-forkfind-forkfind-8e65d48af1-1990260306.us-east-1.elb.amazonaws.com/auth/user/login,924,0,77
1777594976734,126,02 - GET /restaurants (search),200,OK,Virtual Users [400 threads] 1-154,text,true,,790,436,6,6,http://k8s-forkfind-forkfind-8e65d48af1-1990260306.us-east-1.elb.amazonaws.com/restaurants?q=pizza&limit=12&sort=rating,126,0,0
1777594975584,1276,01 - POST /auth/user/login,200,OK,Virtual Users [400 threads] 1-153,text,true,,406,363,6,6,http://k8s-forkfind-forkfind-8e65d48af1-1990260306.us-east-1.elb.amazonaws.com/auth/user/login,1276,0,73
1777594976260,690,01 - POST /auth/user/login,200,OK,Virtual Users [400 threads] 1-156,text,true,,406,363,7,7,http://k8s-forkfind-forkfind-8e65d48af1-1990260306.us-east-1.elb.amazonaws.com/auth/user/login,690,0,71
1777594976861,94,02 - GET /restaurants (search),200,OK,Virtual Users [400 threads] 1-153,text,true,,790,436,7,7,http://k8s-forkfind-forkfind-8e65d48af1-1990260306.us-east-1.elb.amazonaws.com/restaurants?q=pizza&limit=12&sort=rating,94,0,0
1777594976861,100,03 - POST /restaurants/15/reviews,201,Created,Virtual Users [400 threads] 1-154,text,true,,571,573,7,7,http://k8s-forkfind-forkfind-8e65d48af1-1990260306.us-east-1.elb.amazonaws.com/restaurants/15/reviews,100,0,0
1777594976952,96,02 - GET /restaurants (search),200,OK,Virtual Users [400 threads] 1-156,text,true,,790,436,6,6,http://k8s-forkfind-forkfind-8e65d48af1-1990260306.us-east-1.elb.amazonaws.com/restaurants?q=pizza&limit=12&sort=rating,96,0,0
1777594976955,93,03 - POST /restaurants/15/reviews,201,Created,Virtual Users [400 threads] 1-153,text,true,,571,573,6,6,http://k8s-forkfind-forkfind-8e65d48af1-1990260306.us-east-1.elb.amazonaws.com/restaurants/15/reviews,93,0,0
1777594976033,1091,01 - POST /auth/user/login,200,OK,Virtual Users [400 threads] 1-155,text,true,,406,363,5,5,http://k8s-forkfind-forkfind-8e65d48af1-1990260306.us-east-1.elb.amazonaws.com/auth/user/login,1091,0,75
1777594977049,96,03 - POST /restaurants/15/reviews,201,Created,Virtual Users [400 threads] 1-156,text,true,,571,573,5,5,http://k8s-forkfind-forkfind-8e65d48af1-1990260306.us-east-1.elb.amazonaws.com/restaurants/15/reviews,96,0,0
1777594977125,99,02 - GET /restaurants (search),200,OK,Virtual Users [400 threads] 1-155,text,true,,790,436,5,5,http://k8s-forkfind-forkfind-8e65d48af1-1990260306.us-east-1.elb.amazonaws.com/restaurants?q=pizza&limit=12&sort=rating,99,0,0
1777594976483,851,01 - POST /auth/user/login,200,OK,Virtual Users [400 threads] 1-157,text,true,,406,363,5,5,http://k8s-forkfind-forkfind-8e65d48af1-1990260306.us-east-1.elb.amazonaws.com/auth/user/login,851,0,74
1777594977224,128,03 - POST /restaurants/15/reviews,201,Created,Virtual Users [400 threads] 1-155,text,true,,571,573,5,5,http://k8s-forkfind-forkfind-8e65d48af1-1990260306.us-east-1.elb.amazonaws.com/restaurants/15/reviews,128,0,0
1777594977335,83,02 - GET /restaurants (search),200,OK,Virtual Users [400 threads] 1-157,text,true,,790,436,5,5,http://k8s-forkfind-forkfind-8e65d48af1-1990260306.us-east-1.elb.amazonaws.com/restaurants?q=pizza&limit=12&sort=rating,83,0,0
1777594977419,86,03 - POST /restaurants/15/reviews,201,Created,Virtual Users [400 threads] 1-157,text,true,,571,573,5,5,http://k8s-forkfind-forkfind-8e65d48af1-1990260306.us-east-1.elb.amazonaws.com/restaurants/15/reviews,86,0,0
1777594976936,792,01 - POST /auth/user/login,200,OK,Virtual Users [400 threads] 1-159,text,true,,406,363,5,5,http://k8s-forkfind-forkfind-8e65d48af1-1990260306.us-east-1.elb.amazonaws.com/auth/user/login,792,0,108
1777594977729,104,02 - GET /restaurants (search),200,OK,Virtual Users [400 threads] 1-159,text,true,,790,436,5,5,http://k8s-forkfind-forkfind-8e65d48af1-1990260306.us-east-1.elb.amazonaws.com/restaurants?q=pizza&limit=12&sort=rating,104,0,0
1777594976709,1137,01 - POST /auth/user/login,200,OK,Virtual Users [400 threads] 1-158,text,true,,406,363,6,6,http://k8s-forkfind-forkfind-8e65d48af1-1990260306.us-east-1.elb.amazonaws.com/auth/user/login,1137,0,151
1777594977847,98,02 - GET /restaurants (search),200,OK,Virtual Users [400 threads] 1-158,text,true,,790,436,6,6,http://k8s-forkfind-forkfind-8e65d48af1-1990260306.us-east-1.elb.amazonaws.com/restaurants?q=pizza&limit=12&sort=rating,98,0,0
1777594977834,126,03 - POST /restaurants/15/reviews,201,Created,Virtual Users [400 threads] 1-159,text,true,,571,573,6,6,http://k8s-forkfind-forkfind-8e65d48af1-1990260306.us-east-1.elb.amazonaws.com/restaurants/15/reviews,126,0,0
1777594977946,105,03 - POST /restaurants/15/reviews,201,Created,Virtual Users [400 threads] 1-158,text,true,,571,573,5,5,http://k8s-forkfind-forkfind-8e65d48af1-1990260306.us-east-1.elb.amazonaws.com/restaurants/15/reviews,105,0,0
1777594977160,1060,01 - POST /auth/user/login,200,OK,Virtual Users [400 threads] 1-160,text,true,,406,363,5,5,http://k8s-forkfind-forkfind-8e65d48af1-1990260306.us-east-1.elb.amazonaws.com/auth/user/login,1059,0,71
1777594978221,102,02 - GET /restaurants (search),200,OK,Virtual Users [400 threads] 1-160,text,true,,790,436,6,6,http://k8s-forkfind-forkfind-8e65d48af1-1990260306.us-east-1.elb.amazonaws.com/restaurants?q=pizza&limit=12&sort=rating,102,0,0
1777594977388,1036,01 - POST /auth/user/login,200,OK,Virtual Users [400 threads] 1-161,text,true,,406,363,6,6,http://k8s-forkfind-forkfind-8e65d48af1-1990260306.us-east-1.elb.amazonaws.com/auth/user/login,1036,0,72
1777594978324,132,03 - POST /restaurants/15/reviews,201,Created,Virtual Users [400 threads] 1-160,text,true,,571,573,6,6,http://k8s-forkfind-forkfind-8e65d48af1-1990260306.us-east-1.elb.amazonaws.com/restaurants/15/reviews,132,0,0
1777594978425,86,02 - GET /restaurants (search),200,OK,Virtual Users [400 threads] 1-161,text,true,,790,436,6,6,http://k8s-forkfind-forkfind-8e65d48af1-1990260306.us-east-1.elb.amazonaws.com/restaurants?q=pizza&limit=12&sort=rating,86,0,0
1777594978512,96,03 - POST /restaurants/15/reviews,201,Created,Virtual Users [400 threads] 1-161,text,true,,571,573,6,6,http://k8s-forkfind-forkfind-8e65d48af1-1990260306.us-east-1.elb.amazonaws.com/restaurants/15/reviews,96,0,0
1777594977610,1105,01 - POST /auth/user/login,200,OK,Virtual Users [400 threads] 1-162,text,true,,406,363,5,5,http://k8s-forkfind-forkfind-8e65d48af1-1990260306.us-east-1.elb.amazonaws.com/auth/user/login,1105,0,117
1777594978716,93,02 - GET /restaurants (search),200,OK,Virtual Users [400 threads] 1-162,text,true,,790,436,6,6,http://k8s-forkfind-forkfind-8e65d48af1-1990260306.us-east-1.elb.amazonaws.com/restaurants?q=pizza&limit=12&sort=rating,93,0,0
1777594978809,100,03 - POST /restaurants/15/reviews,201,Created,Virtual Users [400 threads] 1-162,text,true,,571,573,6,6,http://k8s-forkfind-forkfind-8e65d48af1-1990260306.us-east-1.elb.amazonaws.com/restaurants/15/reviews,100,0,0
1777594977835,1141,01 - POST /auth/user/login,200,OK,Virtual Users [400 threads] 1-163,text,true,,406,363,6,6,http://k8s-forkfind-forkfind-8e65d48af1-1990260306.us-east-1.elb.amazonaws.com/auth/user/login,1141,0,110
1777594978978,92,02 - GET /restaurants (search),200,OK,Virtual Users [400 threads] 1-163,text,true,,790,436,6,6,http://k8s-forkfind-forkfind-8e65d48af1-1990260306.us-east-1.elb.amazonaws.com/restaurants?q=pizza&limit=12&sort=rating,91,0,0
1777594979070,86,03 - POST /restaurants/15/reviews,201,Created,Virtual Users [400 threads] 1-163,text,true,,571,573,6,6,http://k8s-forkfind-forkfind-8e65d48af1-1990260306.us-east-1.elb.amazonaws.com/restaurants/15/reviews,86,0,0
1777594978287,955,01 - POST /auth/user/login,200,OK,Virtual Users [400 threads] 1-165,text,true,,406,363,6,6,http://k8s-forkfind-forkfind-8e65d48af1-1990260306.us-east-1.elb.amazonaws.com/auth/user/login,955,0,72
1777594978060,1228,01 - POST /auth/user/login,200,OK,Virtual Users [400 threads] 1-164,text,true,,406,363,6,6,http://k8s-forkfind-forkfind-8e65d48af1-1990260306.us-east-1.elb.amazonaws.com/auth/user/login,1228,0,72
1777594979243,146,02 - GET /restaurants (search),200,OK,Virtual Users [400 threads] 1-165,text,true,,790,436,6,6,http://k8s-forkfind-forkfind-8e65d48af1-1990260306.us-east-1.elb.amazonaws.com/restaurants?q=pizza&limit=12&sort=rating,146,0,0
1777594979289,100,02 - GET /restaurants (search),200,OK,Virtual Users [400 threads] 1-164,text,true,,790,436,6,6,http://k8s-forkfind-forkfind-8e65d48af1-1990260306.us-east-1.elb.amazonaws.com/restaurants?q=pizza&limit=12&sort=rating,100,0,0
1777594978732,706,01 - POST /auth/user/login,200,OK,Virtual Users [400 threads] 1-167,text,true,,406,363,7,7,http://k8s-forkfind-forkfind-8e65d48af1-1990260306.us-east-1.elb.amazonaws.com/auth/user/login,706,0,72
1777594979389,118,03 - POST /restaurants/15/reviews,201,Created,Virtual Users [400 threads] 1-164,text,true,,571,573,7,7,http://k8s-forkfind-forkfind-8e65d48af1-1990260306.us-east-1.elb.amazonaws.com/restaurants/15/reviews,118,0,0
1777594979389,118,03 - POST /restaurants/15/reviews,201,Created,Virtual Users [400 threads] 1-165,text,true,,571,573,7,7,http://k8s-forkfind-forkfind-8e65d48af1-1990260306.us-east-1.elb.amazonaws.com/restaurants/15/reviews,118,0,0
1777594979439,141,02 - GET /restaurants (search),200,OK,Virtual Users [400 threads] 1-167,text,true,,790,436,5,5,http://k8s-forkfind-forkfind-8e65d48af1-1990260306.us-east-1.elb.amazonaws.com/restaurants?q=pizza&limit=12&sort=rating,141,0,0
1777594979581,129,03 - POST /restaurants/15/reviews,201,Created,Virtual Users [400 threads] 1-167,text,true,,571,573,6,6,http://k8s-forkfind-forkfind-8e65d48af1-1990260306.us-east-1.elb.amazonaws.com/restaurants/15/reviews,129,0,0
1777594978956,873,01 - POST /auth/user/login,200,OK,Virtual Users [400 threads] 1-168,text,true,,406,363,5,5,http://k8s-forkfind-forkfind-8e65d48af1-1990260306.us-east-1.elb.amazonaws.com/auth/user/login,873,0,72
1777594978511,1327,01 - POST /auth/user/login,200,OK,Virtual Users [400 threads] 1-166,text,true,,406,363,5,5,http://k8s-forkfind-forkfind-8e65d48af1-1990260306.us-east-1.elb.amazonaws.com/auth/user/login,1327,0,72
1777594979831,103,02 - GET /restaurants (search),200,OK,Virtual Users [400 threads] 1-168,text,true,,790,436,6,6,http://k8s-forkfind-forkfind-8e65d48af1-1990260306.us-east-1.elb.amazonaws.com/restaurants?q=pizza&limit=12&sort=rating,103,0,0
1777594979838,96,02 - GET /restaurants (search),200,OK,Virtual Users [400 threads] 1-166,text,true,,790,436,6,6,http://k8s-forkfind-forkfind-8e65d48af1-1990260306.us-east-1.elb.amazonaws.com/restaurants?q=pizza&limit=12&sort=rating,96,0,0
1777594979934,234,03 - POST /restaurants/15/reviews,201,Created,Virtual Users [400 threads] 1-168,text,true,,571,573,7,7,http://k8s-forkfind-forkfind-8e65d48af1-1990260306.us-east-1.elb.amazonaws.com/restaurants/15/reviews,234,0,0
1777594979934,234,03 - POST /restaurants/15/reviews,201,Created,Virtual Users [400 threads] 1-166,text,true,,571,573,7,7,http://k8s-forkfind-forkfind-8e65d48af1-1990260306.us-east-1.elb.amazonaws.com/restaurants/15/reviews,234,0,0
1777594979185,1102,01 - POST /auth/user/login,200,OK,Virtual Users [400 threads] 1-169,text,true,,406,363,5,5,http://k8s-forkfind-forkfind-8e65d48af1-1990260306.us-east-1.elb.amazonaws.com/auth/user/login,1102,0,75
1777594980288,86,02 - GET /restaurants (search),200,OK,Virtual Users [400 threads] 1-169,text,true,,790,436,6,6,http://k8s-forkfind-forkfind-8e65d48af1-1990260306.us-east-1.elb.amazonaws.com/restaurants?q=pizza&limit=12&sort=rating,86,0,0
1777594980375,92,03 - POST /restaurants/15/reviews,201,Created,Virtual Users [400 threads] 1-169,text,true,,571,573,6,6,http://k8s-forkfind-forkfind-8e65d48af1-1990260306.us-east-1.elb.amazonaws.com/restaurants/15/reviews,92,0,0
1777594979407,1097,01 - POST /auth/user/login,200,OK,Virtual Users [400 threads] 1-170,text,true,,406,363,5,5,http://k8s-forkfind-forkfind-8e65d48af1-1990260306.us-east-1.elb.amazonaws.com/auth/user/login,1096,0,73
1777594980507,86,02 - GET /restaurants (search),200,OK,Virtual Users [400 threads] 1-170,text,true,,790,436,6,6,http://k8s-forkfind-forkfind-8e65d48af1-1990260306.us-east-1.elb.amazonaws.com/restaurants?q=pizza&limit=12&sort=rating,86,0,0
1777594980595,111,03 - POST /restaurants/15/reviews,201,Created,Virtual Users [400 threads] 1-170,text,true,,571,573,6,6,http://k8s-forkfind-forkfind-8e65d48af1-1990260306.us-east-1.elb.amazonaws.com/restaurants/15/reviews,111,0,0
1777594979635,1187,01 - POST /auth/user/login,200,OK,Virtual Users [400 threads] 1-171,text,true,,406,363,6,6,http://k8s-forkfind-forkfind-8e65d48af1-1990260306.us-east-1.elb.amazonaws.com/auth/user/login,1187,0,71
1777594980823,89,02 - GET /restaurants (search),200,OK,Virtual Users [400 threads] 1-171,text,true,,790,436,6,6,http://k8s-forkfind-forkfind-8e65d48af1-1990260306.us-east-1.elb.amazonaws.com/restaurants?q=pizza&limit=12&sort=rating,89,0,0
1777594980913,109,03 - POST /restaurants/15/reviews,201,Created,Virtual Users [400 threads] 1-171,text,true,,571,573,7,7,http://k8s-forkfind-forkfind-8e65d48af1-1990260306.us-east-1.elb.amazonaws.com/restaurants/15/reviews,109,0,0
1777594980298,724,01 - POST /auth/user/login,200,OK,Virtual Users [400 threads] 1-174,text,true,,406,363,7,7,http://k8s-forkfind-forkfind-8e65d48af1-1990260306.us-east-1.elb.amazonaws.com/auth/user/login,724,0,100
1777594981023,94,02 - GET /restaurants (search),200,OK,Virtual Users [400 threads] 1-174,text,true,,790,436,6,6,http://k8s-forkfind-forkfind-8e65d48af1-1990260306.us-east-1.elb.amazonaws.com/restaurants?q=pizza&limit=12&sort=rating,94,0,0
1777594979861,1324,01 - POST /auth/user/login,200,OK,Virtual Users [400 threads] 1-172,text,true,,406,363,6,6,http://k8s-forkfind-forkfind-8e65d48af1-1990260306.us-east-1.elb.amazonaws.com/auth/user/login,1324,0,73
1777594981118,155,03 - POST /restaurants/15/reviews,201,Created,Virtual Users [400 threads] 1-174,text,true,,571,573,7,7,http://k8s-forkfind-forkfind-8e65d48af1-1990260306.us-east-1.elb.amazonaws.com/restaurants/15/reviews,155,0,0
1777594981186,120,02 - GET /restaurants (search),200,OK,Virtual Users [400 threads] 1-172,text,true,,790,436,6,6,http://k8s-forkfind-forkfind-8e65d48af1-1990260306.us-east-1.elb.amazonaws.com/restaurants?q=pizza&limit=12&sort=rating,120,0,0
1777594981307,159,03 - POST /restaurants/15/reviews,201,Created,Virtual Users [400 threads] 1-172,text,true,,571,573,7,7,http://k8s-forkfind-forkfind-8e65d48af1-1990260306.us-east-1.elb.amazonaws.com/restaurants/15/reviews,159,0,0
1777594980520,1077,01 - POST /auth/user/login,200,OK,Virtual Users [400 threads] 1-175,text,true,,406,363,6,6,http://k8s-forkfind-forkfind-8e65d48af1-1990260306.us-east-1.elb.amazonaws.com/auth/user/login,1077,0,72
1777594981598,161,02 - GET /restaurants (search),200,OK,Virtual Users [400 threads] 1-175,text,true,,790,436,7,7,http://k8s-forkfind-forkfind-8e65d48af1-1990260306.us-east-1.elb.amazonaws.com/restaurants?q=pizza&limit=12&sort=rating,161,0,0
1777594980979,847,01 - POST /auth/user/login,200,OK,Virtual Users [400 threads] 1-177,text,true,,406,363,7,7,http://k8s-forkfind-forkfind-8e65d48af1-1990260306.us-east-1.elb.amazonaws.com/auth/user/login,847,0,72
1777594981759,127,03 - POST /restaurants/15/reviews,201,Created,Virtual Users [400 threads] 1-175,text,true,,571,573,8,8,http://k8s-forkfind-forkfind-8e65d48af1-1990260306.us-east-1.elb.amazonaws.com/restaurants/15/reviews,127,0,0
1777594980073,1836,01 - POST /auth/user/login,200,OK,Virtual Users [400 threads] 1-173,text,true,,406,363,7,7,http://k8s-forkfind-forkfind-8e65d48af1-1990260306.us-east-1.elb.amazonaws.com/auth/user/login,1836,0,82
1777594981828,135,02 - GET /restaurants (search),200,OK,Virtual Users [400 threads] 1-177,text,true,,790,436,7,7,http://k8s-forkfind-forkfind-8e65d48af1-1990260306.us-east-1.elb.amazonaws.com/restaurants?q=pizza&limit=12&sort=rating,135,0,0
1777594981910,121,02 - GET /restaurants (search),200,OK,Virtual Users [400 threads] 1-173,text,true,,790,436,7,7,http://k8s-forkfind-forkfind-8e65d48af1-1990260306.us-east-1.elb.amazonaws.com/restaurants?q=pizza&limit=12&sort=rating,121,0,0
1777594982032,179,03 - POST /restaurants/15/reviews,201,Created,Virtual Users [400 threads] 1-173,text,true,,571,573,8,8,http://k8s-forkfind-forkfind-8e65d48af1-1990260306.us-east-1.elb.amazonaws.com/restaurants/15/reviews,179,0,0
1777594981964,247,03 - POST /restaurants/15/reviews,201,Created,Virtual Users [400 threads] 1-177,text,true,,571,573,8,8,http://k8s-forkfind-forkfind-8e65d48af1-1990260306.us-east-1.elb.amazonaws.com/restaurants/15/reviews,247,0,0
1777594981433,895,01 - POST /auth/user/login,200,OK,Virtual Users [400 threads] 1-179,text,true,,406,363,7,7,http://k8s-forkfind-forkfind-8e65d48af1-1990260306.us-east-1.elb.amazonaws.com/auth/user/login,895,0,76
1777594982329,169,02 - GET /restaurants (search),200,OK,Virtual Users [400 threads] 1-179,text,true,,790,436,7,7,http://k8s-forkfind-forkfind-8e65d48af1-1990260306.us-east-1.elb.amazonaws.com/restaurants?q=pizza&limit=12&sort=rating,169,0,0
1777594982498,111,03 - POST /restaurants/15/reviews,201,Created,Virtual Users [400 threads] 1-179,text,true,,571,573,8,8,http://k8s-forkfind-forkfind-8e65d48af1-1990260306.us-east-1.elb.amazonaws.com/restaurants/15/reviews,111,0,0
1777594980757,2047,01 - POST /auth/user/login,200,OK,Virtual Users [400 threads] 1-176,text,true,,406,363,8,8,http://k8s-forkfind-forkfind-8e65d48af1-1990260306.us-east-1.elb.amazonaws.com/auth/user/login,2047,0,71
1777594982805,93,02 - GET /restaurants (search),200,OK,Virtual Users [400 threads] 1-176,text,true,,790,436,8,8,http://k8s-forkfind-forkfind-8e65d48af1-1990260306.us-east-1.elb.amazonaws.com/restaurants?q=pizza&limit=12&sort=rating,93,0,0
1777594982106,820,01 - POST /auth/user/login,200,OK,Virtual Users [400 threads] 1-182,text,true,,406,363,8,8,http://k8s-forkfind-forkfind-8e65d48af1-1990260306.us-east-1.elb.amazonaws.com/auth/user/login,820,0,72
1777594982927,118,02 - GET /restaurants (search),200,OK,Virtual Users [400 threads] 1-182,text,true,,790,436,9,9,http://k8s-forkfind-forkfind-8e65d48af1-1990260306.us-east-1.elb.amazonaws.com/restaurants?q=pizza&limit=12&sort=rating,118,0,0
1777594982899,166,03 - POST /restaurants/15/reviews,201,Created,Virtual Users [400 threads] 1-176,text,true,,571,573,9,9,http://k8s-forkfind-forkfind-8e65d48af1-1990260306.us-east-1.elb.amazonaws.com/restaurants/15/reviews,166,0,0
1777594983045,112,03 - POST /restaurants/15/reviews,201,Created,Virtual Users [400 threads] 1-182,text,true,,571,573,8,8,http://k8s-forkfind-forkfind-8e65d48af1-1990260306.us-east-1.elb.amazonaws.com/restaurants/15/reviews,112,0,0
1777594981201,2150,01 - POST /auth/user/login,200,OK,Virtual Users [400 threads] 1-178,text,true,,406,363,8,8,http://k8s-forkfind-forkfind-8e65d48af1-1990260306.us-east-1.elb.amazonaws.com/auth/user/login,2150,0,71
1777594982773,706,01 - POST /auth/user/login,200,OK,Virtual Users [400 threads] 1-185,text,true,,406,363,9,9,http://k8s-forkfind-forkfind-8e65d48af1-1990260306.us-east-1.elb.amazonaws.com/auth/user/login,705,0,72
1777594983352,136,02 - GET /restaurants (search),200,OK,Virtual Users [400 threads] 1-178,text,true,,790,436,9,9,http://k8s-forkfind-forkfind-8e65d48af1-1990260306.us-east-1.elb.amazonaws.com/restaurants?q=pizza&limit=12&sort=rating,136,0,0
1777594983480,85,02 - GET /restaurants (search),200,OK,Virtual Users [400 threads] 1-185,text,true,,790,436,9,9,http://k8s-forkfind-forkfind-8e65d48af1-1990260306.us-east-1.elb.amazonaws.com/restaurants?q=pizza&limit=12&sort=rating,85,0,0
1777594981882,1704,01 - POST /auth/user/login,200,OK,Virtual Users [400 threads] 1-181,text,true,,406,363,9,9,http://k8s-forkfind-forkfind-8e65d48af1-1990260306.us-east-1.elb.amazonaws.com/auth/user/login,1703,0,72
1777594983489,135,03 - POST /restaurants/15/reviews,201,Created,Virtual Users [400 threads] 1-178,text,true,,571,573,9,9,http://k8s-forkfind-forkfind-8e65d48af1-1990260306.us-east-1.elb.amazonaws.com/restaurants/15/reviews,135,0,0
1777594983586,97,02 - GET /restaurants (search),200,OK,Virtual Users [400 threads] 1-181,text,true,,790,436,9,9,http://k8s-forkfind-forkfind-8e65d48af1-1990260306.us-east-1.elb.amazonaws.com/restaurants?q=pizza&limit=12&sort=rating,97,0,0
1777594983565,152,03 - POST /restaurants/15/reviews,201,Created,Virtual Users [400 threads] 1-185,text,true,,570,573,9,9,http://k8s-forkfind-forkfind-8e65d48af1-1990260306.us-east-1.elb.amazonaws.com/restaurants/15/reviews,152,0,0
1777594983683,93,03 - POST /restaurants/15/reviews,201,Created,Virtual Users [400 threads] 1-181,text,true,,571,573,8,8,http://k8s-forkfind-forkfind-8e65d48af1-1990260306.us-east-1.elb.amazonaws.com/restaurants/15/reviews,93,0,0
1777594981650,2245,01 - POST /auth/user/login,200,OK,Virtual Users [400 threads] 1-180,text,true,,406,363,7,7,http://k8s-forkfind-forkfind-8e65d48af1-1990260306.us-east-1.elb.amazonaws.com/auth/user/login,2245,0,72
1777594983895,106,02 - GET /restaurants (search),200,OK,Virtual Users [400 threads] 1-180,text,true,,790,436,8,8,http://k8s-forkfind-forkfind-8e65d48af1-1990260306.us-east-1.elb.amazonaws.com/restaurants?q=pizza&limit=12&sort=rating,106,0,0
1777594984002,162,03 - POST /restaurants/15/reviews,201,Created,Virtual Users [400 threads] 1-180,text,true,,571,573,9,9,http://k8s-forkfind-forkfind-8e65d48af1-1990260306.us-east-1.elb.amazonaws.com/restaurants/15/reviews,162,0,0
1777594983451,744,01 - POST /auth/user/login,200,OK,Virtual Users [400 threads] 1-188,text,true,,406,363,8,8,http://k8s-forkfind-forkfind-8e65d48af1-1990260306.us-east-1.elb.amazonaws.com/auth/user/login,744,0,82
1777594982554,1687,01 - POST /auth/user/login,200,OK,Virtual Users [400 threads] 1-184,text,true,,406,363,8,8,http://k8s-forkfind-forkfind-8e65d48af1-1990260306.us-east-1.elb.amazonaws.com/auth/user/login,1687,0,83
1777594982323,1923,01 - POST /auth/user/login,200,OK,Virtual Users [400 threads] 1-183,text,true,,406,363,8,8,http://k8s-forkfind-forkfind-8e65d48af1-1990260306.us-east-1.elb.amazonaws.com/auth/user/login,1923,0,73
1777594984196,133,02 - GET /restaurants (search),200,OK,Virtual Users [400 threads] 1-188,text,true,,790,436,8,8,http://k8s-forkfind-forkfind-8e65d48af1-1990260306.us-east-1.elb.amazonaws.com/restaurants?q=pizza&limit=12&sort=rating,133,0,0
1777594984246,103,02 - GET /restaurants (search),200,OK,Virtual Users [400 threads] 1-183,text,true,,790,436,8,8,http://k8s-forkfind-forkfind-8e65d48af1-1990260306.us-east-1.elb.amazonaws.com/restaurants?q=pizza&limit=12&sort=rating,103,0,0
1777594984241,108,02 - GET /restaurants (search),200,OK,Virtual Users [400 threads] 1-184,text,true,,790,436,8,8,http://k8s-forkfind-forkfind-8e65d48af1-1990260306.us-east-1.elb.amazonaws.com/restaurants?q=pizza&limit=12&sort=rating,108,0,0
1777594984349,111,03 - POST /restaurants/15/reviews,201,Created,Virtual Users [400 threads] 1-184,text,true,,571,573,9,9,http://k8s-forkfind-forkfind-8e65d48af1-1990260306.us-east-1.elb.amazonaws.com/restaurants/15/reviews,111,0,0
1777594984329,131,03 - POST /restaurants/15/reviews,201,Created,Virtual Users [400 threads] 1-188,text,true,,570,573,9,9,http://k8s-forkfind-forkfind-8e65d48af1-1990260306.us-east-1.elb.amazonaws.com/restaurants/15/reviews,131,0,0
1777594984349,179,03 - POST /restaurants/15/reviews,201,Created,Virtual Users [400 threads] 1-183,text,true,,570,573,7,7,http://k8s-forkfind-forkfind-8e65d48af1-1990260306.us-east-1.elb.amazonaws.com/restaurants/15/reviews,179,0,0
1777594984125,711,01 - POST /auth/user/login,200,OK,Virtual Users [400 threads] 1-191,text,true,,406,363,8,8,http://k8s-forkfind-forkfind-8e65d48af1-1990260306.us-east-1.elb.amazonaws.com/auth/user/login,711,0,73
1777594982998,1867,01 - POST /auth/user/login,200,OK,Virtual Users [400 threads] 1-186,text,true,,406,363,8,8,http://k8s-forkfind-forkfind-8e65d48af1-1990260306.us-east-1.elb.amazonaws.com/auth/user/login,1867,0,73
1777594983228,1679,01 - POST /auth/user/login,200,OK,Virtual Users [400 threads] 1-187,text,true,,406,363,8,8,http://k8s-forkfind-forkfind-8e65d48af1-1990260306.us-east-1.elb.amazonaws.com/auth/user/login,1679,0,74
1777594984837,83,02 - GET /restaurants (search),200,OK,Virtual Users [400 threads] 1-191,text,true,,790,436,8,8,http://k8s-forkfind-forkfind-8e65d48af1-1990260306.us-east-1.elb.amazonaws.com/restaurants?q=pizza&limit=12&sort=rating,83,0,0
1777594984908,120,02 - GET /restaurants (search),200,OK,Virtual Users [400 threads] 1-187,text,true,,790,436,9,9,http://k8s-forkfind-forkfind-8e65d48af1-1990260306.us-east-1.elb.amazonaws.com/restaurants?q=pizza&limit=12&sort=rating,120,0,0
1777594984865,170,02 - GET /restaurants (search),200,OK,Virtual Users [400 threads] 1-186,text,true,,790,436,9,9,http://k8s-forkfind-forkfind-8e65d48af1-1990260306.us-east-1.elb.amazonaws.com/restaurants?q=pizza&limit=12&sort=rating,170,0,0
1777594984920,137,03 - POST /restaurants/15/reviews,201,Created,Virtual Users [400 threads] 1-191,text,true,,571,573,9,9,http://k8s-forkfind-forkfind-8e65d48af1-1990260306.us-east-1.elb.amazonaws.com/restaurants/15/reviews,137,0,0
1777594985028,133,03 - POST /restaurants/15/reviews,201,Created,Virtual Users [400 threads] 1-187,text,true,,571,573,8,8,http://k8s-forkfind-forkfind-8e65d48af1-1990260306.us-east-1.elb.amazonaws.com/restaurants/15/reviews,133,0,0
1777594985036,147,03 - POST /restaurants/15/reviews,201,Created,Virtual Users [400 threads] 1-186,text,true,,571,573,7,7,http://k8s-forkfind-forkfind-8e65d48af1-1990260306.us-east-1.elb.amazonaws.com/restaurants/15/reviews,147,0,0
1777594983896,1521,01 - POST /auth/user/login,200,OK,Virtual Users [400 threads] 1-190,text,true,,406,363,7,7,http://k8s-forkfind-forkfind-8e65d48af1-1990260306.us-east-1.elb.amazonaws.com/auth/user/login,1521,0,80
1777594985418,105,02 - GET /restaurants (search),200,OK,Virtual Users [400 threads] 1-190,text,true,,790,436,8,8,http://k8s-forkfind-forkfind-8e65d48af1-1990260306.us-east-1.elb.amazonaws.com/restaurants?q=pizza&limit=12&sort=rating,105,0,0
1777594984800,734,01 - POST /auth/user/login,200,OK,Virtual Users [400 threads] 1-194,text,true,,406,363,8,8,http://k8s-forkfind-forkfind-8e65d48af1-1990260306.us-east-1.elb.amazonaws.com/auth/user/login,734,0,80
1777594985535,105,02 - GET /restaurants (search),200,OK,Virtual Users [400 threads] 1-194,text,true,,790,436,8,8,http://k8s-forkfind-forkfind-8e65d48af1-1990260306.us-east-1.elb.amazonaws.com/restaurants?q=pizza&limit=12&sort=rating,105,0,0
1777594985523,135,03 - POST /restaurants/15/reviews,201,Created,Virtual Users [400 threads] 1-190,text,true,,571,573,8,8,http://k8s-forkfind-forkfind-8e65d48af1-1990260306.us-east-1.elb.amazonaws.com/restaurants/15/reviews,135,0,0
1777594983672,2040,01 - POST /auth/user/login,200,OK,Virtual Users [400 threads] 1-189,text,true,,406,363,8,8,http://k8s-forkfind-forkfind-8e65d48af1-1990260306.us-east-1.elb.amazonaws.com/auth/user/login,2040,0,79
1777594985641,118,03 - POST /restaurants/15/reviews,201,Created,Virtual Users [400 threads] 1-194,text,true,,571,573,8,8,http://k8s-forkfind-forkfind-8e65d48af1-1990260306.us-east-1.elb.amazonaws.com/restaurants/15/reviews,118,0,0
1777594985712,91,02 - GET /restaurants (search),200,OK,Virtual Users [400 threads] 1-189,text,true,,790,436,7,7,http://k8s-forkfind-forkfind-8e65d48af1-1990260306.us-east-1.elb.amazonaws.com/restaurants?q=pizza&limit=12&sort=rating,91,0,0
1777594985804,85,03 - POST /restaurants/15/reviews,201,Created,Virtual Users [400 threads] 1-189,text,true,,571,573,7,7,http://k8s-forkfind-forkfind-8e65d48af1-1990260306.us-east-1.elb.amazonaws.com/restaurants/15/reviews,85,0,0
1777594984352,1627,01 - POST /auth/user/login,200,OK,Virtual Users [400 threads] 1-192,text,true,,406,363,7,7,http://k8s-forkfind-forkfind-8e65d48af1-1990260306.us-east-1.elb.amazonaws.com/auth/user/login,1627,0,71
1777594985979,79,02 - GET /restaurants (search),200,OK,Virtual Users [400 threads] 1-192,text,true,,790,436,7,7,http://k8s-forkfind-forkfind-8e65d48af1-1990260306.us-east-1.elb.amazonaws.com/restaurants?q=pizza&limit=12&sort=rating,79,0,0
1777594986059,87,03 - POST /restaurants/15/reviews,201,Created,Virtual Users [400 threads] 1-192,text,true,,571,573,8,8,http://k8s-forkfind-forkfind-8e65d48af1-1990260306.us-east-1.elb.amazonaws.com/restaurants/15/reviews,87,0,0
1777594985476,675,01 - POST /auth/user/login,200,OK,Virtual Users [400 threads] 1-197,text,true,,406,363,7,7,http://k8s-forkfind-forkfind-8e65d48af1-1990260306.us-east-1.elb.amazonaws.com/auth/user/login,675,0,72
1777594986151,89,02 - GET /restaurants (search),200,OK,Virtual Users [400 threads] 1-197,text,true,,790,436,7,7,http://k8s-forkfind-forkfind-8e65d48af1-1990260306.us-east-1.elb.amazonaws.com/restaurants?q=pizza&limit=12&sort=rating,89,0,0
1777594986240,103,03 - POST /restaurants/15/reviews,201,Created,Virtual Users [400 threads] 1-197,text,true,,571,573,7,7,http://k8s-forkfind-forkfind-8e65d48af1-1990260306.us-east-1.elb.amazonaws.com/restaurants/15/reviews,103,0,0
1777594984578,1893,01 - POST /auth/user/login,200,OK,Virtual Users [400 threads] 1-193,text,true,,406,363,7,7,http://k8s-forkfind-forkfind-8e65d48af1-1990260306.us-east-1.elb.amazonaws.com/auth/user/login,1893,0,75
1777594986473,77,02 - GET /restaurants (search),200,OK,Virtual Users [400 threads] 1-193,text,true,,790,436,7,7,http://k8s-forkfind-forkfind-8e65d48af1-1990260306.us-east-1.elb.amazonaws.com/restaurants?q=pizza&limit=12&sort=rating,77,0,0
1777594985028,1579,01 - POST /auth/user/login,200,OK,Virtual Users [400 threads] 1-195,text,true,,406,363,8,8,http://k8s-forkfind-forkfind-8e65d48af1-1990260306.us-east-1.elb.amazonaws.com/auth/user/login,1579,0,71
1777594985248,1373,01 - POST /auth/user/login,200,OK,Virtual Users [400 threads] 1-196,text,true,,406,363,8,8,http://k8s-forkfind-forkfind-8e65d48af1-1990260306.us-east-1.elb.amazonaws.com/auth/user/login,1373,0,70
1777594986551,103,03 - POST /restaurants/15/reviews,201,Created,Virtual Users [400 threads] 1-193,text,true,,571,573,8,8,http://k8s-forkfind-forkfind-8e65d48af1-1990260306.us-east-1.elb.amazonaws.com/restaurants/15/reviews,103,0,0
1777594986607,91,02 - GET /restaurants (search),200,OK,Virtual Users [400 threads] 1-195,text,true,,790,436,7,7,http://k8s-forkfind-forkfind-8e65d48af1-1990260306.us-east-1.elb.amazonaws.com/restaurants?q=pizza&limit=12&sort=rating,91,0,0
1777594986621,90,02 - GET /restaurants (search),200,OK,Virtual Users [400 threads] 1-196,text,true,,790,436,7,7,http://k8s-forkfind-forkfind-8e65d48af1-1990260306.us-east-1.elb.amazonaws.com/restaurants?q=pizza&limit=12&sort=rating,90,0,0
1777594986699,84,03 - POST /restaurants/15/reviews,201,Created,Virtual Users [400 threads] 1-195,text,true,,571,573,7,7,http://k8s-forkfind-forkfind-8e65d48af1-1990260306.us-east-1.elb.amazonaws.com/restaurants/15/reviews,84,0,0
1777594986712,95,03 - POST /restaurants/15/reviews,201,Created,Virtual Users [400 threads] 1-196,text,true,,571,573,6,6,http://k8s-forkfind-forkfind-8e65d48af1-1990260306.us-east-1.elb.amazonaws.com/restaurants/15/reviews,95,0,0
1777594986146,701,01 - POST /auth/user/login,200,OK,Virtual Users [400 threads] 1-200,text,true,,406,363,6,6,http://k8s-forkfind-forkfind-8e65d48af1-1990260306.us-east-1.elb.amazonaws.com/auth/user/login,701,0,78
1777594986848,93,02 - GET /restaurants (search),200,OK,Virtual Users [400 threads] 1-200,text,true,,790,436,6,6,http://k8s-forkfind-forkfind-8e65d48af1-1990260306.us-east-1.elb.amazonaws.com/restaurants?q=pizza&limit=12&sort=rating,93,0,0
1777594986943,96,03 - POST /restaurants/15/reviews,201,Created,Virtual Users [400 threads] 1-200,text,true,,571,573,6,6,http://k8s-forkfind-forkfind-8e65d48af1-1990260306.us-east-1.elb.amazonaws.com/restaurants/15/reviews,96,0,0
1777594985932,1265,01 - POST /auth/user/login,200,OK,Virtual Users [400 threads] 1-199,text,true,,406,363,6,6,http://k8s-forkfind-forkfind-8e65d48af1-1990260306.us-east-1.elb.amazonaws.com/auth/user/login,1265,0,86
1777594987198,78,02 - GET /restaurants (search),200,OK,Virtual Users [400 threads] 1-199,text,true,,790,436,7,7,http://k8s-forkfind-forkfind-8e65d48af1-1990260306.us-east-1.elb.amazonaws.com/restaurants?q=pizza&limit=12&sort=rating,78,0,0
1777594985704,1607,01 - POST /auth/user/login,200,OK,Virtual Users [400 threads] 1-198,text,true,,406,363,7,7,http://k8s-forkfind-forkfind-8e65d48af1-1990260306.us-east-1.elb.amazonaws.com/auth/user/login,1607,0,79
1777594987276,84,03 - POST /restaurants/15/reviews,201,Created,Virtual Users [400 threads] 1-199,text,true,,571,573,7,7,http://k8s-forkfind-forkfind-8e65d48af1-1990260306.us-east-1.elb.amazonaws.com/restaurants/15/reviews,84,0,0
1777594987312,79,02 - GET /restaurants (search),200,OK,Virtual Users [400 threads] 1-198,text,true,,790,436,6,6,http://k8s-forkfind-forkfind-8e65d48af1-1990260306.us-east-1.elb.amazonaws.com/restaurants?q=pizza&limit=12&sort=rating,79,0,0
1777594987391,83,03 - POST /restaurants/15/reviews,201,Created,Virtual Users [400 threads] 1-198,text,true,,571,573,6,6,http://k8s-forkfind-forkfind-8e65d48af1-1990260306.us-east-1.elb.amazonaws.com/restaurants/15/reviews,83,0,0
1777594987044,688,01 - POST /auth/user/login,200,OK,Virtual Users [400 threads] 1-204,text,true,,406,363,7,7,http://k8s-forkfind-forkfind-8e65d48af1-1990260306.us-east-1.elb.amazonaws.com/auth/user/login,688,0,71
1777594986369,1443,01 - POST /auth/user/login,200,OK,Virtual Users [400 threads] 1-201,text,true,,406,363,7,7,http://k8s-forkfind-forkfind-8e65d48af1-1990260306.us-east-1.elb.amazonaws.com/auth/user/login,1443,0,102
1777594987732,88,02 - GET /restaurants (search),200,OK,Virtual Users [400 threads] 1-204,text,true,,790,436,7,7,http://k8s-forkfind-forkfind-8e65d48af1-1990260306.us-east-1.elb.amazonaws.com/restaurants?q=pizza&limit=12&sort=rating,88,0,0
1777594987813,91,02 - GET /restaurants (search),200,OK,Virtual Users [400 threads] 1-201,text,true,,790,436,7,7,http://k8s-forkfind-forkfind-8e65d48af1-1990260306.us-east-1.elb.amazonaws.com/restaurants?q=pizza&limit=12&sort=rating,91,0,0
1777594987820,132,03 - POST /restaurants/15/reviews,201,Created,Virtual Users [400 threads] 1-204,text,true,,571,573,8,8,http://k8s-forkfind-forkfind-8e65d48af1-1990260306.us-east-1.elb.amazonaws.com/restaurants/15/reviews,132,0,0
1777594987905,146,03 - POST /restaurants/15/reviews,201,Created,Virtual Users [400 threads] 1-201,text,true,,571,573,7,7,http://k8s-forkfind-forkfind-8e65d48af1-1990260306.us-east-1.elb.amazonaws.com/restaurants/15/reviews,146,0,0
1777594986593,1499,01 - POST /auth/user/login,200,OK,Virtual Users [400 threads] 1-202,text,true,,406,363,6,6,http://k8s-forkfind-forkfind-8e65d48af1-1990260306.us-east-1.elb.amazonaws.com/auth/user/login,1499,0,71
1777594988093,80,02 - GET /restaurants (search),200,OK,Virtual Users [400 threads] 1-202,text,true,,790,436,7,7,http://k8s-forkfind-forkfind-8e65d48af1-1990260306.us-east-1.elb.amazonaws.com/restaurants?q=pizza&limit=12&sort=rating,80,0,0
1777594988173,83,03 - POST /restaurants/15/reviews,201,Created,Virtual Users [400 threads] 1-202,text,true,,571,573,7,7,http://k8s-forkfind-forkfind-8e65d48af1-1990260306.us-east-1.elb.amazonaws.com/restaurants/15/reviews,83,0,0
1777594987273,1035,01 - POST /auth/user/login,200,OK,Virtual Users [400 threads] 1-205,text,true,,406,363,6,6,http://k8s-forkfind-forkfind-8e65d48af1-1990260306.us-east-1.elb.amazonaws.com/auth/user/login,1035,0,72
1777594988309,80,02 - GET /restaurants (search),200,OK,Virtual Users [400 threads] 1-205,text,true,,790,436,6,6,http://k8s-forkfind-forkfind-8e65d48af1-1990260306.us-east-1.elb.amazonaws.com/restaurants?q=pizza&limit=12&sort=rating,80,0,0
1777594987723,697,01 - POST /auth/user/login,200,OK,Virtual Users [400 threads] 1-207,text,true,,406,363,7,7,http://k8s-forkfind-forkfind-8e65d48af1-1990260306.us-east-1.elb.amazonaws.com/auth/user/login,697,0,75
1777594988390,84,03 - POST /restaurants/15/reviews,201,Created,Virtual Users [400 threads] 1-205,text,true,,571,573,7,7,http://k8s-forkfind-forkfind-8e65d48af1-1990260306.us-east-1.elb.amazonaws.com/restaurants/15/reviews,84,0,0
1777594988421,103,02 - GET /restaurants (search),200,OK,Virtual Users [400 threads] 1-207,text,true,,790,436,6,6,http://k8s-forkfind-forkfind-8e65d48af1-1990260306.us-east-1.elb.amazonaws.com/restaurants?q=pizza&limit=12&sort=rating,103,0,0
1777594988524,130,03 - POST /restaurants/15/reviews,201,Created,Virtual Users [400 threads] 1-207,text,true,,571,573,7,7,http://k8s-forkfind-forkfind-8e65d48af1-1990260306.us-east-1.elb.amazonaws.com/restaurants/15/reviews,130,0,0
1777594987951,872,01 - POST /auth/user/login,200,OK,Virtual Users [400 threads] 1-208,text,true,,406,363,6,6,http://k8s-forkfind-forkfind-8e65d48af1-1990260306.us-east-1.elb.amazonaws.com/auth/user/login,872,0,72
1777594986830,2054,01 - POST /auth/user/login,200,OK,Virtual Users [400 threads] 1-203,text,true,,406,363,7,7,http://k8s-forkfind-forkfind-8e65d48af1-1990260306.us-east-1.elb.amazonaws.com/auth/user/login,2054,0,73
1777594988824,87,02 - GET /restaurants (search),200,OK,Virtual Users [400 threads] 1-208,text,true,,790,436,7,7,http://k8s-forkfind-forkfind-8e65d48af1-1990260306.us-east-1.elb.amazonaws.com/restaurants?q=pizza&limit=12&sort=rating,87,0,0
1777594988885,77,02 - GET /restaurants (search),200,OK,Virtual Users [400 threads] 1-203,text,true,,790,436,7,7,http://k8s-forkfind-forkfind-8e65d48af1-1990260306.us-east-1.elb.amazonaws.com/restaurants?q=pizza&limit=12&sort=rating,77,0,0
1777594988912,143,03 - POST /restaurants/15/reviews,201,Created,Virtual Users [400 threads] 1-208,text,true,,571,573,7,7,http://k8s-forkfind-forkfind-8e65d48af1-1990260306.us-east-1.elb.amazonaws.com/restaurants/15/reviews,143,0,0
1777594988963,92,03 - POST /restaurants/15/reviews,201,Created,Virtual Users [400 threads] 1-203,text,true,,571,573,7,7,http://k8s-forkfind-forkfind-8e65d48af1-1990260306.us-east-1.elb.amazonaws.com/restaurants/15/reviews,92,0,0
1777594988395,703,01 - POST /auth/user/login,200,OK,Virtual Users [400 threads] 1-210,text,true,,406,363,6,6,http://k8s-forkfind-forkfind-8e65d48af1-1990260306.us-east-1.elb.amazonaws.com/auth/user/login,703,0,72
1777594989099,78,02 - GET /restaurants (search),200,OK,Virtual Users [400 threads] 1-210,text,true,,790,436,6,6,http://k8s-forkfind-forkfind-8e65d48af1-1990260306.us-east-1.elb.amazonaws.com/restaurants?q=pizza&limit=12&sort=rating,78,0,0
1777594987495,1706,01 - POST /auth/user/login,200,OK,Virtual Users [400 threads] 1-206,text,true,,406,363,6,6,http://k8s-forkfind-forkfind-8e65d48af1-1990260306.us-east-1.elb.amazonaws.com/auth/user/login,1706,0,71
1777594989178,83,03 - POST /restaurants/15/reviews,201,Created,Virtual Users [400 threads] 1-210,text,true,,571,573,6,6,http://k8s-forkfind-forkfind-8e65d48af1-1990260306.us-east-1.elb.amazonaws.com/restaurants/15/reviews,83,0,0
1777594989202,84,02 - GET /restaurants (search),200,OK,Virtual Users [400 threads] 1-206,text,true,,790,436,5,5,http://k8s-forkfind-forkfind-8e65d48af1-1990260306.us-east-1.elb.amazonaws.com/restaurants?q=pizza&limit=12&sort=rating,84,0,0
1777594989286,84,03 - POST /restaurants/15/reviews,201,Created,Virtual Users [400 threads] 1-206,text,true,,571,573,6,6,http://k8s-forkfind-forkfind-8e65d48af1-1990260306.us-east-1.elb.amazonaws.com/restaurants/15/reviews,84,0,0
1777594988622,801,01 - POST /auth/user/login,200,OK,Virtual Users [400 threads] 1-211,text,true,,406,363,5,5,http://k8s-forkfind-forkfind-8e65d48af1-1990260306.us-east-1.elb.amazonaws.com/auth/user/login,801,0,72
1777594989424,102,02 - GET /restaurants (search),200,OK,Virtual Users [400 threads] 1-211,text,true,,790,436,6,6,http://k8s-forkfind-forkfind-8e65d48af1-1990260306.us-east-1.elb.amazonaws.com/restaurants?q=pizza&limit=12&sort=rating,102,0,0
1777594989527,129,03 - POST /restaurants/15/reviews,201,Created,Virtual Users [400 threads] 1-211,text,true,,571,573,6,6,http://k8s-forkfind-forkfind-8e65d48af1-1990260306.us-east-1.elb.amazonaws.com/restaurants/15/reviews,129,0,0
1777594989070,696,01 - POST /auth/user/login,200,OK,Virtual Users [400 threads] 1-213,text,true,,406,363,6,6,http://k8s-forkfind-forkfind-8e65d48af1-1990260306.us-east-1.elb.amazonaws.com/auth/user/login,696,0,72
1777594989767,91,02 - GET /restaurants (search),200,OK,Virtual Users [400 threads] 1-213,text,true,,790,436,6,6,http://k8s-forkfind-forkfind-8e65d48af1-1990260306.us-east-1.elb.amazonaws.com/restaurants?q=pizza&limit=12&sort=rating,91,0,0
1777594989859,92,03 - POST /restaurants/15/reviews,201,Created,Virtual Users [400 threads] 1-213,text,true,,571,573,6,6,http://k8s-forkfind-forkfind-8e65d48af1-1990260306.us-east-1.elb.amazonaws.com/restaurants/15/reviews,92,0,0
1777594988168,1833,01 - POST /auth/user/login,200,OK,Virtual Users [400 threads] 1-209,text,true,,406,363,6,6,http://k8s-forkfind-forkfind-8e65d48af1-1990260306.us-east-1.elb.amazonaws.com/auth/user/login,1833,0,72
1777594989295,732,01 - POST /auth/user/login,200,OK,Virtual Users [400 threads] 1-214,text,true,,406,363,6,6,http://k8s-forkfind-forkfind-8e65d48af1-1990260306.us-east-1.elb.amazonaws.com/auth/user/login,732,0,71
1777594990003,80,02 - GET /restaurants (search),200,OK,Virtual Users [400 threads] 1-209,text,true,,790,436,6,6,http://k8s-forkfind-forkfind-8e65d48af1-1990260306.us-east-1.elb.amazonaws.com/restaurants?q=pizza&limit=12&sort=rating,80,0,0
1777594990028,89,02 - GET /restaurants (search),200,OK,Virtual Users [400 threads] 1-214,text,true,,790,436,6,6,http://k8s-forkfind-forkfind-8e65d48af1-1990260306.us-east-1.elb.amazonaws.com/restaurants?q=pizza&limit=12&sort=rating,89,0,0
1777594990085,91,03 - POST /restaurants/15/reviews,201,Created,Virtual Users [400 threads] 1-209,text,true,,571,573,6,6,http://k8s-forkfind-forkfind-8e65d48af1-1990260306.us-east-1.elb.amazonaws.com/restaurants/15/reviews,91,0,0
1777594990117,134,03 - POST /restaurants/15/reviews,201,Created,Virtual Users [400 threads] 1-214,text,true,,571,573,6,6,http://k8s-forkfind-forkfind-8e65d48af1-1990260306.us-east-1.elb.amazonaws.com/restaurants/15/reviews,134,0,0
1777594988848,1542,01 - POST /auth/user/login,200,OK,Virtual Users [400 threads] 1-212,text,true,,406,363,5,5,http://k8s-forkfind-forkfind-8e65d48af1-1990260306.us-east-1.elb.amazonaws.com/auth/user/login,1542,0,71
1777594989756,691,01 - POST /auth/user/login,200,OK,Virtual Users [400 threads] 1-216,text,true,,406,363,6,6,http://k8s-forkfind-forkfind-8e65d48af1-1990260306.us-east-1.elb.amazonaws.com/auth/user/login,691,0,71
1777594990391,79,02 - GET /restaurants (search),200,OK,Virtual Users [400 threads] 1-212,text,true,,790,436,6,6,http://k8s-forkfind-forkfind-8e65d48af1-1990260306.us-east-1.elb.amazonaws.com/restaurants?q=pizza&limit=12&sort=rating,79,0,0
1777594990448,83,02 - GET /restaurants (search),200,OK,Virtual Users [400 threads] 1-216,text,true,,790,436,6,6,http://k8s-forkfind-forkfind-8e65d48af1-1990260306.us-east-1.elb.amazonaws.com/restaurants?q=pizza&limit=12&sort=rating,83,0,0
1777594990470,84,03 - POST /restaurants/15/reviews,201,Created,Virtual Users [400 threads] 1-212,text,true,,571,573,6,6,http://k8s-forkfind-forkfind-8e65d48af1-1990260306.us-east-1.elb.amazonaws.com/restaurants/15/reviews,84,0,0
1777594990531,125,03 - POST /restaurants/15/reviews,201,Created,Virtual Users [400 threads] 1-216,text,true,,571,573,6,6,http://k8s-forkfind-forkfind-8e65d48af1-1990260306.us-east-1.elb.amazonaws.com/restaurants/15/reviews,125,0,0
1777594989976,683,01 - POST /auth/user/login,200,OK,Virtual Users [400 threads] 1-217,text,true,,406,363,5,5,http://k8s-forkfind-forkfind-8e65d48af1-1990260306.us-east-1.elb.amazonaws.com/auth/user/login,683,0,71
1777594990660,77,02 - GET /restaurants (search),200,OK,Virtual Users [400 threads] 1-217,text,true,,790,436,5,5,http://k8s-forkfind-forkfind-8e65d48af1-1990260306.us-east-1.elb.amazonaws.com/restaurants?q=pizza&limit=12&sort=rating,77,0,0
1777594990738,113,03 - POST /restaurants/15/reviews,201,Created,Virtual Users [400 threads] 1-217,text,true,,571,573,5,5,http://k8s-forkfind-forkfind-8e65d48af1-1990260306.us-east-1.elb.amazonaws.com/restaurants/15/reviews,113,0,0
1777594990424,701,01 - POST /auth/user/login,200,OK,Virtual Users [400 threads] 1-219,text,true,,406,363,6,6,http://k8s-forkfind-forkfind-8e65d48af1-1990260306.us-east-1.elb.amazonaws.com/auth/user/login,701,0,72
1777594991126,95,02 - GET /restaurants (search),200,OK,Virtual Users [400 threads] 1-219,text,true,,790,436,6,6,http://k8s-forkfind-forkfind-8e65d48af1-1990260306.us-east-1.elb.amazonaws.com/restaurants?q=pizza&limit=12&sort=rating,95,0,0
1777594989524,1761,01 - POST /auth/user/login,200,OK,Virtual Users [400 threads] 1-215,text,true,,406,363,6,6,http://k8s-forkfind-forkfind-8e65d48af1-1990260306.us-east-1.elb.amazonaws.com/auth/user/login,1761,0,78
1777594991221,99,03 - POST /restaurants/15/reviews,201,Created,Virtual Users [400 threads] 1-219,text,true,,571,573,6,6,http://k8s-forkfind-forkfind-8e65d48af1-1990260306.us-east-1.elb.amazonaws.com/restaurants/15/reviews,99,0,0
1777594990648,701,01 - POST /auth/user/login,200,OK,Virtual Users [400 threads] 1-220,text,true,,406,363,6,6,http://k8s-forkfind-forkfind-8e65d48af1-1990260306.us-east-1.elb.amazonaws.com/auth/user/login,701,0,71
1777594991287,77,02 - GET /restaurants (search),200,OK,Virtual Users [400 threads] 1-215,text,true,,790,436,6,6,http://k8s-forkfind-forkfind-8e65d48af1-1990260306.us-east-1.elb.amazonaws.com/restaurants?q=pizza&limit=12&sort=rating,77,0,0
1777594991350,78,02 - GET /restaurants (search),200,OK,Virtual Users [400 threads] 1-220,text,true,,790,436,6,6,http://k8s-forkfind-forkfind-8e65d48af1-1990260306.us-east-1.elb.amazonaws.com/restaurants?q=pizza&limit=12&sort=rating,78,0,0
1777594991364,88,03 - POST /restaurants/15/reviews,201,Created,Virtual Users [400 threads] 1-215,text,true,,571,573,6,6,http://k8s-forkfind-forkfind-8e65d48af1-1990260306.us-east-1.elb.amazonaws.com/restaurants/15/reviews,88,0,0
1777594991428,93,03 - POST /restaurants/15/reviews,201,Created,Virtual Users [400 threads] 1-220,text,true,,571,573,5,5,http://k8s-forkfind-forkfind-8e65d48af1-1990260306.us-east-1.elb.amazonaws.com/restaurants/15/reviews,93,0,0
1777594990204,1385,01 - POST /auth/user/login,200,OK,Virtual Users [400 threads] 1-218,text,true,,406,363,5,5,http://k8s-forkfind-forkfind-8e65d48af1-1990260306.us-east-1.elb.amazonaws.com/auth/user/login,1385,0,72
1777594991590,78,02 - GET /restaurants (search),200,OK,Virtual Users [400 threads] 1-218,text,true,,790,436,5,5,http://k8s-forkfind-forkfind-8e65d48af1-1990260306.us-east-1.elb.amazonaws.com/restaurants?q=pizza&limit=12&sort=rating,78,0,0
1777594991669,92,03 - POST /restaurants/15/reviews,201,Created,Virtual Users [400 threads] 1-218,text,true,,571,573,5,5,http://k8s-forkfind-forkfind-8e65d48af1-1990260306.us-east-1.elb.amazonaws.com/restaurants/15/reviews,92,0,0
1777594990866,1128,01 - POST /auth/user/login,200,OK,Virtual Users [400 threads] 1-221,text,true,,406,363,5,5,http://k8s-forkfind-forkfind-8e65d48af1-1990260306.us-east-1.elb.amazonaws.com/auth/user/login,1128,0,72
1777594991092,952,01 - POST /auth/user/login,200,OK,Virtual Users [400 threads] 1-222,text,true,,406,363,6,6,http://k8s-forkfind-forkfind-8e65d48af1-1990260306.us-east-1.elb.amazonaws.com/auth/user/login,952,0,71
1777594991995,77,02 - GET /restaurants (search),200,OK,Virtual Users [400 threads] 1-221,text,true,,790,436,6,6,http://k8s-forkfind-forkfind-8e65d48af1-1990260306.us-east-1.elb.amazonaws.com/restaurants?q=pizza&limit=12&sort=rating,77,0,0
1777594992045,82,02 - GET /restaurants (search),200,OK,Virtual Users [400 threads] 1-222,text,true,,790,436,6,6,http://k8s-forkfind-forkfind-8e65d48af1-1990260306.us-east-1.elb.amazonaws.com/restaurants?q=pizza&limit=12&sort=rating,82,0,0
1777594992072,86,03 - POST /restaurants/15/reviews,201,Created,Virtual Users [400 threads] 1-221,text,true,,571,573,6,6,http://k8s-forkfind-forkfind-8e65d48af1-1990260306.us-east-1.elb.amazonaws.com/restaurants/15/reviews,86,0,0
1777594992127,105,03 - POST /restaurants/15/reviews,201,Created,Virtual Users [400 threads] 1-222,text,true,,571,573,6,6,http://k8s-forkfind-forkfind-8e65d48af1-1990260306.us-east-1.elb.amazonaws.com/restaurants/15/reviews,105,0,0
1777594991329,1092,01 - POST /auth/user/login,200,OK,Virtual Users [400 threads] 1-223,text,true,,406,363,5,5,http://k8s-forkfind-forkfind-8e65d48af1-1990260306.us-east-1.elb.amazonaws.com/auth/user/login,1092,0,71
1777594992422,90,02 - GET /restaurants (search),200,OK,Virtual Users [400 threads] 1-223,text,true,,790,436,6,6,http://k8s-forkfind-forkfind-8e65d48af1-1990260306.us-east-1.elb.amazonaws.com/restaurants?q=pizza&limit=12&sort=rating,90,0,0
1777594991551,1050,01 - POST /auth/user/login,200,OK,Virtual Users [400 threads] 1-224,text,true,,406,363,6,6,http://k8s-forkfind-forkfind-8e65d48af1-1990260306.us-east-1.elb.amazonaws.com/auth/user/login,1050,0,73
1777594992513,139,03 - POST /restaurants/15/reviews,201,Created,Virtual Users [400 threads] 1-223,text,true,,571,573,6,6,http://k8s-forkfind-forkfind-8e65d48af1-1990260306.us-east-1.elb.amazonaws.com/restaurants/15/reviews,139,0,0
1777594992602,97,02 - GET /restaurants (search),200,OK,Virtual Users [400 threads] 1-224,text,true,,790,436,6,6,http://k8s-forkfind-forkfind-8e65d48af1-1990260306.us-east-1.elb.amazonaws.com/restaurants?q=pizza&limit=12&sort=rating,97,0,0
1777594992700,153,03 - POST /restaurants/15/reviews,201,Created,Virtual Users [400 threads] 1-224,text,true,,571,573,6,6,http://k8s-forkfind-forkfind-8e65d48af1-1990260306.us-east-1.elb.amazonaws.com/restaurants/15/reviews,153,0,0
1777594992001,1001,01 - POST /auth/user/login,200,OK,Virtual Users [400 threads] 1-226,text,true,,406,363,6,6,http://k8s-forkfind-forkfind-8e65d48af1-1990260306.us-east-1.elb.amazonaws.com/auth/user/login,1001,0,71
1777594991779,1243,01 - POST /auth/user/login,200,OK,Virtual Users [400 threads] 1-225,text,true,,406,363,6,6,http://k8s-forkfind-forkfind-8e65d48af1-1990260306.us-east-1.elb.amazonaws.com/auth/user/login,1242,0,73
1777594993003,89,02 - GET /restaurants (search),200,OK,Virtual Users [400 threads] 1-226,text,true,,790,436,6,6,http://k8s-forkfind-forkfind-8e65d48af1-1990260306.us-east-1.elb.amazonaws.com/restaurants?q=pizza&limit=12&sort=rating,89,0,0
1777594993022,79,02 - GET /restaurants (search),200,OK,Virtual Users [400 threads] 1-225,text,true,,790,436,6,6,http://k8s-forkfind-forkfind-8e65d48af1-1990260306.us-east-1.elb.amazonaws.com/restaurants?q=pizza&limit=12&sort=rating,79,0,0
1777594992451,680,01 - POST /auth/user/login,200,OK,Virtual Users [400 threads] 1-228,text,true,,406,363,7,7,http://k8s-forkfind-forkfind-8e65d48af1-1990260306.us-east-1.elb.amazonaws.com/auth/user/login,680,0,72
1777594993093,87,03 - POST /restaurants/15/reviews,201,Created,Virtual Users [400 threads] 1-226,text,true,,571,573,7,7,http://k8s-forkfind-forkfind-8e65d48af1-1990260306.us-east-1.elb.amazonaws.com/restaurants/15/reviews,87,0,0
1777594993132,88,02 - GET /restaurants (search),200,OK,Virtual Users [400 threads] 1-228,text,true,,790,436,6,6,http://k8s-forkfind-forkfind-8e65d48af1-1990260306.us-east-1.elb.amazonaws.com/restaurants?q=pizza&limit=12&sort=rating,88,0,0
1777594993102,150,03 - POST /restaurants/15/reviews,201,Created,Virtual Users [400 threads] 1-225,text,true,,571,573,6,6,http://k8s-forkfind-forkfind-8e65d48af1-1990260306.us-east-1.elb.amazonaws.com/restaurants/15/reviews,150,0,0
1777594993220,139,03 - POST /restaurants/15/reviews,201,Created,Virtual Users [400 threads] 1-228,text,true,,571,573,6,6,http://k8s-forkfind-forkfind-8e65d48af1-1990260306.us-east-1.elb.amazonaws.com/restaurants/15/reviews,139,0,0
1777594992666,854,01 - POST /auth/user/login,200,OK,Virtual Users [400 threads] 1-229,text,true,,406,363,5,5,http://k8s-forkfind-forkfind-8e65d48af1-1990260306.us-east-1.elb.amazonaws.com/auth/user/login,854,0,71
1777594993521,98,02 - GET /restaurants (search),200,OK,Virtual Users [400 threads] 1-229,text,true,,790,436,6,6,http://k8s-forkfind-forkfind-8e65d48af1-1990260306.us-east-1.elb.amazonaws.com/restaurants?q=pizza&limit=12&sort=rating,98,0,0
1777594992217,1459,01 - POST /auth/user/login,200,OK,Virtual Users [400 threads] 1-227,text,true,,406,363,6,6,http://k8s-forkfind-forkfind-8e65d48af1-1990260306.us-east-1.elb.amazonaws.com/auth/user/login,1459,0,73
1777594993620,142,03 - POST /restaurants/15/reviews,201,Created,Virtual Users [400 threads] 1-229,text,true,,571,573,6,6,http://k8s-forkfind-forkfind-8e65d48af1-1990260306.us-east-1.elb.amazonaws.com/restaurants/15/reviews,142,0,0
1777594993677,153,02 - GET /restaurants (search),200,OK,Virtual Users [400 threads] 1-227,text,true,,790,436,6,6,http://k8s-forkfind-forkfind-8e65d48af1-1990260306.us-east-1.elb.amazonaws.com/restaurants?q=pizza&limit=12&sort=rating,153,0,0
1777594993120,798,01 - POST /auth/user/login,200,OK,Virtual Users [400 threads] 1-231,text,true,,406,363,6,6,http://k8s-forkfind-forkfind-8e65d48af1-1990260306.us-east-1.elb.amazonaws.com/auth/user/login,798,0,72
1777594992892,1034,01 - POST /auth/user/login,200,OK,Virtual Users [400 threads] 1-230,text,true,,406,363,6,6,http://k8s-forkfind-forkfind-8e65d48af1-1990260306.us-east-1.elb.amazonaws.com/auth/user/login,1034,0,71
1777594993831,124,03 - POST /restaurants/15/reviews,201,Created,Virtual Users [400 threads] 1-227,text,true,,571,573,6,6,http://k8s-forkfind-forkfind-8e65d48af1-1990260306.us-east-1.elb.amazonaws.com/restaurants/15/reviews,124,0,0
1777594993919,109,02 - GET /restaurants (search),200,OK,Virtual Users [400 threads] 1-231,text,true,,790,436,6,6,http://k8s-forkfind-forkfind-8e65d48af1-1990260306.us-east-1.elb.amazonaws.com/restaurants?q=pizza&limit=12&sort=rating,109,0,0
1777594993927,103,02 - GET /restaurants (search),200,OK,Virtual Users [400 threads] 1-230,text,true,,790,436,6,6,http://k8s-forkfind-forkfind-8e65d48af1-1990260306.us-east-1.elb.amazonaws.com/restaurants?q=pizza&limit=12&sort=rating,103,0,0
1777594994029,124,03 - POST /restaurants/15/reviews,201,Created,Virtual Users [400 threads] 1-231,text,true,,571,573,6,6,http://k8s-forkfind-forkfind-8e65d48af1-1990260306.us-east-1.elb.amazonaws.com/restaurants/15/reviews,124,0,0
1777594994030,123,03 - POST /restaurants/15/reviews,201,Created,Virtual Users [400 threads] 1-230,text,true,,571,573,6,6,http://k8s-forkfind-forkfind-8e65d48af1-1990260306.us-east-1.elb.amazonaws.com/restaurants/15/reviews,123,0,0
1777594993337,1004,01 - POST /auth/user/login,200,OK,Virtual Users [400 threads] 1-232,text,true,,406,363,5,5,http://k8s-forkfind-forkfind-8e65d48af1-1990260306.us-east-1.elb.amazonaws.com/auth/user/login,1004,0,71
1777594993573,851,01 - POST /auth/user/login,200,OK,Virtual Users [400 threads] 1-233,text,true,,406,363,5,5,http://k8s-forkfind-forkfind-8e65d48af1-1990260306.us-east-1.elb.amazonaws.com/auth/user/login,851,0,70
1777594994342,177,02 - GET /restaurants (search),200,OK,Virtual Users [400 threads] 1-232,text,true,,790,436,6,6,http://k8s-forkfind-forkfind-8e65d48af1-1990260306.us-east-1.elb.amazonaws.com/restaurants?q=pizza&limit=12&sort=rating,177,0,0
1777594994425,100,02 - GET /restaurants (search),200,OK,Virtual Users [400 threads] 1-233,text,true,,790,436,6,6,http://k8s-forkfind-forkfind-8e65d48af1-1990260306.us-east-1.elb.amazonaws.com/restaurants?q=pizza&limit=12&sort=rating,100,0,0
1777594994520,137,03 - POST /restaurants/15/reviews,201,Created,Virtual Users [400 threads] 1-232,text,true,,571,573,6,6,http://k8s-forkfind-forkfind-8e65d48af1-1990260306.us-east-1.elb.amazonaws.com/restaurants/15/reviews,137,0,0
1777594994526,131,03 - POST /restaurants/15/reviews,201,Created,Virtual Users [400 threads] 1-233,text,true,,571,573,6,6,http://k8s-forkfind-forkfind-8e65d48af1-1990260306.us-east-1.elb.amazonaws.com/restaurants/15/reviews,131,0,0
1777594993797,949,01 - POST /auth/user/login,200,OK,Virtual Users [400 threads] 1-234,text,true,,406,363,5,5,http://k8s-forkfind-forkfind-8e65d48af1-1990260306.us-east-1.elb.amazonaws.com/auth/user/login,949,0,71
1777594994747,81,02 - GET /restaurants (search),200,OK,Virtual Users [400 threads] 1-234,text,true,,790,436,5,5,http://k8s-forkfind-forkfind-8e65d48af1-1990260306.us-east-1.elb.amazonaws.com/restaurants?q=pizza&limit=12&sort=rating,81,0,0
1777594994829,108,03 - POST /restaurants/15/reviews,201,Created,Virtual Users [400 threads] 1-234,text,true,,571,573,6,6,http://k8s-forkfind-forkfind-8e65d48af1-1990260306.us-east-1.elb.amazonaws.com/restaurants/15/reviews,108,0,0
1777594994020,967,01 - POST /auth/user/login,200,OK,Virtual Users [400 threads] 1-235,text,true,,406,363,5,5,http://k8s-forkfind-forkfind-8e65d48af1-1990260306.us-east-1.elb.amazonaws.com/auth/user/login,967,0,76
1777594994240,776,01 - POST /auth/user/login,200,OK,Virtual Users [400 threads] 1-236,text,true,,406,363,5,5,http://k8s-forkfind-forkfind-8e65d48af1-1990260306.us-east-1.elb.amazonaws.com/auth/user/login,776,0,79
1777594995017,109,02 - GET /restaurants (search),200,OK,Virtual Users [400 threads] 1-236,text,true,,790,436,5,5,http://k8s-forkfind-forkfind-8e65d48af1-1990260306.us-east-1.elb.amazonaws.com/restaurants?q=pizza&limit=12&sort=rating,109,0,0
1777594994988,138,02 - GET /restaurants (search),200,OK,Virtual Users [400 threads] 1-235,text,true,,790,436,5,5,http://k8s-forkfind-forkfind-8e65d48af1-1990260306.us-east-1.elb.amazonaws.com/restaurants?q=pizza&limit=12&sort=rating,138,0,0
1777594995126,129,03 - POST /restaurants/15/reviews,201,Created,Virtual Users [400 threads] 1-236,text,true,,571,573,6,6,http://k8s-forkfind-forkfind-8e65d48af1-1990260306.us-east-1.elb.amazonaws.com/restaurants/15/reviews,129,0,0
1777594995126,174,03 - POST /restaurants/15/reviews,201,Created,Virtual Users [400 threads] 1-235,text,true,,571,573,5,5,http://k8s-forkfind-forkfind-8e65d48af1-1990260306.us-east-1.elb.amazonaws.com/restaurants/15/reviews,174,0,0
1777594994691,742,01 - POST /auth/user/login,200,OK,Virtual Users [400 threads] 1-238,text,true,,406,363,5,5,http://k8s-forkfind-forkfind-8e65d48af1-1990260306.us-east-1.elb.amazonaws.com/auth/user/login,742,0,70
1777594995434,92,02 - GET /restaurants (search),200,OK,Virtual Users [400 threads] 1-238,text,true,,790,436,5,5,http://k8s-forkfind-forkfind-8e65d48af1-1990260306.us-east-1.elb.amazonaws.com/restaurants?q=pizza&limit=12&sort=rating,92,0,0
1777594994468,1134,01 - POST /auth/user/login,200,OK,Virtual Users [400 threads] 1-237,text,true,,406,363,6,6,http://k8s-forkfind-forkfind-8e65d48af1-1990260306.us-east-1.elb.amazonaws.com/auth/user/login,1134,0,73
1777594995527,96,03 - POST /restaurants/15/reviews,201,Created,Virtual Users [400 threads] 1-238,text,true,,571,573,6,6,http://k8s-forkfind-forkfind-8e65d48af1-1990260306.us-east-1.elb.amazonaws.com/restaurants/15/reviews,96,0,0
1777594995603,77,02 - GET /restaurants (search),200,OK,Virtual Users [400 threads] 1-237,text,true,,790,436,5,5,http://k8s-forkfind-forkfind-8e65d48af1-1990260306.us-east-1.elb.amazonaws.com/restaurants?q=pizza&limit=12&sort=rating,77,0,0
1777594995680,86,03 - POST /restaurants/15/reviews,201,Created,Virtual Users [400 threads] 1-237,text,true,,571,573,5,5,http://k8s-forkfind-forkfind-8e65d48af1-1990260306.us-east-1.elb.amazonaws.com/restaurants/15/reviews,86,0,0
1777594995144,684,01 - POST /auth/user/login,200,OK,Virtual Users [400 threads] 1-240,text,true,,406,363,5,5,http://k8s-forkfind-forkfind-8e65d48af1-1990260306.us-east-1.elb.amazonaws.com/auth/user/login,684,0,72
1777594995829,90,02 - GET /restaurants (search),200,OK,Virtual Users [400 threads] 1-240,text,true,,790,436,5,5,http://k8s-forkfind-forkfind-8e65d48af1-1990260306.us-east-1.elb.amazonaws.com/restaurants?q=pizza&limit=12&sort=rating,90,0,0
1777594995919,93,03 - POST /restaurants/15/reviews,201,Created,Virtual Users [400 threads] 1-240,text,true,,570,573,5,5,http://k8s-forkfind-forkfind-8e65d48af1-1990260306.us-east-1.elb.amazonaws.com/restaurants/15/reviews,93,0,0
1777594995369,743,01 - POST /auth/user/login,200,OK,Virtual Users [400 threads] 1-241,text,true,,406,363,5,5,http://k8s-forkfind-forkfind-8e65d48af1-1990260306.us-east-1.elb.amazonaws.com/auth/user/login,743,0,72
1777594996113,88,02 - GET /restaurants (search),200,OK,Virtual Users [400 threads] 1-241,text,true,,790,436,5,5,http://k8s-forkfind-forkfind-8e65d48af1-1990260306.us-east-1.elb.amazonaws.com/restaurants?q=pizza&limit=12&sort=rating,88,0,0
1777594996201,89,03 - POST /restaurants/15/reviews,201,Created,Virtual Users [400 threads] 1-241,text,true,,570,573,6,6,http://k8s-forkfind-forkfind-8e65d48af1-1990260306.us-east-1.elb.amazonaws.com/restaurants/15/reviews,89,0,0
1777594994916,1383,01 - POST /auth/user/login,200,OK,Virtual Users [400 threads] 1-239,text,true,,406,363,5,5,http://k8s-forkfind-forkfind-8e65d48af1-1990260306.us-east-1.elb.amazonaws.com/auth/user/login,1383,0,72
1777594996300,79,02 - GET /restaurants (search),200,OK,Virtual Users [400 threads] 1-239,text,true,,790,436,5,5,http://k8s-forkfind-forkfind-8e65d48af1-1990260306.us-east-1.elb.amazonaws.com/restaurants?q=pizza&limit=12&sort=rating,79,0,0
1777594996380,98,03 - POST /restaurants/15/reviews,201,Created,Virtual Users [400 threads] 1-239,text,true,,570,573,5,5,http://k8s-forkfind-forkfind-8e65d48af1-1990260306.us-east-1.elb.amazonaws.com/restaurants/15/reviews,98,0,0
1777594995591,1024,01 - POST /auth/user/login,200,OK,Virtual Users [400 threads] 1-242,text,true,,406,363,5,5,http://k8s-forkfind-forkfind-8e65d48af1-1990260306.us-east-1.elb.amazonaws.com/auth/user/login,1024,0,72
1777594996616,84,02 - GET /restaurants (search),200,OK,Virtual Users [400 threads] 1-242,text,true,,790,436,5,5,http://k8s-forkfind-forkfind-8e65d48af1-1990260306.us-east-1.elb.amazonaws.com/restaurants?q=pizza&limit=12&sort=rating,84,0,0
1777594996700,85,03 - POST /restaurants/15/reviews,201,Created,Virtual Users [400 threads] 1-242,text,true,,571,573,6,6,http://k8s-forkfind-forkfind-8e65d48af1-1990260306.us-east-1.elb.amazonaws.com/restaurants/15/reviews,85,0,0
1777594995814,1001,01 - POST /auth/user/login,200,OK,Virtual Users [400 threads] 1-243,text,true,,406,363,5,5,http://k8s-forkfind-forkfind-8e65d48af1-1990260306.us-east-1.elb.amazonaws.com/auth/user/login,1001,0,72
1777594996816,90,02 - GET /restaurants (search),200,OK,Virtual Users [400 threads] 1-243,text,true,,790,436,5,5,http://k8s-forkfind-forkfind-8e65d48af1-1990260306.us-east-1.elb.amazonaws.com/restaurants?q=pizza&limit=12&sort=rating,90,0,0
1777594996906,95,03 - POST /restaurants/15/reviews,201,Created,Virtual Users [400 threads] 1-243,text,true,,571,573,6,6,http://k8s-forkfind-forkfind-8e65d48af1-1990260306.us-east-1.elb.amazonaws.com/restaurants/15/reviews,95,0,0
1777594996269,735,01 - POST /auth/user/login,200,OK,Virtual Users [400 threads] 1-245,text,true,,406,363,5,5,http://k8s-forkfind-forkfind-8e65d48af1-1990260306.us-east-1.elb.amazonaws.com/auth/user/login,735,0,75
1777594997005,85,02 - GET /restaurants (search),200,OK,Virtual Users [400 threads] 1-245,text,true,,790,436,5,5,http://k8s-forkfind-forkfind-8e65d48af1-1990260306.us-east-1.elb.amazonaws.com/restaurants?q=pizza&limit=12&sort=rating,85,0,0
1777594997091,122,03 - POST /restaurants/15/reviews,201,Created,Virtual Users [400 threads] 1-245,text,true,,571,573,6,6,http://k8s-forkfind-forkfind-8e65d48af1-1990260306.us-east-1.elb.amazonaws.com/restaurants/15/reviews,122,0,0
1777594996490,739,01 - POST /auth/user/login,200,OK,Virtual Users [400 threads] 1-246,text,true,,406,363,5,5,http://k8s-forkfind-forkfind-8e65d48af1-1990260306.us-east-1.elb.amazonaws.com/auth/user/login,739,0,88
1777594997231,79,02 - GET /restaurants (search),200,OK,Virtual Users [400 threads] 1-246,text,true,,790,436,5,5,http://k8s-forkfind-forkfind-8e65d48af1-1990260306.us-east-1.elb.amazonaws.com/restaurants?q=pizza&limit=12&sort=rating,79,0,0
1777594996042,1287,01 - POST /auth/user/login,200,OK,Virtual Users [400 threads] 1-244,text,true,,406,363,5,5,http://k8s-forkfind-forkfind-8e65d48af1-1990260306.us-east-1.elb.amazonaws.com/auth/user/login,1287,0,72
1777594997310,106,03 - POST /restaurants/15/reviews,201,Created,Virtual Users [400 threads] 1-246,text,true,,571,573,6,6,http://k8s-forkfind-forkfind-8e65d48af1-1990260306.us-east-1.elb.amazonaws.com/restaurants/15/reviews,106,0,0
1777594997330,94,02 - GET /restaurants (search),200,OK,Virtual Users [400 threads] 1-244,text,true,,790,436,5,5,http://k8s-forkfind-forkfind-8e65d48af1-1990260306.us-east-1.elb.amazonaws.com/restaurants?q=pizza&limit=12&sort=rating,94,0,0
1777594997424,95,03 - POST /restaurants/15/reviews,201,Created,Virtual Users [400 threads] 1-244,text,true,,571,573,5,5,http://k8s-forkfind-forkfind-8e65d48af1-1990260306.us-east-1.elb.amazonaws.com/restaurants/15/reviews,95,0,0
1777594996939,747,01 - POST /auth/user/login,200,OK,Virtual Users [400 threads] 1-248,text,true,,406,363,5,5,http://k8s-forkfind-forkfind-8e65d48af1-1990260306.us-east-1.elb.amazonaws.com/auth/user/login,747,0,71
1777594997687,80,02 - GET /restaurants (search),200,OK,Virtual Users [400 threads] 1-248,text,true,,790,436,5,5,http://k8s-forkfind-forkfind-8e65d48af1-1990260306.us-east-1.elb.amazonaws.com/restaurants?q=pizza&limit=12&sort=rating,80,0,0
1777594997768,83,03 - POST /restaurants/15/reviews,201,Created,Virtual Users [400 threads] 1-248,text,true,,571,573,6,6,http://k8s-forkfind-forkfind-8e65d48af1-1990260306.us-east-1.elb.amazonaws.com/restaurants/15/reviews,83,0,0
1777594997164,730,01 - POST /auth/user/login,200,OK,Virtual Users [400 threads] 1-249,text,true,,406,363,5,5,http://k8s-forkfind-forkfind-8e65d48af1-1990260306.us-east-1.elb.amazonaws.com/auth/user/login,730,0,71
1777594996718,1212,01 - POST /auth/user/login,200,OK,Virtual Users [400 threads] 1-247,text,true,,406,363,5,5,http://k8s-forkfind-forkfind-8e65d48af1-1990260306.us-east-1.elb.amazonaws.com/auth/user/login,1212,0,71
1777594997895,78,02 - GET /restaurants (search),200,OK,Virtual Users [400 threads] 1-249,text,true,,790,436,5,5,http://k8s-forkfind-forkfind-8e65d48af1-1990260306.us-east-1.elb.amazonaws.com/restaurants?q=pizza&limit=12&sort=rating,78,0,0
1777594997931,96,02 - GET /restaurants (search),200,OK,Virtual Users [400 threads] 1-247,text,true,,790,436,5,5,http://k8s-forkfind-forkfind-8e65d48af1-1990260306.us-east-1.elb.amazonaws.com/restaurants?q=pizza&limit=12&sort=rating,95,0,0
1777594997973,86,03 - POST /restaurants/15/reviews,201,Created,Virtual Users [400 threads] 1-249,text,true,,571,573,5,5,http://k8s-forkfind-forkfind-8e65d48af1-1990260306.us-east-1.elb.amazonaws.com/restaurants/15/reviews,86,0,0
1777594998027,126,03 - POST /restaurants/15/reviews,201,Created,Virtual Users [400 threads] 1-247,text,true,,571,573,5,5,http://k8s-forkfind-forkfind-8e65d48af1-1990260306.us-east-1.elb.amazonaws.com/restaurants/15/reviews,126,0,0
1777594997389,947,01 - POST /auth/user/login,200,OK,Virtual Users [400 threads] 1-250,text,true,,406,363,5,5,http://k8s-forkfind-forkfind-8e65d48af1-1990260306.us-east-1.elb.amazonaws.com/auth/user/login,947,0,71
1777594998337,97,02 - GET /restaurants (search),200,OK,Virtual Users [400 threads] 1-250,text,true,,790,436,5,5,http://k8s-forkfind-forkfind-8e65d48af1-1990260306.us-east-1.elb.amazonaws.com/restaurants?q=pizza&limit=12&sort=rating,97,0,0
1777594998435,117,03 - POST /restaurants/15/reviews,201,Created,Virtual Users [400 threads] 1-250,text,true,,571,573,6,6,http://k8s-forkfind-forkfind-8e65d48af1-1990260306.us-east-1.elb.amazonaws.com/restaurants/15/reviews,117,0,0
1777594997614,997,01 - POST /auth/user/login,200,OK,Virtual Users [400 threads] 1-251,text,true,,406,363,5,5,http://k8s-forkfind-forkfind-8e65d48af1-1990260306.us-east-1.elb.amazonaws.com/auth/user/login,997,0,72
1777594998612,87,02 - GET /restaurants (search),200,OK,Virtual Users [400 threads] 1-251,text,true,,790,436,5,5,http://k8s-forkfind-forkfind-8e65d48af1-1990260306.us-east-1.elb.amazonaws.com/restaurants?q=pizza&limit=12&sort=rating,87,0,0
1777594998700,112,03 - POST /restaurants/15/reviews,201,Created,Virtual Users [400 threads] 1-251,text,true,,571,573,6,6,http://k8s-forkfind-forkfind-8e65d48af1-1990260306.us-east-1.elb.amazonaws.com/restaurants/15/reviews,112,0,0
1777594997841,1094,01 - POST /auth/user/login,200,OK,Virtual Users [400 threads] 1-252,text,true,,406,363,5,5,http://k8s-forkfind-forkfind-8e65d48af1-1990260306.us-east-1.elb.amazonaws.com/auth/user/login,1094,0,72
1777594998936,91,02 - GET /restaurants (search),200,OK,Virtual Users [400 threads] 1-252,text,true,,790,436,6,6,http://k8s-forkfind-forkfind-8e65d48af1-1990260306.us-east-1.elb.amazonaws.com/restaurants?q=pizza&limit=12&sort=rating,91,0,0
1777594998065,1030,01 - POST /auth/user/login,200,OK,Virtual Users [400 threads] 1-253,text,true,,406,363,6,6,http://k8s-forkfind-forkfind-8e65d48af1-1990260306.us-east-1.elb.amazonaws.com/auth/user/login,1030,0,71
1777594999027,138,03 - POST /restaurants/15/reviews,201,Created,Virtual Users [400 threads] 1-252,text,true,,571,573,6,6,http://k8s-forkfind-forkfind-8e65d48af1-1990260306.us-east-1.elb.amazonaws.com/restaurants/15/reviews,138,0,0
1777594999096,78,02 - GET /restaurants (search),200,OK,Virtual Users [400 threads] 1-253,text,true,,790,436,5,5,http://k8s-forkfind-forkfind-8e65d48af1-1990260306.us-east-1.elb.amazonaws.com/restaurants?q=pizza&limit=12&sort=rating,78,0,0
1777594999175,87,03 - POST /restaurants/15/reviews,201,Created,Virtual Users [400 threads] 1-253,text,true,,570,573,6,6,http://k8s-forkfind-forkfind-8e65d48af1-1990260306.us-east-1.elb.amazonaws.com/restaurants/15/reviews,87,0,0
1777594998290,1116,01 - POST /auth/user/login,200,OK,Virtual Users [400 threads] 1-254,text,true,,406,363,5,5,http://k8s-forkfind-forkfind-8e65d48af1-1990260306.us-east-1.elb.amazonaws.com/auth/user/login,1116,0,71
1777594999407,79,02 - GET /restaurants (search),200,OK,Virtual Users [400 threads] 1-254,text,true,,790,436,6,6,http://k8s-forkfind-forkfind-8e65d48af1-1990260306.us-east-1.elb.amazonaws.com/restaurants?q=pizza&limit=12&sort=rating,79,0,0
1777594998515,1006,01 - POST /auth/user/login,200,OK,Virtual Users [400 threads] 1-255,text,true,,406,363,6,6,http://k8s-forkfind-forkfind-8e65d48af1-1990260306.us-east-1.elb.amazonaws.com/auth/user/login,1006,0,72
1777594999522,85,02 - GET /restaurants (search),200,OK,Virtual Users [400 threads] 1-255,text,true,,790,436,6,6,http://k8s-forkfind-forkfind-8e65d48af1-1990260306.us-east-1.elb.amazonaws.com/restaurants?q=pizza&limit=12&sort=rating,85,0,0
1777594999487,135,03 - POST /restaurants/15/reviews,201,Created,Virtual Users [400 threads] 1-254,text,true,,570,573,6,6,http://k8s-forkfind-forkfind-8e65d48af1-1990260306.us-east-1.elb.amazonaws.com/restaurants/15/reviews,135,0,0
1777594999607,106,03 - POST /restaurants/15/reviews,201,Created,Virtual Users [400 threads] 1-255,text,true,,571,573,6,6,http://k8s-forkfind-forkfind-8e65d48af1-1990260306.us-east-1.elb.amazonaws.com/restaurants/15/reviews,106,0,0
1777594998965,851,01 - POST /auth/user/login,200,OK,Virtual Users [400 threads] 1-257,text,true,,406,363,5,5,http://k8s-forkfind-forkfind-8e65d48af1-1990260306.us-east-1.elb.amazonaws.com/auth/user/login,851,0,72
1777594998741,1087,01 - POST /auth/user/login,200,OK,Virtual Users [400 threads] 1-256,text,true,,406,363,5,5,http://k8s-forkfind-forkfind-8e65d48af1-1990260306.us-east-1.elb.amazonaws.com/auth/user/login,1087,0,71
1777594999817,84,02 - GET /restaurants (search),200,OK,Virtual Users [400 threads] 1-257,text,true,,790,436,6,6,http://k8s-forkfind-forkfind-8e65d48af1-1990260306.us-east-1.elb.amazonaws.com/restaurants?q=pizza&limit=12&sort=rating,84,0,0
1777594999832,90,02 - GET /restaurants (search),200,OK,Virtual Users [400 threads] 1-256,text,true,,790,436,6,6,http://k8s-forkfind-forkfind-8e65d48af1-1990260306.us-east-1.elb.amazonaws.com/restaurants?q=pizza&limit=12&sort=rating,90,0,0
1777594999187,814,01 - POST /auth/user/login,200,OK,Virtual Users [400 threads] 1-258,text,true,,406,363,6,6,http://k8s-forkfind-forkfind-8e65d48af1-1990260306.us-east-1.elb.amazonaws.com/auth/user/login,814,0,72
1777594999901,110,03 - POST /restaurants/15/reviews,201,Created,Virtual Users [400 threads] 1-257,text,true,,570,573,6,6,http://k8s-forkfind-forkfind-8e65d48af1-1990260306.us-east-1.elb.amazonaws.com/restaurants/15/reviews,110,0,0
1777594999922,89,03 - POST /restaurants/15/reviews,201,Created,Virtual Users [400 threads] 1-256,text,true,,570,573,5,5,http://k8s-forkfind-forkfind-8e65d48af1-1990260306.us-east-1.elb.amazonaws.com/restaurants/15/reviews,89,0,0
1777595000002,78,02 - GET /restaurants (search),200,OK,Virtual Users [400 threads] 1-258,text,true,,790,436,4,4,http://k8s-forkfind-forkfind-8e65d48af1-1990260306.us-east-1.elb.amazonaws.com/restaurants?q=pizza&limit=12&sort=rating,78,0,0
1777595000081,131,03 - POST /restaurants/15/reviews,201,Created,Virtual Users [400 threads] 1-258,text,true,,570,573,5,5,http://k8s-forkfind-forkfind-8e65d48af1-1990260306.us-east-1.elb.amazonaws.com/restaurants/15/reviews,130,0,0
1777594999415,893,01 - POST /auth/user/login,200,OK,Virtual Users [400 threads] 1-259,text,true,,406,363,4,4,http://k8s-forkfind-forkfind-8e65d48af1-1990260306.us-east-1.elb.amazonaws.com/auth/user/login,893,0,71
1777595000309,84,02 - GET /restaurants (search),200,OK,Virtual Users [400 threads] 1-259,text,true,,790,436,5,5,http://k8s-forkfind-forkfind-8e65d48af1-1990260306.us-east-1.elb.amazonaws.com/restaurants?q=pizza&limit=12&sort=rating,84,0,0
1777595000394,116,03 - POST /restaurants/15/reviews,201,Created,Virtual Users [400 threads] 1-259,text,true,,570,573,5,5,http://k8s-forkfind-forkfind-8e65d48af1-1990260306.us-east-1.elb.amazonaws.com/restaurants/15/reviews,116,0,0
1777594999640,885,01 - POST /auth/user/login,200,OK,Virtual Users [400 threads] 1-260,text,true,,406,363,4,4,http://k8s-forkfind-forkfind-8e65d48af1-1990260306.us-east-1.elb.amazonaws.com/auth/user/login,885,0,73
1777595000526,94,02 - GET /restaurants (search),200,OK,Virtual Users [400 threads] 1-260,text,true,,790,436,5,5,http://k8s-forkfind-forkfind-8e65d48af1-1990260306.us-east-1.elb.amazonaws.com/restaurants?q=pizza&limit=12&sort=rating,94,0,0
1777594999864,764,01 - POST /auth/user/login,200,OK,Virtual Users [400 threads] 1-261,text,true,,406,363,5,5,http://k8s-forkfind-forkfind-8e65d48af1-1990260306.us-east-1.elb.amazonaws.com/auth/user/login,764,0,72
1777595000628,93,02 - GET /restaurants (search),200,OK,Virtual Users [400 threads] 1-261,text,true,,790,436,5,5,http://k8s-forkfind-forkfind-8e65d48af1-1990260306.us-east-1.elb.amazonaws.com/restaurants?q=pizza&limit=12&sort=rating,93,0,0
1777595000620,138,03 - POST /restaurants/15/reviews,201,Created,Virtual Users [400 threads] 1-260,text,true,,570,573,5,5,http://k8s-forkfind-forkfind-8e65d48af1-1990260306.us-east-1.elb.amazonaws.com/restaurants/15/reviews,138,0,0
1777595000722,122,03 - POST /restaurants/15/reviews,201,Created,Virtual Users [400 threads] 1-261,text,true,,571,573,5,5,http://k8s-forkfind-forkfind-8e65d48af1-1990260306.us-east-1.elb.amazonaws.com/restaurants/15/reviews,122,0,0
1777595000089,929,01 - POST /auth/user/login,200,OK,Virtual Users [400 threads] 1-262,text,true,,406,363,5,5,http://k8s-forkfind-forkfind-8e65d48af1-1990260306.us-east-1.elb.amazonaws.com/auth/user/login,929,0,72
1777595001019,85,02 - GET /restaurants (search),200,OK,Virtual Users [400 threads] 1-262,text,true,,790,436,5,5,http://k8s-forkfind-forkfind-8e65d48af1-1990260306.us-east-1.elb.amazonaws.com/restaurants?q=pizza&limit=12&sort=rating,85,0,0
1777595001105,109,03 - POST /restaurants/15/reviews,201,Created,Virtual Users [400 threads] 1-262,text,true,,571,573,5,5,http://k8s-forkfind-forkfind-8e65d48af1-1990260306.us-east-1.elb.amazonaws.com/restaurants/15/reviews,109,0,0
1777595000314,1106,01 - POST /auth/user/login,200,OK,Virtual Users [400 threads] 1-263,text,true,,406,363,5,5,http://k8s-forkfind-forkfind-8e65d48af1-1990260306.us-east-1.elb.amazonaws.com/auth/user/login,1106,0,75
1777595001421,86,02 - GET /restaurants (search),200,OK,Virtual Users [400 threads] 1-263,text,true,,790,436,6,6,http://k8s-forkfind-forkfind-8e65d48af1-1990260306.us-east-1.elb.amazonaws.com/restaurants?q=pizza&limit=12&sort=rating,86,0,0
1777595001507,122,03 - POST /restaurants/15/reviews,201,Created,Virtual Users [400 threads] 1-263,text,true,,571,573,6,6,http://k8s-forkfind-forkfind-8e65d48af1-1990260306.us-east-1.elb.amazonaws.com/restaurants/15/reviews,122,0,0
1777595000540,1167,01 - POST /auth/user/login,200,OK,Virtual Users [400 threads] 1-264,text,true,,406,363,6,6,http://k8s-forkfind-forkfind-8e65d48af1-1990260306.us-east-1.elb.amazonaws.com/auth/user/login,1167,0,71
1777595000764,1034,01 - POST /auth/user/login,200,OK,Virtual Users [400 threads] 1-265,text,true,,406,363,6,6,http://k8s-forkfind-forkfind-8e65d48af1-1990260306.us-east-1.elb.amazonaws.com/auth/user/login,1034,0,71
1777595001709,113,02 - GET /restaurants (search),200,OK,Virtual Users [400 threads] 1-264,text,true,,790,436,6,6,http://k8s-forkfind-forkfind-8e65d48af1-1990260306.us-east-1.elb.amazonaws.com/restaurants?q=pizza&limit=12&sort=rating,113,0,0
1777595001800,77,02 - GET /restaurants (search),200,OK,Virtual Users [400 threads] 1-265,text,true,,790,436,6,6,http://k8s-forkfind-forkfind-8e65d48af1-1990260306.us-east-1.elb.amazonaws.com/restaurants?q=pizza&limit=12&sort=rating,77,0,0
1777595001823,132,03 - POST /restaurants/15/reviews,201,Created,Virtual Users [400 threads] 1-264,text,true,,571,573,7,7,http://k8s-forkfind-forkfind-8e65d48af1-1990260306.us-east-1.elb.amazonaws.com/restaurants/15/reviews,132,0,0
1777595001878,85,03 - POST /restaurants/15/reviews,201,Created,Virtual Users [400 threads] 1-265,text,true,,571,573,6,6,http://k8s-forkfind-forkfind-8e65d48af1-1990260306.us-east-1.elb.amazonaws.com/restaurants/15/reviews,85,0,0
1777595000990,1105,01 - POST /auth/user/login,200,OK,Virtual Users [400 threads] 1-266,text,true,,406,363,5,5,http://k8s-forkfind-forkfind-8e65d48af1-1990260306.us-east-1.elb.amazonaws.com/auth/user/login,1105,0,71
1777595002097,83,02 - GET /restaurants (search),200,OK,Virtual Users [400 threads] 1-266,text,true,,790,436,6,6,http://k8s-forkfind-forkfind-8e65d48af1-1990260306.us-east-1.elb.amazonaws.com/restaurants?q=pizza&limit=12&sort=rating,83,0,0
1777595001215,1011,01 - POST /auth/user/login,200,OK,Virtual Users [400 threads] 1-267,text,true,,406,363,6,6,http://k8s-forkfind-forkfind-8e65d48af1-1990260306.us-east-1.elb.amazonaws.com/auth/user/login,1011,0,71
1777595002227,98,02 - GET /restaurants (search),200,OK,Virtual Users [400 threads] 1-267,text,true,,790,436,6,6,http://k8s-forkfind-forkfind-8e65d48af1-1990260306.us-east-1.elb.amazonaws.com/restaurants?q=pizza&limit=12&sort=rating,98,0,0
1777595002181,144,03 - POST /restaurants/15/reviews,201,Created,Virtual Users [400 threads] 1-266,text,true,,571,573,6,6,http://k8s-forkfind-forkfind-8e65d48af1-1990260306.us-east-1.elb.amazonaws.com/restaurants/15/reviews,144,0,0
1777595002325,87,03 - POST /restaurants/15/reviews,201,Created,Virtual Users [400 threads] 1-267,text,true,,571,573,6,6,http://k8s-forkfind-forkfind-8e65d48af1-1990260306.us-east-1.elb.amazonaws.com/restaurants/15/reviews,87,0,0
1777595001439,1080,01 - POST /auth/user/login,200,OK,Virtual Users [400 threads] 1-268,text,true,,406,363,5,5,http://k8s-forkfind-forkfind-8e65d48af1-1990260306.us-east-1.elb.amazonaws.com/auth/user/login,1080,0,72
1777595002520,92,02 - GET /restaurants (search),200,OK,Virtual Users [400 threads] 1-268,text,true,,790,436,6,6,http://k8s-forkfind-forkfind-8e65d48af1-1990260306.us-east-1.elb.amazonaws.com/restaurants?q=pizza&limit=12&sort=rating,92,0,0
1777595002612,95,03 - POST /restaurants/15/reviews,201,Created,Virtual Users [400 threads] 1-268,text,true,,571,573,6,6,http://k8s-forkfind-forkfind-8e65d48af1-1990260306.us-east-1.elb.amazonaws.com/restaurants/15/reviews,94,0,0
1777595001665,1042,01 - POST /auth/user/login,200,OK,Virtual Users [400 threads] 1-269,text,true,,406,363,6,6,http://k8s-forkfind-forkfind-8e65d48af1-1990260306.us-east-1.elb.amazonaws.com/auth/user/login,1042,0,76
1777595002708,81,02 - GET /restaurants (search),200,OK,Virtual Users [400 threads] 1-269,text,true,,790,436,5,5,http://k8s-forkfind-forkfind-8e65d48af1-1990260306.us-east-1.elb.amazonaws.com/restaurants?q=pizza&limit=12&sort=rating,81,0,0
1777595002789,84,03 - POST /restaurants/15/reviews,201,Created,Virtual Users [400 threads] 1-269,text,true,,571,573,6,6,http://k8s-forkfind-forkfind-8e65d48af1-1990260306.us-east-1.elb.amazonaws.com/restaurants/15/reviews,84,0,0
1777595001892,1131,01 - POST /auth/user/login,200,OK,Virtual Users [400 threads] 1-270,text,true,,406,363,6,6,http://k8s-forkfind-forkfind-8e65d48af1-1990260306.us-east-1.elb.amazonaws.com/auth/user/login,1131,0,71
1777595003024,81,02 - GET /restaurants (search),200,OK,Virtual Users [400 threads] 1-270,text,true,,790,436,6,6,http://k8s-forkfind-forkfind-8e65d48af1-1990260306.us-east-1.elb.amazonaws.com/restaurants?q=pizza&limit=12&sort=rating,81,0,0
1777595003105,101,03 - POST /restaurants/15/reviews,201,Created,Virtual Users [400 threads] 1-270,text,true,,571,573,6,6,http://k8s-forkfind-forkfind-8e65d48af1-1990260306.us-east-1.elb.amazonaws.com/restaurants/15/reviews,101,0,0
1777595002115,1169,01 - POST /auth/user/login,200,OK,Virtual Users [400 threads] 1-271,text,true,,406,363,6,6,http://k8s-forkfind-forkfind-8e65d48af1-1990260306.us-east-1.elb.amazonaws.com/auth/user/login,1169,0,71
1777595003285,78,02 - GET /restaurants (search),200,OK,Virtual Users [400 threads] 1-271,text,true,,790,436,6,6,http://k8s-forkfind-forkfind-8e65d48af1-1990260306.us-east-1.elb.amazonaws.com/restaurants?q=pizza&limit=12&sort=rating,78,0,0
1777595002564,825,01 - POST /auth/user/login,200,OK,Virtual Users [400 threads] 1-273,text,true,,406,363,6,6,http://k8s-forkfind-forkfind-8e65d48af1-1990260306.us-east-1.elb.amazonaws.com/auth/user/login,825,0,70
1777595003363,98,03 - POST /restaurants/15/reviews,201,Created,Virtual Users [400 threads] 1-271,text,true,,571,573,6,6,http://k8s-forkfind-forkfind-8e65d48af1-1990260306.us-east-1.elb.amazonaws.com/restaurants/15/reviews,98,0,0
1777595003389,78,02 - GET /restaurants (search),200,OK,Virtual Users [400 threads] 1-273,text,true,,790,436,6,6,http://k8s-forkfind-forkfind-8e65d48af1-1990260306.us-east-1.elb.amazonaws.com/restaurants?q=pizza&limit=12&sort=rating,78,0,0
1777595002340,1165,01 - POST /auth/user/login,200,OK,Virtual Users [400 threads] 1-272,text,true,,406,363,6,6,http://k8s-forkfind-forkfind-8e65d48af1-1990260306.us-east-1.elb.amazonaws.com/auth/user/login,1165,0,70
1777595003467,93,03 - POST /restaurants/15/reviews,201,Created,Virtual Users [400 threads] 1-273,text,true,,571,573,6,6,http://k8s-forkfind-forkfind-8e65d48af1-1990260306.us-east-1.elb.amazonaws.com/restaurants/15/reviews,93,0,0
1777595003505,85,02 - GET /restaurants (search),200,OK,Virtual Users [400 threads] 1-272,text,true,,790,436,5,5,http://k8s-forkfind-forkfind-8e65d48af1-1990260306.us-east-1.elb.amazonaws.com/restaurants?q=pizza&limit=12&sort=rating,85,0,0
1777595002790,826,01 - POST /auth/user/login,200,OK,Virtual Users [400 threads] 1-274,text,true,,406,363,5,5,http://k8s-forkfind-forkfind-8e65d48af1-1990260306.us-east-1.elb.amazonaws.com/auth/user/login,826,0,70
1777595003590,89,03 - POST /restaurants/15/reviews,201,Created,Virtual Users [400 threads] 1-272,text,true,,571,573,5,5,http://k8s-forkfind-forkfind-8e65d48af1-1990260306.us-east-1.elb.amazonaws.com/restaurants/15/reviews,89,0,0
1777595003617,90,02 - GET /restaurants (search),200,OK,Virtual Users [400 threads] 1-274,text,true,,790,436,5,5,http://k8s-forkfind-forkfind-8e65d48af1-1990260306.us-east-1.elb.amazonaws.com/restaurants?q=pizza&limit=12&sort=rating,90,0,0
1777595003011,848,01 - POST /auth/user/login,200,OK,Virtual Users [400 threads] 1-275,text,true,,406,363,5,5,http://k8s-forkfind-forkfind-8e65d48af1-1990260306.us-east-1.elb.amazonaws.com/auth/user/login,848,0,72
1777595003708,159,03 - POST /restaurants/15/reviews,201,Created,Virtual Users [400 threads] 1-274,text,true,,571,573,5,5,http://k8s-forkfind-forkfind-8e65d48af1-1990260306.us-east-1.elb.amazonaws.com/restaurants/15/reviews,159,0,0
1777595003859,106,02 - GET /restaurants (search),200,OK,Virtual Users [400 threads] 1-275,text,true,,790,436,5,5,http://k8s-forkfind-forkfind-8e65d48af1-1990260306.us-east-1.elb.amazonaws.com/restaurants?q=pizza&limit=12&sort=rating,106,0,0
1777595003966,187,03 - POST /restaurants/15/reviews,201,Created,Virtual Users [400 threads] 1-275,text,true,,571,573,6,6,http://k8s-forkfind-forkfind-8e65d48af1-1990260306.us-east-1.elb.amazonaws.com/restaurants/15/reviews,187,0,0
1777595003240,970,01 - POST /auth/user/login,200,OK,Virtual Users [400 threads] 1-276,text,true,,406,363,5,5,http://k8s-forkfind-forkfind-8e65d48af1-1990260306.us-east-1.elb.amazonaws.com/auth/user/login,970,0,71
1777595003465,760,01 - POST /auth/user/login,200,OK,Virtual Users [400 threads] 1-277,text,true,,406,363,5,5,http://k8s-forkfind-forkfind-8e65d48af1-1990260306.us-east-1.elb.amazonaws.com/auth/user/login,760,0,71
1777595004210,113,02 - GET /restaurants (search),200,OK,Virtual Users [400 threads] 1-276,text,true,,790,436,5,5,http://k8s-forkfind-forkfind-8e65d48af1-1990260306.us-east-1.elb.amazonaws.com/restaurants?q=pizza&limit=12&sort=rating,113,0,0
1777595004226,109,02 - GET /restaurants (search),200,OK,Virtual Users [400 threads] 1-277,text,true,,790,436,5,5,http://k8s-forkfind-forkfind-8e65d48af1-1990260306.us-east-1.elb.amazonaws.com/restaurants?q=pizza&limit=12&sort=rating,109,0,0
1777595004335,219,03 - POST /restaurants/15/reviews,201,Created,Virtual Users [400 threads] 1-277,text,true,,570,573,6,6,http://k8s-forkfind-forkfind-8e65d48af1-1990260306.us-east-1.elb.amazonaws.com/restaurants/15/reviews,219,0,0
1777595004324,230,03 - POST /restaurants/15/reviews,201,Created,Virtual Users [400 threads] 1-276,text,true,,570,573,6,6,http://k8s-forkfind-forkfind-8e65d48af1-1990260306.us-east-1.elb.amazonaws.com/restaurants/15/reviews,230,0,0
1777595003690,1019,01 - POST /auth/user/login,200,OK,Virtual Users [400 threads] 1-278,text,true,,406,363,5,5,http://k8s-forkfind-forkfind-8e65d48af1-1990260306.us-east-1.elb.amazonaws.com/auth/user/login,1019,0,73
1777595003914,801,01 - POST /auth/user/login,200,OK,Virtual Users [400 threads] 1-279,text,true,,406,363,5,5,http://k8s-forkfind-forkfind-8e65d48af1-1990260306.us-east-1.elb.amazonaws.com/auth/user/login,801,0,70
1777595004710,116,02 - GET /restaurants (search),200,OK,Virtual Users [400 threads] 1-278,text,true,,790,436,6,6,http://k8s-forkfind-forkfind-8e65d48af1-1990260306.us-east-1.elb.amazonaws.com/restaurants?q=pizza&limit=12&sort=rating,116,0,0
1777595004716,110,02 - GET /restaurants (search),200,OK,Virtual Users [400 threads] 1-279,text,true,,790,436,6,6,http://k8s-forkfind-forkfind-8e65d48af1-1990260306.us-east-1.elb.amazonaws.com/restaurants?q=pizza&limit=12&sort=rating,110,0,0
1777595004827,114,03 - POST /restaurants/15/reviews,201,Created,Virtual Users [400 threads] 1-278,text,true,,571,573,6,6,http://k8s-forkfind-forkfind-8e65d48af1-1990260306.us-east-1.elb.amazonaws.com/restaurants/15/reviews,114,0,0
1777595004827,116,03 - POST /restaurants/15/reviews,201,Created,Virtual Users [400 threads] 1-279,text,true,,571,573,5,5,http://k8s-forkfind-forkfind-8e65d48af1-1990260306.us-east-1.elb.amazonaws.com/restaurants/15/reviews,116,0,0
1777595004137,890,01 - POST /auth/user/login,200,OK,Virtual Users [400 threads] 1-280,text,true,,406,363,4,4,http://k8s-forkfind-forkfind-8e65d48af1-1990260306.us-east-1.elb.amazonaws.com/auth/user/login,890,0,71
1777595005028,93,02 - GET /restaurants (search),200,OK,Virtual Users [400 threads] 1-280,text,true,,790,436,5,5,http://k8s-forkfind-forkfind-8e65d48af1-1990260306.us-east-1.elb.amazonaws.com/restaurants?q=pizza&limit=12&sort=rating,93,0,0
1777595004365,851,01 - POST /auth/user/login,200,OK,Virtual Users [400 threads] 1-281,text,true,,406,363,5,5,http://k8s-forkfind-forkfind-8e65d48af1-1990260306.us-east-1.elb.amazonaws.com/auth/user/login,851,0,72
1777595005121,117,03 - POST /restaurants/15/reviews,201,Created,Virtual Users [400 threads] 1-280,text,true,,571,573,5,5,http://k8s-forkfind-forkfind-8e65d48af1-1990260306.us-east-1.elb.amazonaws.com/restaurants/15/reviews,117,0,0
1777595005217,106,02 - GET /restaurants (search),200,OK,Virtual Users [400 threads] 1-281,text,true,,790,436,5,5,http://k8s-forkfind-forkfind-8e65d48af1-1990260306.us-east-1.elb.amazonaws.com/restaurants?q=pizza&limit=12&sort=rating,106,0,0
1777595005324,118,03 - POST /restaurants/15/reviews,201,Created,Virtual Users [400 threads] 1-281,text,true,,571,573,5,5,http://k8s-forkfind-forkfind-8e65d48af1-1990260306.us-east-1.elb.amazonaws.com/restaurants/15/reviews,118,0,0
1777595004812,781,01 - POST /auth/user/login,200,OK,Virtual Users [400 threads] 1-283,text,true,,406,363,5,5,http://k8s-forkfind-forkfind-8e65d48af1-1990260306.us-east-1.elb.amazonaws.com/auth/user/login,781,0,73
1777595004587,1015,01 - POST /auth/user/login,200,OK,Virtual Users [400 threads] 1-282,text,true,,406,363,5,5,http://k8s-forkfind-forkfind-8e65d48af1-1990260306.us-east-1.elb.amazonaws.com/auth/user/login,1015,0,71
1777595005594,78,02 - GET /restaurants (search),200,OK,Virtual Users [400 threads] 1-283,text,true,,790,436,5,5,http://k8s-forkfind-forkfind-8e65d48af1-1990260306.us-east-1.elb.amazonaws.com/restaurants?q=pizza&limit=12&sort=rating,78,0,0
1777595005602,103,02 - GET /restaurants (search),200,OK,Virtual Users [400 threads] 1-282,text,true,,790,436,5,5,http://k8s-forkfind-forkfind-8e65d48af1-1990260306.us-east-1.elb.amazonaws.com/restaurants?q=pizza&limit=12&sort=rating,102,0,0
1777595005673,118,03 - POST /restaurants/15/reviews,201,Created,Virtual Users [400 threads] 1-283,text,true,,570,573,6,6,http://k8s-forkfind-forkfind-8e65d48af1-1990260306.us-east-1.elb.amazonaws.com/restaurants/15/reviews,118,0,0
1777595005705,88,03 - POST /restaurants/15/reviews,201,Created,Virtual Users [400 threads] 1-282,text,true,,571,573,5,5,http://k8s-forkfind-forkfind-8e65d48af1-1990260306.us-east-1.elb.amazonaws.com/restaurants/15/reviews,88,0,0
1777595005039,765,01 - POST /auth/user/login,200,OK,Virtual Users [400 threads] 1-284,text,true,,406,363,4,4,http://k8s-forkfind-forkfind-8e65d48af1-1990260306.us-east-1.elb.amazonaws.com/auth/user/login,764,0,82
1777595005804,80,02 - GET /restaurants (search),200,OK,Virtual Users [400 threads] 1-284,text,true,,790,436,4,4,http://k8s-forkfind-forkfind-8e65d48af1-1990260306.us-east-1.elb.amazonaws.com/restaurants?q=pizza&limit=12&sort=rating,80,0,0
1777595005884,83,03 - POST /restaurants/15/reviews,201,Created,Virtual Users [400 threads] 1-284,text,true,,570,573,5,5,http://k8s-forkfind-forkfind-8e65d48af1-1990260306.us-east-1.elb.amazonaws.com/restaurants/15/reviews,83,0,0
1777595005265,859,01 - POST /auth/user/login,200,OK,Virtual Users [400 threads] 1-285,text,true,,406,363,4,4,http://k8s-forkfind-forkfind-8e65d48af1-1990260306.us-east-1.elb.amazonaws.com/auth/user/login,859,0,75
1777595006125,79,02 - GET /restaurants (search),200,OK,Virtual Users [400 threads] 1-285,text,true,,790,436,5,5,http://k8s-forkfind-forkfind-8e65d48af1-1990260306.us-east-1.elb.amazonaws.com/restaurants?q=pizza&limit=12&sort=rating,79,0,0
1777595006205,96,03 - POST /restaurants/15/reviews,201,Created,Virtual Users [400 threads] 1-285,text,true,,570,573,5,5,http://k8s-forkfind-forkfind-8e65d48af1-1990260306.us-east-1.elb.amazonaws.com/restaurants/15/reviews,96,0,0
1777595005489,888,01 - POST /auth/user/login,200,OK,Virtual Users [400 threads] 1-286,text,true,,406,363,4,4,http://k8s-forkfind-forkfind-8e65d48af1-1990260306.us-east-1.elb.amazonaws.com/auth/user/login,888,0,77
1777595006378,79,02 - GET /restaurants (search),200,OK,Virtual Users [400 threads] 1-286,text,true,,790,436,5,5,http://k8s-forkfind-forkfind-8e65d48af1-1990260306.us-east-1.elb.amazonaws.com/restaurants?q=pizza&limit=12&sort=rating,79,0,0
1777595005716,803,01 - POST /auth/user/login,200,OK,Virtual Users [400 threads] 1-287,text,true,,406,363,5,5,http://k8s-forkfind-forkfind-8e65d48af1-1990260306.us-east-1.elb.amazonaws.com/auth/user/login,803,0,75
1777595006458,86,03 - POST /restaurants/15/reviews,201,Created,Virtual Users [400 threads] 1-286,text,true,,570,573,5,5,http://k8s-forkfind-forkfind-8e65d48af1-1990260306.us-east-1.elb.amazonaws.com/restaurants/15/reviews,86,0,0
1777595006520,83,02 - GET /restaurants (search),200,OK,Virtual Users [400 threads] 1-287,text,true,,790,436,4,4,http://k8s-forkfind-forkfind-8e65d48af1-1990260306.us-east-1.elb.amazonaws.com/restaurants?q=pizza&limit=12&sort=rating,83,0,0
1777595006604,86,03 - POST /restaurants/15/reviews,201,Created,Virtual Users [400 threads] 1-287,text,true,,570,573,5,5,http://k8s-forkfind-forkfind-8e65d48af1-1990260306.us-east-1.elb.amazonaws.com/restaurants/15/reviews,86,0,0
1777595005940,863,01 - POST /auth/user/login,200,OK,Virtual Users [400 threads] 1-288,text,true,,406,363,4,4,http://k8s-forkfind-forkfind-8e65d48af1-1990260306.us-east-1.elb.amazonaws.com/auth/user/login,863,0,72
1777595006804,80,02 - GET /restaurants (search),200,OK,Virtual Users [400 threads] 1-288,text,true,,790,436,5,5,http://k8s-forkfind-forkfind-8e65d48af1-1990260306.us-east-1.elb.amazonaws.com/restaurants?q=pizza&limit=12&sort=rating,80,0,0
1777595006884,88,03 - POST /restaurants/15/reviews,201,Created,Virtual Users [400 threads] 1-288,text,true,,570,573,5,5,http://k8s-forkfind-forkfind-8e65d48af1-1990260306.us-east-1.elb.amazonaws.com/restaurants/15/reviews,88,0,0
1777595006166,849,01 - POST /auth/user/login,200,OK,Virtual Users [400 threads] 1-289,text,true,,406,363,4,4,http://k8s-forkfind-forkfind-8e65d48af1-1990260306.us-east-1.elb.amazonaws.com/auth/user/login,849,0,71
1777595007016,82,02 - GET /restaurants (search),200,OK,Virtual Users [400 threads] 1-289,text,true,,790,436,5,5,http://k8s-forkfind-forkfind-8e65d48af1-1990260306.us-east-1.elb.amazonaws.com/restaurants?q=pizza&limit=12&sort=rating,82,0,0
1777595007099,111,03 - POST /restaurants/15/reviews,201,Created,Virtual Users [400 threads] 1-289,text,true,,570,573,5,5,http://k8s-forkfind-forkfind-8e65d48af1-1990260306.us-east-1.elb.amazonaws.com/restaurants/15/reviews,111,0,0
1777595006387,1115,01 - POST /auth/user/login,200,OK,Virtual Users [400 threads] 1-290,text,true,,406,363,5,5,http://k8s-forkfind-forkfind-8e65d48af1-1990260306.us-east-1.elb.amazonaws.com/auth/user/login,1115,0,70
1777595007503,77,02 - GET /restaurants (search),200,OK,Virtual Users [400 threads] 1-290,text,true,,790,436,6,6,http://k8s-forkfind-forkfind-8e65d48af1-1990260306.us-east-1.elb.amazonaws.com/restaurants?q=pizza&limit=12&sort=rating,77,0,0
1777595006840,745,01 - POST /auth/user/login,200,OK,Virtual Users [400 threads] 1-292,text,true,,406,363,6,6,http://k8s-forkfind-forkfind-8e65d48af1-1990260306.us-east-1.elb.amazonaws.com/auth/user/login,744,0,81
1777595007580,87,03 - POST /restaurants/15/reviews,201,Created,Virtual Users [400 threads] 1-290,text,true,,570,573,6,6,http://k8s-forkfind-forkfind-8e65d48af1-1990260306.us-east-1.elb.amazonaws.com/restaurants/15/reviews,87,0,0
1777595007585,87,02 - GET /restaurants (search),200,OK,Virtual Users [400 threads] 1-292,text,true,,790,436,5,5,http://k8s-forkfind-forkfind-8e65d48af1-1990260306.us-east-1.elb.amazonaws.com/restaurants?q=pizza&limit=12&sort=rating,87,0,0
1777595007672,88,03 - POST /restaurants/15/reviews,201,Created,Virtual Users [400 threads] 1-292,text,true,,570,573,6,6,http://k8s-forkfind-forkfind-8e65d48af1-1990260306.us-east-1.elb.amazonaws.com/restaurants/15/reviews,88,0,0
1777595007066,724,01 - POST /auth/user/login,200,OK,Virtual Users [400 threads] 1-293,text,true,,406,363,5,5,http://k8s-forkfind-forkfind-8e65d48af1-1990260306.us-east-1.elb.amazonaws.com/auth/user/login,724,0,71
1777595007791,82,02 - GET /restaurants (search),200,OK,Virtual Users [400 threads] 1-293,text,true,,790,436,5,5,http://k8s-forkfind-forkfind-8e65d48af1-1990260306.us-east-1.elb.amazonaws.com/restaurants?q=pizza&limit=12&sort=rating,82,0,0
1777595006616,1299,01 - POST /auth/user/login,200,OK,Virtual Users [400 threads] 1-291,text,true,,406,363,5,5,http://k8s-forkfind-forkfind-8e65d48af1-1990260306.us-east-1.elb.amazonaws.com/auth/user/login,1299,0,73
1777595007873,82,03 - POST /restaurants/15/reviews,201,Created,Virtual Users [400 threads] 1-293,text,true,,571,573,5,5,http://k8s-forkfind-forkfind-8e65d48af1-1990260306.us-east-1.elb.amazonaws.com/restaurants/15/reviews,82,0,0
1777595007916,110,02 - GET /restaurants (search),200,OK,Virtual Users [400 threads] 1-291,text,true,,790,436,5,5,http://k8s-forkfind-forkfind-8e65d48af1-1990260306.us-east-1.elb.amazonaws.com/restaurants?q=pizza&limit=12&sort=rating,110,0,0
1777595008026,130,03 - POST /restaurants/15/reviews,201,Created,Virtual Users [400 threads] 1-291,text,true,,571,573,5,5,http://k8s-forkfind-forkfind-8e65d48af1-1990260306.us-east-1.elb.amazonaws.com/restaurants/15/reviews,130,0,0
1777595007515,715,01 - POST /auth/user/login,200,OK,Virtual Users [400 threads] 1-295,text,true,,406,363,5,5,http://k8s-forkfind-forkfind-8e65d48af1-1990260306.us-east-1.elb.amazonaws.com/auth/user/login,715,0,71
1777595008231,92,02 - GET /restaurants (search),200,OK,Virtual Users [400 threads] 1-295,text,true,,790,436,5,5,http://k8s-forkfind-forkfind-8e65d48af1-1990260306.us-east-1.elb.amazonaws.com/restaurants?q=pizza&limit=12&sort=rating,92,0,0
1777595007738,695,01 - POST /auth/user/login,200,OK,Virtual Users [400 threads] 1-296,text,true,,406,363,6,6,http://k8s-forkfind-forkfind-8e65d48af1-1990260306.us-east-1.elb.amazonaws.com/auth/user/login,695,0,71
1777595008324,135,03 - POST /restaurants/15/reviews,201,Created,Virtual Users [400 threads] 1-295,text,true,,571,573,6,6,http://k8s-forkfind-forkfind-8e65d48af1-1990260306.us-east-1.elb.amazonaws.com/restaurants/15/reviews,135,0,0
1777595007291,1212,01 - POST /auth/user/login,200,OK,Virtual Users [400 threads] 1-294,text,true,,406,363,5,5,http://k8s-forkfind-forkfind-8e65d48af1-1990260306.us-east-1.elb.amazonaws.com/auth/user/login,1212,0,71
1777595008434,77,02 - GET /restaurants (search),200,OK,Virtual Users [400 threads] 1-296,text,true,,790,436,5,5,http://k8s-forkfind-forkfind-8e65d48af1-1990260306.us-east-1.elb.amazonaws.com/restaurants?q=pizza&limit=12&sort=rating,77,0,0
1777595008504,80,02 - GET /restaurants (search),200,OK,Virtual Users [400 threads] 1-294,text,true,,790,436,5,5,http://k8s-forkfind-forkfind-8e65d48af1-1990260306.us-east-1.elb.amazonaws.com/restaurants?q=pizza&limit=12&sort=rating,80,0,0
1777595008511,99,03 - POST /restaurants/15/reviews,201,Created,Virtual Users [400 threads] 1-296,text,true,,571,573,5,5,http://k8s-forkfind-forkfind-8e65d48af1-1990260306.us-east-1.elb.amazonaws.com/restaurants/15/reviews,99,0,0
1777595008585,124,03 - POST /restaurants/15/reviews,201,Created,Virtual Users [400 threads] 1-294,text,true,,570,573,5,5,http://k8s-forkfind-forkfind-8e65d48af1-1990260306.us-east-1.elb.amazonaws.com/restaurants/15/reviews,124,0,0
1777595007967,971,01 - POST /auth/user/login,200,OK,Virtual Users [400 threads] 1-297,text,true,,406,363,5,5,http://k8s-forkfind-forkfind-8e65d48af1-1990260306.us-east-1.elb.amazonaws.com/auth/user/login,971,0,72
1777595008191,795,01 - POST /auth/user/login,200,OK,Virtual Users [400 threads] 1-298,text,true,,406,363,5,5,http://k8s-forkfind-forkfind-8e65d48af1-1990260306.us-east-1.elb.amazonaws.com/auth/user/login,795,0,70
1777595008939,91,02 - GET /restaurants (search),200,OK,Virtual Users [400 threads] 1-297,text,true,,790,436,5,5,http://k8s-forkfind-forkfind-8e65d48af1-1990260306.us-east-1.elb.amazonaws.com/restaurants?q=pizza&limit=12&sort=rating,91,0,0
1777595008987,82,02 - GET /restaurants (search),200,OK,Virtual Users [400 threads] 1-298,text,true,,790,436,5,5,http://k8s-forkfind-forkfind-8e65d48af1-1990260306.us-east-1.elb.amazonaws.com/restaurants?q=pizza&limit=12&sort=rating,82,0,0
1777595008416,700,01 - POST /auth/user/login,200,OK,Virtual Users [400 threads] 1-299,text,true,,406,363,6,6,http://k8s-forkfind-forkfind-8e65d48af1-1990260306.us-east-1.elb.amazonaws.com/auth/user/login,700,0,75
1777595009031,128,03 - POST /restaurants/15/reviews,201,Created,Virtual Users [400 threads] 1-297,text,true,,570,573,6,6,http://k8s-forkfind-forkfind-8e65d48af1-1990260306.us-east-1.elb.amazonaws.com/restaurants/15/reviews,128,0,0
1777595009069,90,03 - POST /restaurants/15/reviews,201,Created,Virtual Users [400 threads] 1-298,text,true,,570,573,6,6,http://k8s-forkfind-forkfind-8e65d48af1-1990260306.us-east-1.elb.amazonaws.com/restaurants/15/reviews,90,0,0
1777595009119,82,02 - GET /restaurants (search),200,OK,Virtual Users [400 threads] 1-299,text,true,,790,436,4,4,http://k8s-forkfind-forkfind-8e65d48af1-1990260306.us-east-1.elb.amazonaws.com/restaurants?q=pizza&limit=12&sort=rating,82,0,0
1777595009201,111,03 - POST /restaurants/15/reviews,201,Created,Virtual Users [400 threads] 1-299,text,true,,570,573,5,5,http://k8s-forkfind-forkfind-8e65d48af1-1990260306.us-east-1.elb.amazonaws.com/restaurants/15/reviews,110,0,0
1777595008866,689,01 - POST /auth/user/login,200,OK,Virtual Users [400 threads] 1-301,text,true,,406,363,5,5,http://k8s-forkfind-forkfind-8e65d48af1-1990260306.us-east-1.elb.amazonaws.com/auth/user/login,689,0,71
1777595009556,89,02 - GET /restaurants (search),200,OK,Virtual Users [400 threads] 1-301,text,true,,790,436,5,5,http://k8s-forkfind-forkfind-8e65d48af1-1990260306.us-east-1.elb.amazonaws.com/restaurants?q=pizza&limit=12&sort=rating,89,0,0
1777595008638,1060,01 - POST /auth/user/login,200,OK,Virtual Users [400 threads] 1-300,text,true,,406,363,5,5,http://k8s-forkfind-forkfind-8e65d48af1-1990260306.us-east-1.elb.amazonaws.com/auth/user/login,1060,0,71
1777595009646,108,03 - POST /restaurants/15/reviews,201,Created,Virtual Users [400 threads] 1-301,text,true,,570,573,5,5,http://k8s-forkfind-forkfind-8e65d48af1-1990260306.us-east-1.elb.amazonaws.com/restaurants/15/reviews,108,0,0
1777595009699,78,02 - GET /restaurants (search),200,OK,Virtual Users [400 threads] 1-300,text,true,,790,436,5,5,http://k8s-forkfind-forkfind-8e65d48af1-1990260306.us-east-1.elb.amazonaws.com/restaurants?q=pizza&limit=12&sort=rating,78,0,0
1777595009777,86,03 - POST /restaurants/15/reviews,201,Created,Virtual Users [400 threads] 1-300,text,true,,570,573,5,5,http://k8s-forkfind-forkfind-8e65d48af1-1990260306.us-east-1.elb.amazonaws.com/restaurants/15/reviews,86,0,0
1777595009091,1012,01 - POST /auth/user/login,200,OK,Virtual Users [400 threads] 1-302,text,true,,406,363,5,5,http://k8s-forkfind-forkfind-8e65d48af1-1990260306.us-east-1.elb.amazonaws.com/auth/user/login,1012,0,75
1777595010105,84,02 - GET /restaurants (search),200,OK,Virtual Users [400 threads] 1-302,text,true,,790,436,5,5,http://k8s-forkfind-forkfind-8e65d48af1-1990260306.us-east-1.elb.amazonaws.com/restaurants?q=pizza&limit=12&sort=rating,84,0,0
1777595010190,119,03 - POST /restaurants/15/reviews,201,Created,Virtual Users [400 threads] 1-302,text,true,,570,573,6,6,http://k8s-forkfind-forkfind-8e65d48af1-1990260306.us-east-1.elb.amazonaws.com/restaurants/15/reviews,119,0,0
1777595009311,1223,01 - POST /auth/user/login,200,OK,Virtual Users [400 threads] 1-303,text,true,,406,363,6,6,http://k8s-forkfind-forkfind-8e65d48af1-1990260306.us-east-1.elb.amazonaws.com/auth/user/login,1223,0,99
1777595009765,769,01 - POST /auth/user/login,200,OK,Virtual Users [400 threads] 1-305,text,true,,406,363,6,6,http://k8s-forkfind-forkfind-8e65d48af1-1990260306.us-east-1.elb.amazonaws.com/auth/user/login,769,0,83
1777595010535,115,02 - GET /restaurants (search),200,OK,Virtual Users [400 threads] 1-305,text,true,,790,436,6,6,http://k8s-forkfind-forkfind-8e65d48af1-1990260306.us-east-1.elb.amazonaws.com/restaurants?q=pizza&limit=12&sort=rating,114,0,0
1777595010535,115,02 - GET /restaurants (search),200,OK,Virtual Users [400 threads] 1-303,text,true,,790,436,6,6,http://k8s-forkfind-forkfind-8e65d48af1-1990260306.us-east-1.elb.amazonaws.com/restaurants?q=pizza&limit=12&sort=rating,114,0,0
1777595009539,1179,01 - POST /auth/user/login,200,OK,Virtual Users [400 threads] 1-304,text,true,,406,363,7,7,http://k8s-forkfind-forkfind-8e65d48af1-1990260306.us-east-1.elb.amazonaws.com/auth/user/login,1179,0,72
1777595009991,801,01 - POST /auth/user/login,200,OK,Virtual Users [400 threads] 1-306,text,true,,406,363,7,7,http://k8s-forkfind-forkfind-8e65d48af1-1990260306.us-east-1.elb.amazonaws.com/auth/user/login,801,0,72
1777595010719,88,02 - GET /restaurants (search),200,OK,Virtual Users [400 threads] 1-304,text,true,,790,436,7,7,http://k8s-forkfind-forkfind-8e65d48af1-1990260306.us-east-1.elb.amazonaws.com/restaurants?q=pizza&limit=12&sort=rating,88,0,0
1777595010650,158,03 - POST /restaurants/15/reviews,201,Created,Virtual Users [400 threads] 1-303,text,true,,571,573,7,7,http://k8s-forkfind-forkfind-8e65d48af1-1990260306.us-east-1.elb.amazonaws.com/restaurants/15/reviews,158,0,0
1777595010650,162,03 - POST /restaurants/15/reviews,201,Created,Virtual Users [400 threads] 1-305,text,true,,571,573,6,6,http://k8s-forkfind-forkfind-8e65d48af1-1990260306.us-east-1.elb.amazonaws.com/restaurants/15/reviews,162,0,0
1777595010793,79,02 - GET /restaurants (search),200,OK,Virtual Users [400 threads] 1-306,text,true,,790,436,5,5,http://k8s-forkfind-forkfind-8e65d48af1-1990260306.us-east-1.elb.amazonaws.com/restaurants?q=pizza&limit=12&sort=rating,79,0,0
1777595010807,150,03 - POST /restaurants/15/reviews,201,Created,Virtual Users [400 threads] 1-304,text,true,,571,573,6,6,http://k8s-forkfind-forkfind-8e65d48af1-1990260306.us-east-1.elb.amazonaws.com/restaurants/15/reviews,150,0,0
1777595010872,87,03 - POST /restaurants/15/reviews,201,Created,Virtual Users [400 threads] 1-306,text,true,,571,573,5,5,http://k8s-forkfind-forkfind-8e65d48af1-1990260306.us-east-1.elb.amazonaws.com/restaurants/15/reviews,87,0,0
1777595010214,992,01 - POST /auth/user/login,200,OK,Virtual Users [400 threads] 1-307,text,true,,406,363,5,5,http://k8s-forkfind-forkfind-8e65d48af1-1990260306.us-east-1.elb.amazonaws.com/auth/user/login,992,0,71
1777595011207,91,02 - GET /restaurants (search),200,OK,Virtual Users [400 threads] 1-307,text,true,,790,436,5,5,http://k8s-forkfind-forkfind-8e65d48af1-1990260306.us-east-1.elb.amazonaws.com/restaurants?q=pizza&limit=12&sort=rating,91,0,0
1777595010441,880,01 - POST /auth/user/login,200,OK,Virtual Users [400 threads] 1-308,text,true,,406,363,5,5,http://k8s-forkfind-forkfind-8e65d48af1-1990260306.us-east-1.elb.amazonaws.com/auth/user/login,880,0,93
1777595011322,92,02 - GET /restaurants (search),200,OK,Virtual Users [400 threads] 1-308,text,true,,790,436,6,6,http://k8s-forkfind-forkfind-8e65d48af1-1990260306.us-east-1.elb.amazonaws.com/restaurants?q=pizza&limit=12&sort=rating,92,0,0
1777595011299,115,03 - POST /restaurants/15/reviews,201,Created,Virtual Users [400 threads] 1-307,text,true,,571,573,6,6,http://k8s-forkfind-forkfind-8e65d48af1-1990260306.us-east-1.elb.amazonaws.com/restaurants/15/reviews,115,0,0
1777595010662,787,01 - POST /auth/user/login,200,OK,Virtual Users [400 threads] 1-309,text,true,,406,363,5,5,http://k8s-forkfind-forkfind-8e65d48af1-1990260306.us-east-1.elb.amazonaws.com/auth/user/login,787,0,84
1777595011414,108,03 - POST /restaurants/15/reviews,201,Created,Virtual Users [400 threads] 1-308,text,true,,571,573,5,5,http://k8s-forkfind-forkfind-8e65d48af1-1990260306.us-east-1.elb.amazonaws.com/restaurants/15/reviews,108,0,0
1777595011449,86,02 - GET /restaurants (search),200,OK,Virtual Users [400 threads] 1-309,text,true,,790,436,4,4,http://k8s-forkfind-forkfind-8e65d48af1-1990260306.us-east-1.elb.amazonaws.com/restaurants?q=pizza&limit=12&sort=rating,86,0,0
1777595011534,121,03 - POST /restaurants/15/reviews,201,Created,Virtual Users [400 threads] 1-309,text,true,,571,573,5,5,http://k8s-forkfind-forkfind-8e65d48af1-1990260306.us-east-1.elb.amazonaws.com/restaurants/15/reviews,121,0,0
1777595010889,1114,01 - POST /auth/user/login,200,OK,Virtual Users [400 threads] 1-310,text,true,,406,363,5,5,http://k8s-forkfind-forkfind-8e65d48af1-1990260306.us-east-1.elb.amazonaws.com/auth/user/login,1114,0,73
1777595011111,930,01 - POST /auth/user/login,200,OK,Virtual Users [400 threads] 1-311,text,true,,406,363,6,6,http://k8s-forkfind-forkfind-8e65d48af1-1990260306.us-east-1.elb.amazonaws.com/auth/user/login,930,0,74
1777595012003,78,02 - GET /restaurants (search),200,OK,Virtual Users [400 threads] 1-310,text,true,,790,436,6,6,http://k8s-forkfind-forkfind-8e65d48af1-1990260306.us-east-1.elb.amazonaws.com/restaurants?q=pizza&limit=12&sort=rating,78,0,0
1777595012041,88,02 - GET /restaurants (search),200,OK,Virtual Users [400 threads] 1-311,text,true,,790,436,6,6,http://k8s-forkfind-forkfind-8e65d48af1-1990260306.us-east-1.elb.amazonaws.com/restaurants?q=pizza&limit=12&sort=rating,88,0,0
1777595012081,82,03 - POST /restaurants/15/reviews,201,Created,Virtual Users [400 threads] 1-310,text,true,,571,573,6,6,http://k8s-forkfind-forkfind-8e65d48af1-1990260306.us-east-1.elb.amazonaws.com/restaurants/15/reviews,82,0,0
1777595012130,119,03 - POST /restaurants/15/reviews,201,Created,Virtual Users [400 threads] 1-311,text,true,,571,573,6,6,http://k8s-forkfind-forkfind-8e65d48af1-1990260306.us-east-1.elb.amazonaws.com/restaurants/15/reviews,119,0,0
1777595011564,729,01 - POST /auth/user/login,200,OK,Virtual Users [400 threads] 1-313,text,true,,406,363,5,5,http://k8s-forkfind-forkfind-8e65d48af1-1990260306.us-east-1.elb.amazonaws.com/auth/user/login,729,0,82
1777595012294,81,02 - GET /restaurants (search),200,OK,Virtual Users [400 threads] 1-313,text,true,,790,436,5,5,http://k8s-forkfind-forkfind-8e65d48af1-1990260306.us-east-1.elb.amazonaws.com/restaurants?q=pizza&limit=12&sort=rating,81,0,0
1777595011340,1083,01 - POST /auth/user/login,200,OK,Virtual Users [400 threads] 1-312,text,true,,406,363,5,5,http://k8s-forkfind-forkfind-8e65d48af1-1990260306.us-east-1.elb.amazonaws.com/auth/user/login,1083,0,73
1777595012375,83,03 - POST /restaurants/15/reviews,201,Created,Virtual Users [400 threads] 1-313,text,true,,570,573,5,5,http://k8s-forkfind-forkfind-8e65d48af1-1990260306.us-east-1.elb.amazonaws.com/restaurants/15/reviews,83,0,0
1777595012423,85,02 - GET /restaurants (search),200,OK,Virtual Users [400 threads] 1-312,text,true,,790,436,5,5,http://k8s-forkfind-forkfind-8e65d48af1-1990260306.us-east-1.elb.amazonaws.com/restaurants?q=pizza&limit=12&sort=rating,85,0,0
1777595012508,103,03 - POST /restaurants/15/reviews,201,Created,Virtual Users [400 threads] 1-312,text,true,,571,573,5,5,http://k8s-forkfind-forkfind-8e65d48af1-1990260306.us-east-1.elb.amazonaws.com/restaurants/15/reviews,103,0,0
1777595011786,831,01 - POST /auth/user/login,200,OK,Virtual Users [400 threads] 1-314,text,true,,406,363,4,4,http://k8s-forkfind-forkfind-8e65d48af1-1990260306.us-east-1.elb.amazonaws.com/auth/user/login,831,0,71
1777595012618,82,02 - GET /restaurants (search),200,OK,Virtual Users [400 threads] 1-314,text,true,,790,436,5,5,http://k8s-forkfind-forkfind-8e65d48af1-1990260306.us-east-1.elb.amazonaws.com/restaurants?q=pizza&limit=12&sort=rating,82,0,0
1777595012701,115,03 - POST /restaurants/15/reviews,201,Created,Virtual Users [400 threads] 1-314,text,true,,571,573,5,5,http://k8s-forkfind-forkfind-8e65d48af1-1990260306.us-east-1.elb.amazonaws.com/restaurants/15/reviews,115,0,0
1777595012237,747,01 - POST /auth/user/login,200,OK,Virtual Users [400 threads] 1-316,text,true,,406,363,5,5,http://k8s-forkfind-forkfind-8e65d48af1-1990260306.us-east-1.elb.amazonaws.com/auth/user/login,747,0,73
1777595012985,89,02 - GET /restaurants (search),200,OK,Virtual Users [400 threads] 1-316,text,true,,790,436,5,5,http://k8s-forkfind-forkfind-8e65d48af1-1990260306.us-east-1.elb.amazonaws.com/restaurants?q=pizza&limit=12&sort=rating,89,0,0
1777595012015,1096,01 - POST /auth/user/login,200,OK,Virtual Users [400 threads] 1-315,text,true,,406,363,5,5,http://k8s-forkfind-forkfind-8e65d48af1-1990260306.us-east-1.elb.amazonaws.com/auth/user/login,1096,0,76
1777595013075,87,03 - POST /restaurants/15/reviews,201,Created,Virtual Users [400 threads] 1-316,text,true,,571,573,6,6,http://k8s-forkfind-forkfind-8e65d48af1-1990260306.us-east-1.elb.amazonaws.com/restaurants/15/reviews,87,0,0
1777595012464,698,01 - POST /auth/user/login,200,OK,Virtual Users [400 threads] 1-317,text,true,,406,363,6,6,http://k8s-forkfind-forkfind-8e65d48af1-1990260306.us-east-1.elb.amazonaws.com/auth/user/login,698,0,70
1777595013112,88,02 - GET /restaurants (search),200,OK,Virtual Users [400 threads] 1-315,text,true,,790,436,5,5,http://k8s-forkfind-forkfind-8e65d48af1-1990260306.us-east-1.elb.amazonaws.com/restaurants?q=pizza&limit=12&sort=rating,88,0,0
1777595013163,91,02 - GET /restaurants (search),200,OK,Virtual Users [400 threads] 1-317,text,true,,790,436,5,5,http://k8s-forkfind-forkfind-8e65d48af1-1990260306.us-east-1.elb.amazonaws.com/restaurants?q=pizza&limit=12&sort=rating,91,0,0
1777595013201,108,03 - POST /restaurants/15/reviews,201,Created,Virtual Users [400 threads] 1-315,text,true,,571,573,5,5,http://k8s-forkfind-forkfind-8e65d48af1-1990260306.us-east-1.elb.amazonaws.com/restaurants/15/reviews,108,0,0
1777595013255,99,03 - POST /restaurants/15/reviews,201,Created,Virtual Users [400 threads] 1-317,text,true,,571,573,4,4,http://k8s-forkfind-forkfind-8e65d48af1-1990260306.us-east-1.elb.amazonaws.com/restaurants/15/reviews,99,0,0
1777595012686,859,01 - POST /auth/user/login,200,OK,Virtual Users [400 threads] 1-318,text,true,,406,363,4,4,http://k8s-forkfind-forkfind-8e65d48af1-1990260306.us-east-1.elb.amazonaws.com/auth/user/login,859,0,71
1777595013546,79,02 - GET /restaurants (search),200,OK,Virtual Users [400 threads] 1-318,text,true,,790,436,5,5,http://k8s-forkfind-forkfind-8e65d48af1-1990260306.us-east-1.elb.amazonaws.com/restaurants?q=pizza&limit=12&sort=rating,79,0,0
1777595013626,85,03 - POST /restaurants/15/reviews,201,Created,Virtual Users [400 threads] 1-318,text,true,,571,573,5,5,http://k8s-forkfind-forkfind-8e65d48af1-1990260306.us-east-1.elb.amazonaws.com/restaurants/15/reviews,85,0,0
1777595012914,1083,01 - POST /auth/user/login,200,OK,Virtual Users [400 threads] 1-319,text,true,,406,363,5,5,http://k8s-forkfind-forkfind-8e65d48af1-1990260306.us-east-1.elb.amazonaws.com/auth/user/login,1083,0,70
1777595013998,127,02 - GET /restaurants (search),200,OK,Virtual Users [400 threads] 1-319,text,true,,790,436,6,6,http://k8s-forkfind-forkfind-8e65d48af1-1990260306.us-east-1.elb.amazonaws.com/restaurants?q=pizza&limit=12&sort=rating,127,0,0
1777595014126,125,03 - POST /restaurants/15/reviews,201,Created,Virtual Users [400 threads] 1-319,text,true,,571,573,6,6,http://k8s-forkfind-forkfind-8e65d48af1-1990260306.us-east-1.elb.amazonaws.com/restaurants/15/reviews,125,0,0
1777595013139,1239,01 - POST /auth/user/login,200,OK,Virtual Users [400 threads] 1-320,text,true,,406,363,6,6,http://k8s-forkfind-forkfind-8e65d48af1-1990260306.us-east-1.elb.amazonaws.com/auth/user/login,1239,0,86
1777595014379,114,02 - GET /restaurants (search),200,OK,Virtual Users [400 threads] 1-320,text,true,,790,436,7,7,http://k8s-forkfind-forkfind-8e65d48af1-1990260306.us-east-1.elb.amazonaws.com/restaurants?q=pizza&limit=12&sort=rating,114,0,0
1777595013365,1160,01 - POST /auth/user/login,200,OK,Virtual Users [400 threads] 1-321,text,true,,406,363,7,7,http://k8s-forkfind-forkfind-8e65d48af1-1990260306.us-east-1.elb.amazonaws.com/auth/user/login,1160,0,71
1777595014526,102,02 - GET /restaurants (search),200,OK,Virtual Users [400 threads] 1-321,text,true,,790,436,7,7,http://k8s-forkfind-forkfind-8e65d48af1-1990260306.us-east-1.elb.amazonaws.com/restaurants?q=pizza&limit=12&sort=rating,102,0,0
1777595014493,172,03 - POST /restaurants/15/reviews,201,Created,Virtual Users [400 threads] 1-320,text,true,,570,573,7,7,http://k8s-forkfind-forkfind-8e65d48af1-1990260306.us-east-1.elb.amazonaws.com/restaurants/15/reviews,172,0,0
1777595013589,1129,01 - POST /auth/user/login,200,OK,Virtual Users [400 threads] 1-322,text,true,,406,363,7,7,http://k8s-forkfind-forkfind-8e65d48af1-1990260306.us-east-1.elb.amazonaws.com/auth/user/login,1129,0,72
1777595013814,928,01 - POST /auth/user/login,200,OK,Virtual Users [400 threads] 1-323,text,true,,406,363,7,7,http://k8s-forkfind-forkfind-8e65d48af1-1990260306.us-east-1.elb.amazonaws.com/auth/user/login,928,0,99
1777595014628,124,03 - POST /restaurants/15/reviews,201,Created,Virtual Users [400 threads] 1-321,text,true,,570,573,7,7,http://k8s-forkfind-forkfind-8e65d48af1-1990260306.us-east-1.elb.amazonaws.com/restaurants/15/reviews,124,0,0
1777595014719,97,02 - GET /restaurants (search),200,OK,Virtual Users [400 threads] 1-322,text,true,,790,436,6,6,http://k8s-forkfind-forkfind-8e65d48af1-1990260306.us-east-1.elb.amazonaws.com/restaurants?q=pizza&limit=12&sort=rating,96,0,0
1777595014743,103,02 - GET /restaurants (search),200,OK,Virtual Users [400 threads] 1-323,text,true,,790,436,6,6,http://k8s-forkfind-forkfind-8e65d48af1-1990260306.us-east-1.elb.amazonaws.com/restaurants?q=pizza&limit=12&sort=rating,103,0,0
1777595014816,145,03 - POST /restaurants/15/reviews,201,Created,Virtual Users [400 threads] 1-322,text,true,,572,573,7,7,http://k8s-forkfind-forkfind-8e65d48af1-1990260306.us-east-1.elb.amazonaws.com/restaurants/15/reviews,145,0,0
1777595014846,204,03 - POST /restaurants/15/reviews,201,Created,Virtual Users [400 threads] 1-323,text,true,,572,573,6,6,http://k8s-forkfind-forkfind-8e65d48af1-1990260306.us-east-1.elb.amazonaws.com/restaurants/15/reviews,204,0,0
1777595014039,1052,01 - POST /auth/user/login,200,OK,Virtual Users [400 threads] 1-324,text,true,,406,363,5,5,http://k8s-forkfind-forkfind-8e65d48af1-1990260306.us-east-1.elb.amazonaws.com/auth/user/login,1052,0,76
1777595015092,78,02 - GET /restaurants (search),200,OK,Virtual Users [400 threads] 1-324,text,true,,790,436,6,6,http://k8s-forkfind-forkfind-8e65d48af1-1990260306.us-east-1.elb.amazonaws.com/restaurants?q=pizza&limit=12&sort=rating,77,0,0
1777595014264,1047,01 - POST /auth/user/login,200,OK,Virtual Users [400 threads] 1-325,text,true,,406,363,6,6,http://k8s-forkfind-forkfind-8e65d48af1-1990260306.us-east-1.elb.amazonaws.com/auth/user/login,1047,0,79
1777595015170,184,03 - POST /restaurants/15/reviews,201,Created,Virtual Users [400 threads] 1-324,text,true,,572,573,6,6,http://k8s-forkfind-forkfind-8e65d48af1-1990260306.us-east-1.elb.amazonaws.com/restaurants/15/reviews,184,0,0
1777595015312,103,02 - GET /restaurants (search),200,OK,Virtual Users [400 threads] 1-325,text,true,,790,436,6,6,http://k8s-forkfind-forkfind-8e65d48af1-1990260306.us-east-1.elb.amazonaws.com/restaurants?q=pizza&limit=12&sort=rating,103,0,0
1777595014715,733,01 - POST /auth/user/login,200,OK,Virtual Users [400 threads] 1-327,text,true,,406,363,6,6,http://k8s-forkfind-forkfind-8e65d48af1-1990260306.us-east-1.elb.amazonaws.com/auth/user/login,733,0,73
1777595015449,79,02 - GET /restaurants (search),200,OK,Virtual Users [400 threads] 1-327,text,true,,790,436,6,6,http://k8s-forkfind-forkfind-8e65d48af1-1990260306.us-east-1.elb.amazonaws.com/restaurants?q=pizza&limit=12&sort=rating,79,0,0
1777595015415,138,03 - POST /restaurants/15/reviews,201,Created,Virtual Users [400 threads] 1-325,text,true,,571,573,6,6,http://k8s-forkfind-forkfind-8e65d48af1-1990260306.us-east-1.elb.amazonaws.com/restaurants/15/reviews,138,0,0
1777595015528,130,03 - POST /restaurants/15/reviews,201,Created,Virtual Users [400 threads] 1-327,text,true,,571,573,6,6,http://k8s-forkfind-forkfind-8e65d48af1-1990260306.us-east-1.elb.amazonaws.com/restaurants/15/reviews,130,0,0
1777595014491,1206,01 - POST /auth/user/login,200,OK,Virtual Users [400 threads] 1-326,text,true,,406,363,5,5,http://k8s-forkfind-forkfind-8e65d48af1-1990260306.us-east-1.elb.amazonaws.com/auth/user/login,1206,0,73
1777595015698,79,02 - GET /restaurants (search),200,OK,Virtual Users [400 threads] 1-326,text,true,,790,436,5,5,http://k8s-forkfind-forkfind-8e65d48af1-1990260306.us-east-1.elb.amazonaws.com/restaurants?q=pizza&limit=12&sort=rating,79,0,0
1777595014939,869,01 - POST /auth/user/login,200,OK,Virtual Users [400 threads] 1-328,text,true,,406,363,5,5,http://k8s-forkfind-forkfind-8e65d48af1-1990260306.us-east-1.elb.amazonaws.com/auth/user/login,869,0,71
1777595015778,89,03 - POST /restaurants/15/reviews,201,Created,Virtual Users [400 threads] 1-326,text,true,,571,573,6,6,http://k8s-forkfind-forkfind-8e65d48af1-1990260306.us-east-1.elb.amazonaws.com/restaurants/15/reviews,89,0,0
1777595015809,77,02 - GET /restaurants (search),200,OK,Virtual Users [400 threads] 1-328,text,true,,790,436,5,5,http://k8s-forkfind-forkfind-8e65d48af1-1990260306.us-east-1.elb.amazonaws.com/restaurants?q=pizza&limit=12&sort=rating,77,0,0
1777595015887,83,03 - POST /restaurants/15/reviews,201,Created,Virtual Users [400 threads] 1-328,text,true,,571,573,5,5,http://k8s-forkfind-forkfind-8e65d48af1-1990260306.us-east-1.elb.amazonaws.com/restaurants/15/reviews,83,0,0
1777595015164,959,01 - POST /auth/user/login,200,OK,Virtual Users [400 threads] 1-329,text,true,,406,363,5,5,http://k8s-forkfind-forkfind-8e65d48af1-1990260306.us-east-1.elb.amazonaws.com/auth/user/login,959,0,71
1777595016124,97,02 - GET /restaurants (search),200,OK,Virtual Users [400 threads] 1-329,text,true,,790,436,5,5,http://k8s-forkfind-forkfind-8e65d48af1-1990260306.us-east-1.elb.amazonaws.com/restaurants?q=pizza&limit=12&sort=rating,97,0,0
1777595016221,106,03 - POST /restaurants/15/reviews,201,Created,Virtual Users [400 threads] 1-329,text,true,,571,573,6,6,http://k8s-forkfind-forkfind-8e65d48af1-1990260306.us-east-1.elb.amazonaws.com/restaurants/15/reviews,106,0,0
1777595015390,1103,01 - POST /auth/user/login,200,OK,Virtual Users [400 threads] 1-330,text,true,,406,363,5,5,http://k8s-forkfind-forkfind-8e65d48af1-1990260306.us-east-1.elb.amazonaws.com/auth/user/login,1103,0,83
1777595016494,82,02 - GET /restaurants (search),200,OK,Virtual Users [400 threads] 1-330,text,true,,790,436,6,6,http://k8s-forkfind-forkfind-8e65d48af1-1990260306.us-east-1.elb.amazonaws.com/restaurants?q=pizza&limit=12&sort=rating,82,0,0
1777595016576,107,03 - POST /restaurants/15/reviews,201,Created,Virtual Users [400 threads] 1-330,text,true,,572,573,6,6,http://k8s-forkfind-forkfind-8e65d48af1-1990260306.us-east-1.elb.amazonaws.com/restaurants/15/reviews,107,0,0
1777595015614,1205,01 - POST /auth/user/login,200,OK,Virtual Users [400 threads] 1-331,text,true,,406,363,6,6,http://k8s-forkfind-forkfind-8e65d48af1-1990260306.us-east-1.elb.amazonaws.com/auth/user/login,1205,0,71
1777595016820,118,02 - GET /restaurants (search),200,OK,Virtual Users [400 threads] 1-331,text,true,,790,436,6,6,http://k8s-forkfind-forkfind-8e65d48af1-1990260306.us-east-1.elb.amazonaws.com/restaurants?q=pizza&limit=12&sort=rating,118,0,0
1777595015836,1157,01 - POST /auth/user/login,200,OK,Virtual Users [400 threads] 1-332,text,true,,406,363,7,7,http://k8s-forkfind-forkfind-8e65d48af1-1990260306.us-east-1.elb.amazonaws.com/auth/user/login,1157,0,71
1777595016938,100,03 - POST /restaurants/15/reviews,201,Created,Virtual Users [400 threads] 1-331,text,true,,572,573,7,7,http://k8s-forkfind-forkfind-8e65d48af1-1990260306.us-east-1.elb.amazonaws.com/restaurants/15/reviews,100,0,0
1777595016994,76,02 - GET /restaurants (search),200,OK,Virtual Users [400 threads] 1-332,text,true,,790,436,6,6,http://k8s-forkfind-forkfind-8e65d48af1-1990260306.us-east-1.elb.amazonaws.com/restaurants?q=pizza&limit=12&sort=rating,76,0,0
1777595016289,817,01 - POST /auth/user/login,200,OK,Virtual Users [400 threads] 1-334,text,true,,406,363,6,6,http://k8s-forkfind-forkfind-8e65d48af1-1990260306.us-east-1.elb.amazonaws.com/auth/user/login,817,0,71
1777595017071,88,03 - POST /restaurants/15/reviews,201,Created,Virtual Users [400 threads] 1-332,text,true,,572,573,6,6,http://k8s-forkfind-forkfind-8e65d48af1-1990260306.us-east-1.elb.amazonaws.com/restaurants/15/reviews,88,0,0
1777595017106,85,02 - GET /restaurants (search),200,OK,Virtual Users [400 threads] 1-334,text,true,,790,436,6,6,http://k8s-forkfind-forkfind-8e65d48af1-1990260306.us-east-1.elb.amazonaws.com/restaurants?q=pizza&limit=12&sort=rating,85,0,0
1777595017192,83,03 - POST /restaurants/15/reviews,201,Created,Virtual Users [400 threads] 1-334,text,true,,572,573,6,6,http://k8s-forkfind-forkfind-8e65d48af1-1990260306.us-east-1.elb.amazonaws.com/restaurants/15/reviews,82,0,0
1777595016061,1224,01 - POST /auth/user/login,200,OK,Virtual Users [400 threads] 1-333,text,true,,406,363,5,5,http://k8s-forkfind-forkfind-8e65d48af1-1990260306.us-east-1.elb.amazonaws.com/auth/user/login,1224,0,73
1777595016511,828,01 - POST /auth/user/login,200,OK,Virtual Users [400 threads] 1-335,text,true,,406,363,5,5,http://k8s-forkfind-forkfind-8e65d48af1-1990260306.us-east-1.elb.amazonaws.com/auth/user/login,828,0,72
1777595017286,77,02 - GET /restaurants (search),200,OK,Virtual Users [400 threads] 1-333,text,true,,790,436,5,5,http://k8s-forkfind-forkfind-8e65d48af1-1990260306.us-east-1.elb.amazonaws.com/restaurants?q=pizza&limit=12&sort=rating,77,0,0
1777595017339,89,02 - GET /restaurants (search),200,OK,Virtual Users [400 threads] 1-335,text,true,,790,436,6,6,http://k8s-forkfind-forkfind-8e65d48af1-1990260306.us-east-1.elb.amazonaws.com/restaurants?q=pizza&limit=12&sort=rating,89,0,0
1777595017363,89,03 - POST /restaurants/15/reviews,201,Created,Virtual Users [400 threads] 1-333,text,true,,572,573,6,6,http://k8s-forkfind-forkfind-8e65d48af1-1990260306.us-east-1.elb.amazonaws.com/restaurants/15/reviews,89,0,0
1777595017429,217,03 - POST /restaurants/15/reviews,201,Created,Virtual Users [400 threads] 1-335,text,true,,572,573,6,6,http://k8s-forkfind-forkfind-8e65d48af1-1990260306.us-east-1.elb.amazonaws.com/restaurants/15/reviews,217,0,0
1777595016740,1063,01 - POST /auth/user/login,200,OK,Virtual Users [400 threads] 1-336,text,true,,406,363,5,5,http://k8s-forkfind-forkfind-8e65d48af1-1990260306.us-east-1.elb.amazonaws.com/auth/user/login,1063,0,71
1777595016964,860,01 - POST /auth/user/login,200,OK,Virtual Users [400 threads] 1-337,text,true,,406,363,5,5,http://k8s-forkfind-forkfind-8e65d48af1-1990260306.us-east-1.elb.amazonaws.com/auth/user/login,860,0,79
1777595017804,82,02 - GET /restaurants (search),200,OK,Virtual Users [400 threads] 1-336,text,true,,790,436,6,6,http://k8s-forkfind-forkfind-8e65d48af1-1990260306.us-east-1.elb.amazonaws.com/restaurants?q=pizza&limit=12&sort=rating,82,0,0
1777595017825,85,02 - GET /restaurants (search),200,OK,Virtual Users [400 threads] 1-337,text,true,,790,436,6,6,http://k8s-forkfind-forkfind-8e65d48af1-1990260306.us-east-1.elb.amazonaws.com/restaurants?q=pizza&limit=12&sort=rating,85,0,0
1777595017887,86,03 - POST /restaurants/15/reviews,201,Created,Virtual Users [400 threads] 1-336,text,true,,572,573,6,6,http://k8s-forkfind-forkfind-8e65d48af1-1990260306.us-east-1.elb.amazonaws.com/restaurants/15/reviews,86,0,0
1777595017910,141,03 - POST /restaurants/15/reviews,201,Created,Virtual Users [400 threads] 1-337,text,true,,572,573,5,5,http://k8s-forkfind-forkfind-8e65d48af1-1990260306.us-east-1.elb.amazonaws.com/restaurants/15/reviews,141,0,0
1777595017416,682,01 - POST /auth/user/login,200,OK,Virtual Users [400 threads] 1-339,text,true,,406,363,5,5,http://k8s-forkfind-forkfind-8e65d48af1-1990260306.us-east-1.elb.amazonaws.com/auth/user/login,682,0,71
1777595018099,92,02 - GET /restaurants (search),200,OK,Virtual Users [400 threads] 1-339,text,true,,790,436,5,5,http://k8s-forkfind-forkfind-8e65d48af1-1990260306.us-east-1.elb.amazonaws.com/restaurants?q=pizza&limit=12&sort=rating,92,0,0
1777595018192,85,03 - POST /restaurants/15/reviews,201,Created,Virtual Users [400 threads] 1-339,text,true,,571,573,5,5,http://k8s-forkfind-forkfind-8e65d48af1-1990260306.us-east-1.elb.amazonaws.com/restaurants/15/reviews,85,0,0
1777595017637,777,01 - POST /auth/user/login,200,OK,Virtual Users [400 threads] 1-340,text,true,,406,363,5,5,http://k8s-forkfind-forkfind-8e65d48af1-1990260306.us-east-1.elb.amazonaws.com/auth/user/login,777,0,75
1777595017190,1294,01 - POST /auth/user/login,200,OK,Virtual Users [400 threads] 1-338,text,true,,406,363,5,5,http://k8s-forkfind-forkfind-8e65d48af1-1990260306.us-east-1.elb.amazonaws.com/auth/user/login,1294,0,71
1777595018415,89,02 - GET /restaurants (search),200,OK,Virtual Users [400 threads] 1-340,text,true,,790,436,5,5,http://k8s-forkfind-forkfind-8e65d48af1-1990260306.us-east-1.elb.amazonaws.com/restaurants?q=pizza&limit=12&sort=rating,89,0,0
1777595018485,78,02 - GET /restaurants (search),200,OK,Virtual Users [400 threads] 1-338,text,true,,790,436,6,6,http://k8s-forkfind-forkfind-8e65d48af1-1990260306.us-east-1.elb.amazonaws.com/restaurants?q=pizza&limit=12&sort=rating,78,0,0
1777595018504,105,03 - POST /restaurants/15/reviews,201,Created,Virtual Users [400 threads] 1-340,text,true,,571,573,6,6,http://k8s-forkfind-forkfind-8e65d48af1-1990260306.us-east-1.elb.amazonaws.com/restaurants/15/reviews,105,0,0
1777595018563,88,03 - POST /restaurants/15/reviews,201,Created,Virtual Users [400 threads] 1-338,text,true,,571,573,5,5,http://k8s-forkfind-forkfind-8e65d48af1-1990260306.us-east-1.elb.amazonaws.com/restaurants/15/reviews,88,0,0
1777595018086,748,01 - POST /auth/user/login,200,OK,Virtual Users [400 threads] 1-342,text,true,,406,363,5,5,http://k8s-forkfind-forkfind-8e65d48af1-1990260306.us-east-1.elb.amazonaws.com/auth/user/login,748,0,76
1777595017864,1019,01 - POST /auth/user/login,200,OK,Virtual Users [400 threads] 1-341,text,true,,406,363,5,5,http://k8s-forkfind-forkfind-8e65d48af1-1990260306.us-east-1.elb.amazonaws.com/auth/user/login,1019,0,71
1777595018835,100,02 - GET /restaurants (search),200,OK,Virtual Users [400 threads] 1-342,text,true,,790,436,5,5,http://k8s-forkfind-forkfind-8e65d48af1-1990260306.us-east-1.elb.amazonaws.com/restaurants?q=pizza&limit=12&sort=rating,100,0,0
1777595018884,78,02 - GET /restaurants (search),200,OK,Virtual Users [400 threads] 1-341,text,true,,790,436,5,5,http://k8s-forkfind-forkfind-8e65d48af1-1990260306.us-east-1.elb.amazonaws.com/restaurants?q=pizza&limit=12&sort=rating,78,0,0
1777595018311,707,01 - POST /auth/user/login,200,OK,Virtual Users [400 threads] 1-343,text,true,,406,363,6,6,http://k8s-forkfind-forkfind-8e65d48af1-1990260306.us-east-1.elb.amazonaws.com/auth/user/login,707,0,75
1777595018935,122,03 - POST /restaurants/15/reviews,201,Created,Virtual Users [400 threads] 1-342,text,true,,571,573,6,6,http://k8s-forkfind-forkfind-8e65d48af1-1990260306.us-east-1.elb.amazonaws.com/restaurants/15/reviews,122,0,0
1777595018963,94,03 - POST /restaurants/15/reviews,201,Created,Virtual Users [400 threads] 1-341,text,true,,571,573,6,6,http://k8s-forkfind-forkfind-8e65d48af1-1990260306.us-east-1.elb.amazonaws.com/restaurants/15/reviews,94,0,0
1777595019019,87,02 - GET /restaurants (search),200,OK,Virtual Users [400 threads] 1-343,text,true,,790,436,4,4,http://k8s-forkfind-forkfind-8e65d48af1-1990260306.us-east-1.elb.amazonaws.com/restaurants?q=pizza&limit=12&sort=rating,87,0,0
1777595019106,156,03 - POST /restaurants/15/reviews,201,Created,Virtual Users [400 threads] 1-343,text,true,,571,573,5,5,http://k8s-forkfind-forkfind-8e65d48af1-1990260306.us-east-1.elb.amazonaws.com/restaurants/15/reviews,156,0,0
1777595018540,850,01 - POST /auth/user/login,200,OK,Virtual Users [400 threads] 1-344,text,true,,406,363,4,4,http://k8s-forkfind-forkfind-8e65d48af1-1990260306.us-east-1.elb.amazonaws.com/auth/user/login,850,0,73
1777595019391,80,02 - GET /restaurants (search),200,OK,Virtual Users [400 threads] 1-344,text,true,,790,436,5,5,http://k8s-forkfind-forkfind-8e65d48af1-1990260306.us-east-1.elb.amazonaws.com/restaurants?q=pizza&limit=12&sort=rating,80,0,0
1777595019472,93,03 - POST /restaurants/15/reviews,201,Created,Virtual Users [400 threads] 1-344,text,true,,571,573,5,5,http://k8s-forkfind-forkfind-8e65d48af1-1990260306.us-east-1.elb.amazonaws.com/restaurants/15/reviews,93,0,0
1777595018764,828,01 - POST /auth/user/login,200,OK,Virtual Users [400 threads] 1-345,text,true,,406,363,4,4,http://k8s-forkfind-forkfind-8e65d48af1-1990260306.us-east-1.elb.amazonaws.com/auth/user/login,828,0,71
1777595018985,651,01 - POST /auth/user/login,200,OK,Virtual Users [400 threads] 1-346,text,true,,406,363,4,4,http://k8s-forkfind-forkfind-8e65d48af1-1990260306.us-east-1.elb.amazonaws.com/auth/user/login,651,0,72
1777595019593,83,02 - GET /restaurants (search),200,OK,Virtual Users [400 threads] 1-345,text,true,,790,436,5,5,http://k8s-forkfind-forkfind-8e65d48af1-1990260306.us-east-1.elb.amazonaws.com/restaurants?q=pizza&limit=12&sort=rating,83,0,0
1777595019637,85,02 - GET /restaurants (search),200,OK,Virtual Users [400 threads] 1-346,text,true,,790,436,5,5,http://k8s-forkfind-forkfind-8e65d48af1-1990260306.us-east-1.elb.amazonaws.com/restaurants?q=pizza&limit=12&sort=rating,85,0,0
1777595019676,84,03 - POST /restaurants/15/reviews,201,Created,Virtual Users [400 threads] 1-345,text,true,,571,573,5,5,http://k8s-forkfind-forkfind-8e65d48af1-1990260306.us-east-1.elb.amazonaws.com/restaurants/15/reviews,84,0,0
1777595019723,130,03 - POST /restaurants/15/reviews,201,Created,Virtual Users [400 threads] 1-346,text,true,,571,573,4,4,http://k8s-forkfind-forkfind-8e65d48af1-1990260306.us-east-1.elb.amazonaws.com/restaurants/15/reviews,130,0,0
1777595019214,878,01 - POST /auth/user/login,200,OK,Virtual Users [400 threads] 1-347,text,true,,406,363,4,4,http://k8s-forkfind-forkfind-8e65d48af1-1990260306.us-east-1.elb.amazonaws.com/auth/user/login,878,0,71
1777595019435,693,01 - POST /auth/user/login,200,OK,Virtual Users [400 threads] 1-348,text,true,,406,363,5,5,http://k8s-forkfind-forkfind-8e65d48af1-1990260306.us-east-1.elb.amazonaws.com/auth/user/login,693,0,72
1777595020093,79,02 - GET /restaurants (search),200,OK,Virtual Users [400 threads] 1-347,text,true,,790,436,5,5,http://k8s-forkfind-forkfind-8e65d48af1-1990260306.us-east-1.elb.amazonaws.com/restaurants?q=pizza&limit=12&sort=rating,79,0,0
1777595020129,106,02 - GET /restaurants (search),200,OK,Virtual Users [400 threads] 1-348,text,true,,790,436,5,5,http://k8s-forkfind-forkfind-8e65d48af1-1990260306.us-east-1.elb.amazonaws.com/restaurants?q=pizza&limit=12&sort=rating,106,0,0
1777595020172,85,03 - POST /restaurants/15/reviews,201,Created,Virtual Users [400 threads] 1-347,text,true,,571,573,5,5,http://k8s-forkfind-forkfind-8e65d48af1-1990260306.us-east-1.elb.amazonaws.com/restaurants/15/reviews,85,0,0
1777595020236,116,03 - POST /restaurants/15/reviews,201,Created,Virtual Users [400 threads] 1-348,text,true,,571,573,5,5,http://k8s-forkfind-forkfind-8e65d48af1-1990260306.us-east-1.elb.amazonaws.com/restaurants/15/reviews,116,0,0
1777595019666,733,01 - POST /auth/user/login,200,OK,Virtual Users [400 threads] 1-349,text,true,,406,363,4,4,http://k8s-forkfind-forkfind-8e65d48af1-1990260306.us-east-1.elb.amazonaws.com/auth/user/login,733,0,72
1777595020400,78,02 - GET /restaurants (search),200,OK,Virtual Users [400 threads] 1-349,text,true,,790,436,4,4,http://k8s-forkfind-forkfind-8e65d48af1-1990260306.us-east-1.elb.amazonaws.com/restaurants?q=pizza&limit=12&sort=rating,78,0,0
1777595020478,83,03 - POST /restaurants/15/reviews,201,Created,Virtual Users [400 threads] 1-349,text,true,,571,573,5,5,http://k8s-forkfind-forkfind-8e65d48af1-1990260306.us-east-1.elb.amazonaws.com/restaurants/15/reviews,83,0,0
1777595019889,804,01 - POST /auth/user/login,200,OK,Virtual Users [400 threads] 1-350,text,true,,406,363,4,4,http://k8s-forkfind-forkfind-8e65d48af1-1990260306.us-east-1.elb.amazonaws.com/auth/user/login,804,0,71
1777595020694,78,02 - GET /restaurants (search),200,OK,Virtual Users [400 threads] 1-350,text,true,,790,436,4,4,http://k8s-forkfind-forkfind-8e65d48af1-1990260306.us-east-1.elb.amazonaws.com/restaurants?q=pizza&limit=12&sort=rating,78,0,0
1777595020773,86,03 - POST /restaurants/15/reviews,201,Created,Virtual Users [400 threads] 1-350,text,true,,571,573,5,5,http://k8s-forkfind-forkfind-8e65d48af1-1990260306.us-east-1.elb.amazonaws.com/restaurants/15/reviews,86,0,0
1777595020114,1076,01 - POST /auth/user/login,200,OK,Virtual Users [400 threads] 1-351,text,true,,406,363,5,5,http://k8s-forkfind-forkfind-8e65d48af1-1990260306.us-east-1.elb.amazonaws.com/auth/user/login,1076,0,71
1777595021191,78,02 - GET /restaurants (search),200,OK,Virtual Users [400 threads] 1-351,text,true,,790,436,6,6,http://k8s-forkfind-forkfind-8e65d48af1-1990260306.us-east-1.elb.amazonaws.com/restaurants?q=pizza&limit=12&sort=rating,78,0,0
1777595021269,86,03 - POST /restaurants/15/reviews,201,Created,Virtual Users [400 threads] 1-351,text,true,,571,573,6,6,http://k8s-forkfind-forkfind-8e65d48af1-1990260306.us-east-1.elb.amazonaws.com/restaurants/15/reviews,86,0,0
1777595020339,1085,01 - POST /auth/user/login,200,OK,Virtual Users [400 threads] 1-352,text,true,,406,363,5,5,http://k8s-forkfind-forkfind-8e65d48af1-1990260306.us-east-1.elb.amazonaws.com/auth/user/login,1085,0,70
1777595021425,82,02 - GET /restaurants (search),200,OK,Virtual Users [400 threads] 1-352,text,true,,790,436,6,6,http://k8s-forkfind-forkfind-8e65d48af1-1990260306.us-east-1.elb.amazonaws.com/restaurants?q=pizza&limit=12&sort=rating,82,0,0
1777595020560,962,01 - POST /auth/user/login,200,OK,Virtual Users [400 threads] 1-353,text,true,,406,363,6,6,http://k8s-forkfind-forkfind-8e65d48af1-1990260306.us-east-1.elb.amazonaws.com/auth/user/login,962,0,72
1777595021508,97,03 - POST /restaurants/15/reviews,201,Created,Virtual Users [400 threads] 1-352,text,true,,571,573,6,6,http://k8s-forkfind-forkfind-8e65d48af1-1990260306.us-east-1.elb.amazonaws.com/restaurants/15/reviews,96,0,0
1777595021523,89,02 - GET /restaurants (search),200,OK,Virtual Users [400 threads] 1-353,text,true,,790,436,5,5,http://k8s-forkfind-forkfind-8e65d48af1-1990260306.us-east-1.elb.amazonaws.com/restaurants?q=pizza&limit=12&sort=rating,89,0,0
1777595021612,148,03 - POST /restaurants/15/reviews,201,Created,Virtual Users [400 threads] 1-353,text,true,,571,573,6,6,http://k8s-forkfind-forkfind-8e65d48af1-1990260306.us-east-1.elb.amazonaws.com/restaurants/15/reviews,148,0,0
1777595020787,1131,01 - POST /auth/user/login,200,OK,Virtual Users [400 threads] 1-354,text,true,,406,363,6,6,http://k8s-forkfind-forkfind-8e65d48af1-1990260306.us-east-1.elb.amazonaws.com/auth/user/login,1131,0,72
1777595021919,84,02 - GET /restaurants (search),200,OK,Virtual Users [400 threads] 1-354,text,true,,790,436,6,6,http://k8s-forkfind-forkfind-8e65d48af1-1990260306.us-east-1.elb.amazonaws.com/restaurants?q=pizza&limit=12&sort=rating,84,0,0
1777595021014,1076,01 - POST /auth/user/login,200,OK,Virtual Users [400 threads] 1-355,text,true,,406,363,6,6,http://k8s-forkfind-forkfind-8e65d48af1-1990260306.us-east-1.elb.amazonaws.com/auth/user/login,1076,0,71
1777595022003,154,03 - POST /restaurants/15/reviews,201,Created,Virtual Users [400 threads] 1-354,text,true,,571,573,7,7,http://k8s-forkfind-forkfind-8e65d48af1-1990260306.us-east-1.elb.amazonaws.com/restaurants/15/reviews,154,0,0
1777595022091,78,02 - GET /restaurants (search),200,OK,Virtual Users [400 threads] 1-355,text,true,,790,436,6,6,http://k8s-forkfind-forkfind-8e65d48af1-1990260306.us-east-1.elb.amazonaws.com/restaurants?q=pizza&limit=12&sort=rating,78,0,0
1777595021464,774,01 - POST /auth/user/login,200,OK,Virtual Users [400 threads] 1-357,text,true,,406,363,6,6,http://k8s-forkfind-forkfind-8e65d48af1-1990260306.us-east-1.elb.amazonaws.com/auth/user/login,774,0,71
1777595022169,84,03 - POST /restaurants/15/reviews,201,Created,Virtual Users [400 threads] 1-355,text,true,,571,573,6,6,http://k8s-forkfind-forkfind-8e65d48af1-1990260306.us-east-1.elb.amazonaws.com/restaurants/15/reviews,84,0,0
1777595021240,1086,01 - POST /auth/user/login,200,OK,Virtual Users [400 threads] 1-356,text,true,,406,363,5,5,http://k8s-forkfind-forkfind-8e65d48af1-1990260306.us-east-1.elb.amazonaws.com/auth/user/login,1086,0,74
1777595022239,92,02 - GET /restaurants (search),200,OK,Virtual Users [400 threads] 1-357,text,true,,790,436,5,5,http://k8s-forkfind-forkfind-8e65d48af1-1990260306.us-east-1.elb.amazonaws.com/restaurants?q=pizza&limit=12&sort=rating,92,0,0
1777595022327,91,02 - GET /restaurants (search),200,OK,Virtual Users [400 threads] 1-356,text,true,,790,436,6,6,http://k8s-forkfind-forkfind-8e65d48af1-1990260306.us-east-1.elb.amazonaws.com/restaurants?q=pizza&limit=12&sort=rating,91,0,0
1777595022331,121,03 - POST /restaurants/15/reviews,201,Created,Virtual Users [400 threads] 1-357,text,true,,571,573,6,6,http://k8s-forkfind-forkfind-8e65d48af1-1990260306.us-east-1.elb.amazonaws.com/restaurants/15/reviews,121,0,0
1777595022418,139,03 - POST /restaurants/15/reviews,201,Created,Virtual Users [400 threads] 1-356,text,true,,571,573,5,5,http://k8s-forkfind-forkfind-8e65d48af1-1990260306.us-east-1.elb.amazonaws.com/restaurants/15/reviews,139,0,0
1777595021689,1034,01 - POST /auth/user/login,200,OK,Virtual Users [400 threads] 1-358,text,true,,406,363,5,5,http://k8s-forkfind-forkfind-8e65d48af1-1990260306.us-east-1.elb.amazonaws.com/auth/user/login,1034,0,71
1777595022724,88,02 - GET /restaurants (search),200,OK,Virtual Users [400 threads] 1-358,text,true,,790,436,6,6,http://k8s-forkfind-forkfind-8e65d48af1-1990260306.us-east-1.elb.amazonaws.com/restaurants?q=pizza&limit=12&sort=rating,88,0,0
1777595021912,907,01 - POST /auth/user/login,200,OK,Virtual Users [400 threads] 1-359,text,true,,406,363,6,6,http://k8s-forkfind-forkfind-8e65d48af1-1990260306.us-east-1.elb.amazonaws.com/auth/user/login,907,0,71
1777595022820,96,02 - GET /restaurants (search),200,OK,Virtual Users [400 threads] 1-359,text,true,,790,436,6,6,http://k8s-forkfind-forkfind-8e65d48af1-1990260306.us-east-1.elb.amazonaws.com/restaurants?q=pizza&limit=12&sort=rating,96,0,0
1777595022812,143,03 - POST /restaurants/15/reviews,201,Created,Virtual Users [400 threads] 1-358,text,true,,572,573,6,6,http://k8s-forkfind-forkfind-8e65d48af1-1990260306.us-east-1.elb.amazonaws.com/restaurants/15/reviews,143,0,0
1777595022917,135,03 - POST /restaurants/15/reviews,201,Created,Virtual Users [400 threads] 1-359,text,true,,572,573,6,6,http://k8s-forkfind-forkfind-8e65d48af1-1990260306.us-east-1.elb.amazonaws.com/restaurants/15/reviews,135,0,0
1777595022140,982,01 - POST /auth/user/login,200,OK,Virtual Users [400 threads] 1-360,text,true,,406,363,5,5,http://k8s-forkfind-forkfind-8e65d48af1-1990260306.us-east-1.elb.amazonaws.com/auth/user/login,982,0,71
1777595022364,819,01 - POST /auth/user/login,200,OK,Virtual Users [400 threads] 1-361,text,true,,406,363,5,5,http://k8s-forkfind-forkfind-8e65d48af1-1990260306.us-east-1.elb.amazonaws.com/auth/user/login,819,0,71
1777595023123,99,02 - GET /restaurants (search),200,OK,Virtual Users [400 threads] 1-360,text,true,,790,436,5,5,http://k8s-forkfind-forkfind-8e65d48af1-1990260306.us-east-1.elb.amazonaws.com/restaurants?q=pizza&limit=12&sort=rating,99,0,0
1777595023184,79,02 - GET /restaurants (search),200,OK,Virtual Users [400 threads] 1-361,text,true,,790,436,5,5,http://k8s-forkfind-forkfind-8e65d48af1-1990260306.us-east-1.elb.amazonaws.com/restaurants?q=pizza&limit=12&sort=rating,79,0,0
1777595022590,756,01 - POST /auth/user/login,200,OK,Virtual Users [400 threads] 1-362,text,true,,406,363,6,6,http://k8s-forkfind-forkfind-8e65d48af1-1990260306.us-east-1.elb.amazonaws.com/auth/user/login,756,0,72
1777595023223,126,03 - POST /restaurants/15/reviews,201,Created,Virtual Users [400 threads] 1-360,text,true,,572,573,6,6,http://k8s-forkfind-forkfind-8e65d48af1-1990260306.us-east-1.elb.amazonaws.com/restaurants/15/reviews,126,0,0
1777595023263,88,03 - POST /restaurants/15/reviews,201,Created,Virtual Users [400 threads] 1-361,text,true,,572,573,5,5,http://k8s-forkfind-forkfind-8e65d48af1-1990260306.us-east-1.elb.amazonaws.com/restaurants/15/reviews,88,0,0
1777595023347,95,02 - GET /restaurants (search),200,OK,Virtual Users [400 threads] 1-362,text,true,,790,436,4,4,http://k8s-forkfind-forkfind-8e65d48af1-1990260306.us-east-1.elb.amazonaws.com/restaurants?q=pizza&limit=12&sort=rating,95,0,0
1777595023442,114,03 - POST /restaurants/15/reviews,201,Created,Virtual Users [400 threads] 1-362,text,true,,572,573,5,5,http://k8s-forkfind-forkfind-8e65d48af1-1990260306.us-east-1.elb.amazonaws.com/restaurants/15/reviews,114,0,0
1777595023041,765,01 - POST /auth/user/login,200,OK,Virtual Users [400 threads] 1-364,text,true,,406,363,5,5,http://k8s-forkfind-forkfind-8e65d48af1-1990260306.us-east-1.elb.amazonaws.com/auth/user/login,765,0,71
1777595023807,114,02 - GET /restaurants (search),200,OK,Virtual Users [400 threads] 1-364,text,true,,790,436,5,5,http://k8s-forkfind-forkfind-8e65d48af1-1990260306.us-east-1.elb.amazonaws.com/restaurants?q=pizza&limit=12&sort=rating,114,0,0
1777595023922,142,03 - POST /restaurants/15/reviews,201,Created,Virtual Users [400 threads] 1-364,text,true,,572,573,6,6,http://k8s-forkfind-forkfind-8e65d48af1-1990260306.us-east-1.elb.amazonaws.com/restaurants/15/reviews,142,0,0
1777595022810,1276,01 - POST /auth/user/login,200,OK,Virtual Users [400 threads] 1-363,text,true,,406,363,5,5,http://k8s-forkfind-forkfind-8e65d48af1-1990260306.us-east-1.elb.amazonaws.com/auth/user/login,1276,0,85
1777595024087,98,02 - GET /restaurants (search),200,OK,Virtual Users [400 threads] 1-363,text,true,,790,436,6,6,http://k8s-forkfind-forkfind-8e65d48af1-1990260306.us-east-1.elb.amazonaws.com/restaurants?q=pizza&limit=12&sort=rating,98,0,0
1777595023265,1049,01 - POST /auth/user/login,200,OK,Virtual Users [400 threads] 1-365,text,true,,406,363,6,6,http://k8s-forkfind-forkfind-8e65d48af1-1990260306.us-east-1.elb.amazonaws.com/auth/user/login,1049,0,73
1777595024185,172,03 - POST /restaurants/15/reviews,201,Created,Virtual Users [400 threads] 1-363,text,true,,572,573,6,6,http://k8s-forkfind-forkfind-8e65d48af1-1990260306.us-east-1.elb.amazonaws.com/restaurants/15/reviews,172,0,0
1777595024315,131,02 - GET /restaurants (search),200,OK,Virtual Users [400 threads] 1-365,text,true,,790,436,6,6,http://k8s-forkfind-forkfind-8e65d48af1-1990260306.us-east-1.elb.amazonaws.com/restaurants?q=pizza&limit=12&sort=rating,131,0,0
1777595023487,1031,01 - POST /auth/user/login,200,OK,Virtual Users [400 threads] 1-366,text,true,,406,363,6,6,http://k8s-forkfind-forkfind-8e65d48af1-1990260306.us-east-1.elb.amazonaws.com/auth/user/login,1031,0,79
1777595024446,115,03 - POST /restaurants/15/reviews,201,Created,Virtual Users [400 threads] 1-365,text,true,,572,573,6,6,http://k8s-forkfind-forkfind-8e65d48af1-1990260306.us-east-1.elb.amazonaws.com/restaurants/15/reviews,115,0,0
1777595024519,77,02 - GET /restaurants (search),200,OK,Virtual Users [400 threads] 1-366,text,true,,790,436,5,5,http://k8s-forkfind-forkfind-8e65d48af1-1990260306.us-east-1.elb.amazonaws.com/restaurants?q=pizza&limit=12&sort=rating,77,0,0
1777595024597,135,03 - POST /restaurants/15/reviews,201,Created,Virtual Users [400 threads] 1-366,text,true,,572,573,6,6,http://k8s-forkfind-forkfind-8e65d48af1-1990260306.us-east-1.elb.amazonaws.com/restaurants/15/reviews,135,0,0
1777595023714,1120,01 - POST /auth/user/login,200,OK,Virtual Users [400 threads] 1-367,text,true,,406,363,5,5,http://k8s-forkfind-forkfind-8e65d48af1-1990260306.us-east-1.elb.amazonaws.com/auth/user/login,1120,0,76
1777595024835,105,02 - GET /restaurants (search),200,OK,Virtual Users [400 threads] 1-367,text,true,,790,436,6,6,http://k8s-forkfind-forkfind-8e65d48af1-1990260306.us-east-1.elb.amazonaws.com/restaurants?q=pizza&limit=12&sort=rating,105,0,0
1777595023940,1101,01 - POST /auth/user/login,200,OK,Virtual Users [400 threads] 1-368,text,true,,406,363,6,6,http://k8s-forkfind-forkfind-8e65d48af1-1990260306.us-east-1.elb.amazonaws.com/auth/user/login,1101,0,74
1777595024941,110,03 - POST /restaurants/15/reviews,201,Created,Virtual Users [400 threads] 1-367,text,true,,572,573,6,6,http://k8s-forkfind-forkfind-8e65d48af1-1990260306.us-east-1.elb.amazonaws.com/restaurants/15/reviews,110,0,0
1777595025042,80,02 - GET /restaurants (search),200,OK,Virtual Users [400 threads] 1-368,text,true,,790,436,6,6,http://k8s-forkfind-forkfind-8e65d48af1-1990260306.us-east-1.elb.amazonaws.com/restaurants?q=pizza&limit=12&sort=rating,80,0,0
1777595024389,809,01 - POST /auth/user/login,200,OK,Virtual Users [400 threads] 1-370,text,true,,406,363,6,6,http://k8s-forkfind-forkfind-8e65d48af1-1990260306.us-east-1.elb.amazonaws.com/auth/user/login,809,0,72
1777595025123,133,03 - POST /restaurants/15/reviews,201,Created,Virtual Users [400 threads] 1-368,text,true,,572,573,6,6,http://k8s-forkfind-forkfind-8e65d48af1-1990260306.us-east-1.elb.amazonaws.com/restaurants/15/reviews,133,0,0
1777595025199,146,02 - GET /restaurants (search),200,OK,Virtual Users [400 threads] 1-370,text,true,,790,436,6,6,http://k8s-forkfind-forkfind-8e65d48af1-1990260306.us-east-1.elb.amazonaws.com/restaurants?q=pizza&limit=12&sort=rating,146,0,0
1777595024163,1234,01 - POST /auth/user/login,200,OK,Virtual Users [400 threads] 1-369,text,true,,406,363,6,6,http://k8s-forkfind-forkfind-8e65d48af1-1990260306.us-east-1.elb.amazonaws.com/auth/user/login,1234,0,71
1777595024615,827,01 - POST /auth/user/login,200,OK,Virtual Users [400 threads] 1-371,text,true,,406,363,6,6,http://k8s-forkfind-forkfind-8e65d48af1-1990260306.us-east-1.elb.amazonaws.com/auth/user/login,827,0,75
1777595025345,108,03 - POST /restaurants/15/reviews,201,Created,Virtual Users [400 threads] 1-370,text,true,,572,573,6,6,http://k8s-forkfind-forkfind-8e65d48af1-1990260306.us-east-1.elb.amazonaws.com/restaurants/15/reviews,108,0,0
1777595025398,78,02 - GET /restaurants (search),200,OK,Virtual Users [400 threads] 1-369,text,true,,790,436,5,5,http://k8s-forkfind-forkfind-8e65d48af1-1990260306.us-east-1.elb.amazonaws.com/restaurants?q=pizza&limit=12&sort=rating,78,0,0
1777595025443,94,02 - GET /restaurants (search),200,OK,Virtual Users [400 threads] 1-371,text,true,,790,436,6,6,http://k8s-forkfind-forkfind-8e65d48af1-1990260306.us-east-1.elb.amazonaws.com/restaurants?q=pizza&limit=12&sort=rating,94,0,0
1777595025477,104,03 - POST /restaurants/15/reviews,201,Created,Virtual Users [400 threads] 1-369,text,true,,572,573,6,6,http://k8s-forkfind-forkfind-8e65d48af1-1990260306.us-east-1.elb.amazonaws.com/restaurants/15/reviews,104,0,0
1777595025537,91,03 - POST /restaurants/15/reviews,201,Created,Virtual Users [400 threads] 1-371,text,true,,572,573,5,5,http://k8s-forkfind-forkfind-8e65d48af1-1990260306.us-east-1.elb.amazonaws.com/restaurants/15/reviews,91,0,0
1777595025065,854,01 - POST /auth/user/login,200,OK,Virtual Users [400 threads] 1-373,text,true,,406,363,5,5,http://k8s-forkfind-forkfind-8e65d48af1-1990260306.us-east-1.elb.amazonaws.com/auth/user/login,854,0,74
1777595024836,1150,01 - POST /auth/user/login,200,OK,Virtual Users [400 threads] 1-372,text,true,,406,363,6,6,http://k8s-forkfind-forkfind-8e65d48af1-1990260306.us-east-1.elb.amazonaws.com/auth/user/login,1150,0,71
1777595025921,85,02 - GET /restaurants (search),200,OK,Virtual Users [400 threads] 1-373,text,true,,790,436,6,6,http://k8s-forkfind-forkfind-8e65d48af1-1990260306.us-east-1.elb.amazonaws.com/restaurants?q=pizza&limit=12&sort=rating,85,0,0
1777595025986,79,02 - GET /restaurants (search),200,OK,Virtual Users [400 threads] 1-372,text,true,,790,436,6,6,http://k8s-forkfind-forkfind-8e65d48af1-1990260306.us-east-1.elb.amazonaws.com/restaurants?q=pizza&limit=12&sort=rating,79,0,0
1777595026007,100,03 - POST /restaurants/15/reviews,201,Created,Virtual Users [400 threads] 1-373,text,true,,572,573,6,6,http://k8s-forkfind-forkfind-8e65d48af1-1990260306.us-east-1.elb.amazonaws.com/restaurants/15/reviews,100,0,0
1777595026065,89,03 - POST /restaurants/15/reviews,201,Created,Virtual Users [400 threads] 1-372,text,true,,572,573,5,5,http://k8s-forkfind-forkfind-8e65d48af1-1990260306.us-east-1.elb.amazonaws.com/restaurants/15/reviews,89,0,0
1777595025514,805,01 - POST /auth/user/login,200,OK,Virtual Users [400 threads] 1-375,text,true,,406,363,5,5,http://k8s-forkfind-forkfind-8e65d48af1-1990260306.us-east-1.elb.amazonaws.com/auth/user/login,805,0,91
1777595025289,1087,01 - POST /auth/user/login,200,OK,Virtual Users [400 threads] 1-374,text,true,,406,363,5,5,http://k8s-forkfind-forkfind-8e65d48af1-1990260306.us-east-1.elb.amazonaws.com/auth/user/login,1086,0,73
1777595026320,76,02 - GET /restaurants (search),200,OK,Virtual Users [400 threads] 1-375,text,true,,790,436,5,5,http://k8s-forkfind-forkfind-8e65d48af1-1990260306.us-east-1.elb.amazonaws.com/restaurants?q=pizza&limit=12&sort=rating,76,0,0
1777595026376,80,02 - GET /restaurants (search),200,OK,Virtual Users [400 threads] 1-374,text,true,,790,436,6,6,http://k8s-forkfind-forkfind-8e65d48af1-1990260306.us-east-1.elb.amazonaws.com/restaurants?q=pizza&limit=12&sort=rating,80,0,0
1777595026396,82,03 - POST /restaurants/15/reviews,201,Created,Virtual Users [400 threads] 1-375,text,true,,572,573,6,6,http://k8s-forkfind-forkfind-8e65d48af1-1990260306.us-east-1.elb.amazonaws.com/restaurants/15/reviews,82,0,0
1777595026456,86,03 - POST /restaurants/15/reviews,201,Created,Virtual Users [400 threads] 1-374,text,true,,572,573,5,5,http://k8s-forkfind-forkfind-8e65d48af1-1990260306.us-east-1.elb.amazonaws.com/restaurants/15/reviews,86,0,0
1777595025740,986,01 - POST /auth/user/login,200,OK,Virtual Users [400 threads] 1-376,text,true,,406,363,5,5,http://k8s-forkfind-forkfind-8e65d48af1-1990260306.us-east-1.elb.amazonaws.com/auth/user/login,986,0,85
1777595026727,89,02 - GET /restaurants (search),200,OK,Virtual Users [400 threads] 1-376,text,true,,790,436,5,5,http://k8s-forkfind-forkfind-8e65d48af1-1990260306.us-east-1.elb.amazonaws.com/restaurants?q=pizza&limit=12&sort=rating,89,0,0
1777595025965,857,01 - POST /auth/user/login,200,OK,Virtual Users [400 threads] 1-377,text,true,,406,363,5,5,http://k8s-forkfind-forkfind-8e65d48af1-1990260306.us-east-1.elb.amazonaws.com/auth/user/login,857,0,74
1777595026822,82,02 - GET /restaurants (search),200,OK,Virtual Users [400 threads] 1-377,text,true,,790,436,6,6,http://k8s-forkfind-forkfind-8e65d48af1-1990260306.us-east-1.elb.amazonaws.com/restaurants?q=pizza&limit=12&sort=rating,82,0,0
1777595026817,97,03 - POST /restaurants/15/reviews,201,Created,Virtual Users [400 threads] 1-376,text,true,,572,573,6,6,http://k8s-forkfind-forkfind-8e65d48af1-1990260306.us-east-1.elb.amazonaws.com/restaurants/15/reviews,97,0,0
1777595026904,85,03 - POST /restaurants/15/reviews,201,Created,Virtual Users [400 threads] 1-377,text,true,,572,573,5,5,http://k8s-forkfind-forkfind-8e65d48af1-1990260306.us-east-1.elb.amazonaws.com/restaurants/15/reviews,85,0,0
1777595026412,712,01 - POST /auth/user/login,200,OK,Virtual Users [400 threads] 1-379,text,true,,406,363,5,5,http://k8s-forkfind-forkfind-8e65d48af1-1990260306.us-east-1.elb.amazonaws.com/auth/user/login,712,0,70
1777595027124,87,02 - GET /restaurants (search),200,OK,Virtual Users [400 threads] 1-379,text,true,,790,436,5,5,http://k8s-forkfind-forkfind-8e65d48af1-1990260306.us-east-1.elb.amazonaws.com/restaurants?q=pizza&limit=12&sort=rating,87,0,0
1777595027211,94,03 - POST /restaurants/15/reviews,201,Created,Virtual Users [400 threads] 1-379,text,true,,572,573,5,5,http://k8s-forkfind-forkfind-8e65d48af1-1990260306.us-east-1.elb.amazonaws.com/restaurants/15/reviews,94,0,0
1777595026189,1116,01 - POST /auth/user/login,200,OK,Virtual Users [400 threads] 1-378,text,true,,406,363,5,5,http://k8s-forkfind-forkfind-8e65d48af1-1990260306.us-east-1.elb.amazonaws.com/auth/user/login,1116,0,70
1777595027306,80,02 - GET /restaurants (search),200,OK,Virtual Users [400 threads] 1-378,text,true,,790,436,5,5,http://k8s-forkfind-forkfind-8e65d48af1-1990260306.us-east-1.elb.amazonaws.com/restaurants?q=pizza&limit=12&sort=rating,80,0,0
1777595026635,784,01 - POST /auth/user/login,200,OK,Virtual Users [400 threads] 1-380,text,true,,406,363,5,5,http://k8s-forkfind-forkfind-8e65d48af1-1990260306.us-east-1.elb.amazonaws.com/auth/user/login,784,0,91
1777595027387,82,03 - POST /restaurants/15/reviews,201,Created,Virtual Users [400 threads] 1-378,text,true,,572,573,5,5,http://k8s-forkfind-forkfind-8e65d48af1-1990260306.us-east-1.elb.amazonaws.com/restaurants/15/reviews,82,0,0
1777595027420,99,02 - GET /restaurants (search),200,OK,Virtual Users [400 threads] 1-380,text,true,,790,436,4,4,http://k8s-forkfind-forkfind-8e65d48af1-1990260306.us-east-1.elb.amazonaws.com/restaurants?q=pizza&limit=12&sort=rating,99,0,0
1777595027520,96,03 - POST /restaurants/15/reviews,201,Created,Virtual Users [400 threads] 1-380,text,true,,572,573,5,5,http://k8s-forkfind-forkfind-8e65d48af1-1990260306.us-east-1.elb.amazonaws.com/restaurants/15/reviews,96,0,0
1777595026864,881,01 - POST /auth/user/login,200,OK,Virtual Users [400 threads] 1-381,text,true,,406,363,4,4,http://k8s-forkfind-forkfind-8e65d48af1-1990260306.us-east-1.elb.amazonaws.com/auth/user/login,881,0,71
1777595027746,78,02 - GET /restaurants (search),200,OK,Virtual Users [400 threads] 1-381,text,true,,790,436,5,5,http://k8s-forkfind-forkfind-8e65d48af1-1990260306.us-east-1.elb.amazonaws.com/restaurants?q=pizza&limit=12&sort=rating,78,0,0
1777595027825,99,03 - POST /restaurants/15/reviews,201,Created,Virtual Users [400 threads] 1-381,text,true,,572,573,5,5,http://k8s-forkfind-forkfind-8e65d48af1-1990260306.us-east-1.elb.amazonaws.com/restaurants/15/reviews,99,0,0
1777595027090,998,01 - POST /auth/user/login,200,OK,Virtual Users [400 threads] 1-382,text,true,,406,363,5,5,http://k8s-forkfind-forkfind-8e65d48af1-1990260306.us-east-1.elb.amazonaws.com/auth/user/login,998,0,71
1777595028088,88,02 - GET /restaurants (search),200,OK,Virtual Users [400 threads] 1-382,text,true,,790,436,5,5,http://k8s-forkfind-forkfind-8e65d48af1-1990260306.us-east-1.elb.amazonaws.com/restaurants?q=pizza&limit=12&sort=rating,88,0,0
1777595028177,82,03 - POST /restaurants/15/reviews,201,Created,Virtual Users [400 threads] 1-382,text,true,,572,573,6,6,http://k8s-forkfind-forkfind-8e65d48af1-1990260306.us-east-1.elb.amazonaws.com/restaurants/15/reviews,82,0,0
1777595027314,1094,01 - POST /auth/user/login,200,OK,Virtual Users [400 threads] 1-383,text,true,,406,363,5,5,http://k8s-forkfind-forkfind-8e65d48af1-1990260306.us-east-1.elb.amazonaws.com/auth/user/login,1094,0,81
1777595028409,83,02 - GET /restaurants (search),200,OK,Virtual Users [400 threads] 1-383,text,true,,790,436,6,6,http://k8s-forkfind-forkfind-8e65d48af1-1990260306.us-east-1.elb.amazonaws.com/restaurants?q=pizza&limit=12&sort=rating,83,0,0
1777595028492,112,03 - POST /restaurants/15/reviews,201,Created,Virtual Users [400 threads] 1-383,text,true,,572,573,6,6,http://k8s-forkfind-forkfind-8e65d48af1-1990260306.us-east-1.elb.amazonaws.com/restaurants/15/reviews,112,0,0
1777595027539,1154,01 - POST /auth/user/login,200,OK,Virtual Users [400 threads] 1-384,text,true,,406,363,6,6,http://k8s-forkfind-forkfind-8e65d48af1-1990260306.us-east-1.elb.amazonaws.com/auth/user/login,1154,0,75
1777595027989,712,01 - POST /auth/user/login,200,OK,Virtual Users [400 threads] 1-386,text,true,,406,363,6,6,http://k8s-forkfind-forkfind-8e65d48af1-1990260306.us-east-1.elb.amazonaws.com/auth/user/login,712,0,71
1777595028694,83,02 - GET /restaurants (search),200,OK,Virtual Users [400 threads] 1-384,text,true,,790,436,6,6,http://k8s-forkfind-forkfind-8e65d48af1-1990260306.us-east-1.elb.amazonaws.com/restaurants?q=pizza&limit=12&sort=rating,83,0,0
1777595028702,79,02 - GET /restaurants (search),200,OK,Virtual Users [400 threads] 1-386,text,true,,790,436,6,6,http://k8s-forkfind-forkfind-8e65d48af1-1990260306.us-east-1.elb.amazonaws.com/restaurants?q=pizza&limit=12&sort=rating,79,0,0
1777595028777,128,03 - POST /restaurants/15/reviews,201,Created,Virtual Users [400 threads] 1-384,text,true,,572,573,7,7,http://k8s-forkfind-forkfind-8e65d48af1-1990260306.us-east-1.elb.amazonaws.com/restaurants/15/reviews,128,0,0
1777595028781,125,03 - POST /restaurants/15/reviews,201,Created,Virtual Users [400 threads] 1-386,text,true,,572,573,6,6,http://k8s-forkfind-forkfind-8e65d48af1-1990260306.us-east-1.elb.amazonaws.com/restaurants/15/reviews,125,0,0
1777595028214,787,01 - POST /auth/user/login,200,OK,Virtual Users [400 threads] 1-387,text,true,,406,363,5,5,http://k8s-forkfind-forkfind-8e65d48af1-1990260306.us-east-1.elb.amazonaws.com/auth/user/login,787,0,72
1777595029002,90,02 - GET /restaurants (search),200,OK,Virtual Users [400 threads] 1-387,text,true,,790,436,5,5,http://k8s-forkfind-forkfind-8e65d48af1-1990260306.us-east-1.elb.amazonaws.com/restaurants?q=pizza&limit=12&sort=rating,90,0,0
1777595029092,115,03 - POST /restaurants/15/reviews,201,Created,Virtual Users [400 threads] 1-387,text,true,,572,573,6,6,http://k8s-forkfind-forkfind-8e65d48af1-1990260306.us-east-1.elb.amazonaws.com/restaurants/15/reviews,115,0,0
1777595027764,1454,01 - POST /auth/user/login,200,OK,Virtual Users [400 threads] 1-385,text,true,,406,363,5,5,http://k8s-forkfind-forkfind-8e65d48af1-1990260306.us-east-1.elb.amazonaws.com/auth/user/login,1454,0,71
1777595029219,83,02 - GET /restaurants (search),200,OK,Virtual Users [400 threads] 1-385,text,true,,790,436,5,5,http://k8s-forkfind-forkfind-8e65d48af1-1990260306.us-east-1.elb.amazonaws.com/restaurants?q=pizza&limit=12&sort=rating,82,0,0
1777595029302,102,03 - POST /restaurants/15/reviews,201,Created,Virtual Users [400 threads] 1-385,text,true,,572,573,6,6,http://k8s-forkfind-forkfind-8e65d48af1-1990260306.us-east-1.elb.amazonaws.com/restaurants/15/reviews,102,0,0
1777595028436,1157,01 - POST /auth/user/login,200,OK,Virtual Users [400 threads] 1-388,text,true,,406,363,6,6,http://k8s-forkfind-forkfind-8e65d48af1-1990260306.us-east-1.elb.amazonaws.com/auth/user/login,1157,0,74
1777595029594,78,02 - GET /restaurants (search),200,OK,Virtual Users [400 threads] 1-388,text,true,,790,436,6,6,http://k8s-forkfind-forkfind-8e65d48af1-1990260306.us-east-1.elb.amazonaws.com/restaurants?q=pizza&limit=12&sort=rating,78,0,0
1777595029672,85,03 - POST /restaurants/15/reviews,201,Created,Virtual Users [400 threads] 1-388,text,true,,572,573,6,6,http://k8s-forkfind-forkfind-8e65d48af1-1990260306.us-east-1.elb.amazonaws.com/restaurants/15/reviews,85,0,0
1777595028665,1146,01 - POST /auth/user/login,200,OK,Virtual Users [400 threads] 1-389,text,true,,406,363,6,6,http://k8s-forkfind-forkfind-8e65d48af1-1990260306.us-east-1.elb.amazonaws.com/auth/user/login,1146,0,72
1777595029114,721,01 - POST /auth/user/login,200,OK,Virtual Users [400 threads] 1-391,text,true,,406,363,6,6,http://k8s-forkfind-forkfind-8e65d48af1-1990260306.us-east-1.elb.amazonaws.com/auth/user/login,721,0,71
1777595029812,82,02 - GET /restaurants (search),200,OK,Virtual Users [400 threads] 1-389,text,true,,790,436,6,6,http://k8s-forkfind-forkfind-8e65d48af1-1990260306.us-east-1.elb.amazonaws.com/restaurants?q=pizza&limit=12&sort=rating,82,0,0
1777595029836,103,02 - GET /restaurants (search),200,OK,Virtual Users [400 threads] 1-391,text,true,,790,436,6,6,http://k8s-forkfind-forkfind-8e65d48af1-1990260306.us-east-1.elb.amazonaws.com/restaurants?q=pizza&limit=12&sort=rating,103,0,0
1777595029895,110,03 - POST /restaurants/15/reviews,201,Created,Virtual Users [400 threads] 1-389,text,true,,572,573,6,6,http://k8s-forkfind-forkfind-8e65d48af1-1990260306.us-east-1.elb.amazonaws.com/restaurants/15/reviews,110,0,0
1777595029940,112,03 - POST /restaurants/15/reviews,201,Created,Virtual Users [400 threads] 1-391,text,true,,572,573,6,6,http://k8s-forkfind-forkfind-8e65d48af1-1990260306.us-east-1.elb.amazonaws.com/restaurants/15/reviews,112,0,0
1777595029338,782,01 - POST /auth/user/login,200,OK,Virtual Users [400 threads] 1-392,text,true,,406,363,5,5,http://k8s-forkfind-forkfind-8e65d48af1-1990260306.us-east-1.elb.amazonaws.com/auth/user/login,782,0,73
1777595028890,1324,01 - POST /auth/user/login,200,OK,Virtual Users [400 threads] 1-390,text,true,,406,363,5,5,http://k8s-forkfind-forkfind-8e65d48af1-1990260306.us-east-1.elb.amazonaws.com/auth/user/login,1324,0,71
1777595030121,148,02 - GET /restaurants (search),200,OK,Virtual Users [400 threads] 1-392,text,true,,790,436,6,6,http://k8s-forkfind-forkfind-8e65d48af1-1990260306.us-east-1.elb.amazonaws.com/restaurants?q=pizza&limit=12&sort=rating,148,0,0
1777595030215,95,02 - GET /restaurants (search),200,OK,Virtual Users [400 threads] 1-390,text,true,,790,436,6,6,http://k8s-forkfind-forkfind-8e65d48af1-1990260306.us-east-1.elb.amazonaws.com/restaurants?q=pizza&limit=12&sort=rating,95,0,0
1777595030311,97,03 - POST /restaurants/15/reviews,201,Created,Virtual Users [400 threads] 1-390,text,true,,572,573,6,6,http://k8s-forkfind-forkfind-8e65d48af1-1990260306.us-east-1.elb.amazonaws.com/restaurants/15/reviews,97,0,0
1777595030269,139,03 - POST /restaurants/15/reviews,201,Created,Virtual Users [400 threads] 1-392,text,true,,572,573,6,6,http://k8s-forkfind-forkfind-8e65d48af1-1990260306.us-east-1.elb.amazonaws.com/restaurants/15/reviews,139,0,0
1777595029564,1068,01 - POST /auth/user/login,200,OK,Virtual Users [400 threads] 1-393,text,true,,406,363,5,5,http://k8s-forkfind-forkfind-8e65d48af1-1990260306.us-east-1.elb.amazonaws.com/auth/user/login,1068,0,74
1777595029789,897,01 - POST /auth/user/login,200,OK,Virtual Users [400 threads] 1-394,text,true,,406,363,5,5,http://k8s-forkfind-forkfind-8e65d48af1-1990260306.us-east-1.elb.amazonaws.com/auth/user/login,897,0,76
1777595030633,78,02 - GET /restaurants (search),200,OK,Virtual Users [400 threads] 1-393,text,true,,790,436,6,6,http://k8s-forkfind-forkfind-8e65d48af1-1990260306.us-east-1.elb.amazonaws.com/restaurants?q=pizza&limit=12&sort=rating,78,0,0
1777595030686,82,02 - GET /restaurants (search),200,OK,Virtual Users [400 threads] 1-394,text,true,,790,436,6,6,http://k8s-forkfind-forkfind-8e65d48af1-1990260306.us-east-1.elb.amazonaws.com/restaurants?q=pizza&limit=12&sort=rating,82,0,0
1777595030712,92,03 - POST /restaurants/15/reviews,201,Created,Virtual Users [400 threads] 1-393,text,true,,572,573,6,6,http://k8s-forkfind-forkfind-8e65d48af1-1990260306.us-east-1.elb.amazonaws.com/restaurants/15/reviews,92,0,0
1777595030769,90,03 - POST /restaurants/15/reviews,201,Created,Virtual Users [400 threads] 1-394,text,true,,572,573,5,5,http://k8s-forkfind-forkfind-8e65d48af1-1990260306.us-east-1.elb.amazonaws.com/restaurants/15/reviews,90,0,0
1777595030014,1098,01 - POST /auth/user/login,200,OK,Virtual Users [400 threads] 1-395,text,true,,406,363,5,5,http://k8s-forkfind-forkfind-8e65d48af1-1990260306.us-east-1.elb.amazonaws.com/auth/user/login,1098,0,73
1777595031113,82,02 - GET /restaurants (search),200,OK,Virtual Users [400 threads] 1-395,text,true,,790,436,6,6,http://k8s-forkfind-forkfind-8e65d48af1-1990260306.us-east-1.elb.amazonaws.com/restaurants?q=pizza&limit=12&sort=rating,82,0,0
1777595031196,132,03 - POST /restaurants/15/reviews,201,Created,Virtual Users [400 threads] 1-395,text,true,,572,573,6,6,http://k8s-forkfind-forkfind-8e65d48af1-1990260306.us-east-1.elb.amazonaws.com/restaurants/15/reviews,132,0,0
1777595030239,1089,01 - POST /auth/user/login,200,OK,Virtual Users [400 threads] 1-396,text,true,,406,363,6,6,http://k8s-forkfind-forkfind-8e65d48af1-1990260306.us-east-1.elb.amazonaws.com/auth/user/login,1089,0,71
1777595031328,98,02 - GET /restaurants (search),200,OK,Virtual Users [400 threads] 1-396,text,true,,790,436,5,5,http://k8s-forkfind-forkfind-8e65d48af1-1990260306.us-east-1.elb.amazonaws.com/restaurants?q=pizza&limit=12&sort=rating,98,0,0
1777595031427,128,03 - POST /restaurants/15/reviews,201,Created,Virtual Users [400 threads] 1-396,text,true,,572,573,5,5,http://k8s-forkfind-forkfind-8e65d48af1-1990260306.us-east-1.elb.amazonaws.com/restaurants/15/reviews,128,0,0
1777595030461,1131,01 - POST /auth/user/login,200,OK,Virtual Users [400 threads] 1-397,text,true,,406,363,4,4,http://k8s-forkfind-forkfind-8e65d48af1-1990260306.us-east-1.elb.amazonaws.com/auth/user/login,1131,0,71
1777595031593,81,02 - GET /restaurants (search),200,OK,Virtual Users [400 threads] 1-397,text,true,,790,436,4,4,http://k8s-forkfind-forkfind-8e65d48af1-1990260306.us-east-1.elb.amazonaws.com/restaurants?q=pizza&limit=12&sort=rating,81,0,0
1777595030690,1022,01 - POST /auth/user/login,200,OK,Virtual Users [400 threads] 1-398,text,true,,406,363,4,4,http://k8s-forkfind-forkfind-8e65d48af1-1990260306.us-east-1.elb.amazonaws.com/auth/user/login,1022,0,78
1777595031674,86,03 - POST /restaurants/15/reviews,201,Created,Virtual Users [400 threads] 1-397,text,true,,572,573,4,4,http://k8s-forkfind-forkfind-8e65d48af1-1990260306.us-east-1.elb.amazonaws.com/restaurants/15/reviews,86,0,0
1777595031713,85,02 - GET /restaurants (search),200,OK,Virtual Users [400 threads] 1-398,text,true,,790,436,3,3,http://k8s-forkfind-forkfind-8e65d48af1-1990260306.us-east-1.elb.amazonaws.com/restaurants?q=pizza&limit=12&sort=rating,85,0,0
1777595031139,751,01 - POST /auth/user/login,200,OK,Virtual Users [400 threads] 1-400,text,true,,406,363,3,3,http://k8s-forkfind-forkfind-8e65d48af1-1990260306.us-east-1.elb.amazonaws.com/auth/user/login,751,0,70
1777595031799,106,03 - POST /restaurants/15/reviews,201,Created,Virtual Users [400 threads] 1-398,text,true,,572,573,3,3,http://k8s-forkfind-forkfind-8e65d48af1-1990260306.us-east-1.elb.amazonaws.com/restaurants/15/reviews,106,0,0
1777595031891,79,02 - GET /restaurants (search),200,OK,Virtual Users [400 threads] 1-400,text,true,,790,436,2,2,http://k8s-forkfind-forkfind-8e65d48af1-1990260306.us-east-1.elb.amazonaws.com/restaurants?q=pizza&limit=12&sort=rating,79,0,0
1777595030914,1099,01 - POST /auth/user/login,200,OK,Virtual Users [400 threads] 1-399,text,true,,406,363,2,2,http://k8s-forkfind-forkfind-8e65d48af1-1990260306.us-east-1.elb.amazonaws.com/auth/user/login,1099,0,71
1777595031970,83,03 - POST /restaurants/15/reviews,201,Created,Virtual Users [400 threads] 1-400,text,true,,572,573,2,2,http://k8s-forkfind-forkfind-8e65d48af1-1990260306.us-east-1.elb.amazonaws.com/restaurants/15/reviews,83,0,0
1777595032014,79,02 - GET /restaurants (search),200,OK,Virtual Users [400 threads] 1-399,text,true,,790,436,1,1,http://k8s-forkfind-forkfind-8e65d48af1-1990260306.us-east-1.elb.amazonaws.com/restaurants?q=pizza&limit=12&sort=rating,79,0,0
1777595032093,116,03 - POST /restaurants/15/reviews,201,Created,Virtual Users [400 threads] 1-399,text,true,,572,573,1,1,http://k8s-forkfind-forkfind-8e65d48af1-1990260306.us-east-1.elb.amazonaws.com/restaurants/15/reviews,116,0,0
