timeStamp,elapsed,label,responseCode,responseMessage,threadName,dataType,success,failureMessage,bytes,sentBytes,grpThreads,allThreads,URL,Latency,IdleTime,Connect
1777593156324,167,01 - POST /auth/user/login,503,Service Temporarily Unavailable,Virtual Users [300 threads] 1-1,text,false,Login failed — check credentials in users.csv,337,361,3,3,http://k8s-forkfind-forkfind-8e65d48af1-1990260306.us-east-1.elb.amazonaws.com/auth/user/login,167,0,91
1777593156388,145,01 - POST /auth/user/login,503,Service Temporarily Unavailable,Virtual Users [300 threads] 1-2,text,false,Login failed — check credentials in users.csv,337,359,3,3,http://k8s-forkfind-forkfind-8e65d48af1-1990260306.us-east-1.elb.amazonaws.com/auth/user/login,145,0,73
1777593156506,93,02 - GET /restaurants (search),200,OK,Virtual Users [300 threads] 1-1,text,true,,790,311,4,4,http://k8s-forkfind-forkfind-8e65d48af1-1990260306.us-east-1.elb.amazonaws.com/restaurants?q=pizza&limit=12&sort=rating,93,0,0
1777593156534,88,02 - GET /restaurants (search),200,OK,Virtual Users [300 threads] 1-2,text,true,,790,311,4,4,http://k8s-forkfind-forkfind-8e65d48af1-1990260306.us-east-1.elb.amazonaws.com/restaurants?q=pizza&limit=12&sort=rating,88,0,0
1777593156487,144,01 - POST /auth/user/login,503,Service Temporarily Unavailable,Virtual Users [300 threads] 1-3,text,false,Login failed — check credentials in users.csv,337,361,4,4,http://k8s-forkfind-forkfind-8e65d48af1-1990260306.us-east-1.elb.amazonaws.com/auth/user/login,144,0,73
1777593156599,76,03 - POST /restaurants/10/reviews,401,Unauthorized,Virtual Users [300 threads] 1-1,text,false,"Review submission returned unexpected status (401 = bad token, 5xx = server error)",255,446,4,4,http://k8s-forkfind-forkfind-8e65d48af1-1990260306.us-east-1.elb.amazonaws.com/restaurants/10/reviews,76,0,0
1777593156622,78,03 - POST /restaurants/10/reviews,401,Unauthorized,Virtual Users [300 threads] 1-2,text,false,"Review submission returned unexpected status (401 = bad token, 5xx = server error)",255,446,4,4,http://k8s-forkfind-forkfind-8e65d48af1-1990260306.us-east-1.elb.amazonaws.com/restaurants/10/reviews,78,0,0
1777593156632,79,02 - GET /restaurants (search),200,OK,Virtual Users [300 threads] 1-3,text,true,,790,311,3,3,http://k8s-forkfind-forkfind-8e65d48af1-1990260306.us-east-1.elb.amazonaws.com/restaurants?q=pizza&limit=12&sort=rating,78,0,0
1777593156585,149,01 - POST /auth/user/login,503,Service Temporarily Unavailable,Virtual Users [300 threads] 1-4,text,false,Login failed — check credentials in users.csv,337,361,3,3,http://k8s-forkfind-forkfind-8e65d48af1-1990260306.us-east-1.elb.amazonaws.com/auth/user/login,149,0,75
1777593156711,86,03 - POST /restaurants/10/reviews,401,Unauthorized,Virtual Users [300 threads] 1-3,text,false,"Review submission returned unexpected status (401 = bad token, 5xx = server error)",255,446,4,4,http://k8s-forkfind-forkfind-8e65d48af1-1990260306.us-east-1.elb.amazonaws.com/restaurants/10/reviews,86,0,0
1777593156735,81,02 - GET /restaurants (search),200,OK,Virtual Users [300 threads] 1-4,text,true,,790,311,3,3,http://k8s-forkfind-forkfind-8e65d48af1-1990260306.us-east-1.elb.amazonaws.com/restaurants?q=pizza&limit=12&sort=rating,81,0,0
1777593156687,178,01 - POST /auth/user/login,503,Service Temporarily Unavailable,Virtual Users [300 threads] 1-5,text,false,Login failed — check credentials in users.csv,337,359,3,3,http://k8s-forkfind-forkfind-8e65d48af1-1990260306.us-east-1.elb.amazonaws.com/auth/user/login,178,0,83
1777593156818,81,03 - POST /restaurants/10/reviews,401,Unauthorized,Virtual Users [300 threads] 1-4,text,false,"Review submission returned unexpected status (401 = bad token, 5xx = server error)",255,446,4,4,http://k8s-forkfind-forkfind-8e65d48af1-1990260306.us-east-1.elb.amazonaws.com/restaurants/10/reviews,81,0,0
1777593156867,76,02 - GET /restaurants (search),200,OK,Virtual Users [300 threads] 1-5,text,true,,790,311,3,3,http://k8s-forkfind-forkfind-8e65d48af1-1990260306.us-east-1.elb.amazonaws.com/restaurants?q=pizza&limit=12&sort=rating,76,0,0
1777593156790,166,01 - POST /auth/user/login,503,Service Temporarily Unavailable,Virtual Users [300 threads] 1-6,text,false,Login failed — check credentials in users.csv,337,361,3,3,http://k8s-forkfind-forkfind-8e65d48af1-1990260306.us-east-1.elb.amazonaws.com/auth/user/login,166,0,93
1777593156943,72,03 - POST /restaurants/10/reviews,401,Unauthorized,Virtual Users [300 threads] 1-5,text,false,"Review submission returned unexpected status (401 = bad token, 5xx = server error)",255,446,4,4,http://k8s-forkfind-forkfind-8e65d48af1-1990260306.us-east-1.elb.amazonaws.com/restaurants/10/reviews,72,0,0
1777593156885,144,01 - POST /auth/user/login,503,Service Temporarily Unavailable,Virtual Users [300 threads] 1-7,text,false,Login failed — check credentials in users.csv,337,361,3,3,http://k8s-forkfind-forkfind-8e65d48af1-1990260306.us-east-1.elb.amazonaws.com/auth/user/login,144,0,71
1777593156957,80,02 - GET /restaurants (search),200,OK,Virtual Users [300 threads] 1-6,text,true,,790,311,3,3,http://k8s-forkfind-forkfind-8e65d48af1-1990260306.us-east-1.elb.amazonaws.com/restaurants?q=pizza&limit=12&sort=rating,80,0,0
1777593157030,75,02 - GET /restaurants (search),200,OK,Virtual Users [300 threads] 1-7,text,true,,790,311,4,4,http://k8s-forkfind-forkfind-8e65d48af1-1990260306.us-east-1.elb.amazonaws.com/restaurants?q=pizza&limit=12&sort=rating,75,0,0
1777593157038,80,03 - POST /restaurants/10/reviews,401,Unauthorized,Virtual Users [300 threads] 1-6,text,false,"Review submission returned unexpected status (401 = bad token, 5xx = server error)",255,446,4,4,http://k8s-forkfind-forkfind-8e65d48af1-1990260306.us-east-1.elb.amazonaws.com/restaurants/10/reviews,80,0,0
1777593156982,146,01 - POST /auth/user/login,503,Service Temporarily Unavailable,Virtual Users [300 threads] 1-8,text,false,Login failed — check credentials in users.csv,337,361,3,3,http://k8s-forkfind-forkfind-8e65d48af1-1990260306.us-east-1.elb.amazonaws.com/auth/user/login,146,0,74
1777593157106,81,03 - POST /restaurants/10/reviews,401,Unauthorized,Virtual Users [300 threads] 1-7,text,false,"Review submission returned unexpected status (401 = bad token, 5xx = server error)",255,446,4,4,http://k8s-forkfind-forkfind-8e65d48af1-1990260306.us-east-1.elb.amazonaws.com/restaurants/10/reviews,81,0,0
1777593157128,78,02 - GET /restaurants (search),200,OK,Virtual Users [300 threads] 1-8,text,true,,790,311,3,3,http://k8s-forkfind-forkfind-8e65d48af1-1990260306.us-east-1.elb.amazonaws.com/restaurants?q=pizza&limit=12&sort=rating,78,0,0
1777593157085,152,01 - POST /auth/user/login,503,Service Temporarily Unavailable,Virtual Users [300 threads] 1-9,text,false,Login failed — check credentials in users.csv,337,360,3,3,http://k8s-forkfind-forkfind-8e65d48af1-1990260306.us-east-1.elb.amazonaws.com/auth/user/login,152,0,76
1777593157206,74,03 - POST /restaurants/10/reviews,401,Unauthorized,Virtual Users [300 threads] 1-8,text,false,"Review submission returned unexpected status (401 = bad token, 5xx = server error)",255,446,3,3,http://k8s-forkfind-forkfind-8e65d48af1-1990260306.us-east-1.elb.amazonaws.com/restaurants/10/reviews,74,0,0
1777593157238,77,02 - GET /restaurants (search),200,OK,Virtual Users [300 threads] 1-9,text,true,,790,311,3,3,http://k8s-forkfind-forkfind-8e65d48af1-1990260306.us-east-1.elb.amazonaws.com/restaurants?q=pizza&limit=12&sort=rating,77,0,0
1777593157185,146,01 - POST /auth/user/login,503,Service Temporarily Unavailable,Virtual Users [300 threads] 1-10,text,false,Login failed — check credentials in users.csv,337,360,3,3,http://k8s-forkfind-forkfind-8e65d48af1-1990260306.us-east-1.elb.amazonaws.com/auth/user/login,146,0,73
1777593157316,78,03 - POST /restaurants/10/reviews,401,Unauthorized,Virtual Users [300 threads] 1-9,text,false,"Review submission returned unexpected status (401 = bad token, 5xx = server error)",255,446,4,4,http://k8s-forkfind-forkfind-8e65d48af1-1990260306.us-east-1.elb.amazonaws.com/restaurants/10/reviews,78,0,0
1777593157333,84,02 - GET /restaurants (search),200,OK,Virtual Users [300 threads] 1-10,text,true,,790,311,3,3,http://k8s-forkfind-forkfind-8e65d48af1-1990260306.us-east-1.elb.amazonaws.com/restaurants?q=pizza&limit=12&sort=rating,84,0,0
1777593157283,142,01 - POST /auth/user/login,503,Service Temporarily Unavailable,Virtual Users [300 threads] 1-11,text,false,Login failed — check credentials in users.csv,337,360,3,3,http://k8s-forkfind-forkfind-8e65d48af1-1990260306.us-east-1.elb.amazonaws.com/auth/user/login,142,0,71
1777593157419,86,03 - POST /restaurants/10/reviews,401,Unauthorized,Virtual Users [300 threads] 1-10,text,false,"Review submission returned unexpected status (401 = bad token, 5xx = server error)",255,447,4,4,http://k8s-forkfind-forkfind-8e65d48af1-1990260306.us-east-1.elb.amazonaws.com/restaurants/10/reviews,86,0,0
1777593157426,82,02 - GET /restaurants (search),200,OK,Virtual Users [300 threads] 1-11,text,true,,790,311,4,4,http://k8s-forkfind-forkfind-8e65d48af1-1990260306.us-east-1.elb.amazonaws.com/restaurants?q=pizza&limit=12&sort=rating,82,0,0
1777593157386,143,01 - POST /auth/user/login,503,Service Temporarily Unavailable,Virtual Users [300 threads] 1-12,text,false,Login failed — check credentials in users.csv,337,360,3,3,http://k8s-forkfind-forkfind-8e65d48af1-1990260306.us-east-1.elb.amazonaws.com/auth/user/login,143,0,72
1777593157508,80,03 - POST /restaurants/10/reviews,401,Unauthorized,Virtual Users [300 threads] 1-11,text,false,"Review submission returned unexpected status (401 = bad token, 5xx = server error)",255,447,4,4,http://k8s-forkfind-forkfind-8e65d48af1-1990260306.us-east-1.elb.amazonaws.com/restaurants/10/reviews,80,0,0
1777593157530,81,02 - GET /restaurants (search),200,OK,Virtual Users [300 threads] 1-12,text,true,,790,311,3,3,http://k8s-forkfind-forkfind-8e65d48af1-1990260306.us-east-1.elb.amazonaws.com/restaurants?q=pizza&limit=12&sort=rating,81,0,0
1777593157483,171,01 - POST /auth/user/login,503,Service Temporarily Unavailable,Virtual Users [300 threads] 1-13,text,false,Login failed — check credentials in users.csv,337,359,3,3,http://k8s-forkfind-forkfind-8e65d48af1-1990260306.us-east-1.elb.amazonaws.com/auth/user/login,171,0,90
1777593157611,80,03 - POST /restaurants/10/reviews,401,Unauthorized,Virtual Users [300 threads] 1-12,text,false,"Review submission returned unexpected status (401 = bad token, 5xx = server error)",255,447,4,4,http://k8s-forkfind-forkfind-8e65d48af1-1990260306.us-east-1.elb.amazonaws.com/restaurants/10/reviews,80,0,0
1777593157581,145,01 - POST /auth/user/login,503,Service Temporarily Unavailable,Virtual Users [300 threads] 1-14,text,false,Login failed — check credentials in users.csv,337,360,3,3,http://k8s-forkfind-forkfind-8e65d48af1-1990260306.us-east-1.elb.amazonaws.com/auth/user/login,145,0,73
1777593157656,77,02 - GET /restaurants (search),200,OK,Virtual Users [300 threads] 1-13,text,true,,790,311,3,3,http://k8s-forkfind-forkfind-8e65d48af1-1990260306.us-east-1.elb.amazonaws.com/restaurants?q=pizza&limit=12&sort=rating,77,0,0
1777593157728,90,02 - GET /restaurants (search),200,OK,Virtual Users [300 threads] 1-14,text,true,,790,311,4,4,http://k8s-forkfind-forkfind-8e65d48af1-1990260306.us-east-1.elb.amazonaws.com/restaurants?q=pizza&limit=12&sort=rating,90,0,0
1777593157734,84,03 - POST /restaurants/10/reviews,401,Unauthorized,Virtual Users [300 threads] 1-13,text,false,"Review submission returned unexpected status (401 = bad token, 5xx = server error)",255,447,4,4,http://k8s-forkfind-forkfind-8e65d48af1-1990260306.us-east-1.elb.amazonaws.com/restaurants/10/reviews,84,0,0
1777593157684,146,01 - POST /auth/user/login,503,Service Temporarily Unavailable,Virtual Users [300 threads] 1-15,text,false,Login failed — check credentials in users.csv,337,362,3,3,http://k8s-forkfind-forkfind-8e65d48af1-1990260306.us-east-1.elb.amazonaws.com/auth/user/login,146,0,74
1777593157819,87,03 - POST /restaurants/10/reviews,401,Unauthorized,Virtual Users [300 threads] 1-14,text,false,"Review submission returned unexpected status (401 = bad token, 5xx = server error)",255,447,4,4,http://k8s-forkfind-forkfind-8e65d48af1-1990260306.us-east-1.elb.amazonaws.com/restaurants/10/reviews,86,0,0
1777593157832,85,02 - GET /restaurants (search),200,OK,Virtual Users [300 threads] 1-15,text,true,,790,311,3,3,http://k8s-forkfind-forkfind-8e65d48af1-1990260306.us-east-1.elb.amazonaws.com/restaurants?q=pizza&limit=12&sort=rating,85,0,0
1777593157788,167,01 - POST /auth/user/login,503,Service Temporarily Unavailable,Virtual Users [300 threads] 1-16,text,false,Login failed — check credentials in users.csv,337,361,3,3,http://k8s-forkfind-forkfind-8e65d48af1-1990260306.us-east-1.elb.amazonaws.com/auth/user/login,167,0,93
1777593157918,77,03 - POST /restaurants/10/reviews,401,Unauthorized,Virtual Users [300 threads] 1-15,text,false,"Review submission returned unexpected status (401 = bad token, 5xx = server error)",255,447,4,4,http://k8s-forkfind-forkfind-8e65d48af1-1990260306.us-east-1.elb.amazonaws.com/restaurants/10/reviews,77,0,0
1777593157886,143,01 - POST /auth/user/login,503,Service Temporarily Unavailable,Virtual Users [300 threads] 1-17,text,false,Login failed — check credentials in users.csv,337,361,3,3,http://k8s-forkfind-forkfind-8e65d48af1-1990260306.us-east-1.elb.amazonaws.com/auth/user/login,143,0,71
1777593157957,76,02 - GET /restaurants (search),200,OK,Virtual Users [300 threads] 1-16,text,true,,790,311,3,3,http://k8s-forkfind-forkfind-8e65d48af1-1990260306.us-east-1.elb.amazonaws.com/restaurants?q=pizza&limit=12&sort=rating,76,0,0
1777593158031,92,02 - GET /restaurants (search),200,OK,Virtual Users [300 threads] 1-17,text,true,,790,311,4,4,http://k8s-forkfind-forkfind-8e65d48af1-1990260306.us-east-1.elb.amazonaws.com/restaurants?q=pizza&limit=12&sort=rating,92,0,0
1777593158033,90,03 - POST /restaurants/10/reviews,401,Unauthorized,Virtual Users [300 threads] 1-16,text,false,"Review submission returned unexpected status (401 = bad token, 5xx = server error)",255,447,4,4,http://k8s-forkfind-forkfind-8e65d48af1-1990260306.us-east-1.elb.amazonaws.com/restaurants/10/reviews,90,0,0
1777593157981,147,01 - POST /auth/user/login,503,Service Temporarily Unavailable,Virtual Users [300 threads] 1-18,text,false,Login failed — check credentials in users.csv,337,362,3,3,http://k8s-forkfind-forkfind-8e65d48af1-1990260306.us-east-1.elb.amazonaws.com/auth/user/login,147,0,71
1777593158130,93,02 - GET /restaurants (search),200,OK,Virtual Users [300 threads] 1-18,text,true,,790,311,4,4,http://k8s-forkfind-forkfind-8e65d48af1-1990260306.us-east-1.elb.amazonaws.com/restaurants?q=pizza&limit=12&sort=rating,93,0,0
1777593158124,99,03 - POST /restaurants/10/reviews,401,Unauthorized,Virtual Users [300 threads] 1-17,text,false,"Review submission returned unexpected status (401 = bad token, 5xx = server error)",255,447,4,4,http://k8s-forkfind-forkfind-8e65d48af1-1990260306.us-east-1.elb.amazonaws.com/restaurants/10/reviews,99,0,0
1777593158086,156,01 - POST /auth/user/login,503,Service Temporarily Unavailable,Virtual Users [300 threads] 1-19,text,false,Login failed — check credentials in users.csv,337,359,3,3,http://k8s-forkfind-forkfind-8e65d48af1-1990260306.us-east-1.elb.amazonaws.com/auth/user/login,156,0,74
1777593158224,82,03 - POST /restaurants/10/reviews,401,Unauthorized,Virtual Users [300 threads] 1-18,text,false,"Review submission returned unexpected status (401 = bad token, 5xx = server error)",255,447,4,4,http://k8s-forkfind-forkfind-8e65d48af1-1990260306.us-east-1.elb.amazonaws.com/restaurants/10/reviews,82,0,0
1777593158243,75,02 - GET /restaurants (search),200,OK,Virtual Users [300 threads] 1-19,text,true,,790,311,3,3,http://k8s-forkfind-forkfind-8e65d48af1-1990260306.us-east-1.elb.amazonaws.com/restaurants?q=pizza&limit=12&sort=rating,75,0,0
1777593158180,149,01 - POST /auth/user/login,503,Service Temporarily Unavailable,Virtual Users [300 threads] 1-20,text,false,Login failed — check credentials in users.csv,337,360,3,3,http://k8s-forkfind-forkfind-8e65d48af1-1990260306.us-east-1.elb.amazonaws.com/auth/user/login,149,0,78
1777593158318,75,03 - POST /restaurants/10/reviews,401,Unauthorized,Virtual Users [300 threads] 1-19,text,false,"Review submission returned unexpected status (401 = bad token, 5xx = server error)",255,447,4,4,http://k8s-forkfind-forkfind-8e65d48af1-1990260306.us-east-1.elb.amazonaws.com/restaurants/10/reviews,75,0,0
1777593158330,90,02 - GET /restaurants (search),200,OK,Virtual Users [300 threads] 1-20,text,true,,790,311,3,3,http://k8s-forkfind-forkfind-8e65d48af1-1990260306.us-east-1.elb.amazonaws.com/restaurants?q=pizza&limit=12&sort=rating,90,0,0
1777593158282,144,01 - POST /auth/user/login,503,Service Temporarily Unavailable,Virtual Users [300 threads] 1-21,text,false,Login failed — check credentials in users.csv,337,363,3,3,http://k8s-forkfind-forkfind-8e65d48af1-1990260306.us-east-1.elb.amazonaws.com/auth/user/login,144,0,73
1777593158421,78,03 - POST /restaurants/10/reviews,401,Unauthorized,Virtual Users [300 threads] 1-20,text,false,"Review submission returned unexpected status (401 = bad token, 5xx = server error)",255,447,4,4,http://k8s-forkfind-forkfind-8e65d48af1-1990260306.us-east-1.elb.amazonaws.com/restaurants/10/reviews,78,0,0
1777593158427,89,02 - GET /restaurants (search),200,OK,Virtual Users [300 threads] 1-21,text,true,,790,311,3,3,http://k8s-forkfind-forkfind-8e65d48af1-1990260306.us-east-1.elb.amazonaws.com/restaurants?q=pizza&limit=12&sort=rating,89,0,0
1777593158387,149,01 - POST /auth/user/login,503,Service Temporarily Unavailable,Virtual Users [300 threads] 1-22,text,false,Login failed — check credentials in users.csv,337,363,3,3,http://k8s-forkfind-forkfind-8e65d48af1-1990260306.us-east-1.elb.amazonaws.com/auth/user/login,149,0,74
1777593158517,85,03 - POST /restaurants/10/reviews,401,Unauthorized,Virtual Users [300 threads] 1-21,text,false,"Review submission returned unexpected status (401 = bad token, 5xx = server error)",255,447,4,4,http://k8s-forkfind-forkfind-8e65d48af1-1990260306.us-east-1.elb.amazonaws.com/restaurants/10/reviews,85,0,0
1777593158537,89,02 - GET /restaurants (search),200,OK,Virtual Users [300 threads] 1-22,text,true,,790,311,3,3,http://k8s-forkfind-forkfind-8e65d48af1-1990260306.us-east-1.elb.amazonaws.com/restaurants?q=pizza&limit=12&sort=rating,89,0,0
1777593158485,145,01 - POST /auth/user/login,503,Service Temporarily Unavailable,Virtual Users [300 threads] 1-23,text,false,Login failed — check credentials in users.csv,337,363,3,3,http://k8s-forkfind-forkfind-8e65d48af1-1990260306.us-east-1.elb.amazonaws.com/auth/user/login,145,0,73
1777593158626,82,03 - POST /restaurants/10/reviews,401,Unauthorized,Virtual Users [300 threads] 1-22,text,false,"Review submission returned unexpected status (401 = bad token, 5xx = server error)",255,447,4,4,http://k8s-forkfind-forkfind-8e65d48af1-1990260306.us-east-1.elb.amazonaws.com/restaurants/10/reviews,82,0,0
1777593158630,88,02 - GET /restaurants (search),200,OK,Virtual Users [300 threads] 1-23,text,true,,790,311,3,3,http://k8s-forkfind-forkfind-8e65d48af1-1990260306.us-east-1.elb.amazonaws.com/restaurants?q=pizza&limit=12&sort=rating,88,0,0
1777593158580,169,01 - POST /auth/user/login,503,Service Temporarily Unavailable,Virtual Users [300 threads] 1-24,text,false,Login failed — check credentials in users.csv,337,363,3,3,http://k8s-forkfind-forkfind-8e65d48af1-1990260306.us-east-1.elb.amazonaws.com/auth/user/login,169,0,97
1777593158719,87,03 - POST /restaurants/10/reviews,401,Unauthorized,Virtual Users [300 threads] 1-23,text,false,"Review submission returned unexpected status (401 = bad token, 5xx = server error)",255,447,4,4,http://k8s-forkfind-forkfind-8e65d48af1-1990260306.us-east-1.elb.amazonaws.com/restaurants/10/reviews,87,0,0
1777593158750,88,02 - GET /restaurants (search),200,OK,Virtual Users [300 threads] 1-24,text,true,,790,311,3,3,http://k8s-forkfind-forkfind-8e65d48af1-1990260306.us-east-1.elb.amazonaws.com/restaurants?q=pizza&limit=12&sort=rating,88,0,0
1777593158682,156,01 - POST /auth/user/login,503,Service Temporarily Unavailable,Virtual Users [300 threads] 1-25,text,false,Login failed — check credentials in users.csv,337,363,3,3,http://k8s-forkfind-forkfind-8e65d48af1-1990260306.us-east-1.elb.amazonaws.com/auth/user/login,156,0,72
1777593158839,79,02 - GET /restaurants (search),200,OK,Virtual Users [300 threads] 1-25,text,true,,790,311,4,4,http://k8s-forkfind-forkfind-8e65d48af1-1990260306.us-east-1.elb.amazonaws.com/restaurants?q=pizza&limit=12&sort=rating,79,0,0
1777593158839,79,03 - POST /restaurants/10/reviews,401,Unauthorized,Virtual Users [300 threads] 1-24,text,false,"Review submission returned unexpected status (401 = bad token, 5xx = server error)",255,447,4,4,http://k8s-forkfind-forkfind-8e65d48af1-1990260306.us-east-1.elb.amazonaws.com/restaurants/10/reviews,79,0,0
1777593158782,157,01 - POST /auth/user/login,503,Service Temporarily Unavailable,Virtual Users [300 threads] 1-26,text,false,Login failed — check credentials in users.csv,337,363,3,3,http://k8s-forkfind-forkfind-8e65d48af1-1990260306.us-east-1.elb.amazonaws.com/auth/user/login,157,0,85
1777593158919,81,03 - POST /restaurants/10/reviews,401,Unauthorized,Virtual Users [300 threads] 1-25,text,false,"Review submission returned unexpected status (401 = bad token, 5xx = server error)",255,447,4,4,http://k8s-forkfind-forkfind-8e65d48af1-1990260306.us-east-1.elb.amazonaws.com/restaurants/10/reviews,81,0,0
1777593158941,78,02 - GET /restaurants (search),200,OK,Virtual Users [300 threads] 1-26,text,true,,790,311,3,3,http://k8s-forkfind-forkfind-8e65d48af1-1990260306.us-east-1.elb.amazonaws.com/restaurants?q=pizza&limit=12&sort=rating,78,0,0
1777593158882,161,01 - POST /auth/user/login,503,Service Temporarily Unavailable,Virtual Users [300 threads] 1-27,text,false,Login failed — check credentials in users.csv,337,363,3,3,http://k8s-forkfind-forkfind-8e65d48af1-1990260306.us-east-1.elb.amazonaws.com/auth/user/login,161,0,73
1777593159019,80,03 - POST /restaurants/10/reviews,401,Unauthorized,Virtual Users [300 threads] 1-26,text,false,"Review submission returned unexpected status (401 = bad token, 5xx = server error)",255,447,4,4,http://k8s-forkfind-forkfind-8e65d48af1-1990260306.us-east-1.elb.amazonaws.com/restaurants/10/reviews,80,0,0
1777593159044,104,02 - GET /restaurants (search),200,OK,Virtual Users [300 threads] 1-27,text,true,,790,311,3,3,http://k8s-forkfind-forkfind-8e65d48af1-1990260306.us-east-1.elb.amazonaws.com/restaurants?q=pizza&limit=12&sort=rating,104,0,0
1777593158976,172,01 - POST /auth/user/login,503,Service Temporarily Unavailable,Virtual Users [300 threads] 1-28,text,false,Login failed — check credentials in users.csv,337,363,3,3,http://k8s-forkfind-forkfind-8e65d48af1-1990260306.us-east-1.elb.amazonaws.com/auth/user/login,172,0,78
1777593159149,76,03 - POST /restaurants/10/reviews,401,Unauthorized,Virtual Users [300 threads] 1-27,text,false,"Review submission returned unexpected status (401 = bad token, 5xx = server error)",255,447,4,4,http://k8s-forkfind-forkfind-8e65d48af1-1990260306.us-east-1.elb.amazonaws.com/restaurants/10/reviews,76,0,0
1777593159150,77,02 - GET /restaurants (search),200,OK,Virtual Users [300 threads] 1-28,text,true,,790,311,3,3,http://k8s-forkfind-forkfind-8e65d48af1-1990260306.us-east-1.elb.amazonaws.com/restaurants?q=pizza&limit=12&sort=rating,77,0,0
1777593159085,143,01 - POST /auth/user/login,503,Service Temporarily Unavailable,Virtual Users [300 threads] 1-29,text,false,Login failed — check credentials in users.csv,337,363,3,3,http://k8s-forkfind-forkfind-8e65d48af1-1990260306.us-east-1.elb.amazonaws.com/auth/user/login,143,0,72
1777593159228,78,03 - POST /restaurants/10/reviews,401,Unauthorized,Virtual Users [300 threads] 1-28,text,false,"Review submission returned unexpected status (401 = bad token, 5xx = server error)",255,447,4,4,http://k8s-forkfind-forkfind-8e65d48af1-1990260306.us-east-1.elb.amazonaws.com/restaurants/10/reviews,78,0,0
1777593159229,77,02 - GET /restaurants (search),200,OK,Virtual Users [300 threads] 1-29,text,true,,790,311,4,4,http://k8s-forkfind-forkfind-8e65d48af1-1990260306.us-east-1.elb.amazonaws.com/restaurants?q=pizza&limit=12&sort=rating,77,0,0
1777593159181,143,01 - POST /auth/user/login,503,Service Temporarily Unavailable,Virtual Users [300 threads] 1-30,text,false,Login failed — check credentials in users.csv,337,363,3,3,http://k8s-forkfind-forkfind-8e65d48af1-1990260306.us-east-1.elb.amazonaws.com/auth/user/login,143,0,73
1777593159307,81,03 - POST /restaurants/10/reviews,401,Unauthorized,Virtual Users [300 threads] 1-29,text,false,"Review submission returned unexpected status (401 = bad token, 5xx = server error)",255,447,4,4,http://k8s-forkfind-forkfind-8e65d48af1-1990260306.us-east-1.elb.amazonaws.com/restaurants/10/reviews,81,0,0
1777593159325,78,02 - GET /restaurants (search),200,OK,Virtual Users [300 threads] 1-30,text,true,,790,311,3,3,http://k8s-forkfind-forkfind-8e65d48af1-1990260306.us-east-1.elb.amazonaws.com/restaurants?q=pizza&limit=12&sort=rating,78,0,0
1777593159283,146,01 - POST /auth/user/login,503,Service Temporarily Unavailable,Virtual Users [300 threads] 1-31,text,false,Login failed — check credentials in users.csv,337,363,3,3,http://k8s-forkfind-forkfind-8e65d48af1-1990260306.us-east-1.elb.amazonaws.com/auth/user/login,146,0,72
1777593159403,73,03 - POST /restaurants/10/reviews,401,Unauthorized,Virtual Users [300 threads] 1-30,text,false,"Review submission returned unexpected status (401 = bad token, 5xx = server error)",255,447,3,3,http://k8s-forkfind-forkfind-8e65d48af1-1990260306.us-east-1.elb.amazonaws.com/restaurants/10/reviews,73,0,0
1777593159430,80,02 - GET /restaurants (search),200,OK,Virtual Users [300 threads] 1-31,text,true,,790,311,3,3,http://k8s-forkfind-forkfind-8e65d48af1-1990260306.us-east-1.elb.amazonaws.com/restaurants?q=pizza&limit=12&sort=rating,80,0,0
1777593159384,146,01 - POST /auth/user/login,503,Service Temporarily Unavailable,Virtual Users [300 threads] 1-32,text,false,Login failed — check credentials in users.csv,337,363,3,3,http://k8s-forkfind-forkfind-8e65d48af1-1990260306.us-east-1.elb.amazonaws.com/auth/user/login,146,0,71
1777593159511,78,03 - POST /restaurants/10/reviews,401,Unauthorized,Virtual Users [300 threads] 1-31,text,false,"Review submission returned unexpected status (401 = bad token, 5xx = server error)",255,447,4,4,http://k8s-forkfind-forkfind-8e65d48af1-1990260306.us-east-1.elb.amazonaws.com/restaurants/10/reviews,78,0,0
1777593159531,76,02 - GET /restaurants (search),200,OK,Virtual Users [300 threads] 1-32,text,true,,790,311,3,3,http://k8s-forkfind-forkfind-8e65d48af1-1990260306.us-east-1.elb.amazonaws.com/restaurants?q=pizza&limit=12&sort=rating,76,0,0
1777593159479,143,01 - POST /auth/user/login,503,Service Temporarily Unavailable,Virtual Users [300 threads] 1-33,text,false,Login failed — check credentials in users.csv,337,363,3,3,http://k8s-forkfind-forkfind-8e65d48af1-1990260306.us-east-1.elb.amazonaws.com/auth/user/login,143,0,72
1777593159607,83,03 - POST /restaurants/10/reviews,401,Unauthorized,Virtual Users [300 threads] 1-32,text,false,"Review submission returned unexpected status (401 = bad token, 5xx = server error)",255,447,4,4,http://k8s-forkfind-forkfind-8e65d48af1-1990260306.us-east-1.elb.amazonaws.com/restaurants/10/reviews,83,0,0
1777593159623,86,02 - GET /restaurants (search),200,OK,Virtual Users [300 threads] 1-33,text,true,,790,311,3,3,http://k8s-forkfind-forkfind-8e65d48af1-1990260306.us-east-1.elb.amazonaws.com/restaurants?q=pizza&limit=12&sort=rating,86,0,0
1777593159576,148,01 - POST /auth/user/login,503,Service Temporarily Unavailable,Virtual Users [300 threads] 1-34,text,false,Login failed — check credentials in users.csv,337,363,3,3,http://k8s-forkfind-forkfind-8e65d48af1-1990260306.us-east-1.elb.amazonaws.com/auth/user/login,148,0,74
1777593159709,83,03 - POST /restaurants/10/reviews,401,Unauthorized,Virtual Users [300 threads] 1-33,text,false,"Review submission returned unexpected status (401 = bad token, 5xx = server error)",255,447,4,4,http://k8s-forkfind-forkfind-8e65d48af1-1990260306.us-east-1.elb.amazonaws.com/restaurants/10/reviews,83,0,0
1777593159724,77,02 - GET /restaurants (search),200,OK,Virtual Users [300 threads] 1-34,text,true,,790,311,3,3,http://k8s-forkfind-forkfind-8e65d48af1-1990260306.us-east-1.elb.amazonaws.com/restaurants?q=pizza&limit=12&sort=rating,77,0,0
1777593159677,153,01 - POST /auth/user/login,503,Service Temporarily Unavailable,Virtual Users [300 threads] 1-35,text,false,Login failed — check credentials in users.csv,337,363,3,3,http://k8s-forkfind-forkfind-8e65d48af1-1990260306.us-east-1.elb.amazonaws.com/auth/user/login,153,0,73
1777593159801,94,03 - POST /restaurants/10/reviews,401,Unauthorized,Virtual Users [300 threads] 1-34,text,false,"Review submission returned unexpected status (401 = bad token, 5xx = server error)",255,447,4,4,http://k8s-forkfind-forkfind-8e65d48af1-1990260306.us-east-1.elb.amazonaws.com/restaurants/10/reviews,94,0,0
1777593159830,90,02 - GET /restaurants (search),200,OK,Virtual Users [300 threads] 1-35,text,true,,790,311,3,3,http://k8s-forkfind-forkfind-8e65d48af1-1990260306.us-east-1.elb.amazonaws.com/restaurants?q=pizza&limit=12&sort=rating,90,0,0
1777593159778,173,01 - POST /auth/user/login,503,Service Temporarily Unavailable,Virtual Users [300 threads] 1-36,text,false,Login failed — check credentials in users.csv,337,363,3,3,http://k8s-forkfind-forkfind-8e65d48af1-1990260306.us-east-1.elb.amazonaws.com/auth/user/login,173,0,96
1777593159921,76,03 - POST /restaurants/10/reviews,401,Unauthorized,Virtual Users [300 threads] 1-35,text,false,"Review submission returned unexpected status (401 = bad token, 5xx = server error)",255,447,4,4,http://k8s-forkfind-forkfind-8e65d48af1-1990260306.us-east-1.elb.amazonaws.com/restaurants/10/reviews,76,0,0
1777593159877,144,01 - POST /auth/user/login,503,Service Temporarily Unavailable,Virtual Users [300 threads] 1-37,text,false,Login failed — check credentials in users.csv,337,363,3,3,http://k8s-forkfind-forkfind-8e65d48af1-1990260306.us-east-1.elb.amazonaws.com/auth/user/login,144,0,73
1777593159952,79,02 - GET /restaurants (search),200,OK,Virtual Users [300 threads] 1-36,text,true,,790,311,3,3,http://k8s-forkfind-forkfind-8e65d48af1-1990260306.us-east-1.elb.amazonaws.com/restaurants?q=pizza&limit=12&sort=rating,79,0,0
1777593160031,74,03 - POST /restaurants/10/reviews,401,Unauthorized,Virtual Users [300 threads] 1-36,text,false,"Review submission returned unexpected status (401 = bad token, 5xx = server error)",255,447,4,4,http://k8s-forkfind-forkfind-8e65d48af1-1990260306.us-east-1.elb.amazonaws.com/restaurants/10/reviews,74,0,0
1777593160022,83,02 - GET /restaurants (search),200,OK,Virtual Users [300 threads] 1-37,text,true,,790,311,4,4,http://k8s-forkfind-forkfind-8e65d48af1-1990260306.us-east-1.elb.amazonaws.com/restaurants?q=pizza&limit=12&sort=rating,83,0,0
1777593159978,144,01 - POST /auth/user/login,503,Service Temporarily Unavailable,Virtual Users [300 threads] 1-38,text,false,Login failed — check credentials in users.csv,337,363,3,3,http://k8s-forkfind-forkfind-8e65d48af1-1990260306.us-east-1.elb.amazonaws.com/auth/user/login,144,0,72
1777593160106,73,03 - POST /restaurants/10/reviews,401,Unauthorized,Virtual Users [300 threads] 1-37,text,false,"Review submission returned unexpected status (401 = bad token, 5xx = server error)",255,447,4,4,http://k8s-forkfind-forkfind-8e65d48af1-1990260306.us-east-1.elb.amazonaws.com/restaurants/10/reviews,73,0,0
1777593160124,80,02 - GET /restaurants (search),200,OK,Virtual Users [300 threads] 1-38,text,true,,790,311,3,3,http://k8s-forkfind-forkfind-8e65d48af1-1990260306.us-east-1.elb.amazonaws.com/restaurants?q=pizza&limit=12&sort=rating,80,0,0
1777593160080,149,01 - POST /auth/user/login,503,Service Temporarily Unavailable,Virtual Users [300 threads] 1-39,text,false,Login failed — check credentials in users.csv,337,363,3,3,http://k8s-forkfind-forkfind-8e65d48af1-1990260306.us-east-1.elb.amazonaws.com/auth/user/login,149,0,77
1777593160206,73,03 - POST /restaurants/10/reviews,401,Unauthorized,Virtual Users [300 threads] 1-38,text,false,"Review submission returned unexpected status (401 = bad token, 5xx = server error)",255,447,4,4,http://k8s-forkfind-forkfind-8e65d48af1-1990260306.us-east-1.elb.amazonaws.com/restaurants/10/reviews,73,0,0
1777593160230,78,02 - GET /restaurants (search),200,OK,Virtual Users [300 threads] 1-39,text,true,,790,311,3,3,http://k8s-forkfind-forkfind-8e65d48af1-1990260306.us-east-1.elb.amazonaws.com/restaurants?q=pizza&limit=12&sort=rating,78,0,0
1777593160180,155,01 - POST /auth/user/login,503,Service Temporarily Unavailable,Virtual Users [300 threads] 1-40,text,false,Login failed — check credentials in users.csv,337,363,3,3,http://k8s-forkfind-forkfind-8e65d48af1-1990260306.us-east-1.elb.amazonaws.com/auth/user/login,155,0,72
1777593160309,80,03 - POST /restaurants/10/reviews,401,Unauthorized,Virtual Users [300 threads] 1-39,text,false,"Review submission returned unexpected status (401 = bad token, 5xx = server error)",255,447,4,4,http://k8s-forkfind-forkfind-8e65d48af1-1990260306.us-east-1.elb.amazonaws.com/restaurants/10/reviews,80,0,0
1777593160337,76,02 - GET /restaurants (search),200,OK,Virtual Users [300 threads] 1-40,text,true,,790,311,3,3,http://k8s-forkfind-forkfind-8e65d48af1-1990260306.us-east-1.elb.amazonaws.com/restaurants?q=pizza&limit=12&sort=rating,76,0,0
1777593160278,147,01 - POST /auth/user/login,503,Service Temporarily Unavailable,Virtual Users [300 threads] 1-41,text,false,Login failed — check credentials in users.csv,337,363,3,3,http://k8s-forkfind-forkfind-8e65d48af1-1990260306.us-east-1.elb.amazonaws.com/auth/user/login,147,0,76
1777593160425,78,02 - GET /restaurants (search),200,OK,Virtual Users [300 threads] 1-41,text,true,,790,311,4,4,http://k8s-forkfind-forkfind-8e65d48af1-1990260306.us-east-1.elb.amazonaws.com/restaurants?q=pizza&limit=12&sort=rating,78,0,0
1777593160413,90,03 - POST /restaurants/10/reviews,401,Unauthorized,Virtual Users [300 threads] 1-40,text,false,"Review submission returned unexpected status (401 = bad token, 5xx = server error)",255,447,4,4,http://k8s-forkfind-forkfind-8e65d48af1-1990260306.us-east-1.elb.amazonaws.com/restaurants/10/reviews,90,0,0
1777593160381,149,01 - POST /auth/user/login,503,Service Temporarily Unavailable,Virtual Users [300 threads] 1-42,text,false,Login failed — check credentials in users.csv,337,363,3,3,http://k8s-forkfind-forkfind-8e65d48af1-1990260306.us-east-1.elb.amazonaws.com/auth/user/login,149,0,78
1777593160503,75,03 - POST /restaurants/10/reviews,401,Unauthorized,Virtual Users [300 threads] 1-41,text,false,"Review submission returned unexpected status (401 = bad token, 5xx = server error)",255,447,3,3,http://k8s-forkfind-forkfind-8e65d48af1-1990260306.us-east-1.elb.amazonaws.com/restaurants/10/reviews,75,0,0
1777593160531,84,02 - GET /restaurants (search),200,OK,Virtual Users [300 threads] 1-42,text,true,,790,311,3,3,http://k8s-forkfind-forkfind-8e65d48af1-1990260306.us-east-1.elb.amazonaws.com/restaurants?q=pizza&limit=12&sort=rating,84,0,0
1777593160477,143,01 - POST /auth/user/login,503,Service Temporarily Unavailable,Virtual Users [300 threads] 1-43,text,false,Login failed — check credentials in users.csv,337,363,3,3,http://k8s-forkfind-forkfind-8e65d48af1-1990260306.us-east-1.elb.amazonaws.com/auth/user/login,143,0,70
1777593160617,84,03 - POST /restaurants/10/reviews,401,Unauthorized,Virtual Users [300 threads] 1-42,text,false,"Review submission returned unexpected status (401 = bad token, 5xx = server error)",255,447,4,4,http://k8s-forkfind-forkfind-8e65d48af1-1990260306.us-east-1.elb.amazonaws.com/restaurants/10/reviews,84,0,0
1777593160621,80,02 - GET /restaurants (search),200,OK,Virtual Users [300 threads] 1-43,text,true,,790,311,4,4,http://k8s-forkfind-forkfind-8e65d48af1-1990260306.us-east-1.elb.amazonaws.com/restaurants?q=pizza&limit=12&sort=rating,80,0,0
1777593160580,169,01 - POST /auth/user/login,503,Service Temporarily Unavailable,Virtual Users [300 threads] 1-44,text,false,Login failed — check credentials in users.csv,337,363,3,3,http://k8s-forkfind-forkfind-8e65d48af1-1990260306.us-east-1.elb.amazonaws.com/auth/user/login,169,0,96
1777593160702,77,03 - POST /restaurants/10/reviews,401,Unauthorized,Virtual Users [300 threads] 1-43,text,false,"Review submission returned unexpected status (401 = bad token, 5xx = server error)",255,447,4,4,http://k8s-forkfind-forkfind-8e65d48af1-1990260306.us-east-1.elb.amazonaws.com/restaurants/10/reviews,77,0,0
1777593160680,148,01 - POST /auth/user/login,503,Service Temporarily Unavailable,Virtual Users [300 threads] 1-45,text,false,Login failed — check credentials in users.csv,337,363,3,3,http://k8s-forkfind-forkfind-8e65d48af1-1990260306.us-east-1.elb.amazonaws.com/auth/user/login,148,0,76
1777593160751,79,02 - GET /restaurants (search),200,OK,Virtual Users [300 threads] 1-44,text,true,,790,311,3,3,http://k8s-forkfind-forkfind-8e65d48af1-1990260306.us-east-1.elb.amazonaws.com/restaurants?q=pizza&limit=12&sort=rating,79,0,0
1777593160831,75,03 - POST /restaurants/10/reviews,401,Unauthorized,Virtual Users [300 threads] 1-44,text,false,"Review submission returned unexpected status (401 = bad token, 5xx = server error)",255,447,4,4,http://k8s-forkfind-forkfind-8e65d48af1-1990260306.us-east-1.elb.amazonaws.com/restaurants/10/reviews,75,0,0
1777593160830,85,02 - GET /restaurants (search),200,OK,Virtual Users [300 threads] 1-45,text,true,,790,311,3,3,http://k8s-forkfind-forkfind-8e65d48af1-1990260306.us-east-1.elb.amazonaws.com/restaurants?q=pizza&limit=12&sort=rating,85,0,0
1777593160778,173,01 - POST /auth/user/login,503,Service Temporarily Unavailable,Virtual Users [300 threads] 1-46,text,false,Login failed — check credentials in users.csv,337,363,3,3,http://k8s-forkfind-forkfind-8e65d48af1-1990260306.us-east-1.elb.amazonaws.com/auth/user/login,173,0,101
1777593160915,80,03 - POST /restaurants/10/reviews,401,Unauthorized,Virtual Users [300 threads] 1-45,text,false,"Review submission returned unexpected status (401 = bad token, 5xx = server error)",255,447,4,4,http://k8s-forkfind-forkfind-8e65d48af1-1990260306.us-east-1.elb.amazonaws.com/restaurants/10/reviews,80,0,0
1777593160878,144,01 - POST /auth/user/login,503,Service Temporarily Unavailable,Virtual Users [300 threads] 1-47,text,false,Login failed — check credentials in users.csv,337,363,3,3,http://k8s-forkfind-forkfind-8e65d48af1-1990260306.us-east-1.elb.amazonaws.com/auth/user/login,144,0,73
1777593160952,76,02 - GET /restaurants (search),200,OK,Virtual Users [300 threads] 1-46,text,true,,790,311,3,3,http://k8s-forkfind-forkfind-8e65d48af1-1990260306.us-east-1.elb.amazonaws.com/restaurants?q=pizza&limit=12&sort=rating,76,0,0
1777593161022,82,02 - GET /restaurants (search),200,OK,Virtual Users [300 threads] 1-47,text,true,,790,311,4,4,http://k8s-forkfind-forkfind-8e65d48af1-1990260306.us-east-1.elb.amazonaws.com/restaurants?q=pizza&limit=12&sort=rating,82,0,0
1777593161029,75,03 - POST /restaurants/10/reviews,401,Unauthorized,Virtual Users [300 threads] 1-46,text,false,"Review submission returned unexpected status (401 = bad token, 5xx = server error)",255,447,4,4,http://k8s-forkfind-forkfind-8e65d48af1-1990260306.us-east-1.elb.amazonaws.com/restaurants/10/reviews,75,0,0
1777593160977,143,01 - POST /auth/user/login,503,Service Temporarily Unavailable,Virtual Users [300 threads] 1-48,text,false,Login failed — check credentials in users.csv,337,363,3,3,http://k8s-forkfind-forkfind-8e65d48af1-1990260306.us-east-1.elb.amazonaws.com/auth/user/login,143,0,71
1777593161077,156,01 - POST /auth/user/login,503,Service Temporarily Unavailable,Virtual Users [300 threads] 1-49,text,false,Login failed — check credentials in users.csv,337,363,4,4,http://k8s-forkfind-forkfind-8e65d48af1-1990260306.us-east-1.elb.amazonaws.com/auth/user/login,155,0,74
1777593161105,188,03 - POST /restaurants/10/reviews,401,Unauthorized,Virtual Users [300 threads] 1-47,text,false,"Review submission returned unexpected status (401 = bad token, 5xx = server error)",255,447,5,5,http://k8s-forkfind-forkfind-8e65d48af1-1990260306.us-east-1.elb.amazonaws.com/restaurants/10/reviews,188,0,0
1777593161121,183,02 - GET /restaurants (search),200,OK,Virtual Users [300 threads] 1-48,text,true,,790,311,4,4,http://k8s-forkfind-forkfind-8e65d48af1-1990260306.us-east-1.elb.amazonaws.com/restaurants?q=pizza&limit=12&sort=rating,183,0,0
1777593161235,76,02 - GET /restaurants (search),200,OK,Virtual Users [300 threads] 1-49,text,true,,790,311,4,4,http://k8s-forkfind-forkfind-8e65d48af1-1990260306.us-east-1.elb.amazonaws.com/restaurants?q=pizza&limit=12&sort=rating,76,0,0
1777593161180,151,01 - POST /auth/user/login,503,Service Temporarily Unavailable,Virtual Users [300 threads] 1-50,text,false,Login failed — check credentials in users.csv,337,363,4,4,http://k8s-forkfind-forkfind-8e65d48af1-1990260306.us-east-1.elb.amazonaws.com/auth/user/login,151,0,78
1777593161305,74,03 - POST /restaurants/10/reviews,401,Unauthorized,Virtual Users [300 threads] 1-48,text,false,"Review submission returned unexpected status (401 = bad token, 5xx = server error)",255,447,5,5,http://k8s-forkfind-forkfind-8e65d48af1-1990260306.us-east-1.elb.amazonaws.com/restaurants/10/reviews,74,0,0
1777593161311,76,03 - POST /restaurants/10/reviews,401,Unauthorized,Virtual Users [300 threads] 1-49,text,false,"Review submission returned unexpected status (401 = bad token, 5xx = server error)",255,447,4,4,http://k8s-forkfind-forkfind-8e65d48af1-1990260306.us-east-1.elb.amazonaws.com/restaurants/10/reviews,76,0,0
1777593161332,76,02 - GET /restaurants (search),200,OK,Virtual Users [300 threads] 1-50,text,true,,790,311,3,3,http://k8s-forkfind-forkfind-8e65d48af1-1990260306.us-east-1.elb.amazonaws.com/restaurants?q=pizza&limit=12&sort=rating,76,0,0
1777593161276,210,01 - POST /auth/user/login,503,Service Temporarily Unavailable,Virtual Users [300 threads] 1-51,text,false,Login failed — check credentials in users.csv,337,363,4,4,http://k8s-forkfind-forkfind-8e65d48af1-1990260306.us-east-1.elb.amazonaws.com/auth/user/login,210,0,99
1777593161409,88,03 - POST /restaurants/10/reviews,401,Unauthorized,Virtual Users [300 threads] 1-50,text,false,"Review submission returned unexpected status (401 = bad token, 5xx = server error)",255,447,4,4,http://k8s-forkfind-forkfind-8e65d48af1-1990260306.us-east-1.elb.amazonaws.com/restaurants/10/reviews,88,0,0
1777593161377,184,01 - POST /auth/user/login,503,Service Temporarily Unavailable,Virtual Users [300 threads] 1-52,text,false,Login failed — check credentials in users.csv,337,363,3,3,http://k8s-forkfind-forkfind-8e65d48af1-1990260306.us-east-1.elb.amazonaws.com/auth/user/login,184,0,108
1777593161487,76,02 - GET /restaurants (search),200,OK,Virtual Users [300 threads] 1-51,text,true,,790,311,3,3,http://k8s-forkfind-forkfind-8e65d48af1-1990260306.us-east-1.elb.amazonaws.com/restaurants?q=pizza&limit=12&sort=rating,76,0,0
1777593161472,144,01 - POST /auth/user/login,503,Service Temporarily Unavailable,Virtual Users [300 threads] 1-53,text,false,Login failed — check credentials in users.csv,337,363,4,4,http://k8s-forkfind-forkfind-8e65d48af1-1990260306.us-east-1.elb.amazonaws.com/auth/user/login,144,0,73
1777593161564,75,03 - POST /restaurants/10/reviews,401,Unauthorized,Virtual Users [300 threads] 1-51,text,false,"Review submission returned unexpected status (401 = bad token, 5xx = server error)",255,447,4,4,http://k8s-forkfind-forkfind-8e65d48af1-1990260306.us-east-1.elb.amazonaws.com/restaurants/10/reviews,75,0,0
1777593161563,77,02 - GET /restaurants (search),200,OK,Virtual Users [300 threads] 1-52,text,true,,790,311,4,4,http://k8s-forkfind-forkfind-8e65d48af1-1990260306.us-east-1.elb.amazonaws.com/restaurants?q=pizza&limit=12&sort=rating,77,0,0
1777593161618,88,02 - GET /restaurants (search),200,OK,Virtual Users [300 threads] 1-53,text,true,,790,311,4,4,http://k8s-forkfind-forkfind-8e65d48af1-1990260306.us-east-1.elb.amazonaws.com/restaurants?q=pizza&limit=12&sort=rating,88,0,0
1777593161641,74,03 - POST /restaurants/10/reviews,401,Unauthorized,Virtual Users [300 threads] 1-52,text,false,"Review submission returned unexpected status (401 = bad token, 5xx = server error)",255,447,4,4,http://k8s-forkfind-forkfind-8e65d48af1-1990260306.us-east-1.elb.amazonaws.com/restaurants/10/reviews,74,0,0
1777593161573,143,01 - POST /auth/user/login,503,Service Temporarily Unavailable,Virtual Users [300 threads] 1-54,text,false,Login failed — check credentials in users.csv,337,363,4,4,http://k8s-forkfind-forkfind-8e65d48af1-1990260306.us-east-1.elb.amazonaws.com/auth/user/login,143,0,72
1777593161707,92,03 - POST /restaurants/10/reviews,401,Unauthorized,Virtual Users [300 threads] 1-53,text,false,"Review submission returned unexpected status (401 = bad token, 5xx = server error)",255,447,4,4,http://k8s-forkfind-forkfind-8e65d48af1-1990260306.us-east-1.elb.amazonaws.com/restaurants/10/reviews,92,0,0
1777593161717,89,02 - GET /restaurants (search),200,OK,Virtual Users [300 threads] 1-54,text,true,,790,311,3,3,http://k8s-forkfind-forkfind-8e65d48af1-1990260306.us-east-1.elb.amazonaws.com/restaurants?q=pizza&limit=12&sort=rating,89,0,0
1777593161675,145,01 - POST /auth/user/login,503,Service Temporarily Unavailable,Virtual Users [300 threads] 1-55,text,false,Login failed — check credentials in users.csv,337,363,3,3,http://k8s-forkfind-forkfind-8e65d48af1-1990260306.us-east-1.elb.amazonaws.com/auth/user/login,145,0,74
1777593161806,88,03 - POST /restaurants/10/reviews,401,Unauthorized,Virtual Users [300 threads] 1-54,text,false,"Review submission returned unexpected status (401 = bad token, 5xx = server error)",255,447,4,4,http://k8s-forkfind-forkfind-8e65d48af1-1990260306.us-east-1.elb.amazonaws.com/restaurants/10/reviews,88,0,0
1777593161820,87,02 - GET /restaurants (search),200,OK,Virtual Users [300 threads] 1-55,text,true,,790,311,3,3,http://k8s-forkfind-forkfind-8e65d48af1-1990260306.us-east-1.elb.amazonaws.com/restaurants?q=pizza&limit=12&sort=rating,87,0,0
1777593161767,146,01 - POST /auth/user/login,503,Service Temporarily Unavailable,Virtual Users [300 threads] 1-56,text,false,Login failed — check credentials in users.csv,337,363,3,3,http://k8s-forkfind-forkfind-8e65d48af1-1990260306.us-east-1.elb.amazonaws.com/auth/user/login,146,0,71
1777593161908,74,03 - POST /restaurants/10/reviews,401,Unauthorized,Virtual Users [300 threads] 1-55,text,false,"Review submission returned unexpected status (401 = bad token, 5xx = server error)",255,447,4,4,http://k8s-forkfind-forkfind-8e65d48af1-1990260306.us-east-1.elb.amazonaws.com/restaurants/10/reviews,74,0,0
1777593161913,78,02 - GET /restaurants (search),200,OK,Virtual Users [300 threads] 1-56,text,true,,790,311,3,3,http://k8s-forkfind-forkfind-8e65d48af1-1990260306.us-east-1.elb.amazonaws.com/restaurants?q=pizza&limit=12&sort=rating,78,0,0
1777593161870,144,01 - POST /auth/user/login,503,Service Temporarily Unavailable,Virtual Users [300 threads] 1-57,text,false,Login failed — check credentials in users.csv,337,363,3,3,http://k8s-forkfind-forkfind-8e65d48af1-1990260306.us-east-1.elb.amazonaws.com/auth/user/login,144,0,70
1777593161991,74,03 - POST /restaurants/10/reviews,401,Unauthorized,Virtual Users [300 threads] 1-56,text,false,"Review submission returned unexpected status (401 = bad token, 5xx = server error)",255,447,3,3,http://k8s-forkfind-forkfind-8e65d48af1-1990260306.us-east-1.elb.amazonaws.com/restaurants/10/reviews,74,0,0
1777593162015,96,02 - GET /restaurants (search),200,OK,Virtual Users [300 threads] 1-57,text,true,,790,311,3,3,http://k8s-forkfind-forkfind-8e65d48af1-1990260306.us-east-1.elb.amazonaws.com/restaurants?q=pizza&limit=12&sort=rating,96,0,0
1777593161973,144,01 - POST /auth/user/login,503,Service Temporarily Unavailable,Virtual Users [300 threads] 1-58,text,false,Login failed — check credentials in users.csv,337,363,3,3,http://k8s-forkfind-forkfind-8e65d48af1-1990260306.us-east-1.elb.amazonaws.com/auth/user/login,144,0,72
1777593162113,76,03 - POST /restaurants/10/reviews,401,Unauthorized,Virtual Users [300 threads] 1-57,text,false,"Review submission returned unexpected status (401 = bad token, 5xx = server error)",255,447,4,4,http://k8s-forkfind-forkfind-8e65d48af1-1990260306.us-east-1.elb.amazonaws.com/restaurants/10/reviews,76,0,0
1777593162118,91,02 - GET /restaurants (search),200,OK,Virtual Users [300 threads] 1-58,text,true,,790,311,3,3,http://k8s-forkfind-forkfind-8e65d48af1-1990260306.us-east-1.elb.amazonaws.com/restaurants?q=pizza&limit=12&sort=rating,91,0,0
1777593162070,162,01 - POST /auth/user/login,503,Service Temporarily Unavailable,Virtual Users [300 threads] 1-59,text,false,Login failed — check credentials in users.csv,337,363,3,3,http://k8s-forkfind-forkfind-8e65d48af1-1990260306.us-east-1.elb.amazonaws.com/auth/user/login,162,0,86
1777593162210,75,03 - POST /restaurants/10/reviews,401,Unauthorized,Virtual Users [300 threads] 1-58,text,false,"Review submission returned unexpected status (401 = bad token, 5xx = server error)",255,447,4,4,http://k8s-forkfind-forkfind-8e65d48af1-1990260306.us-east-1.elb.amazonaws.com/restaurants/10/reviews,75,0,0
1777593162233,77,02 - GET /restaurants (search),200,OK,Virtual Users [300 threads] 1-59,text,true,,790,311,3,3,http://k8s-forkfind-forkfind-8e65d48af1-1990260306.us-east-1.elb.amazonaws.com/restaurants?q=pizza&limit=12&sort=rating,76,0,0
1777593162173,150,01 - POST /auth/user/login,503,Service Temporarily Unavailable,Virtual Users [300 threads] 1-60,text,false,Login failed — check credentials in users.csv,337,363,3,3,http://k8s-forkfind-forkfind-8e65d48af1-1990260306.us-east-1.elb.amazonaws.com/auth/user/login,149,0,78
1777593162310,80,03 - POST /restaurants/10/reviews,401,Unauthorized,Virtual Users [300 threads] 1-59,text,false,"Review submission returned unexpected status (401 = bad token, 5xx = server error)",255,447,4,4,http://k8s-forkfind-forkfind-8e65d48af1-1990260306.us-east-1.elb.amazonaws.com/restaurants/10/reviews,80,0,0
1777593162324,87,02 - GET /restaurants (search),200,OK,Virtual Users [300 threads] 1-60,text,true,,790,311,3,3,http://k8s-forkfind-forkfind-8e65d48af1-1990260306.us-east-1.elb.amazonaws.com/restaurants?q=pizza&limit=12&sort=rating,87,0,0
1777593162272,162,01 - POST /auth/user/login,503,Service Temporarily Unavailable,Virtual Users [300 threads] 1-61,text,false,Login failed — check credentials in users.csv,337,363,3,3,http://k8s-forkfind-forkfind-8e65d48af1-1990260306.us-east-1.elb.amazonaws.com/auth/user/login,162,0,74
1777593162412,94,03 - POST /restaurants/10/reviews,401,Unauthorized,Virtual Users [300 threads] 1-60,text,false,"Review submission returned unexpected status (401 = bad token, 5xx = server error)",255,447,4,4,http://k8s-forkfind-forkfind-8e65d48af1-1990260306.us-east-1.elb.amazonaws.com/restaurants/10/reviews,94,0,0
1777593162436,80,02 - GET /restaurants (search),200,OK,Virtual Users [300 threads] 1-61,text,true,,790,311,3,3,http://k8s-forkfind-forkfind-8e65d48af1-1990260306.us-east-1.elb.amazonaws.com/restaurants?q=pizza&limit=12&sort=rating,80,0,0
1777593162372,144,01 - POST /auth/user/login,503,Service Temporarily Unavailable,Virtual Users [300 threads] 1-62,text,false,Login failed — check credentials in users.csv,337,363,3,3,http://k8s-forkfind-forkfind-8e65d48af1-1990260306.us-east-1.elb.amazonaws.com/auth/user/login,144,0,71
1777593162516,95,02 - GET /restaurants (search),200,OK,Virtual Users [300 threads] 1-62,text,true,,790,311,4,4,http://k8s-forkfind-forkfind-8e65d48af1-1990260306.us-east-1.elb.amazonaws.com/restaurants?q=pizza&limit=12&sort=rating,95,0,0
1777593162516,95,03 - POST /restaurants/10/reviews,401,Unauthorized,Virtual Users [300 threads] 1-61,text,false,"Review submission returned unexpected status (401 = bad token, 5xx = server error)",255,447,4,4,http://k8s-forkfind-forkfind-8e65d48af1-1990260306.us-east-1.elb.amazonaws.com/restaurants/10/reviews,95,0,0
1777593162471,167,01 - POST /auth/user/login,503,Service Temporarily Unavailable,Virtual Users [300 threads] 1-63,text,false,Login failed — check credentials in users.csv,337,363,3,3,http://k8s-forkfind-forkfind-8e65d48af1-1990260306.us-east-1.elb.amazonaws.com/auth/user/login,167,0,71
1777593162613,94,03 - POST /restaurants/10/reviews,401,Unauthorized,Virtual Users [300 threads] 1-62,text,false,"Review submission returned unexpected status (401 = bad token, 5xx = server error)",255,447,4,4,http://k8s-forkfind-forkfind-8e65d48af1-1990260306.us-east-1.elb.amazonaws.com/restaurants/10/reviews,93,0,0
1777593162639,77,02 - GET /restaurants (search),200,OK,Virtual Users [300 threads] 1-63,text,true,,790,311,3,3,http://k8s-forkfind-forkfind-8e65d48af1-1990260306.us-east-1.elb.amazonaws.com/restaurants?q=pizza&limit=12&sort=rating,77,0,0
1777593162575,160,01 - POST /auth/user/login,503,Service Temporarily Unavailable,Virtual Users [300 threads] 1-64,text,false,Login failed — check credentials in users.csv,337,363,3,3,http://k8s-forkfind-forkfind-8e65d48af1-1990260306.us-east-1.elb.amazonaws.com/auth/user/login,160,0,86
1777593162717,78,03 - POST /restaurants/10/reviews,401,Unauthorized,Virtual Users [300 threads] 1-63,text,false,"Review submission returned unexpected status (401 = bad token, 5xx = server error)",255,447,4,4,http://k8s-forkfind-forkfind-8e65d48af1-1990260306.us-east-1.elb.amazonaws.com/restaurants/10/reviews,78,0,0
1777593162737,80,02 - GET /restaurants (search),200,OK,Virtual Users [300 threads] 1-64,text,true,,790,311,3,3,http://k8s-forkfind-forkfind-8e65d48af1-1990260306.us-east-1.elb.amazonaws.com/restaurants?q=pizza&limit=12&sort=rating,80,0,0
1777593162674,148,01 - POST /auth/user/login,503,Service Temporarily Unavailable,Virtual Users [300 threads] 1-65,text,false,Login failed — check credentials in users.csv,337,363,3,3,http://k8s-forkfind-forkfind-8e65d48af1-1990260306.us-east-1.elb.amazonaws.com/auth/user/login,148,0,73
1777593162818,83,03 - POST /restaurants/10/reviews,401,Unauthorized,Virtual Users [300 threads] 1-64,text,false,"Review submission returned unexpected status (401 = bad token, 5xx = server error)",255,447,4,4,http://k8s-forkfind-forkfind-8e65d48af1-1990260306.us-east-1.elb.amazonaws.com/restaurants/10/reviews,83,0,0
1777593162823,85,02 - GET /restaurants (search),200,OK,Virtual Users [300 threads] 1-65,text,true,,790,311,3,3,http://k8s-forkfind-forkfind-8e65d48af1-1990260306.us-east-1.elb.amazonaws.com/restaurants?q=pizza&limit=12&sort=rating,85,0,0
1777593162776,143,01 - POST /auth/user/login,503,Service Temporarily Unavailable,Virtual Users [300 threads] 1-66,text,false,Login failed — check credentials in users.csv,337,363,3,3,http://k8s-forkfind-forkfind-8e65d48af1-1990260306.us-east-1.elb.amazonaws.com/auth/user/login,143,0,71
1777593162921,90,02 - GET /restaurants (search),200,OK,Virtual Users [300 threads] 1-66,text,true,,790,311,4,4,http://k8s-forkfind-forkfind-8e65d48af1-1990260306.us-east-1.elb.amazonaws.com/restaurants?q=pizza&limit=12&sort=rating,90,0,0
1777593162909,102,03 - POST /restaurants/10/reviews,401,Unauthorized,Virtual Users [300 threads] 1-65,text,false,"Review submission returned unexpected status (401 = bad token, 5xx = server error)",255,447,4,4,http://k8s-forkfind-forkfind-8e65d48af1-1990260306.us-east-1.elb.amazonaws.com/restaurants/10/reviews,102,0,0
1777593162875,146,01 - POST /auth/user/login,503,Service Temporarily Unavailable,Virtual Users [300 threads] 1-67,text,false,Login failed — check credentials in users.csv,337,363,3,3,http://k8s-forkfind-forkfind-8e65d48af1-1990260306.us-east-1.elb.amazonaws.com/auth/user/login,146,0,75
1777593163022,143,02 - GET /restaurants (search),200,OK,Virtual Users [300 threads] 1-67,text,true,,790,311,4,4,http://k8s-forkfind-forkfind-8e65d48af1-1990260306.us-east-1.elb.amazonaws.com/restaurants?q=pizza&limit=12&sort=rating,143,0,0
1777593163012,153,03 - POST /restaurants/10/reviews,401,Unauthorized,Virtual Users [300 threads] 1-66,text,false,"Review submission returned unexpected status (401 = bad token, 5xx = server error)",255,447,4,4,http://k8s-forkfind-forkfind-8e65d48af1-1990260306.us-east-1.elb.amazonaws.com/restaurants/10/reviews,153,0,0
1777593162970,195,01 - POST /auth/user/login,503,Service Temporarily Unavailable,Virtual Users [300 threads] 1-68,text,false,Login failed — check credentials in users.csv,337,363,4,4,http://k8s-forkfind-forkfind-8e65d48af1-1990260306.us-east-1.elb.amazonaws.com/auth/user/login,195,0,73
1777593163074,162,01 - POST /auth/user/login,503,Service Temporarily Unavailable,Virtual Users [300 threads] 1-69,text,false,Login failed — check credentials in users.csv,337,363,4,4,http://k8s-forkfind-forkfind-8e65d48af1-1990260306.us-east-1.elb.amazonaws.com/auth/user/login,162,0,91
1777593163166,77,03 - POST /restaurants/10/reviews,401,Unauthorized,Virtual Users [300 threads] 1-67,text,false,"Review submission returned unexpected status (401 = bad token, 5xx = server error)",255,447,4,4,http://k8s-forkfind-forkfind-8e65d48af1-1990260306.us-east-1.elb.amazonaws.com/restaurants/10/reviews,77,0,0
1777593163167,86,02 - GET /restaurants (search),200,OK,Virtual Users [300 threads] 1-68,text,true,,790,311,3,3,http://k8s-forkfind-forkfind-8e65d48af1-1990260306.us-east-1.elb.amazonaws.com/restaurants?q=pizza&limit=12&sort=rating,85,0,0
1777593163237,91,02 - GET /restaurants (search),200,OK,Virtual Users [300 threads] 1-69,text,true,,790,311,4,4,http://k8s-forkfind-forkfind-8e65d48af1-1990260306.us-east-1.elb.amazonaws.com/restaurants?q=pizza&limit=12&sort=rating,91,0,0
1777593163253,75,03 - POST /restaurants/10/reviews,401,Unauthorized,Virtual Users [300 threads] 1-68,text,false,"Review submission returned unexpected status (401 = bad token, 5xx = server error)",255,447,4,4,http://k8s-forkfind-forkfind-8e65d48af1-1990260306.us-east-1.elb.amazonaws.com/restaurants/10/reviews,75,0,0
1777593163172,156,01 - POST /auth/user/login,503,Service Temporarily Unavailable,Virtual Users [300 threads] 1-70,text,false,Login failed — check credentials in users.csv,337,363,4,4,http://k8s-forkfind-forkfind-8e65d48af1-1990260306.us-east-1.elb.amazonaws.com/auth/user/login,156,0,70
1777593163329,75,03 - POST /restaurants/10/reviews,401,Unauthorized,Virtual Users [300 threads] 1-69,text,false,"Review submission returned unexpected status (401 = bad token, 5xx = server error)",255,447,4,4,http://k8s-forkfind-forkfind-8e65d48af1-1990260306.us-east-1.elb.amazonaws.com/restaurants/10/reviews,75,0,0
1777593163329,83,02 - GET /restaurants (search),200,OK,Virtual Users [300 threads] 1-70,text,true,,790,311,3,3,http://k8s-forkfind-forkfind-8e65d48af1-1990260306.us-east-1.elb.amazonaws.com/restaurants?q=pizza&limit=12&sort=rating,83,0,0
1777593163272,142,01 - POST /auth/user/login,503,Service Temporarily Unavailable,Virtual Users [300 threads] 1-71,text,false,Login failed — check credentials in users.csv,337,363,3,3,http://k8s-forkfind-forkfind-8e65d48af1-1990260306.us-east-1.elb.amazonaws.com/auth/user/login,142,0,71
1777593163412,76,03 - POST /restaurants/10/reviews,401,Unauthorized,Virtual Users [300 threads] 1-70,text,false,"Review submission returned unexpected status (401 = bad token, 5xx = server error)",255,447,4,4,http://k8s-forkfind-forkfind-8e65d48af1-1990260306.us-east-1.elb.amazonaws.com/restaurants/10/reviews,76,0,0
1777593163416,80,02 - GET /restaurants (search),200,OK,Virtual Users [300 threads] 1-71,text,true,,790,311,3,3,http://k8s-forkfind-forkfind-8e65d48af1-1990260306.us-east-1.elb.amazonaws.com/restaurants?q=pizza&limit=12&sort=rating,80,0,0
1777593163373,142,01 - POST /auth/user/login,503,Service Temporarily Unavailable,Virtual Users [300 threads] 1-72,text,false,Login failed — check credentials in users.csv,337,363,3,3,http://k8s-forkfind-forkfind-8e65d48af1-1990260306.us-east-1.elb.amazonaws.com/auth/user/login,142,0,71
1777593163497,73,03 - POST /restaurants/10/reviews,401,Unauthorized,Virtual Users [300 threads] 1-71,text,false,"Review submission returned unexpected status (401 = bad token, 5xx = server error)",255,447,3,3,http://k8s-forkfind-forkfind-8e65d48af1-1990260306.us-east-1.elb.amazonaws.com/restaurants/10/reviews,73,0,0
1777593163517,83,02 - GET /restaurants (search),200,OK,Virtual Users [300 threads] 1-72,text,true,,790,311,3,3,http://k8s-forkfind-forkfind-8e65d48af1-1990260306.us-east-1.elb.amazonaws.com/restaurants?q=pizza&limit=12&sort=rating,83,0,0
1777593163472,144,01 - POST /auth/user/login,503,Service Temporarily Unavailable,Virtual Users [300 threads] 1-73,text,false,Login failed — check credentials in users.csv,337,363,3,3,http://k8s-forkfind-forkfind-8e65d48af1-1990260306.us-east-1.elb.amazonaws.com/auth/user/login,144,0,72
1777593163601,81,03 - POST /restaurants/10/reviews,401,Unauthorized,Virtual Users [300 threads] 1-72,text,false,"Review submission returned unexpected status (401 = bad token, 5xx = server error)",255,447,4,4,http://k8s-forkfind-forkfind-8e65d48af1-1990260306.us-east-1.elb.amazonaws.com/restaurants/10/reviews,81,0,0
1777593163617,89,02 - GET /restaurants (search),200,OK,Virtual Users [300 threads] 1-73,text,true,,790,311,3,3,http://k8s-forkfind-forkfind-8e65d48af1-1990260306.us-east-1.elb.amazonaws.com/restaurants?q=pizza&limit=12&sort=rating,89,0,0
1777593163573,146,01 - POST /auth/user/login,503,Service Temporarily Unavailable,Virtual Users [300 threads] 1-74,text,false,Login failed — check credentials in users.csv,337,363,3,3,http://k8s-forkfind-forkfind-8e65d48af1-1990260306.us-east-1.elb.amazonaws.com/auth/user/login,146,0,73
1777593163707,81,03 - POST /restaurants/10/reviews,401,Unauthorized,Virtual Users [300 threads] 1-73,text,false,"Review submission returned unexpected status (401 = bad token, 5xx = server error)",255,447,4,4,http://k8s-forkfind-forkfind-8e65d48af1-1990260306.us-east-1.elb.amazonaws.com/restaurants/10/reviews,81,0,0
1777593163720,104,02 - GET /restaurants (search),200,OK,Virtual Users [300 threads] 1-74,text,true,,790,311,3,3,http://k8s-forkfind-forkfind-8e65d48af1-1990260306.us-east-1.elb.amazonaws.com/restaurants?q=pizza&limit=12&sort=rating,104,0,0
1777593163674,150,01 - POST /auth/user/login,503,Service Temporarily Unavailable,Virtual Users [300 threads] 1-75,text,false,Login failed — check credentials in users.csv,337,363,3,3,http://k8s-forkfind-forkfind-8e65d48af1-1990260306.us-east-1.elb.amazonaws.com/auth/user/login,150,0,75
1777593163825,93,03 - POST /restaurants/10/reviews,401,Unauthorized,Virtual Users [300 threads] 1-74,text,false,"Review submission returned unexpected status (401 = bad token, 5xx = server error)",255,447,4,4,http://k8s-forkfind-forkfind-8e65d48af1-1990260306.us-east-1.elb.amazonaws.com/restaurants/10/reviews,93,0,0
1777593163773,150,01 - POST /auth/user/login,503,Service Temporarily Unavailable,Virtual Users [300 threads] 1-76,text,false,Login failed — check credentials in users.csv,337,363,3,3,http://k8s-forkfind-forkfind-8e65d48af1-1990260306.us-east-1.elb.amazonaws.com/auth/user/login,150,0,77
1777593163825,105,02 - GET /restaurants (search),200,OK,Virtual Users [300 threads] 1-75,text,true,,790,311,3,3,http://k8s-forkfind-forkfind-8e65d48af1-1990260306.us-east-1.elb.amazonaws.com/restaurants?q=pizza&limit=12&sort=rating,105,0,0
1777593163924,102,02 - GET /restaurants (search),200,OK,Virtual Users [300 threads] 1-76,text,true,,790,311,4,4,http://k8s-forkfind-forkfind-8e65d48af1-1990260306.us-east-1.elb.amazonaws.com/restaurants?q=pizza&limit=12&sort=rating,102,0,0
1777593163931,95,03 - POST /restaurants/10/reviews,401,Unauthorized,Virtual Users [300 threads] 1-75,text,false,"Review submission returned unexpected status (401 = bad token, 5xx = server error)",255,447,4,4,http://k8s-forkfind-forkfind-8e65d48af1-1990260306.us-east-1.elb.amazonaws.com/restaurants/10/reviews,95,0,0
1777593163871,155,01 - POST /auth/user/login,503,Service Temporarily Unavailable,Virtual Users [300 threads] 1-77,text,false,Login failed — check credentials in users.csv,337,363,4,4,http://k8s-forkfind-forkfind-8e65d48af1-1990260306.us-east-1.elb.amazonaws.com/auth/user/login,155,0,73
1777593164027,73,03 - POST /restaurants/10/reviews,401,Unauthorized,Virtual Users [300 threads] 1-76,text,false,"Review submission returned unexpected status (401 = bad token, 5xx = server error)",255,447,4,4,http://k8s-forkfind-forkfind-8e65d48af1-1990260306.us-east-1.elb.amazonaws.com/restaurants/10/reviews,73,0,0
1777593164027,82,02 - GET /restaurants (search),200,OK,Virtual Users [300 threads] 1-77,text,true,,790,311,3,3,http://k8s-forkfind-forkfind-8e65d48af1-1990260306.us-east-1.elb.amazonaws.com/restaurants?q=pizza&limit=12&sort=rating,82,0,0
1777593163972,148,01 - POST /auth/user/login,503,Service Temporarily Unavailable,Virtual Users [300 threads] 1-78,text,false,Login failed — check credentials in users.csv,337,363,3,3,http://k8s-forkfind-forkfind-8e65d48af1-1990260306.us-east-1.elb.amazonaws.com/auth/user/login,148,0,76
1777593164110,82,03 - POST /restaurants/10/reviews,401,Unauthorized,Virtual Users [300 threads] 1-77,text,false,"Review submission returned unexpected status (401 = bad token, 5xx = server error)",255,447,4,4,http://k8s-forkfind-forkfind-8e65d48af1-1990260306.us-east-1.elb.amazonaws.com/restaurants/10/reviews,82,0,0
1777593164121,93,02 - GET /restaurants (search),200,OK,Virtual Users [300 threads] 1-78,text,true,,790,311,3,3,http://k8s-forkfind-forkfind-8e65d48af1-1990260306.us-east-1.elb.amazonaws.com/restaurants?q=pizza&limit=12&sort=rating,93,0,0
1777593164071,147,01 - POST /auth/user/login,503,Service Temporarily Unavailable,Virtual Users [300 threads] 1-79,text,false,Login failed — check credentials in users.csv,337,363,3,3,http://k8s-forkfind-forkfind-8e65d48af1-1990260306.us-east-1.elb.amazonaws.com/auth/user/login,147,0,75
1777593164215,83,03 - POST /restaurants/10/reviews,401,Unauthorized,Virtual Users [300 threads] 1-78,text,false,"Review submission returned unexpected status (401 = bad token, 5xx = server error)",255,447,4,4,http://k8s-forkfind-forkfind-8e65d48af1-1990260306.us-east-1.elb.amazonaws.com/restaurants/10/reviews,83,0,0
1777593164219,99,02 - GET /restaurants (search),200,OK,Virtual Users [300 threads] 1-79,text,true,,790,311,3,3,http://k8s-forkfind-forkfind-8e65d48af1-1990260306.us-east-1.elb.amazonaws.com/restaurants?q=pizza&limit=12&sort=rating,99,0,0
1777593164175,174,01 - POST /auth/user/login,503,Service Temporarily Unavailable,Virtual Users [300 threads] 1-80,text,false,Login failed — check credentials in users.csv,337,363,3,3,http://k8s-forkfind-forkfind-8e65d48af1-1990260306.us-east-1.elb.amazonaws.com/auth/user/login,174,0,99
1777593164319,76,03 - POST /restaurants/10/reviews,401,Unauthorized,Virtual Users [300 threads] 1-79,text,false,"Review submission returned unexpected status (401 = bad token, 5xx = server error)",255,447,4,4,http://k8s-forkfind-forkfind-8e65d48af1-1990260306.us-east-1.elb.amazonaws.com/restaurants/10/reviews,76,0,0
1777593164275,145,01 - POST /auth/user/login,503,Service Temporarily Unavailable,Virtual Users [300 threads] 1-81,text,false,Login failed — check credentials in users.csv,337,363,3,3,http://k8s-forkfind-forkfind-8e65d48af1-1990260306.us-east-1.elb.amazonaws.com/auth/user/login,145,0,74
1777593164351,87,02 - GET /restaurants (search),200,OK,Virtual Users [300 threads] 1-80,text,true,,790,311,3,3,http://k8s-forkfind-forkfind-8e65d48af1-1990260306.us-east-1.elb.amazonaws.com/restaurants?q=pizza&limit=12&sort=rating,87,0,0
1777593164439,78,03 - POST /restaurants/10/reviews,401,Unauthorized,Virtual Users [300 threads] 1-80,text,false,"Review submission returned unexpected status (401 = bad token, 5xx = server error)",255,447,4,4,http://k8s-forkfind-forkfind-8e65d48af1-1990260306.us-east-1.elb.amazonaws.com/restaurants/10/reviews,78,0,0
1777593164422,95,02 - GET /restaurants (search),200,OK,Virtual Users [300 threads] 1-81,text,true,,790,311,4,4,http://k8s-forkfind-forkfind-8e65d48af1-1990260306.us-east-1.elb.amazonaws.com/restaurants?q=pizza&limit=12&sort=rating,95,0,0
1777593164373,144,01 - POST /auth/user/login,503,Service Temporarily Unavailable,Virtual Users [300 threads] 1-82,text,false,Login failed — check credentials in users.csv,337,363,4,4,http://k8s-forkfind-forkfind-8e65d48af1-1990260306.us-east-1.elb.amazonaws.com/auth/user/login,144,0,71
1777593164518,81,03 - POST /restaurants/10/reviews,401,Unauthorized,Virtual Users [300 threads] 1-81,text,false,"Review submission returned unexpected status (401 = bad token, 5xx = server error)",255,447,4,4,http://k8s-forkfind-forkfind-8e65d48af1-1990260306.us-east-1.elb.amazonaws.com/restaurants/10/reviews,81,0,0
1777593164518,92,02 - GET /restaurants (search),200,OK,Virtual Users [300 threads] 1-82,text,true,,790,311,3,3,http://k8s-forkfind-forkfind-8e65d48af1-1990260306.us-east-1.elb.amazonaws.com/restaurants?q=pizza&limit=12&sort=rating,92,0,0
1777593164471,146,01 - POST /auth/user/login,503,Service Temporarily Unavailable,Virtual Users [300 threads] 1-83,text,false,Login failed — check credentials in users.csv,337,363,3,3,http://k8s-forkfind-forkfind-8e65d48af1-1990260306.us-east-1.elb.amazonaws.com/auth/user/login,146,0,74
1777593164610,78,03 - POST /restaurants/10/reviews,401,Unauthorized,Virtual Users [300 threads] 1-82,text,false,"Review submission returned unexpected status (401 = bad token, 5xx = server error)",255,447,4,4,http://k8s-forkfind-forkfind-8e65d48af1-1990260306.us-east-1.elb.amazonaws.com/restaurants/10/reviews,78,0,0
1777593164617,98,02 - GET /restaurants (search),200,OK,Virtual Users [300 threads] 1-83,text,true,,790,311,3,3,http://k8s-forkfind-forkfind-8e65d48af1-1990260306.us-east-1.elb.amazonaws.com/restaurants?q=pizza&limit=12&sort=rating,98,0,0
1777593164568,147,01 - POST /auth/user/login,503,Service Temporarily Unavailable,Virtual Users [300 threads] 1-84,text,false,Login failed — check credentials in users.csv,337,363,3,3,http://k8s-forkfind-forkfind-8e65d48af1-1990260306.us-east-1.elb.amazonaws.com/auth/user/login,147,0,76
1777593164716,102,02 - GET /restaurants (search),200,OK,Virtual Users [300 threads] 1-84,text,true,,790,311,4,4,http://k8s-forkfind-forkfind-8e65d48af1-1990260306.us-east-1.elb.amazonaws.com/restaurants?q=pizza&limit=12&sort=rating,102,0,0
1777593164716,102,03 - POST /restaurants/10/reviews,401,Unauthorized,Virtual Users [300 threads] 1-83,text,false,"Review submission returned unexpected status (401 = bad token, 5xx = server error)",255,447,4,4,http://k8s-forkfind-forkfind-8e65d48af1-1990260306.us-east-1.elb.amazonaws.com/restaurants/10/reviews,102,0,0
1777593164668,150,01 - POST /auth/user/login,503,Service Temporarily Unavailable,Virtual Users [300 threads] 1-85,text,false,Login failed — check credentials in users.csv,337,363,4,4,http://k8s-forkfind-forkfind-8e65d48af1-1990260306.us-east-1.elb.amazonaws.com/auth/user/login,150,0,74
1777593164819,79,03 - POST /restaurants/10/reviews,401,Unauthorized,Virtual Users [300 threads] 1-84,text,false,"Review submission returned unexpected status (401 = bad token, 5xx = server error)",255,447,4,4,http://k8s-forkfind-forkfind-8e65d48af1-1990260306.us-east-1.elb.amazonaws.com/restaurants/10/reviews,79,0,0
1777593164820,90,02 - GET /restaurants (search),200,OK,Virtual Users [300 threads] 1-85,text,true,,790,311,3,3,http://k8s-forkfind-forkfind-8e65d48af1-1990260306.us-east-1.elb.amazonaws.com/restaurants?q=pizza&limit=12&sort=rating,90,0,0
1777593164763,148,01 - POST /auth/user/login,503,Service Temporarily Unavailable,Virtual Users [300 threads] 1-86,text,false,Login failed — check credentials in users.csv,337,363,3,3,http://k8s-forkfind-forkfind-8e65d48af1-1990260306.us-east-1.elb.amazonaws.com/auth/user/login,148,0,73
1777593164911,78,03 - POST /restaurants/10/reviews,401,Unauthorized,Virtual Users [300 threads] 1-85,text,false,"Review submission returned unexpected status (401 = bad token, 5xx = server error)",255,447,4,4,http://k8s-forkfind-forkfind-8e65d48af1-1990260306.us-east-1.elb.amazonaws.com/restaurants/10/reviews,78,0,0
1777593164912,103,02 - GET /restaurants (search),200,OK,Virtual Users [300 threads] 1-86,text,true,,790,311,3,3,http://k8s-forkfind-forkfind-8e65d48af1-1990260306.us-east-1.elb.amazonaws.com/restaurants?q=pizza&limit=12&sort=rating,103,0,0
1777593164864,151,01 - POST /auth/user/login,503,Service Temporarily Unavailable,Virtual Users [300 threads] 1-87,text,false,Login failed — check credentials in users.csv,337,363,3,3,http://k8s-forkfind-forkfind-8e65d48af1-1990260306.us-east-1.elb.amazonaws.com/auth/user/login,151,0,77
1777593165016,88,03 - POST /restaurants/10/reviews,401,Unauthorized,Virtual Users [300 threads] 1-86,text,false,"Review submission returned unexpected status (401 = bad token, 5xx = server error)",255,447,4,4,http://k8s-forkfind-forkfind-8e65d48af1-1990260306.us-east-1.elb.amazonaws.com/restaurants/10/reviews,88,0,0
1777593165016,100,02 - GET /restaurants (search),200,OK,Virtual Users [300 threads] 1-87,text,true,,790,311,3,3,http://k8s-forkfind-forkfind-8e65d48af1-1990260306.us-east-1.elb.amazonaws.com/restaurants?q=pizza&limit=12&sort=rating,100,0,0
1777593164965,151,01 - POST /auth/user/login,503,Service Temporarily Unavailable,Virtual Users [300 threads] 1-88,text,false,Login failed — check credentials in users.csv,337,363,3,3,http://k8s-forkfind-forkfind-8e65d48af1-1990260306.us-east-1.elb.amazonaws.com/auth/user/login,151,0,80
1777593165118,102,02 - GET /restaurants (search),200,OK,Virtual Users [300 threads] 1-88,text,true,,790,311,4,4,http://k8s-forkfind-forkfind-8e65d48af1-1990260306.us-east-1.elb.amazonaws.com/restaurants?q=pizza&limit=12&sort=rating,102,0,0
1777593165117,103,03 - POST /restaurants/10/reviews,401,Unauthorized,Virtual Users [300 threads] 1-87,text,false,"Review submission returned unexpected status (401 = bad token, 5xx = server error)",255,447,4,4,http://k8s-forkfind-forkfind-8e65d48af1-1990260306.us-east-1.elb.amazonaws.com/restaurants/10/reviews,103,0,0
1777593165064,156,01 - POST /auth/user/login,503,Service Temporarily Unavailable,Virtual Users [300 threads] 1-89,text,false,Login failed — check credentials in users.csv,337,363,4,4,http://k8s-forkfind-forkfind-8e65d48af1-1990260306.us-east-1.elb.amazonaws.com/auth/user/login,156,0,72
1777593165221,78,03 - POST /restaurants/10/reviews,Non HTTP response code: java.net.SocketException,Non HTTP response message: Connection reset,Virtual Users [300 threads] 1-88,text,false,"Review submission returned unexpected status (401 = bad token, 5xx = server error)",2601,0,4,4,http://k8s-forkfind-forkfind-8e65d48af1-1990260306.us-east-1.elb.amazonaws.com/restaurants/10/reviews,0,0,0
1777593165221,83,02 - GET /restaurants (search),200,OK,Virtual Users [300 threads] 1-89,text,true,,790,311,3,3,http://k8s-forkfind-forkfind-8e65d48af1-1990260306.us-east-1.elb.amazonaws.com/restaurants?q=pizza&limit=12&sort=rating,83,0,0
1777593165168,152,01 - POST /auth/user/login,503,Service Temporarily Unavailable,Virtual Users [300 threads] 1-90,text,false,Login failed — check credentials in users.csv,337,363,3,3,http://k8s-forkfind-forkfind-8e65d48af1-1990260306.us-east-1.elb.amazonaws.com/auth/user/login,152,0,80
1777593165305,75,03 - POST /restaurants/10/reviews,Non HTTP response code: java.net.SocketException,Non HTTP response message: Connection reset,Virtual Users [300 threads] 1-89,text,false,"Review submission returned unexpected status (401 = bad token, 5xx = server error)",2601,0,4,4,http://k8s-forkfind-forkfind-8e65d48af1-1990260306.us-east-1.elb.amazonaws.com/restaurants/10/reviews,0,0,0
1777593165321,104,02 - GET /restaurants (search),200,OK,Virtual Users [300 threads] 1-90,text,true,,790,311,3,3,http://k8s-forkfind-forkfind-8e65d48af1-1990260306.us-east-1.elb.amazonaws.com/restaurants?q=pizza&limit=12&sort=rating,104,0,0
1777593165265,160,01 - POST /auth/user/login,503,Service Temporarily Unavailable,Virtual Users [300 threads] 1-91,text,false,Login failed — check credentials in users.csv,337,363,3,3,http://k8s-forkfind-forkfind-8e65d48af1-1990260306.us-east-1.elb.amazonaws.com/auth/user/login,160,0,72
1777593165427,80,02 - GET /restaurants (search),200,OK,Virtual Users [300 threads] 1-91,text,true,,790,311,4,4,http://k8s-forkfind-forkfind-8e65d48af1-1990260306.us-east-1.elb.amazonaws.com/restaurants?q=pizza&limit=12&sort=rating,80,0,0
1777593165426,81,03 - POST /restaurants/10/reviews,Non HTTP response code: java.net.SocketException,Non HTTP response message: Connection reset,Virtual Users [300 threads] 1-90,text,false,"Review submission returned unexpected status (401 = bad token, 5xx = server error)",2601,0,4,4,http://k8s-forkfind-forkfind-8e65d48af1-1990260306.us-east-1.elb.amazonaws.com/restaurants/10/reviews,0,0,0
1777593165370,152,01 - POST /auth/user/login,503,Service Temporarily Unavailable,Virtual Users [300 threads] 1-92,text,false,Login failed — check credentials in users.csv,337,363,3,3,http://k8s-forkfind-forkfind-8e65d48af1-1990260306.us-east-1.elb.amazonaws.com/auth/user/login,151,0,74
1777593165508,76,03 - POST /restaurants/10/reviews,Non HTTP response code: java.net.SocketException,Non HTTP response message: Connection reset,Virtual Users [300 threads] 1-91,text,false,"Review submission returned unexpected status (401 = bad token, 5xx = server error)",2601,0,4,4,http://k8s-forkfind-forkfind-8e65d48af1-1990260306.us-east-1.elb.amazonaws.com/restaurants/10/reviews,0,0,0
1777593165523,86,02 - GET /restaurants (search),200,OK,Virtual Users [300 threads] 1-92,text,true,,790,311,3,3,http://k8s-forkfind-forkfind-8e65d48af1-1990260306.us-east-1.elb.amazonaws.com/restaurants?q=pizza&limit=12&sort=rating,86,0,0
1777593165471,144,01 - POST /auth/user/login,503,Service Temporarily Unavailable,Virtual Users [300 threads] 1-93,text,false,Login failed — check credentials in users.csv,337,363,3,3,http://k8s-forkfind-forkfind-8e65d48af1-1990260306.us-east-1.elb.amazonaws.com/auth/user/login,144,0,72
1777593165610,78,03 - POST /restaurants/10/reviews,Non HTTP response code: java.net.SocketException,Non HTTP response message: Connection reset,Virtual Users [300 threads] 1-92,text,false,"Review submission returned unexpected status (401 = bad token, 5xx = server error)",2601,0,4,4,http://k8s-forkfind-forkfind-8e65d48af1-1990260306.us-east-1.elb.amazonaws.com/restaurants/10/reviews,0,0,0
1777593165616,76,02 - GET /restaurants (search),200,OK,Virtual Users [300 threads] 1-93,text,true,,790,311,3,3,http://k8s-forkfind-forkfind-8e65d48af1-1990260306.us-east-1.elb.amazonaws.com/restaurants?q=pizza&limit=12&sort=rating,76,0,0
1777593165568,144,01 - POST /auth/user/login,503,Service Temporarily Unavailable,Virtual Users [300 threads] 1-94,text,false,Login failed — check credentials in users.csv,337,363,3,3,http://k8s-forkfind-forkfind-8e65d48af1-1990260306.us-east-1.elb.amazonaws.com/auth/user/login,144,0,72
1777593165692,91,03 - POST /restaurants/10/reviews,Non HTTP response code: java.net.SocketException,Non HTTP response message: Connection reset,Virtual Users [300 threads] 1-93,text,false,"Review submission returned unexpected status (401 = bad token, 5xx = server error)",2601,0,4,4,http://k8s-forkfind-forkfind-8e65d48af1-1990260306.us-east-1.elb.amazonaws.com/restaurants/10/reviews,0,0,0
1777593165712,101,02 - GET /restaurants (search),200,OK,Virtual Users [300 threads] 1-94,text,true,,790,311,3,3,http://k8s-forkfind-forkfind-8e65d48af1-1990260306.us-east-1.elb.amazonaws.com/restaurants?q=pizza&limit=12&sort=rating,101,0,0
1777593165667,146,01 - POST /auth/user/login,503,Service Temporarily Unavailable,Virtual Users [300 threads] 1-95,text,false,Login failed — check credentials in users.csv,337,363,3,3,http://k8s-forkfind-forkfind-8e65d48af1-1990260306.us-east-1.elb.amazonaws.com/auth/user/login,146,0,72
1777593165813,79,03 - POST /restaurants/10/reviews,Non HTTP response code: java.net.SocketException,Non HTTP response message: Connection reset,Virtual Users [300 threads] 1-94,text,false,"Review submission returned unexpected status (401 = bad token, 5xx = server error)",2601,0,4,4,http://k8s-forkfind-forkfind-8e65d48af1-1990260306.us-east-1.elb.amazonaws.com/restaurants/10/reviews,0,0,0
1777593165813,86,02 - GET /restaurants (search),200,OK,Virtual Users [300 threads] 1-95,text,true,,790,311,3,3,http://k8s-forkfind-forkfind-8e65d48af1-1990260306.us-east-1.elb.amazonaws.com/restaurants?q=pizza&limit=12&sort=rating,86,0,0
1777593165765,144,01 - POST /auth/user/login,503,Service Temporarily Unavailable,Virtual Users [300 threads] 1-96,text,false,Login failed — check credentials in users.csv,337,363,3,3,http://k8s-forkfind-forkfind-8e65d48af1-1990260306.us-east-1.elb.amazonaws.com/auth/user/login,144,0,72
1777593165899,74,03 - POST /restaurants/10/reviews,Non HTTP response code: java.net.SocketException,Non HTTP response message: Connection reset,Virtual Users [300 threads] 1-95,text,false,"Review submission returned unexpected status (401 = bad token, 5xx = server error)",2601,0,4,4,http://k8s-forkfind-forkfind-8e65d48af1-1990260306.us-east-1.elb.amazonaws.com/restaurants/10/reviews,0,0,0
1777593165910,117,02 - GET /restaurants (search),200,OK,Virtual Users [300 threads] 1-96,text,true,,790,311,3,3,http://k8s-forkfind-forkfind-8e65d48af1-1990260306.us-east-1.elb.amazonaws.com/restaurants?q=pizza&limit=12&sort=rating,117,0,0
1777593165868,159,01 - POST /auth/user/login,503,Service Temporarily Unavailable,Virtual Users [300 threads] 1-97,text,false,Login failed — check credentials in users.csv,337,363,3,3,http://k8s-forkfind-forkfind-8e65d48af1-1990260306.us-east-1.elb.amazonaws.com/auth/user/login,159,0,72
1777593166028,79,02 - GET /restaurants (search),200,OK,Virtual Users [300 threads] 1-97,text,true,,790,311,4,4,http://k8s-forkfind-forkfind-8e65d48af1-1990260306.us-east-1.elb.amazonaws.com/restaurants?q=pizza&limit=12&sort=rating,79,0,0
1777593166028,79,03 - POST /restaurants/10/reviews,Non HTTP response code: java.net.SocketException,Non HTTP response message: Connection reset,Virtual Users [300 threads] 1-96,text,false,"Review submission returned unexpected status (401 = bad token, 5xx = server error)",2601,0,4,4,http://k8s-forkfind-forkfind-8e65d48af1-1990260306.us-east-1.elb.amazonaws.com/restaurants/10/reviews,0,0,0
1777593165965,147,01 - POST /auth/user/login,503,Service Temporarily Unavailable,Virtual Users [300 threads] 1-98,text,false,Login failed — check credentials in users.csv,337,363,3,3,http://k8s-forkfind-forkfind-8e65d48af1-1990260306.us-east-1.elb.amazonaws.com/auth/user/login,147,0,73
1777593166108,88,03 - POST /restaurants/10/reviews,Non HTTP response code: java.net.SocketException,Non HTTP response message: Connection reset,Virtual Users [300 threads] 1-97,text,false,"Review submission returned unexpected status (401 = bad token, 5xx = server error)",2601,0,4,4,http://k8s-forkfind-forkfind-8e65d48af1-1990260306.us-east-1.elb.amazonaws.com/restaurants/10/reviews,0,0,0
1777593166113,96,02 - GET /restaurants (search),200,OK,Virtual Users [300 threads] 1-98,text,true,,790,311,3,3,http://k8s-forkfind-forkfind-8e65d48af1-1990260306.us-east-1.elb.amazonaws.com/restaurants?q=pizza&limit=12&sort=rating,96,0,0
1777593166067,159,01 - POST /auth/user/login,503,Service Temporarily Unavailable,Virtual Users [300 threads] 1-99,text,false,Login failed — check credentials in users.csv,337,363,3,3,http://k8s-forkfind-forkfind-8e65d48af1-1990260306.us-east-1.elb.amazonaws.com/auth/user/login,159,0,86
1777593166210,79,03 - POST /restaurants/10/reviews,Non HTTP response code: java.net.SocketException,Non HTTP response message: Connection reset,Virtual Users [300 threads] 1-98,text,false,"Review submission returned unexpected status (401 = bad token, 5xx = server error)",2601,0,4,4,http://k8s-forkfind-forkfind-8e65d48af1-1990260306.us-east-1.elb.amazonaws.com/restaurants/10/reviews,0,0,0
1777593166227,85,02 - GET /restaurants (search),200,OK,Virtual Users [300 threads] 1-99,text,true,,790,311,3,3,http://k8s-forkfind-forkfind-8e65d48af1-1990260306.us-east-1.elb.amazonaws.com/restaurants?q=pizza&limit=12&sort=rating,85,0,0
1777593166166,168,01 - POST /auth/user/login,503,Service Temporarily Unavailable,Virtual Users [300 threads] 1-100,text,false,Login failed — check credentials in users.csv,337,363,3,3,http://k8s-forkfind-forkfind-8e65d48af1-1990260306.us-east-1.elb.amazonaws.com/auth/user/login,168,0,84
1777593166312,87,03 - POST /restaurants/10/reviews,Non HTTP response code: java.net.SocketException,Non HTTP response message: Connection reset,Virtual Users [300 threads] 1-99,text,false,"Review submission returned unexpected status (401 = bad token, 5xx = server error)",2601,0,4,4,http://k8s-forkfind-forkfind-8e65d48af1-1990260306.us-east-1.elb.amazonaws.com/restaurants/10/reviews,0,0,0
1777593166335,78,02 - GET /restaurants (search),200,OK,Virtual Users [300 threads] 1-100,text,true,,790,311,3,3,http://k8s-forkfind-forkfind-8e65d48af1-1990260306.us-east-1.elb.amazonaws.com/restaurants?q=pizza&limit=12&sort=rating,78,0,0
1777593166263,151,01 - POST /auth/user/login,503,Service Temporarily Unavailable,Virtual Users [300 threads] 1-101,text,false,Login failed — check credentials in users.csv,337,363,3,3,http://k8s-forkfind-forkfind-8e65d48af1-1990260306.us-east-1.elb.amazonaws.com/auth/user/login,151,0,80
1777593166416,91,02 - GET /restaurants (search),200,OK,Virtual Users [300 threads] 1-101,text,true,,790,311,4,4,http://k8s-forkfind-forkfind-8e65d48af1-1990260306.us-east-1.elb.amazonaws.com/restaurants?q=pizza&limit=12&sort=rating,91,0,0
1777593166416,91,03 - POST /restaurants/10/reviews,Non HTTP response code: java.net.SocketException,Non HTTP response message: Connection reset,Virtual Users [300 threads] 1-100,text,false,"Review submission returned unexpected status (401 = bad token, 5xx = server error)",2601,0,4,4,http://k8s-forkfind-forkfind-8e65d48af1-1990260306.us-east-1.elb.amazonaws.com/restaurants/10/reviews,0,0,0
1777593166365,144,01 - POST /auth/user/login,503,Service Temporarily Unavailable,Virtual Users [300 threads] 1-102,text,false,Login failed — check credentials in users.csv,337,363,3,3,http://k8s-forkfind-forkfind-8e65d48af1-1990260306.us-east-1.elb.amazonaws.com/auth/user/login,144,0,72
1777593166508,78,03 - POST /restaurants/10/reviews,Non HTTP response code: java.net.SocketException,Non HTTP response message: Connection reset,Virtual Users [300 threads] 1-101,text,false,"Review submission returned unexpected status (401 = bad token, 5xx = server error)",2601,0,4,4,http://k8s-forkfind-forkfind-8e65d48af1-1990260306.us-east-1.elb.amazonaws.com/restaurants/10/reviews,0,0,0
1777593166510,84,02 - GET /restaurants (search),200,OK,Virtual Users [300 threads] 1-102,text,true,,790,311,3,3,http://k8s-forkfind-forkfind-8e65d48af1-1990260306.us-east-1.elb.amazonaws.com/restaurants?q=pizza&limit=12&sort=rating,84,0,0
1777593166466,147,01 - POST /auth/user/login,503,Service Temporarily Unavailable,Virtual Users [300 threads] 1-103,text,false,Login failed — check credentials in users.csv,337,363,3,3,http://k8s-forkfind-forkfind-8e65d48af1-1990260306.us-east-1.elb.amazonaws.com/auth/user/login,147,0,74
1777593166595,73,03 - POST /restaurants/10/reviews,Non HTTP response code: java.net.SocketException,Non HTTP response message: Connection reset,Virtual Users [300 threads] 1-102,text,false,"Review submission returned unexpected status (401 = bad token, 5xx = server error)",2601,0,4,4,http://k8s-forkfind-forkfind-8e65d48af1-1990260306.us-east-1.elb.amazonaws.com/restaurants/10/reviews,0,0,0
1777593166615,93,02 - GET /restaurants (search),200,OK,Virtual Users [300 threads] 1-103,text,true,,790,311,3,3,http://k8s-forkfind-forkfind-8e65d48af1-1990260306.us-east-1.elb.amazonaws.com/restaurants?q=pizza&limit=12&sort=rating,93,0,0
1777593166568,145,01 - POST /auth/user/login,503,Service Temporarily Unavailable,Virtual Users [300 threads] 1-104,text,false,Login failed — check credentials in users.csv,337,363,3,3,http://k8s-forkfind-forkfind-8e65d48af1-1990260306.us-east-1.elb.amazonaws.com/auth/user/login,145,0,72
1777593166714,110,02 - GET /restaurants (search),200,OK,Virtual Users [300 threads] 1-104,text,true,,790,311,4,4,http://k8s-forkfind-forkfind-8e65d48af1-1990260306.us-east-1.elb.amazonaws.com/restaurants?q=pizza&limit=12&sort=rating,110,0,0
1777593166709,115,03 - POST /restaurants/10/reviews,Non HTTP response code: java.net.SocketException,Non HTTP response message: Connection reset,Virtual Users [300 threads] 1-103,text,false,"Review submission returned unexpected status (401 = bad token, 5xx = server error)",2601,0,4,4,http://k8s-forkfind-forkfind-8e65d48af1-1990260306.us-east-1.elb.amazonaws.com/restaurants/10/reviews,0,0,0
1777593166664,160,01 - POST /auth/user/login,503,Service Temporarily Unavailable,Virtual Users [300 threads] 1-105,text,false,Login failed — check credentials in users.csv,337,363,4,4,http://k8s-forkfind-forkfind-8e65d48af1-1990260306.us-east-1.elb.amazonaws.com/auth/user/login,160,0,71
1777593166825,99,02 - GET /restaurants (search),200,OK,Virtual Users [300 threads] 1-105,text,true,,790,311,4,4,http://k8s-forkfind-forkfind-8e65d48af1-1990260306.us-east-1.elb.amazonaws.com/restaurants?q=pizza&limit=12&sort=rating,99,0,0
1777593166765,159,01 - POST /auth/user/login,503,Service Temporarily Unavailable,Virtual Users [300 threads] 1-106,text,false,Login failed — check credentials in users.csv,337,363,4,4,http://k8s-forkfind-forkfind-8e65d48af1-1990260306.us-east-1.elb.amazonaws.com/auth/user/login,159,0,74
1777593166825,99,03 - POST /restaurants/10/reviews,Non HTTP response code: java.net.SocketException,Non HTTP response message: Connection reset,Virtual Users [300 threads] 1-104,text,false,"Review submission returned unexpected status (401 = bad token, 5xx = server error)",2601,0,4,4,http://k8s-forkfind-forkfind-8e65d48af1-1990260306.us-east-1.elb.amazonaws.com/restaurants/10/reviews,0,0,0
1777593166925,102,02 - GET /restaurants (search),200,OK,Virtual Users [300 threads] 1-106,text,true,,790,311,4,4,http://k8s-forkfind-forkfind-8e65d48af1-1990260306.us-east-1.elb.amazonaws.com/restaurants?q=pizza&limit=12&sort=rating,102,0,0
1777593166925,102,03 - POST /restaurants/10/reviews,Non HTTP response code: java.net.SocketException,Non HTTP response message: Connection reset,Virtual Users [300 threads] 1-105,text,false,"Review submission returned unexpected status (401 = bad token, 5xx = server error)",2601,0,4,4,http://k8s-forkfind-forkfind-8e65d48af1-1990260306.us-east-1.elb.amazonaws.com/restaurants/10/reviews,0,0,0
1777593166868,167,01 - POST /auth/user/login,503,Service Temporarily Unavailable,Virtual Users [300 threads] 1-107,text,false,Login failed — check credentials in users.csv,337,363,3,3,http://k8s-forkfind-forkfind-8e65d48af1-1990260306.us-east-1.elb.amazonaws.com/auth/user/login,167,0,83
1777593167028,74,03 - POST /restaurants/10/reviews,Non HTTP response code: java.net.SocketException,Non HTTP response message: Connection reset,Virtual Users [300 threads] 1-106,text,false,"Review submission returned unexpected status (401 = bad token, 5xx = server error)",2601,0,4,4,http://k8s-forkfind-forkfind-8e65d48af1-1990260306.us-east-1.elb.amazonaws.com/restaurants/10/reviews,0,0,0
1777593167036,79,02 - GET /restaurants (search),200,OK,Virtual Users [300 threads] 1-107,text,true,,790,311,3,3,http://k8s-forkfind-forkfind-8e65d48af1-1990260306.us-east-1.elb.amazonaws.com/restaurants?q=pizza&limit=12&sort=rating,79,0,0
1777593166965,150,01 - POST /auth/user/login,503,Service Temporarily Unavailable,Virtual Users [300 threads] 1-108,text,false,Login failed — check credentials in users.csv,337,363,3,3,http://k8s-forkfind-forkfind-8e65d48af1-1990260306.us-east-1.elb.amazonaws.com/auth/user/login,150,0,70
1777593167116,83,03 - POST /restaurants/10/reviews,Non HTTP response code: java.net.SocketException,Non HTTP response message: Connection reset,Virtual Users [300 threads] 1-107,text,false,"Review submission returned unexpected status (401 = bad token, 5xx = server error)",2601,0,4,4,http://k8s-forkfind-forkfind-8e65d48af1-1990260306.us-east-1.elb.amazonaws.com/restaurants/10/reviews,0,0,0
1777593167116,91,02 - GET /restaurants (search),200,OK,Virtual Users [300 threads] 1-108,text,true,,790,311,3,3,http://k8s-forkfind-forkfind-8e65d48af1-1990260306.us-east-1.elb.amazonaws.com/restaurants?q=pizza&limit=12&sort=rating,91,0,0
1777593167064,143,01 - POST /auth/user/login,503,Service Temporarily Unavailable,Virtual Users [300 threads] 1-109,text,false,Login failed — check credentials in users.csv,337,363,3,3,http://k8s-forkfind-forkfind-8e65d48af1-1990260306.us-east-1.elb.amazonaws.com/auth/user/login,143,0,71
1777593167208,92,02 - GET /restaurants (search),200,OK,Virtual Users [300 threads] 1-109,text,true,,790,311,4,4,http://k8s-forkfind-forkfind-8e65d48af1-1990260306.us-east-1.elb.amazonaws.com/restaurants?q=pizza&limit=12&sort=rating,92,0,0
1777593167208,92,03 - POST /restaurants/10/reviews,Non HTTP response code: java.net.SocketException,Non HTTP response message: Connection reset,Virtual Users [300 threads] 1-108,text,false,"Review submission returned unexpected status (401 = bad token, 5xx = server error)",2601,0,4,4,http://k8s-forkfind-forkfind-8e65d48af1-1990260306.us-east-1.elb.amazonaws.com/restaurants/10/reviews,0,0,0
1777593167165,151,01 - POST /auth/user/login,503,Service Temporarily Unavailable,Virtual Users [300 threads] 1-110,text,false,Login failed — check credentials in users.csv,337,363,3,3,http://k8s-forkfind-forkfind-8e65d48af1-1990260306.us-east-1.elb.amazonaws.com/auth/user/login,151,0,72
1777593167300,76,03 - POST /restaurants/10/reviews,Non HTTP response code: java.net.SocketException,Non HTTP response message: Connection reset,Virtual Users [300 threads] 1-109,text,false,"Review submission returned unexpected status (401 = bad token, 5xx = server error)",2601,0,4,4,http://k8s-forkfind-forkfind-8e65d48af1-1990260306.us-east-1.elb.amazonaws.com/restaurants/10/reviews,0,0,0
1777593167317,80,02 - GET /restaurants (search),200,OK,Virtual Users [300 threads] 1-110,text,true,,790,311,3,3,http://k8s-forkfind-forkfind-8e65d48af1-1990260306.us-east-1.elb.amazonaws.com/restaurants?q=pizza&limit=12&sort=rating,80,0,0
1777593167260,153,01 - POST /auth/user/login,503,Service Temporarily Unavailable,Virtual Users [300 threads] 1-111,text,false,Login failed — check credentials in users.csv,337,363,3,3,http://k8s-forkfind-forkfind-8e65d48af1-1990260306.us-east-1.elb.amazonaws.com/auth/user/login,153,0,75
1777593167398,90,03 - POST /restaurants/10/reviews,Non HTTP response code: java.net.SocketException,Non HTTP response message: Connection reset,Virtual Users [300 threads] 1-110,text,false,"Review submission returned unexpected status (401 = bad token, 5xx = server error)",2601,0,4,4,http://k8s-forkfind-forkfind-8e65d48af1-1990260306.us-east-1.elb.amazonaws.com/restaurants/10/reviews,0,0,0
1777593167415,93,02 - GET /restaurants (search),200,OK,Virtual Users [300 threads] 1-111,text,true,,790,311,3,3,http://k8s-forkfind-forkfind-8e65d48af1-1990260306.us-east-1.elb.amazonaws.com/restaurants?q=pizza&limit=12&sort=rating,93,0,0
1777593167363,155,01 - POST /auth/user/login,503,Service Temporarily Unavailable,Virtual Users [300 threads] 1-112,text,false,Login failed — check credentials in users.csv,337,363,3,3,http://k8s-forkfind-forkfind-8e65d48af1-1990260306.us-east-1.elb.amazonaws.com/auth/user/login,155,0,78
1777593167509,80,03 - POST /restaurants/10/reviews,Non HTTP response code: java.net.SocketException,Non HTTP response message: Connection reset,Virtual Users [300 threads] 1-111,text,false,"Review submission returned unexpected status (401 = bad token, 5xx = server error)",2601,0,4,4,http://k8s-forkfind-forkfind-8e65d48af1-1990260306.us-east-1.elb.amazonaws.com/restaurants/10/reviews,0,0,0
1777593167519,76,02 - GET /restaurants (search),200,OK,Virtual Users [300 threads] 1-112,text,true,,790,311,3,3,http://k8s-forkfind-forkfind-8e65d48af1-1990260306.us-east-1.elb.amazonaws.com/restaurants?q=pizza&limit=12&sort=rating,76,0,0
1777593167460,171,01 - POST /auth/user/login,503,Service Temporarily Unavailable,Virtual Users [300 threads] 1-113,text,false,Login failed — check credentials in users.csv,337,363,3,3,http://k8s-forkfind-forkfind-8e65d48af1-1990260306.us-east-1.elb.amazonaws.com/auth/user/login,171,0,74
1777593167595,74,03 - POST /restaurants/10/reviews,Non HTTP response code: java.net.SocketException,Non HTTP response message: Connection reset,Virtual Users [300 threads] 1-112,text,false,"Review submission returned unexpected status (401 = bad token, 5xx = server error)",2601,0,4,4,http://k8s-forkfind-forkfind-8e65d48af1-1990260306.us-east-1.elb.amazonaws.com/restaurants/10/reviews,0,0,0
1777593167632,77,02 - GET /restaurants (search),200,OK,Virtual Users [300 threads] 1-113,text,true,,790,311,3,3,http://k8s-forkfind-forkfind-8e65d48af1-1990260306.us-east-1.elb.amazonaws.com/restaurants?q=pizza&limit=12&sort=rating,77,0,0
1777593167561,148,01 - POST /auth/user/login,503,Service Temporarily Unavailable,Virtual Users [300 threads] 1-114,text,false,Login failed — check credentials in users.csv,337,363,3,3,http://k8s-forkfind-forkfind-8e65d48af1-1990260306.us-east-1.elb.amazonaws.com/auth/user/login,148,0,70
1777593167710,78,03 - POST /restaurants/10/reviews,Non HTTP response code: java.net.SocketException,Non HTTP response message: Connection reset,Virtual Users [300 threads] 1-113,text,false,"Review submission returned unexpected status (401 = bad token, 5xx = server error)",2601,0,4,4,http://k8s-forkfind-forkfind-8e65d48af1-1990260306.us-east-1.elb.amazonaws.com/restaurants/10/reviews,0,0,0
1777593167710,82,02 - GET /restaurants (search),200,OK,Virtual Users [300 threads] 1-114,text,true,,790,311,3,3,http://k8s-forkfind-forkfind-8e65d48af1-1990260306.us-east-1.elb.amazonaws.com/restaurants?q=pizza&limit=12&sort=rating,82,0,0
1777593167660,153,01 - POST /auth/user/login,503,Service Temporarily Unavailable,Virtual Users [300 threads] 1-115,text,false,Login failed — check credentials in users.csv,337,363,3,3,http://k8s-forkfind-forkfind-8e65d48af1-1990260306.us-east-1.elb.amazonaws.com/auth/user/login,153,0,75
1777593167793,75,03 - POST /restaurants/10/reviews,Non HTTP response code: java.net.SocketException,Non HTTP response message: Connection reset,Virtual Users [300 threads] 1-114,text,false,"Review submission returned unexpected status (401 = bad token, 5xx = server error)",2601,0,4,4,http://k8s-forkfind-forkfind-8e65d48af1-1990260306.us-east-1.elb.amazonaws.com/restaurants/10/reviews,0,0,0
1777593167813,81,02 - GET /restaurants (search),200,OK,Virtual Users [300 threads] 1-115,text,true,,790,311,3,3,http://k8s-forkfind-forkfind-8e65d48af1-1990260306.us-east-1.elb.amazonaws.com/restaurants?q=pizza&limit=12&sort=rating,81,0,0
1777593167762,153,01 - POST /auth/user/login,503,Service Temporarily Unavailable,Virtual Users [300 threads] 1-116,text,false,Login failed — check credentials in users.csv,337,363,3,3,http://k8s-forkfind-forkfind-8e65d48af1-1990260306.us-east-1.elb.amazonaws.com/auth/user/login,153,0,74
1777593167894,78,03 - POST /restaurants/10/reviews,Non HTTP response code: java.net.SocketException,Non HTTP response message: Connection reset,Virtual Users [300 threads] 1-115,text,false,"Review submission returned unexpected status (401 = bad token, 5xx = server error)",2601,0,4,4,http://k8s-forkfind-forkfind-8e65d48af1-1990260306.us-east-1.elb.amazonaws.com/restaurants/10/reviews,0,0,0
1777593167917,86,02 - GET /restaurants (search),200,OK,Virtual Users [300 threads] 1-116,text,true,,790,311,3,3,http://k8s-forkfind-forkfind-8e65d48af1-1990260306.us-east-1.elb.amazonaws.com/restaurants?q=pizza&limit=12&sort=rating,86,0,0
1777593167862,151,01 - POST /auth/user/login,503,Service Temporarily Unavailable,Virtual Users [300 threads] 1-117,text,false,Login failed — check credentials in users.csv,337,363,3,3,http://k8s-forkfind-forkfind-8e65d48af1-1990260306.us-east-1.elb.amazonaws.com/auth/user/login,151,0,72
1777593168004,75,03 - POST /restaurants/10/reviews,Non HTTP response code: java.net.SocketException,Non HTTP response message: Connection reset,Virtual Users [300 threads] 1-116,text,false,"Review submission returned unexpected status (401 = bad token, 5xx = server error)",2601,0,4,4,http://k8s-forkfind-forkfind-8e65d48af1-1990260306.us-east-1.elb.amazonaws.com/restaurants/10/reviews,0,0,0
1777593168015,102,02 - GET /restaurants (search),200,OK,Virtual Users [300 threads] 1-117,text,true,,790,311,3,3,http://k8s-forkfind-forkfind-8e65d48af1-1990260306.us-east-1.elb.amazonaws.com/restaurants?q=pizza&limit=12&sort=rating,102,0,0
1777593167961,156,01 - POST /auth/user/login,503,Service Temporarily Unavailable,Virtual Users [300 threads] 1-118,text,false,Login failed — check credentials in users.csv,337,363,3,3,http://k8s-forkfind-forkfind-8e65d48af1-1990260306.us-east-1.elb.amazonaws.com/auth/user/login,156,0,71
1777593168118,79,03 - POST /restaurants/10/reviews,Non HTTP response code: java.net.SocketException,Non HTTP response message: Connection reset,Virtual Users [300 threads] 1-117,text,false,"Review submission returned unexpected status (401 = bad token, 5xx = server error)",2601,0,4,4,http://k8s-forkfind-forkfind-8e65d48af1-1990260306.us-east-1.elb.amazonaws.com/restaurants/10/reviews,0,0,0
1777593168058,150,01 - POST /auth/user/login,503,Service Temporarily Unavailable,Virtual Users [300 threads] 1-119,text,false,Login failed — check credentials in users.csv,337,363,3,3,http://k8s-forkfind-forkfind-8e65d48af1-1990260306.us-east-1.elb.amazonaws.com/auth/user/login,149,0,76
1777593168118,95,02 - GET /restaurants (search),200,OK,Virtual Users [300 threads] 1-118,text,true,,790,311,3,3,http://k8s-forkfind-forkfind-8e65d48af1-1990260306.us-east-1.elb.amazonaws.com/restaurants?q=pizza&limit=12&sort=rating,95,0,0
1777593168208,95,02 - GET /restaurants (search),200,OK,Virtual Users [300 threads] 1-119,text,true,,790,311,4,4,http://k8s-forkfind-forkfind-8e65d48af1-1990260306.us-east-1.elb.amazonaws.com/restaurants?q=pizza&limit=12&sort=rating,95,0,0
1777593168213,90,03 - POST /restaurants/10/reviews,401,Unauthorized,Virtual Users [300 threads] 1-118,text,false,"Review submission returned unexpected status (401 = bad token, 5xx = server error)",255,448,4,4,http://k8s-forkfind-forkfind-8e65d48af1-1990260306.us-east-1.elb.amazonaws.com/restaurants/10/reviews,90,0,0
1777593168157,146,01 - POST /auth/user/login,503,Service Temporarily Unavailable,Virtual Users [300 threads] 1-120,text,false,Login failed — check credentials in users.csv,337,363,4,4,http://k8s-forkfind-forkfind-8e65d48af1-1990260306.us-east-1.elb.amazonaws.com/auth/user/login,146,0,74
1777593168304,99,03 - POST /restaurants/10/reviews,401,Unauthorized,Virtual Users [300 threads] 1-119,text,false,"Review submission returned unexpected status (401 = bad token, 5xx = server error)",255,448,4,4,http://k8s-forkfind-forkfind-8e65d48af1-1990260306.us-east-1.elb.amazonaws.com/restaurants/10/reviews,99,0,0
1777593168304,99,02 - GET /restaurants (search),200,OK,Virtual Users [300 threads] 1-120,text,true,,790,311,4,4,http://k8s-forkfind-forkfind-8e65d48af1-1990260306.us-east-1.elb.amazonaws.com/restaurants?q=pizza&limit=12&sort=rating,99,0,0
1777593168260,148,01 - POST /auth/user/login,503,Service Temporarily Unavailable,Virtual Users [300 threads] 1-121,text,false,Login failed — check credentials in users.csv,337,363,3,3,http://k8s-forkfind-forkfind-8e65d48af1-1990260306.us-east-1.elb.amazonaws.com/auth/user/login,148,0,73
1777593168404,74,03 - POST /restaurants/10/reviews,401,Unauthorized,Virtual Users [300 threads] 1-120,text,false,"Review submission returned unexpected status (401 = bad token, 5xx = server error)",255,448,4,4,http://k8s-forkfind-forkfind-8e65d48af1-1990260306.us-east-1.elb.amazonaws.com/restaurants/10/reviews,74,0,0
1777593168409,90,02 - GET /restaurants (search),200,OK,Virtual Users [300 threads] 1-121,text,true,,790,311,3,3,http://k8s-forkfind-forkfind-8e65d48af1-1990260306.us-east-1.elb.amazonaws.com/restaurants?q=pizza&limit=12&sort=rating,90,0,0
1777593168356,167,01 - POST /auth/user/login,503,Service Temporarily Unavailable,Virtual Users [300 threads] 1-122,text,false,Login failed — check credentials in users.csv,337,363,3,3,http://k8s-forkfind-forkfind-8e65d48af1-1990260306.us-east-1.elb.amazonaws.com/auth/user/login,167,0,95
1777593168500,73,03 - POST /restaurants/10/reviews,Non HTTP response code: java.net.SocketException,Non HTTP response message: Connection reset,Virtual Users [300 threads] 1-121,text,false,"Review submission returned unexpected status (401 = bad token, 5xx = server error)",2601,0,4,4,http://k8s-forkfind-forkfind-8e65d48af1-1990260306.us-east-1.elb.amazonaws.com/restaurants/10/reviews,0,0,0
1777593168524,92,02 - GET /restaurants (search),200,OK,Virtual Users [300 threads] 1-122,text,true,,790,311,3,3,http://k8s-forkfind-forkfind-8e65d48af1-1990260306.us-east-1.elb.amazonaws.com/restaurants?q=pizza&limit=12&sort=rating,92,0,0
1777593168461,155,01 - POST /auth/user/login,503,Service Temporarily Unavailable,Virtual Users [300 threads] 1-123,text,false,Login failed — check credentials in users.csv,337,363,3,3,http://k8s-forkfind-forkfind-8e65d48af1-1990260306.us-east-1.elb.amazonaws.com/auth/user/login,155,0,74
1777593168616,88,03 - POST /restaurants/10/reviews,401,Unauthorized,Virtual Users [300 threads] 1-122,text,false,"Review submission returned unexpected status (401 = bad token, 5xx = server error)",255,448,4,4,http://k8s-forkfind-forkfind-8e65d48af1-1990260306.us-east-1.elb.amazonaws.com/restaurants/10/reviews,88,0,0
1777593168616,88,02 - GET /restaurants (search),200,OK,Virtual Users [300 threads] 1-123,text,true,,790,311,4,4,http://k8s-forkfind-forkfind-8e65d48af1-1990260306.us-east-1.elb.amazonaws.com/restaurants?q=pizza&limit=12&sort=rating,88,0,0
1777593168560,144,01 - POST /auth/user/login,503,Service Temporarily Unavailable,Virtual Users [300 threads] 1-124,text,false,Login failed — check credentials in users.csv,337,363,4,4,http://k8s-forkfind-forkfind-8e65d48af1-1990260306.us-east-1.elb.amazonaws.com/auth/user/login,144,0,72
1777593168705,83,03 - POST /restaurants/10/reviews,401,Unauthorized,Virtual Users [300 threads] 1-123,text,false,"Review submission returned unexpected status (401 = bad token, 5xx = server error)",255,448,4,4,http://k8s-forkfind-forkfind-8e65d48af1-1990260306.us-east-1.elb.amazonaws.com/restaurants/10/reviews,83,0,0
1777593168706,86,02 - GET /restaurants (search),200,OK,Virtual Users [300 threads] 1-124,text,true,,790,311,3,3,http://k8s-forkfind-forkfind-8e65d48af1-1990260306.us-east-1.elb.amazonaws.com/restaurants?q=pizza&limit=12&sort=rating,86,0,0
1777593168656,164,01 - POST /auth/user/login,503,Service Temporarily Unavailable,Virtual Users [300 threads] 1-125,text,false,Login failed — check credentials in users.csv,337,363,3,3,http://k8s-forkfind-forkfind-8e65d48af1-1990260306.us-east-1.elb.amazonaws.com/auth/user/login,164,0,73
1777593168793,83,03 - POST /restaurants/10/reviews,401,Unauthorized,Virtual Users [300 threads] 1-124,text,false,"Review submission returned unexpected status (401 = bad token, 5xx = server error)",255,448,4,4,http://k8s-forkfind-forkfind-8e65d48af1-1990260306.us-east-1.elb.amazonaws.com/restaurants/10/reviews,83,0,0
1777593168821,94,02 - GET /restaurants (search),200,OK,Virtual Users [300 threads] 1-125,text,true,,790,311,3,3,http://k8s-forkfind-forkfind-8e65d48af1-1990260306.us-east-1.elb.amazonaws.com/restaurants?q=pizza&limit=12&sort=rating,94,0,0
1777593168754,168,01 - POST /auth/user/login,503,Service Temporarily Unavailable,Virtual Users [300 threads] 1-126,text,false,Login failed — check credentials in users.csv,337,363,3,3,http://k8s-forkfind-forkfind-8e65d48af1-1990260306.us-east-1.elb.amazonaws.com/auth/user/login,168,0,88
1777593168916,85,03 - POST /restaurants/10/reviews,401,Unauthorized,Virtual Users [300 threads] 1-125,text,false,"Review submission returned unexpected status (401 = bad token, 5xx = server error)",255,448,4,4,http://k8s-forkfind-forkfind-8e65d48af1-1990260306.us-east-1.elb.amazonaws.com/restaurants/10/reviews,85,0,0
1777593168923,81,02 - GET /restaurants (search),200,OK,Virtual Users [300 threads] 1-126,text,true,,790,311,3,3,http://k8s-forkfind-forkfind-8e65d48af1-1990260306.us-east-1.elb.amazonaws.com/restaurants?q=pizza&limit=12&sort=rating,81,0,0
1777593168860,145,01 - POST /auth/user/login,503,Service Temporarily Unavailable,Virtual Users [300 threads] 1-127,text,false,Login failed — check credentials in users.csv,337,363,3,3,http://k8s-forkfind-forkfind-8e65d48af1-1990260306.us-east-1.elb.amazonaws.com/auth/user/login,145,0,75
1777593169004,73,03 - POST /restaurants/10/reviews,401,Unauthorized,Virtual Users [300 threads] 1-126,text,false,"Review submission returned unexpected status (401 = bad token, 5xx = server error)",255,448,4,4,http://k8s-forkfind-forkfind-8e65d48af1-1990260306.us-east-1.elb.amazonaws.com/restaurants/10/reviews,73,0,0
1777593169006,83,02 - GET /restaurants (search),200,OK,Virtual Users [300 threads] 1-127,text,true,,790,311,3,3,http://k8s-forkfind-forkfind-8e65d48af1-1990260306.us-east-1.elb.amazonaws.com/restaurants?q=pizza&limit=12&sort=rating,83,0,0
1777593168957,143,01 - POST /auth/user/login,503,Service Temporarily Unavailable,Virtual Users [300 threads] 1-128,text,false,Login failed — check credentials in users.csv,337,363,3,3,http://k8s-forkfind-forkfind-8e65d48af1-1990260306.us-east-1.elb.amazonaws.com/auth/user/login,143,0,72
1777593169090,77,03 - POST /restaurants/10/reviews,401,Unauthorized,Virtual Users [300 threads] 1-127,text,false,"Review submission returned unexpected status (401 = bad token, 5xx = server error)",255,448,4,4,http://k8s-forkfind-forkfind-8e65d48af1-1990260306.us-east-1.elb.amazonaws.com/restaurants/10/reviews,77,0,0
1777593169101,80,02 - GET /restaurants (search),200,OK,Virtual Users [300 threads] 1-128,text,true,,790,311,3,3,http://k8s-forkfind-forkfind-8e65d48af1-1990260306.us-east-1.elb.amazonaws.com/restaurants?q=pizza&limit=12&sort=rating,80,0,0
1777593169061,145,01 - POST /auth/user/login,503,Service Temporarily Unavailable,Virtual Users [300 threads] 1-129,text,false,Login failed — check credentials in users.csv,337,363,3,3,http://k8s-forkfind-forkfind-8e65d48af1-1990260306.us-east-1.elb.amazonaws.com/auth/user/login,145,0,72
1777593169182,78,03 - POST /restaurants/10/reviews,401,Unauthorized,Virtual Users [300 threads] 1-128,text,false,"Review submission returned unexpected status (401 = bad token, 5xx = server error)",255,448,4,4,http://k8s-forkfind-forkfind-8e65d48af1-1990260306.us-east-1.elb.amazonaws.com/restaurants/10/reviews,78,0,0
1777593169207,77,02 - GET /restaurants (search),200,OK,Virtual Users [300 threads] 1-129,text,true,,790,311,3,3,http://k8s-forkfind-forkfind-8e65d48af1-1990260306.us-east-1.elb.amazonaws.com/restaurants?q=pizza&limit=12&sort=rating,77,0,0
1777593169156,142,01 - POST /auth/user/login,503,Service Temporarily Unavailable,Virtual Users [300 threads] 1-130,text,false,Login failed — check credentials in users.csv,337,363,3,3,http://k8s-forkfind-forkfind-8e65d48af1-1990260306.us-east-1.elb.amazonaws.com/auth/user/login,142,0,71
1777593169285,77,03 - POST /restaurants/10/reviews,401,Unauthorized,Virtual Users [300 threads] 1-129,text,false,"Review submission returned unexpected status (401 = bad token, 5xx = server error)",255,448,4,4,http://k8s-forkfind-forkfind-8e65d48af1-1990260306.us-east-1.elb.amazonaws.com/restaurants/10/reviews,77,0,0
1777593169298,77,02 - GET /restaurants (search),200,OK,Virtual Users [300 threads] 1-130,text,true,,790,311,3,3,http://k8s-forkfind-forkfind-8e65d48af1-1990260306.us-east-1.elb.amazonaws.com/restaurants?q=pizza&limit=12&sort=rating,77,0,0
1777593169254,146,01 - POST /auth/user/login,503,Service Temporarily Unavailable,Virtual Users [300 threads] 1-131,text,false,Login failed — check credentials in users.csv,337,363,3,3,http://k8s-forkfind-forkfind-8e65d48af1-1990260306.us-east-1.elb.amazonaws.com/auth/user/login,146,0,73
1777593169376,73,03 - POST /restaurants/10/reviews,401,Unauthorized,Virtual Users [300 threads] 1-130,text,false,"Review submission returned unexpected status (401 = bad token, 5xx = server error)",255,448,3,3,http://k8s-forkfind-forkfind-8e65d48af1-1990260306.us-east-1.elb.amazonaws.com/restaurants/10/reviews,73,0,0
1777593169401,77,02 - GET /restaurants (search),200,OK,Virtual Users [300 threads] 1-131,text,true,,790,311,3,3,http://k8s-forkfind-forkfind-8e65d48af1-1990260306.us-east-1.elb.amazonaws.com/restaurants?q=pizza&limit=12&sort=rating,77,0,0
1777593169360,146,01 - POST /auth/user/login,503,Service Temporarily Unavailable,Virtual Users [300 threads] 1-132,text,false,Login failed — check credentials in users.csv,337,363,3,3,http://k8s-forkfind-forkfind-8e65d48af1-1990260306.us-east-1.elb.amazonaws.com/auth/user/login,146,0,75
1777593169478,76,03 - POST /restaurants/10/reviews,401,Unauthorized,Virtual Users [300 threads] 1-131,text,false,"Review submission returned unexpected status (401 = bad token, 5xx = server error)",255,448,3,3,http://k8s-forkfind-forkfind-8e65d48af1-1990260306.us-east-1.elb.amazonaws.com/restaurants/10/reviews,76,0,0
1777593169507,76,02 - GET /restaurants (search),200,OK,Virtual Users [300 threads] 1-132,text,true,,790,311,3,3,http://k8s-forkfind-forkfind-8e65d48af1-1990260306.us-east-1.elb.amazonaws.com/restaurants?q=pizza&limit=12&sort=rating,76,0,0
1777593169460,142,01 - POST /auth/user/login,503,Service Temporarily Unavailable,Virtual Users [300 threads] 1-133,text,false,Login failed — check credentials in users.csv,337,363,3,3,http://k8s-forkfind-forkfind-8e65d48af1-1990260306.us-east-1.elb.amazonaws.com/auth/user/login,142,0,71
1777593169584,81,03 - POST /restaurants/10/reviews,401,Unauthorized,Virtual Users [300 threads] 1-132,text,false,"Review submission returned unexpected status (401 = bad token, 5xx = server error)",255,448,4,4,http://k8s-forkfind-forkfind-8e65d48af1-1990260306.us-east-1.elb.amazonaws.com/restaurants/10/reviews,81,0,0
1777593169603,80,02 - GET /restaurants (search),200,OK,Virtual Users [300 threads] 1-133,text,true,,790,311,3,3,http://k8s-forkfind-forkfind-8e65d48af1-1990260306.us-east-1.elb.amazonaws.com/restaurants?q=pizza&limit=12&sort=rating,80,0,0
1777593169558,145,01 - POST /auth/user/login,503,Service Temporarily Unavailable,Virtual Users [300 threads] 1-134,text,false,Login failed — check credentials in users.csv,337,363,3,3,http://k8s-forkfind-forkfind-8e65d48af1-1990260306.us-east-1.elb.amazonaws.com/auth/user/login,145,0,72
1777593169683,75,03 - POST /restaurants/10/reviews,401,Unauthorized,Virtual Users [300 threads] 1-133,text,false,"Review submission returned unexpected status (401 = bad token, 5xx = server error)",255,448,3,3,http://k8s-forkfind-forkfind-8e65d48af1-1990260306.us-east-1.elb.amazonaws.com/restaurants/10/reviews,75,0,0
1777593169704,78,02 - GET /restaurants (search),200,OK,Virtual Users [300 threads] 1-134,text,true,,790,311,3,3,http://k8s-forkfind-forkfind-8e65d48af1-1990260306.us-east-1.elb.amazonaws.com/restaurants?q=pizza&limit=12&sort=rating,78,0,0
1777593169657,150,01 - POST /auth/user/login,503,Service Temporarily Unavailable,Virtual Users [300 threads] 1-135,text,false,Login failed — check credentials in users.csv,337,363,3,3,http://k8s-forkfind-forkfind-8e65d48af1-1990260306.us-east-1.elb.amazonaws.com/auth/user/login,150,0,73
1777593169783,78,03 - POST /restaurants/10/reviews,401,Unauthorized,Virtual Users [300 threads] 1-134,text,false,"Review submission returned unexpected status (401 = bad token, 5xx = server error)",255,448,4,4,http://k8s-forkfind-forkfind-8e65d48af1-1990260306.us-east-1.elb.amazonaws.com/restaurants/10/reviews,78,0,0
1777593169807,88,02 - GET /restaurants (search),200,OK,Virtual Users [300 threads] 1-135,text,true,,790,311,3,3,http://k8s-forkfind-forkfind-8e65d48af1-1990260306.us-east-1.elb.amazonaws.com/restaurants?q=pizza&limit=12&sort=rating,88,0,0
1777593169759,140,01 - POST /auth/user/login,503,Service Temporarily Unavailable,Virtual Users [300 threads] 1-136,text,false,Login failed — check credentials in users.csv,337,363,3,3,http://k8s-forkfind-forkfind-8e65d48af1-1990260306.us-east-1.elb.amazonaws.com/auth/user/login,140,0,70
1777593169895,74,03 - POST /restaurants/10/reviews,401,Unauthorized,Virtual Users [300 threads] 1-135,text,false,"Review submission returned unexpected status (401 = bad token, 5xx = server error)",255,448,4,4,http://k8s-forkfind-forkfind-8e65d48af1-1990260306.us-east-1.elb.amazonaws.com/restaurants/10/reviews,74,0,0
1777593169900,79,02 - GET /restaurants (search),200,OK,Virtual Users [300 threads] 1-136,text,true,,790,311,3,3,http://k8s-forkfind-forkfind-8e65d48af1-1990260306.us-east-1.elb.amazonaws.com/restaurants?q=pizza&limit=12&sort=rating,79,0,0
1777593169857,160,01 - POST /auth/user/login,503,Service Temporarily Unavailable,Virtual Users [300 threads] 1-137,text,false,Login failed — check credentials in users.csv,337,363,3,3,http://k8s-forkfind-forkfind-8e65d48af1-1990260306.us-east-1.elb.amazonaws.com/auth/user/login,160,0,73
1777593169980,101,03 - POST /restaurants/10/reviews,401,Unauthorized,Virtual Users [300 threads] 1-136,text,false,"Review submission returned unexpected status (401 = bad token, 5xx = server error)",255,448,4,4,http://k8s-forkfind-forkfind-8e65d48af1-1990260306.us-east-1.elb.amazonaws.com/restaurants/10/reviews,101,0,0
1777593170018,81,02 - GET /restaurants (search),200,OK,Virtual Users [300 threads] 1-137,text,true,,790,311,3,3,http://k8s-forkfind-forkfind-8e65d48af1-1990260306.us-east-1.elb.amazonaws.com/restaurants?q=pizza&limit=12&sort=rating,81,0,0
1777593169961,152,01 - POST /auth/user/login,503,Service Temporarily Unavailable,Virtual Users [300 threads] 1-138,text,false,Login failed — check credentials in users.csv,337,363,3,3,http://k8s-forkfind-forkfind-8e65d48af1-1990260306.us-east-1.elb.amazonaws.com/auth/user/login,152,0,77
1777593170100,73,03 - POST /restaurants/10/reviews,401,Unauthorized,Virtual Users [300 threads] 1-137,text,false,"Review submission returned unexpected status (401 = bad token, 5xx = server error)",255,448,4,4,http://k8s-forkfind-forkfind-8e65d48af1-1990260306.us-east-1.elb.amazonaws.com/restaurants/10/reviews,73,0,0
1777593170114,77,02 - GET /restaurants (search),200,OK,Virtual Users [300 threads] 1-138,text,true,,790,311,3,3,http://k8s-forkfind-forkfind-8e65d48af1-1990260306.us-east-1.elb.amazonaws.com/restaurants?q=pizza&limit=12&sort=rating,77,0,0
1777593170060,156,01 - POST /auth/user/login,503,Service Temporarily Unavailable,Virtual Users [300 threads] 1-139,text,false,Login failed — check credentials in users.csv,337,363,3,3,http://k8s-forkfind-forkfind-8e65d48af1-1990260306.us-east-1.elb.amazonaws.com/auth/user/login,156,0,86
1777593170191,82,03 - POST /restaurants/10/reviews,401,Unauthorized,Virtual Users [300 threads] 1-138,text,false,"Review submission returned unexpected status (401 = bad token, 5xx = server error)",255,448,4,4,http://k8s-forkfind-forkfind-8e65d48af1-1990260306.us-east-1.elb.amazonaws.com/restaurants/10/reviews,82,0,0
1777593170217,79,02 - GET /restaurants (search),200,OK,Virtual Users [300 threads] 1-139,text,true,,790,311,3,3,http://k8s-forkfind-forkfind-8e65d48af1-1990260306.us-east-1.elb.amazonaws.com/restaurants?q=pizza&limit=12&sort=rating,78,0,0
1777593170157,143,01 - POST /auth/user/login,503,Service Temporarily Unavailable,Virtual Users [300 threads] 1-140,text,false,Login failed — check credentials in users.csv,337,363,3,3,http://k8s-forkfind-forkfind-8e65d48af1-1990260306.us-east-1.elb.amazonaws.com/auth/user/login,143,0,72
1777593170296,74,03 - POST /restaurants/10/reviews,401,Unauthorized,Virtual Users [300 threads] 1-139,text,false,"Review submission returned unexpected status (401 = bad token, 5xx = server error)",255,448,4,4,http://k8s-forkfind-forkfind-8e65d48af1-1990260306.us-east-1.elb.amazonaws.com/restaurants/10/reviews,74,0,0
1777593170301,78,02 - GET /restaurants (search),200,OK,Virtual Users [300 threads] 1-140,text,true,,790,311,3,3,http://k8s-forkfind-forkfind-8e65d48af1-1990260306.us-east-1.elb.amazonaws.com/restaurants?q=pizza&limit=12&sort=rating,78,0,0
1777593170259,147,01 - POST /auth/user/login,503,Service Temporarily Unavailable,Virtual Users [300 threads] 1-141,text,false,Login failed — check credentials in users.csv,337,363,3,3,http://k8s-forkfind-forkfind-8e65d48af1-1990260306.us-east-1.elb.amazonaws.com/auth/user/login,147,0,72
1777593170380,74,03 - POST /restaurants/10/reviews,401,Unauthorized,Virtual Users [300 threads] 1-140,text,false,"Review submission returned unexpected status (401 = bad token, 5xx = server error)",255,448,3,3,http://k8s-forkfind-forkfind-8e65d48af1-1990260306.us-east-1.elb.amazonaws.com/restaurants/10/reviews,74,0,0
1777593170407,79,02 - GET /restaurants (search),200,OK,Virtual Users [300 threads] 1-141,text,true,,790,311,3,3,http://k8s-forkfind-forkfind-8e65d48af1-1990260306.us-east-1.elb.amazonaws.com/restaurants?q=pizza&limit=12&sort=rating,79,0,0
1777593170358,155,01 - POST /auth/user/login,503,Service Temporarily Unavailable,Virtual Users [300 threads] 1-142,text,false,Login failed — check credentials in users.csv,337,363,3,3,http://k8s-forkfind-forkfind-8e65d48af1-1990260306.us-east-1.elb.amazonaws.com/auth/user/login,155,0,84
1777593170487,75,03 - POST /restaurants/10/reviews,401,Unauthorized,Virtual Users [300 threads] 1-141,text,false,"Review submission returned unexpected status (401 = bad token, 5xx = server error)",255,448,4,4,http://k8s-forkfind-forkfind-8e65d48af1-1990260306.us-east-1.elb.amazonaws.com/restaurants/10/reviews,75,0,0
1777593170513,76,02 - GET /restaurants (search),200,OK,Virtual Users [300 threads] 1-142,text,true,,790,311,3,3,http://k8s-forkfind-forkfind-8e65d48af1-1990260306.us-east-1.elb.amazonaws.com/restaurants?q=pizza&limit=12&sort=rating,76,0,0
1777593170459,147,01 - POST /auth/user/login,503,Service Temporarily Unavailable,Virtual Users [300 threads] 1-143,text,false,Login failed — check credentials in users.csv,337,363,3,3,http://k8s-forkfind-forkfind-8e65d48af1-1990260306.us-east-1.elb.amazonaws.com/auth/user/login,147,0,72
1777593170590,73,03 - POST /restaurants/10/reviews,401,Unauthorized,Virtual Users [300 threads] 1-142,text,false,"Review submission returned unexpected status (401 = bad token, 5xx = server error)",255,448,4,4,http://k8s-forkfind-forkfind-8e65d48af1-1990260306.us-east-1.elb.amazonaws.com/restaurants/10/reviews,73,0,0
1777593170607,78,02 - GET /restaurants (search),200,OK,Virtual Users [300 threads] 1-143,text,true,,790,311,3,3,http://k8s-forkfind-forkfind-8e65d48af1-1990260306.us-east-1.elb.amazonaws.com/restaurants?q=pizza&limit=12&sort=rating,78,0,0
1777593170556,142,01 - POST /auth/user/login,503,Service Temporarily Unavailable,Virtual Users [300 threads] 1-144,text,false,Login failed — check credentials in users.csv,337,363,3,3,http://k8s-forkfind-forkfind-8e65d48af1-1990260306.us-east-1.elb.amazonaws.com/auth/user/login,142,0,71
1777593170686,74,03 - POST /restaurants/10/reviews,401,Unauthorized,Virtual Users [300 threads] 1-143,text,false,"Review submission returned unexpected status (401 = bad token, 5xx = server error)",255,448,4,4,http://k8s-forkfind-forkfind-8e65d48af1-1990260306.us-east-1.elb.amazonaws.com/restaurants/10/reviews,74,0,0
1777593170699,78,02 - GET /restaurants (search),200,OK,Virtual Users [300 threads] 1-144,text,true,,790,311,3,3,http://k8s-forkfind-forkfind-8e65d48af1-1990260306.us-east-1.elb.amazonaws.com/restaurants?q=pizza&limit=12&sort=rating,78,0,0
1777593170661,149,01 - POST /auth/user/login,503,Service Temporarily Unavailable,Virtual Users [300 threads] 1-145,text,false,Login failed — check credentials in users.csv,337,363,3,3,http://k8s-forkfind-forkfind-8e65d48af1-1990260306.us-east-1.elb.amazonaws.com/auth/user/login,149,0,73
1777593170777,74,03 - POST /restaurants/10/reviews,401,Unauthorized,Virtual Users [300 threads] 1-144,text,false,"Review submission returned unexpected status (401 = bad token, 5xx = server error)",255,448,3,3,http://k8s-forkfind-forkfind-8e65d48af1-1990260306.us-east-1.elb.amazonaws.com/restaurants/10/reviews,74,0,0
1777593170810,77,02 - GET /restaurants (search),200,OK,Virtual Users [300 threads] 1-145,text,true,,790,311,3,3,http://k8s-forkfind-forkfind-8e65d48af1-1990260306.us-east-1.elb.amazonaws.com/restaurants?q=pizza&limit=12&sort=rating,77,0,0
1777593170761,145,01 - POST /auth/user/login,503,Service Temporarily Unavailable,Virtual Users [300 threads] 1-146,text,false,Login failed — check credentials in users.csv,337,363,3,3,http://k8s-forkfind-forkfind-8e65d48af1-1990260306.us-east-1.elb.amazonaws.com/auth/user/login,145,0,71
1777593170887,73,03 - POST /restaurants/10/reviews,401,Unauthorized,Virtual Users [300 threads] 1-145,text,false,"Review submission returned unexpected status (401 = bad token, 5xx = server error)",255,448,4,4,http://k8s-forkfind-forkfind-8e65d48af1-1990260306.us-east-1.elb.amazonaws.com/restaurants/10/reviews,73,0,0
1777593170907,80,02 - GET /restaurants (search),200,OK,Virtual Users [300 threads] 1-146,text,true,,790,311,3,3,http://k8s-forkfind-forkfind-8e65d48af1-1990260306.us-east-1.elb.amazonaws.com/restaurants?q=pizza&limit=12&sort=rating,80,0,0
1777593170858,152,01 - POST /auth/user/login,503,Service Temporarily Unavailable,Virtual Users [300 threads] 1-147,text,false,Login failed — check credentials in users.csv,337,363,3,3,http://k8s-forkfind-forkfind-8e65d48af1-1990260306.us-east-1.elb.amazonaws.com/auth/user/login,152,0,81
1777593170987,73,03 - POST /restaurants/10/reviews,401,Unauthorized,Virtual Users [300 threads] 1-146,text,false,"Review submission returned unexpected status (401 = bad token, 5xx = server error)",255,448,4,4,http://k8s-forkfind-forkfind-8e65d48af1-1990260306.us-east-1.elb.amazonaws.com/restaurants/10/reviews,73,0,0
1777593171011,79,02 - GET /restaurants (search),200,OK,Virtual Users [300 threads] 1-147,text,true,,790,311,3,3,http://k8s-forkfind-forkfind-8e65d48af1-1990260306.us-east-1.elb.amazonaws.com/restaurants?q=pizza&limit=12&sort=rating,79,0,0
1777593170958,152,01 - POST /auth/user/login,503,Service Temporarily Unavailable,Virtual Users [300 threads] 1-148,text,false,Login failed — check credentials in users.csv,337,363,3,3,http://k8s-forkfind-forkfind-8e65d48af1-1990260306.us-east-1.elb.amazonaws.com/auth/user/login,152,0,72
1777593171091,74,03 - POST /restaurants/10/reviews,401,Unauthorized,Virtual Users [300 threads] 1-147,text,false,"Review submission returned unexpected status (401 = bad token, 5xx = server error)",255,448,4,4,http://k8s-forkfind-forkfind-8e65d48af1-1990260306.us-east-1.elb.amazonaws.com/restaurants/10/reviews,74,0,0
1777593171111,83,02 - GET /restaurants (search),200,OK,Virtual Users [300 threads] 1-148,text,true,,790,311,3,3,http://k8s-forkfind-forkfind-8e65d48af1-1990260306.us-east-1.elb.amazonaws.com/restaurants?q=pizza&limit=12&sort=rating,83,0,0
1777593171060,156,01 - POST /auth/user/login,503,Service Temporarily Unavailable,Virtual Users [300 threads] 1-149,text,false,Login failed — check credentials in users.csv,337,363,3,3,http://k8s-forkfind-forkfind-8e65d48af1-1990260306.us-east-1.elb.amazonaws.com/auth/user/login,156,0,75
1777593171194,85,03 - POST /restaurants/10/reviews,401,Unauthorized,Virtual Users [300 threads] 1-148,text,false,"Review submission returned unexpected status (401 = bad token, 5xx = server error)",255,448,4,4,http://k8s-forkfind-forkfind-8e65d48af1-1990260306.us-east-1.elb.amazonaws.com/restaurants/10/reviews,85,0,0
1777593171217,77,02 - GET /restaurants (search),200,OK,Virtual Users [300 threads] 1-149,text,true,,790,311,3,3,http://k8s-forkfind-forkfind-8e65d48af1-1990260306.us-east-1.elb.amazonaws.com/restaurants?q=pizza&limit=12&sort=rating,77,0,0
1777593171160,152,01 - POST /auth/user/login,503,Service Temporarily Unavailable,Virtual Users [300 threads] 1-150,text,false,Login failed — check credentials in users.csv,337,363,3,3,http://k8s-forkfind-forkfind-8e65d48af1-1990260306.us-east-1.elb.amazonaws.com/auth/user/login,152,0,79
1777593171295,74,03 - POST /restaurants/10/reviews,401,Unauthorized,Virtual Users [300 threads] 1-149,text,false,"Review submission returned unexpected status (401 = bad token, 5xx = server error)",255,448,4,4,http://k8s-forkfind-forkfind-8e65d48af1-1990260306.us-east-1.elb.amazonaws.com/restaurants/10/reviews,74,0,0
1777593171313,87,02 - GET /restaurants (search),200,OK,Virtual Users [300 threads] 1-150,text,true,,790,311,3,3,http://k8s-forkfind-forkfind-8e65d48af1-1990260306.us-east-1.elb.amazonaws.com/restaurants?q=pizza&limit=12&sort=rating,87,0,0
1777593171256,144,01 - POST /auth/user/login,503,Service Temporarily Unavailable,Virtual Users [300 threads] 1-151,text,false,Login failed — check credentials in users.csv,337,363,3,3,http://k8s-forkfind-forkfind-8e65d48af1-1990260306.us-east-1.elb.amazonaws.com/auth/user/login,144,0,72
1777593171402,103,03 - POST /restaurants/10/reviews,401,Unauthorized,Virtual Users [300 threads] 1-150,text,false,"Review submission returned unexpected status (401 = bad token, 5xx = server error)",255,448,4,4,http://k8s-forkfind-forkfind-8e65d48af1-1990260306.us-east-1.elb.amazonaws.com/restaurants/10/reviews,103,0,0
1777593171402,103,02 - GET /restaurants (search),200,OK,Virtual Users [300 threads] 1-151,text,true,,790,311,4,4,http://k8s-forkfind-forkfind-8e65d48af1-1990260306.us-east-1.elb.amazonaws.com/restaurants?q=pizza&limit=12&sort=rating,103,0,0
1777593171357,153,01 - POST /auth/user/login,503,Service Temporarily Unavailable,Virtual Users [300 threads] 1-152,text,false,Login failed — check credentials in users.csv,337,363,3,3,http://k8s-forkfind-forkfind-8e65d48af1-1990260306.us-east-1.elb.amazonaws.com/auth/user/login,153,0,78
1777593171505,81,03 - POST /restaurants/10/reviews,401,Unauthorized,Virtual Users [300 threads] 1-151,text,false,"Review submission returned unexpected status (401 = bad token, 5xx = server error)",255,448,4,4,http://k8s-forkfind-forkfind-8e65d48af1-1990260306.us-east-1.elb.amazonaws.com/restaurants/10/reviews,81,0,0
1777593171510,93,02 - GET /restaurants (search),200,OK,Virtual Users [300 threads] 1-152,text,true,,790,311,3,3,http://k8s-forkfind-forkfind-8e65d48af1-1990260306.us-east-1.elb.amazonaws.com/restaurants?q=pizza&limit=12&sort=rating,93,0,0
1777593171459,145,01 - POST /auth/user/login,503,Service Temporarily Unavailable,Virtual Users [300 threads] 1-153,text,false,Login failed — check credentials in users.csv,337,363,3,3,http://k8s-forkfind-forkfind-8e65d48af1-1990260306.us-east-1.elb.amazonaws.com/auth/user/login,145,0,74
1777593171605,78,02 - GET /restaurants (search),200,OK,Virtual Users [300 threads] 1-153,text,true,,790,311,4,4,http://k8s-forkfind-forkfind-8e65d48af1-1990260306.us-east-1.elb.amazonaws.com/restaurants?q=pizza&limit=12&sort=rating,78,0,0
1777593171603,80,03 - POST /restaurants/10/reviews,401,Unauthorized,Virtual Users [300 threads] 1-152,text,false,"Review submission returned unexpected status (401 = bad token, 5xx = server error)",255,448,4,4,http://k8s-forkfind-forkfind-8e65d48af1-1990260306.us-east-1.elb.amazonaws.com/restaurants/10/reviews,80,0,0
1777593171556,142,01 - POST /auth/user/login,503,Service Temporarily Unavailable,Virtual Users [300 threads] 1-154,text,false,Login failed — check credentials in users.csv,337,363,3,3,http://k8s-forkfind-forkfind-8e65d48af1-1990260306.us-east-1.elb.amazonaws.com/auth/user/login,142,0,71
1777593171683,76,03 - POST /restaurants/10/reviews,401,Unauthorized,Virtual Users [300 threads] 1-153,text,false,"Review submission returned unexpected status (401 = bad token, 5xx = server error)",255,448,3,3,http://k8s-forkfind-forkfind-8e65d48af1-1990260306.us-east-1.elb.amazonaws.com/restaurants/10/reviews,76,0,0
1777593171700,80,02 - GET /restaurants (search),200,OK,Virtual Users [300 threads] 1-154,text,true,,790,311,3,3,http://k8s-forkfind-forkfind-8e65d48af1-1990260306.us-east-1.elb.amazonaws.com/restaurants?q=pizza&limit=12&sort=rating,80,0,0
1777593171657,143,01 - POST /auth/user/login,503,Service Temporarily Unavailable,Virtual Users [300 threads] 1-155,text,false,Login failed — check credentials in users.csv,337,363,3,3,http://k8s-forkfind-forkfind-8e65d48af1-1990260306.us-east-1.elb.amazonaws.com/auth/user/login,142,0,71
1777593171780,79,03 - POST /restaurants/10/reviews,401,Unauthorized,Virtual Users [300 threads] 1-154,text,false,"Review submission returned unexpected status (401 = bad token, 5xx = server error)",255,448,4,4,http://k8s-forkfind-forkfind-8e65d48af1-1990260306.us-east-1.elb.amazonaws.com/restaurants/10/reviews,79,0,0
1777593171801,86,02 - GET /restaurants (search),200,OK,Virtual Users [300 threads] 1-155,text,true,,790,311,3,3,http://k8s-forkfind-forkfind-8e65d48af1-1990260306.us-east-1.elb.amazonaws.com/restaurants?q=pizza&limit=12&sort=rating,86,0,0
1777593171761,146,01 - POST /auth/user/login,503,Service Temporarily Unavailable,Virtual Users [300 threads] 1-156,text,false,Login failed — check credentials in users.csv,337,363,3,3,http://k8s-forkfind-forkfind-8e65d48af1-1990260306.us-east-1.elb.amazonaws.com/auth/user/login,146,0,72
1777593171888,76,03 - POST /restaurants/10/reviews,401,Unauthorized,Virtual Users [300 threads] 1-155,text,false,"Review submission returned unexpected status (401 = bad token, 5xx = server error)",255,448,4,4,http://k8s-forkfind-forkfind-8e65d48af1-1990260306.us-east-1.elb.amazonaws.com/restaurants/10/reviews,76,0,0
1777593171907,78,02 - GET /restaurants (search),200,OK,Virtual Users [300 threads] 1-156,text,true,,790,311,3,3,http://k8s-forkfind-forkfind-8e65d48af1-1990260306.us-east-1.elb.amazonaws.com/restaurants?q=pizza&limit=12&sort=rating,78,0,0
1777593171858,143,01 - POST /auth/user/login,503,Service Temporarily Unavailable,Virtual Users [300 threads] 1-157,text,false,Login failed — check credentials in users.csv,337,363,3,3,http://k8s-forkfind-forkfind-8e65d48af1-1990260306.us-east-1.elb.amazonaws.com/auth/user/login,143,0,72
1777593171986,79,03 - POST /restaurants/10/reviews,401,Unauthorized,Virtual Users [300 threads] 1-156,text,false,"Review submission returned unexpected status (401 = bad token, 5xx = server error)",255,448,4,4,http://k8s-forkfind-forkfind-8e65d48af1-1990260306.us-east-1.elb.amazonaws.com/restaurants/10/reviews,79,0,0
1777593172002,78,02 - GET /restaurants (search),200,OK,Virtual Users [300 threads] 1-157,text,true,,790,311,3,3,http://k8s-forkfind-forkfind-8e65d48af1-1990260306.us-east-1.elb.amazonaws.com/restaurants?q=pizza&limit=12&sort=rating,78,0,0
1777593171960,144,01 - POST /auth/user/login,503,Service Temporarily Unavailable,Virtual Users [300 threads] 1-158,text,false,Login failed — check credentials in users.csv,337,363,3,3,http://k8s-forkfind-forkfind-8e65d48af1-1990260306.us-east-1.elb.amazonaws.com/auth/user/login,144,0,72
1777593172081,74,03 - POST /restaurants/10/reviews,401,Unauthorized,Virtual Users [300 threads] 1-157,text,false,"Review submission returned unexpected status (401 = bad token, 5xx = server error)",255,448,3,3,http://k8s-forkfind-forkfind-8e65d48af1-1990260306.us-east-1.elb.amazonaws.com/restaurants/10/reviews,74,0,0
1777593172105,79,02 - GET /restaurants (search),200,OK,Virtual Users [300 threads] 1-158,text,true,,790,311,3,3,http://k8s-forkfind-forkfind-8e65d48af1-1990260306.us-east-1.elb.amazonaws.com/restaurants?q=pizza&limit=12&sort=rating,79,0,0
1777593172061,144,01 - POST /auth/user/login,503,Service Temporarily Unavailable,Virtual Users [300 threads] 1-159,text,false,Login failed — check credentials in users.csv,337,363,3,3,http://k8s-forkfind-forkfind-8e65d48af1-1990260306.us-east-1.elb.amazonaws.com/auth/user/login,144,0,72
1777593172185,73,03 - POST /restaurants/10/reviews,401,Unauthorized,Virtual Users [300 threads] 1-158,text,false,"Review submission returned unexpected status (401 = bad token, 5xx = server error)",255,448,3,3,http://k8s-forkfind-forkfind-8e65d48af1-1990260306.us-east-1.elb.amazonaws.com/restaurants/10/reviews,73,0,0
1777593172206,83,02 - GET /restaurants (search),200,OK,Virtual Users [300 threads] 1-159,text,true,,790,311,3,3,http://k8s-forkfind-forkfind-8e65d48af1-1990260306.us-east-1.elb.amazonaws.com/restaurants?q=pizza&limit=12&sort=rating,83,0,0
1777593172161,148,01 - POST /auth/user/login,503,Service Temporarily Unavailable,Virtual Users [300 threads] 1-160,text,false,Login failed — check credentials in users.csv,337,363,3,3,http://k8s-forkfind-forkfind-8e65d48af1-1990260306.us-east-1.elb.amazonaws.com/auth/user/login,148,0,76
1777593172289,73,03 - POST /restaurants/10/reviews,401,Unauthorized,Virtual Users [300 threads] 1-159,text,false,"Review submission returned unexpected status (401 = bad token, 5xx = server error)",255,448,4,4,http://k8s-forkfind-forkfind-8e65d48af1-1990260306.us-east-1.elb.amazonaws.com/restaurants/10/reviews,73,0,0
1777593172310,79,02 - GET /restaurants (search),200,OK,Virtual Users [300 threads] 1-160,text,true,,790,311,3,3,http://k8s-forkfind-forkfind-8e65d48af1-1990260306.us-east-1.elb.amazonaws.com/restaurants?q=pizza&limit=12&sort=rating,79,0,0
1777593172261,145,01 - POST /auth/user/login,503,Service Temporarily Unavailable,Virtual Users [300 threads] 1-161,text,false,Login failed — check credentials in users.csv,337,363,3,3,http://k8s-forkfind-forkfind-8e65d48af1-1990260306.us-east-1.elb.amazonaws.com/auth/user/login,145,0,71
1777593172389,74,03 - POST /restaurants/10/reviews,401,Unauthorized,Virtual Users [300 threads] 1-160,text,false,"Review submission returned unexpected status (401 = bad token, 5xx = server error)",255,448,4,4,http://k8s-forkfind-forkfind-8e65d48af1-1990260306.us-east-1.elb.amazonaws.com/restaurants/10/reviews,74,0,0
1777593172407,129,02 - GET /restaurants (search),200,OK,Virtual Users [300 threads] 1-161,text,true,,790,311,3,3,http://k8s-forkfind-forkfind-8e65d48af1-1990260306.us-east-1.elb.amazonaws.com/restaurants?q=pizza&limit=12&sort=rating,129,0,0
1777593172357,179,01 - POST /auth/user/login,503,Service Temporarily Unavailable,Virtual Users [300 threads] 1-162,text,false,Login failed — check credentials in users.csv,337,363,3,3,http://k8s-forkfind-forkfind-8e65d48af1-1990260306.us-east-1.elb.amazonaws.com/auth/user/login,179,0,74
1777593172460,147,01 - POST /auth/user/login,503,Service Temporarily Unavailable,Virtual Users [300 threads] 1-163,text,false,Login failed — check credentials in users.csv,337,363,4,4,http://k8s-forkfind-forkfind-8e65d48af1-1990260306.us-east-1.elb.amazonaws.com/auth/user/login,147,0,76
1777593172536,77,03 - POST /restaurants/10/reviews,401,Unauthorized,Virtual Users [300 threads] 1-161,text,false,"Review submission returned unexpected status (401 = bad token, 5xx = server error)",255,448,4,4,http://k8s-forkfind-forkfind-8e65d48af1-1990260306.us-east-1.elb.amazonaws.com/restaurants/10/reviews,77,0,0
1777593172536,79,02 - GET /restaurants (search),200,OK,Virtual Users [300 threads] 1-162,text,true,,790,311,3,3,http://k8s-forkfind-forkfind-8e65d48af1-1990260306.us-east-1.elb.amazonaws.com/restaurants?q=pizza&limit=12&sort=rating,79,0,0
1777593172608,78,02 - GET /restaurants (search),200,OK,Virtual Users [300 threads] 1-163,text,true,,790,311,4,4,http://k8s-forkfind-forkfind-8e65d48af1-1990260306.us-east-1.elb.amazonaws.com/restaurants?q=pizza&limit=12&sort=rating,78,0,0
1777593172616,75,03 - POST /restaurants/10/reviews,401,Unauthorized,Virtual Users [300 threads] 1-162,text,false,"Review submission returned unexpected status (401 = bad token, 5xx = server error)",255,448,4,4,http://k8s-forkfind-forkfind-8e65d48af1-1990260306.us-east-1.elb.amazonaws.com/restaurants/10/reviews,75,0,0
1777593172561,148,01 - POST /auth/user/login,503,Service Temporarily Unavailable,Virtual Users [300 threads] 1-164,text,false,Login failed — check credentials in users.csv,337,363,3,3,http://k8s-forkfind-forkfind-8e65d48af1-1990260306.us-east-1.elb.amazonaws.com/auth/user/login,148,0,75
1777593172687,81,03 - POST /restaurants/10/reviews,401,Unauthorized,Virtual Users [300 threads] 1-163,text,false,"Review submission returned unexpected status (401 = bad token, 5xx = server error)",255,448,4,4,http://k8s-forkfind-forkfind-8e65d48af1-1990260306.us-east-1.elb.amazonaws.com/restaurants/10/reviews,81,0,0
1777593172710,78,02 - GET /restaurants (search),200,OK,Virtual Users [300 threads] 1-164,text,true,,790,311,3,3,http://k8s-forkfind-forkfind-8e65d48af1-1990260306.us-east-1.elb.amazonaws.com/restaurants?q=pizza&limit=12&sort=rating,78,0,0
1777593172659,145,01 - POST /auth/user/login,503,Service Temporarily Unavailable,Virtual Users [300 threads] 1-165,text,false,Login failed — check credentials in users.csv,337,363,3,3,http://k8s-forkfind-forkfind-8e65d48af1-1990260306.us-east-1.elb.amazonaws.com/auth/user/login,145,0,72
1777593172789,73,03 - POST /restaurants/10/reviews,401,Unauthorized,Virtual Users [300 threads] 1-164,text,false,"Review submission returned unexpected status (401 = bad token, 5xx = server error)",255,448,4,4,http://k8s-forkfind-forkfind-8e65d48af1-1990260306.us-east-1.elb.amazonaws.com/restaurants/10/reviews,73,0,0
1777593172805,87,02 - GET /restaurants (search),200,OK,Virtual Users [300 threads] 1-165,text,true,,790,311,3,3,http://k8s-forkfind-forkfind-8e65d48af1-1990260306.us-east-1.elb.amazonaws.com/restaurants?q=pizza&limit=12&sort=rating,87,0,0
1777593172757,155,01 - POST /auth/user/login,503,Service Temporarily Unavailable,Virtual Users [300 threads] 1-166,text,false,Login failed — check credentials in users.csv,337,363,3,3,http://k8s-forkfind-forkfind-8e65d48af1-1990260306.us-east-1.elb.amazonaws.com/auth/user/login,155,0,78
1777593172893,74,03 - POST /restaurants/10/reviews,401,Unauthorized,Virtual Users [300 threads] 1-165,text,false,"Review submission returned unexpected status (401 = bad token, 5xx = server error)",255,448,4,4,http://k8s-forkfind-forkfind-8e65d48af1-1990260306.us-east-1.elb.amazonaws.com/restaurants/10/reviews,74,0,0
1777593172912,77,02 - GET /restaurants (search),200,OK,Virtual Users [300 threads] 1-166,text,true,,790,311,3,3,http://k8s-forkfind-forkfind-8e65d48af1-1990260306.us-east-1.elb.amazonaws.com/restaurants?q=pizza&limit=12&sort=rating,77,0,0
1777593172861,147,01 - POST /auth/user/login,503,Service Temporarily Unavailable,Virtual Users [300 threads] 1-167,text,false,Login failed — check credentials in users.csv,337,363,3,3,http://k8s-forkfind-forkfind-8e65d48af1-1990260306.us-east-1.elb.amazonaws.com/auth/user/login,147,0,75
1777593172989,80,03 - POST /restaurants/10/reviews,401,Unauthorized,Virtual Users [300 threads] 1-166,text,false,"Review submission returned unexpected status (401 = bad token, 5xx = server error)",255,448,4,4,http://k8s-forkfind-forkfind-8e65d48af1-1990260306.us-east-1.elb.amazonaws.com/restaurants/10/reviews,80,0,0
1777593173009,81,02 - GET /restaurants (search),200,OK,Virtual Users [300 threads] 1-167,text,true,,790,311,3,3,http://k8s-forkfind-forkfind-8e65d48af1-1990260306.us-east-1.elb.amazonaws.com/restaurants?q=pizza&limit=12&sort=rating,81,0,0
1777593172961,144,01 - POST /auth/user/login,503,Service Temporarily Unavailable,Virtual Users [300 threads] 1-168,text,false,Login failed — check credentials in users.csv,337,363,3,3,http://k8s-forkfind-forkfind-8e65d48af1-1990260306.us-east-1.elb.amazonaws.com/auth/user/login,144,0,71
1777593173091,74,03 - POST /restaurants/10/reviews,401,Unauthorized,Virtual Users [300 threads] 1-167,text,false,"Review submission returned unexpected status (401 = bad token, 5xx = server error)",255,448,4,4,http://k8s-forkfind-forkfind-8e65d48af1-1990260306.us-east-1.elb.amazonaws.com/restaurants/10/reviews,74,0,0
1777593173106,78,02 - GET /restaurants (search),200,OK,Virtual Users [300 threads] 1-168,text,true,,790,311,3,3,http://k8s-forkfind-forkfind-8e65d48af1-1990260306.us-east-1.elb.amazonaws.com/restaurants?q=pizza&limit=12&sort=rating,77,0,0
1777593173061,149,01 - POST /auth/user/login,503,Service Temporarily Unavailable,Virtual Users [300 threads] 1-169,text,false,Login failed — check credentials in users.csv,337,363,3,3,http://k8s-forkfind-forkfind-8e65d48af1-1990260306.us-east-1.elb.amazonaws.com/auth/user/login,148,0,77
1777593173184,74,03 - POST /restaurants/10/reviews,401,Unauthorized,Virtual Users [300 threads] 1-168,text,false,"Review submission returned unexpected status (401 = bad token, 5xx = server error)",255,448,3,3,http://k8s-forkfind-forkfind-8e65d48af1-1990260306.us-east-1.elb.amazonaws.com/restaurants/10/reviews,74,0,0
1777593173210,79,02 - GET /restaurants (search),200,OK,Virtual Users [300 threads] 1-169,text,true,,790,311,3,3,http://k8s-forkfind-forkfind-8e65d48af1-1990260306.us-east-1.elb.amazonaws.com/restaurants?q=pizza&limit=12&sort=rating,79,0,0
1777593173160,149,01 - POST /auth/user/login,503,Service Temporarily Unavailable,Virtual Users [300 threads] 1-170,text,false,Login failed — check credentials in users.csv,337,363,3,3,http://k8s-forkfind-forkfind-8e65d48af1-1990260306.us-east-1.elb.amazonaws.com/auth/user/login,149,0,74
1777593173290,73,03 - POST /restaurants/10/reviews,401,Unauthorized,Virtual Users [300 threads] 1-169,text,false,"Review submission returned unexpected status (401 = bad token, 5xx = server error)",255,448,4,4,http://k8s-forkfind-forkfind-8e65d48af1-1990260306.us-east-1.elb.amazonaws.com/restaurants/10/reviews,73,0,0
1777593173310,82,02 - GET /restaurants (search),200,OK,Virtual Users [300 threads] 1-170,text,true,,790,311,3,3,http://k8s-forkfind-forkfind-8e65d48af1-1990260306.us-east-1.elb.amazonaws.com/restaurants?q=pizza&limit=12&sort=rating,82,0,0
1777593173260,164,01 - POST /auth/user/login,503,Service Temporarily Unavailable,Virtual Users [300 threads] 1-171,text,false,Login failed — check credentials in users.csv,337,363,3,3,http://k8s-forkfind-forkfind-8e65d48af1-1990260306.us-east-1.elb.amazonaws.com/auth/user/login,164,0,72
1777593173393,102,03 - POST /restaurants/10/reviews,401,Unauthorized,Virtual Users [300 threads] 1-170,text,false,"Review submission returned unexpected status (401 = bad token, 5xx = server error)",255,448,4,4,http://k8s-forkfind-forkfind-8e65d48af1-1990260306.us-east-1.elb.amazonaws.com/restaurants/10/reviews,102,0,0
1777593173426,93,02 - GET /restaurants (search),200,OK,Virtual Users [300 threads] 1-171,text,true,,790,311,3,3,http://k8s-forkfind-forkfind-8e65d48af1-1990260306.us-east-1.elb.amazonaws.com/restaurants?q=pizza&limit=12&sort=rating,93,0,0
1777593173357,162,01 - POST /auth/user/login,503,Service Temporarily Unavailable,Virtual Users [300 threads] 1-172,text,false,Login failed — check credentials in users.csv,337,363,3,3,http://k8s-forkfind-forkfind-8e65d48af1-1990260306.us-east-1.elb.amazonaws.com/auth/user/login,162,0,78
1777593173520,76,03 - POST /restaurants/10/reviews,401,Unauthorized,Virtual Users [300 threads] 1-171,text,false,"Review submission returned unexpected status (401 = bad token, 5xx = server error)",255,448,4,4,http://k8s-forkfind-forkfind-8e65d48af1-1990260306.us-east-1.elb.amazonaws.com/restaurants/10/reviews,76,0,0
1777593173520,78,02 - GET /restaurants (search),200,OK,Virtual Users [300 threads] 1-172,text,true,,790,311,3,3,http://k8s-forkfind-forkfind-8e65d48af1-1990260306.us-east-1.elb.amazonaws.com/restaurants?q=pizza&limit=12&sort=rating,78,0,0
1777593173459,152,01 - POST /auth/user/login,503,Service Temporarily Unavailable,Virtual Users [300 threads] 1-173,text,false,Login failed — check credentials in users.csv,337,363,3,3,http://k8s-forkfind-forkfind-8e65d48af1-1990260306.us-east-1.elb.amazonaws.com/auth/user/login,152,0,77
1777593173599,74,03 - POST /restaurants/10/reviews,401,Unauthorized,Virtual Users [300 threads] 1-172,text,false,"Review submission returned unexpected status (401 = bad token, 5xx = server error)",255,448,4,4,http://k8s-forkfind-forkfind-8e65d48af1-1990260306.us-east-1.elb.amazonaws.com/restaurants/10/reviews,74,0,0
1777593173612,81,02 - GET /restaurants (search),200,OK,Virtual Users [300 threads] 1-173,text,true,,790,311,3,3,http://k8s-forkfind-forkfind-8e65d48af1-1990260306.us-east-1.elb.amazonaws.com/restaurants?q=pizza&limit=12&sort=rating,81,0,0
1777593173561,153,01 - POST /auth/user/login,503,Service Temporarily Unavailable,Virtual Users [300 threads] 1-174,text,false,Login failed — check credentials in users.csv,337,363,3,3,http://k8s-forkfind-forkfind-8e65d48af1-1990260306.us-east-1.elb.amazonaws.com/auth/user/login,153,0,73
1777593173693,78,03 - POST /restaurants/10/reviews,401,Unauthorized,Virtual Users [300 threads] 1-173,text,false,"Review submission returned unexpected status (401 = bad token, 5xx = server error)",255,448,4,4,http://k8s-forkfind-forkfind-8e65d48af1-1990260306.us-east-1.elb.amazonaws.com/restaurants/10/reviews,78,0,0
1777593173715,96,02 - GET /restaurants (search),200,OK,Virtual Users [300 threads] 1-174,text,true,,790,311,3,3,http://k8s-forkfind-forkfind-8e65d48af1-1990260306.us-east-1.elb.amazonaws.com/restaurants?q=pizza&limit=12&sort=rating,96,0,0
1777593173661,150,01 - POST /auth/user/login,503,Service Temporarily Unavailable,Virtual Users [300 threads] 1-175,text,false,Login failed — check credentials in users.csv,337,363,3,3,http://k8s-forkfind-forkfind-8e65d48af1-1990260306.us-east-1.elb.amazonaws.com/auth/user/login,150,0,75
1777593173811,77,03 - POST /restaurants/10/reviews,401,Unauthorized,Virtual Users [300 threads] 1-174,text,false,"Review submission returned unexpected status (401 = bad token, 5xx = server error)",255,448,4,4,http://k8s-forkfind-forkfind-8e65d48af1-1990260306.us-east-1.elb.amazonaws.com/restaurants/10/reviews,77,0,0
1777593173761,146,01 - POST /auth/user/login,503,Service Temporarily Unavailable,Virtual Users [300 threads] 1-176,text,false,Login failed — check credentials in users.csv,337,363,3,3,http://k8s-forkfind-forkfind-8e65d48af1-1990260306.us-east-1.elb.amazonaws.com/auth/user/login,146,0,73
1777593173812,96,02 - GET /restaurants (search),200,OK,Virtual Users [300 threads] 1-175,text,true,,790,311,3,3,http://k8s-forkfind-forkfind-8e65d48af1-1990260306.us-east-1.elb.amazonaws.com/restaurants?q=pizza&limit=12&sort=rating,96,0,0
1777593173909,76,03 - POST /restaurants/10/reviews,401,Unauthorized,Virtual Users [300 threads] 1-175,text,false,"Review submission returned unexpected status (401 = bad token, 5xx = server error)",255,448,4,4,http://k8s-forkfind-forkfind-8e65d48af1-1990260306.us-east-1.elb.amazonaws.com/restaurants/10/reviews,76,0,0
1777593173908,103,02 - GET /restaurants (search),200,OK,Virtual Users [300 threads] 1-176,text,true,,790,311,3,3,http://k8s-forkfind-forkfind-8e65d48af1-1990260306.us-east-1.elb.amazonaws.com/restaurants?q=pizza&limit=12&sort=rating,103,0,0
1777593173859,152,01 - POST /auth/user/login,503,Service Temporarily Unavailable,Virtual Users [300 threads] 1-177,text,false,Login failed — check credentials in users.csv,337,363,3,3,http://k8s-forkfind-forkfind-8e65d48af1-1990260306.us-east-1.elb.amazonaws.com/auth/user/login,152,0,72
1777593174012,73,03 - POST /restaurants/10/reviews,401,Unauthorized,Virtual Users [300 threads] 1-176,text,false,"Review submission returned unexpected status (401 = bad token, 5xx = server error)",255,448,4,4,http://k8s-forkfind-forkfind-8e65d48af1-1990260306.us-east-1.elb.amazonaws.com/restaurants/10/reviews,73,0,0
1777593174012,93,02 - GET /restaurants (search),200,OK,Virtual Users [300 threads] 1-177,text,true,,790,311,3,3,http://k8s-forkfind-forkfind-8e65d48af1-1990260306.us-east-1.elb.amazonaws.com/restaurants?q=pizza&limit=12&sort=rating,93,0,0
1777593173958,147,01 - POST /auth/user/login,503,Service Temporarily Unavailable,Virtual Users [300 threads] 1-178,text,false,Login failed — check credentials in users.csv,337,363,3,3,http://k8s-forkfind-forkfind-8e65d48af1-1990260306.us-east-1.elb.amazonaws.com/auth/user/login,147,0,74
1777593174105,81,03 - POST /restaurants/10/reviews,401,Unauthorized,Virtual Users [300 threads] 1-177,text,false,"Review submission returned unexpected status (401 = bad token, 5xx = server error)",255,448,4,4,http://k8s-forkfind-forkfind-8e65d48af1-1990260306.us-east-1.elb.amazonaws.com/restaurants/10/reviews,81,0,0
1777593174105,87,02 - GET /restaurants (search),200,OK,Virtual Users [300 threads] 1-178,text,true,,790,311,3,3,http://k8s-forkfind-forkfind-8e65d48af1-1990260306.us-east-1.elb.amazonaws.com/restaurants?q=pizza&limit=12&sort=rating,87,0,0
1777593174061,169,01 - POST /auth/user/login,503,Service Temporarily Unavailable,Virtual Users [300 threads] 1-179,text,false,Login failed — check credentials in users.csv,337,363,3,3,http://k8s-forkfind-forkfind-8e65d48af1-1990260306.us-east-1.elb.amazonaws.com/auth/user/login,169,0,73
1777593174192,89,03 - POST /restaurants/10/reviews,401,Unauthorized,Virtual Users [300 threads] 1-178,text,false,"Review submission returned unexpected status (401 = bad token, 5xx = server error)",255,448,4,4,http://k8s-forkfind-forkfind-8e65d48af1-1990260306.us-east-1.elb.amazonaws.com/restaurants/10/reviews,89,0,0
1777593174157,145,01 - POST /auth/user/login,503,Service Temporarily Unavailable,Virtual Users [300 threads] 1-180,text,false,Login failed — check credentials in users.csv,337,363,3,3,http://k8s-forkfind-forkfind-8e65d48af1-1990260306.us-east-1.elb.amazonaws.com/auth/user/login,145,0,73
1777593174231,88,02 - GET /restaurants (search),200,OK,Virtual Users [300 threads] 1-179,text,true,,790,311,3,3,http://k8s-forkfind-forkfind-8e65d48af1-1990260306.us-east-1.elb.amazonaws.com/restaurants?q=pizza&limit=12&sort=rating,88,0,0
1777593174319,75,03 - POST /restaurants/10/reviews,401,Unauthorized,Virtual Users [300 threads] 1-179,text,false,"Review submission returned unexpected status (401 = bad token, 5xx = server error)",255,448,4,4,http://k8s-forkfind-forkfind-8e65d48af1-1990260306.us-east-1.elb.amazonaws.com/restaurants/10/reviews,75,0,0
1777593174303,91,02 - GET /restaurants (search),200,OK,Virtual Users [300 threads] 1-180,text,true,,790,311,4,4,http://k8s-forkfind-forkfind-8e65d48af1-1990260306.us-east-1.elb.amazonaws.com/restaurants?q=pizza&limit=12&sort=rating,91,0,0
1777593174262,147,01 - POST /auth/user/login,503,Service Temporarily Unavailable,Virtual Users [300 threads] 1-181,text,false,Login failed — check credentials in users.csv,337,363,3,3,http://k8s-forkfind-forkfind-8e65d48af1-1990260306.us-east-1.elb.amazonaws.com/auth/user/login,147,0,72
1777593174395,76,03 - POST /restaurants/10/reviews,401,Unauthorized,Virtual Users [300 threads] 1-180,text,false,"Review submission returned unexpected status (401 = bad token, 5xx = server error)",255,448,4,4,http://k8s-forkfind-forkfind-8e65d48af1-1990260306.us-east-1.elb.amazonaws.com/restaurants/10/reviews,76,0,0
1777593174410,84,02 - GET /restaurants (search),200,OK,Virtual Users [300 threads] 1-181,text,true,,790,311,3,3,http://k8s-forkfind-forkfind-8e65d48af1-1990260306.us-east-1.elb.amazonaws.com/restaurants?q=pizza&limit=12&sort=rating,83,0,0
1777593174357,144,01 - POST /auth/user/login,503,Service Temporarily Unavailable,Virtual Users [300 threads] 1-182,text,false,Login failed — check credentials in users.csv,337,363,3,3,http://k8s-forkfind-forkfind-8e65d48af1-1990260306.us-east-1.elb.amazonaws.com/auth/user/login,144,0,73
1777593174494,74,03 - POST /restaurants/10/reviews,401,Unauthorized,Virtual Users [300 threads] 1-181,text,false,"Review submission returned unexpected status (401 = bad token, 5xx = server error)",255,448,4,4,http://k8s-forkfind-forkfind-8e65d48af1-1990260306.us-east-1.elb.amazonaws.com/restaurants/10/reviews,74,0,0
1777593174502,89,02 - GET /restaurants (search),200,OK,Virtual Users [300 threads] 1-182,text,true,,790,311,3,3,http://k8s-forkfind-forkfind-8e65d48af1-1990260306.us-east-1.elb.amazonaws.com/restaurants?q=pizza&limit=12&sort=rating,89,0,0
1777593174460,149,01 - POST /auth/user/login,503,Service Temporarily Unavailable,Virtual Users [300 threads] 1-183,text,false,Login failed — check credentials in users.csv,337,363,3,3,http://k8s-forkfind-forkfind-8e65d48af1-1990260306.us-east-1.elb.amazonaws.com/auth/user/login,149,0,76
1777593174591,74,03 - POST /restaurants/10/reviews,401,Unauthorized,Virtual Users [300 threads] 1-182,text,false,"Review submission returned unexpected status (401 = bad token, 5xx = server error)",255,448,4,4,http://k8s-forkfind-forkfind-8e65d48af1-1990260306.us-east-1.elb.amazonaws.com/restaurants/10/reviews,74,0,0
1777593174610,96,02 - GET /restaurants (search),200,OK,Virtual Users [300 threads] 1-183,text,true,,790,311,3,3,http://k8s-forkfind-forkfind-8e65d48af1-1990260306.us-east-1.elb.amazonaws.com/restaurants?q=pizza&limit=12&sort=rating,96,0,0
1777593174561,147,01 - POST /auth/user/login,503,Service Temporarily Unavailable,Virtual Users [300 threads] 1-184,text,false,Login failed — check credentials in users.csv,337,363,3,3,http://k8s-forkfind-forkfind-8e65d48af1-1990260306.us-east-1.elb.amazonaws.com/auth/user/login,147,0,71
1777593174707,74,03 - POST /restaurants/10/reviews,401,Unauthorized,Virtual Users [300 threads] 1-183,text,false,"Review submission returned unexpected status (401 = bad token, 5xx = server error)",255,448,4,4,http://k8s-forkfind-forkfind-8e65d48af1-1990260306.us-east-1.elb.amazonaws.com/restaurants/10/reviews,74,0,0
1777593174709,84,02 - GET /restaurants (search),200,OK,Virtual Users [300 threads] 1-184,text,true,,790,311,3,3,http://k8s-forkfind-forkfind-8e65d48af1-1990260306.us-east-1.elb.amazonaws.com/restaurants?q=pizza&limit=12&sort=rating,84,0,0
1777593174661,146,01 - POST /auth/user/login,503,Service Temporarily Unavailable,Virtual Users [300 threads] 1-185,text,false,Login failed — check credentials in users.csv,337,363,3,3,http://k8s-forkfind-forkfind-8e65d48af1-1990260306.us-east-1.elb.amazonaws.com/auth/user/login,146,0,75
1777593174794,73,03 - POST /restaurants/10/reviews,401,Unauthorized,Virtual Users [300 threads] 1-184,text,false,"Review submission returned unexpected status (401 = bad token, 5xx = server error)",255,448,4,4,http://k8s-forkfind-forkfind-8e65d48af1-1990260306.us-east-1.elb.amazonaws.com/restaurants/10/reviews,73,0,0
1777593174760,146,01 - POST /auth/user/login,503,Service Temporarily Unavailable,Virtual Users [300 threads] 1-186,text,false,Login failed — check credentials in users.csv,337,363,3,3,http://k8s-forkfind-forkfind-8e65d48af1-1990260306.us-east-1.elb.amazonaws.com/auth/user/login,146,0,71
1777593174808,111,02 - GET /restaurants (search),200,OK,Virtual Users [300 threads] 1-185,text,true,,790,311,3,3,http://k8s-forkfind-forkfind-8e65d48af1-1990260306.us-east-1.elb.amazonaws.com/restaurants?q=pizza&limit=12&sort=rating,110,0,0
1777593174919,77,03 - POST /restaurants/10/reviews,401,Unauthorized,Virtual Users [300 threads] 1-185,text,false,"Review submission returned unexpected status (401 = bad token, 5xx = server error)",255,448,4,4,http://k8s-forkfind-forkfind-8e65d48af1-1990260306.us-east-1.elb.amazonaws.com/restaurants/10/reviews,77,0,0
1777593174907,89,02 - GET /restaurants (search),200,OK,Virtual Users [300 threads] 1-186,text,true,,790,311,4,4,http://k8s-forkfind-forkfind-8e65d48af1-1990260306.us-east-1.elb.amazonaws.com/restaurants?q=pizza&limit=12&sort=rating,89,0,0
1777593174861,141,01 - POST /auth/user/login,503,Service Temporarily Unavailable,Virtual Users [300 threads] 1-187,text,false,Login failed — check credentials in users.csv,337,363,3,3,http://k8s-forkfind-forkfind-8e65d48af1-1990260306.us-east-1.elb.amazonaws.com/auth/user/login,141,0,71
1777593174997,85,03 - POST /restaurants/10/reviews,401,Unauthorized,Virtual Users [300 threads] 1-186,text,false,"Review submission returned unexpected status (401 = bad token, 5xx = server error)",255,448,4,4,http://k8s-forkfind-forkfind-8e65d48af1-1990260306.us-east-1.elb.amazonaws.com/restaurants/10/reviews,85,0,0
1777593175003,96,02 - GET /restaurants (search),200,OK,Virtual Users [300 threads] 1-187,text,true,,790,311,3,3,http://k8s-forkfind-forkfind-8e65d48af1-1990260306.us-east-1.elb.amazonaws.com/restaurants?q=pizza&limit=12&sort=rating,96,0,0
1777593174960,144,01 - POST /auth/user/login,503,Service Temporarily Unavailable,Virtual Users [300 threads] 1-188,text,false,Login failed — check credentials in users.csv,337,363,3,3,http://k8s-forkfind-forkfind-8e65d48af1-1990260306.us-east-1.elb.amazonaws.com/auth/user/login,144,0,71
1777593175100,76,03 - POST /restaurants/10/reviews,401,Unauthorized,Virtual Users [300 threads] 1-187,text,false,"Review submission returned unexpected status (401 = bad token, 5xx = server error)",255,448,4,4,http://k8s-forkfind-forkfind-8e65d48af1-1990260306.us-east-1.elb.amazonaws.com/restaurants/10/reviews,76,0,0
1777593175104,91,02 - GET /restaurants (search),200,OK,Virtual Users [300 threads] 1-188,text,true,,790,311,3,3,http://k8s-forkfind-forkfind-8e65d48af1-1990260306.us-east-1.elb.amazonaws.com/restaurants?q=pizza&limit=12&sort=rating,91,0,0
1777593175061,144,01 - POST /auth/user/login,503,Service Temporarily Unavailable,Virtual Users [300 threads] 1-189,text,false,Login failed — check credentials in users.csv,337,363,3,3,http://k8s-forkfind-forkfind-8e65d48af1-1990260306.us-east-1.elb.amazonaws.com/auth/user/login,144,0,72
1777593175196,74,03 - POST /restaurants/10/reviews,401,Unauthorized,Virtual Users [300 threads] 1-188,text,false,"Review submission returned unexpected status (401 = bad token, 5xx = server error)",255,448,4,4,http://k8s-forkfind-forkfind-8e65d48af1-1990260306.us-east-1.elb.amazonaws.com/restaurants/10/reviews,74,0,0
1777593175206,78,02 - GET /restaurants (search),200,OK,Virtual Users [300 threads] 1-189,text,true,,790,311,3,3,http://k8s-forkfind-forkfind-8e65d48af1-1990260306.us-east-1.elb.amazonaws.com/restaurants?q=pizza&limit=12&sort=rating,78,0,0
1777593175161,150,01 - POST /auth/user/login,503,Service Temporarily Unavailable,Virtual Users [300 threads] 1-190,text,false,Login failed — check credentials in users.csv,337,363,3,3,http://k8s-forkfind-forkfind-8e65d48af1-1990260306.us-east-1.elb.amazonaws.com/auth/user/login,150,0,72
1777593175284,76,03 - POST /restaurants/10/reviews,401,Unauthorized,Virtual Users [300 threads] 1-189,text,false,"Review submission returned unexpected status (401 = bad token, 5xx = server error)",255,448,4,4,http://k8s-forkfind-forkfind-8e65d48af1-1990260306.us-east-1.elb.amazonaws.com/restaurants/10/reviews,76,0,0
1777593175312,90,02 - GET /restaurants (search),200,OK,Virtual Users [300 threads] 1-190,text,true,,790,311,3,3,http://k8s-forkfind-forkfind-8e65d48af1-1990260306.us-east-1.elb.amazonaws.com/restaurants?q=pizza&limit=12&sort=rating,90,0,0
1777593175261,151,01 - POST /auth/user/login,503,Service Temporarily Unavailable,Virtual Users [300 threads] 1-191,text,false,Login failed — check credentials in users.csv,337,363,3,3,http://k8s-forkfind-forkfind-8e65d48af1-1990260306.us-east-1.elb.amazonaws.com/auth/user/login,151,0,72
1777593175403,77,03 - POST /restaurants/10/reviews,401,Unauthorized,Virtual Users [300 threads] 1-190,text,false,"Review submission returned unexpected status (401 = bad token, 5xx = server error)",255,448,4,4,http://k8s-forkfind-forkfind-8e65d48af1-1990260306.us-east-1.elb.amazonaws.com/restaurants/10/reviews,77,0,0
1777593175413,87,02 - GET /restaurants (search),200,OK,Virtual Users [300 threads] 1-191,text,true,,790,311,3,3,http://k8s-forkfind-forkfind-8e65d48af1-1990260306.us-east-1.elb.amazonaws.com/restaurants?q=pizza&limit=12&sort=rating,87,0,0
1777593175356,158,01 - POST /auth/user/login,503,Service Temporarily Unavailable,Virtual Users [300 threads] 1-192,text,false,Login failed — check credentials in users.csv,337,363,3,3,http://k8s-forkfind-forkfind-8e65d48af1-1990260306.us-east-1.elb.amazonaws.com/auth/user/login,158,0,75
1777593175500,77,03 - POST /restaurants/10/reviews,401,Unauthorized,Virtual Users [300 threads] 1-191,text,false,"Review submission returned unexpected status (401 = bad token, 5xx = server error)",255,448,4,4,http://k8s-forkfind-forkfind-8e65d48af1-1990260306.us-east-1.elb.amazonaws.com/restaurants/10/reviews,77,0,0
1777593175515,81,02 - GET /restaurants (search),200,OK,Virtual Users [300 threads] 1-192,text,true,,790,311,3,3,http://k8s-forkfind-forkfind-8e65d48af1-1990260306.us-east-1.elb.amazonaws.com/restaurants?q=pizza&limit=12&sort=rating,81,0,0
1777593175456,168,01 - POST /auth/user/login,503,Service Temporarily Unavailable,Virtual Users [300 threads] 1-193,text,false,Login failed — check credentials in users.csv,337,363,3,3,http://k8s-forkfind-forkfind-8e65d48af1-1990260306.us-east-1.elb.amazonaws.com/auth/user/login,168,0,75
1777593175596,76,03 - POST /restaurants/10/reviews,401,Unauthorized,Virtual Users [300 threads] 1-192,text,false,"Review submission returned unexpected status (401 = bad token, 5xx = server error)",255,448,4,4,http://k8s-forkfind-forkfind-8e65d48af1-1990260306.us-east-1.elb.amazonaws.com/restaurants/10/reviews,76,0,0
1777593175625,78,02 - GET /restaurants (search),200,OK,Virtual Users [300 threads] 1-193,text,true,,790,311,3,3,http://k8s-forkfind-forkfind-8e65d48af1-1990260306.us-east-1.elb.amazonaws.com/restaurants?q=pizza&limit=12&sort=rating,78,0,0
1777593175560,151,01 - POST /auth/user/login,503,Service Temporarily Unavailable,Virtual Users [300 threads] 1-194,text,false,Login failed — check credentials in users.csv,337,363,3,3,http://k8s-forkfind-forkfind-8e65d48af1-1990260306.us-east-1.elb.amazonaws.com/auth/user/login,151,0,80
1777593175704,80,03 - POST /restaurants/10/reviews,401,Unauthorized,Virtual Users [300 threads] 1-193,text,false,"Review submission returned unexpected status (401 = bad token, 5xx = server error)",255,448,4,4,http://k8s-forkfind-forkfind-8e65d48af1-1990260306.us-east-1.elb.amazonaws.com/restaurants/10/reviews,80,0,0
1777593175712,103,02 - GET /restaurants (search),200,OK,Virtual Users [300 threads] 1-194,text,true,,790,311,3,3,http://k8s-forkfind-forkfind-8e65d48af1-1990260306.us-east-1.elb.amazonaws.com/restaurants?q=pizza&limit=12&sort=rating,103,0,0
1777593175660,155,01 - POST /auth/user/login,503,Service Temporarily Unavailable,Virtual Users [300 threads] 1-195,text,false,Login failed — check credentials in users.csv,337,363,3,3,http://k8s-forkfind-forkfind-8e65d48af1-1990260306.us-east-1.elb.amazonaws.com/auth/user/login,155,0,73
1777593175816,89,02 - GET /restaurants (search),200,OK,Virtual Users [300 threads] 1-195,text,true,,790,311,4,4,http://k8s-forkfind-forkfind-8e65d48af1-1990260306.us-east-1.elb.amazonaws.com/restaurants?q=pizza&limit=12&sort=rating,89,0,0
1777593175816,89,03 - POST /restaurants/10/reviews,401,Unauthorized,Virtual Users [300 threads] 1-194,text,false,"Review submission returned unexpected status (401 = bad token, 5xx = server error)",255,448,4,4,http://k8s-forkfind-forkfind-8e65d48af1-1990260306.us-east-1.elb.amazonaws.com/restaurants/10/reviews,89,0,0
1777593175758,147,01 - POST /auth/user/login,503,Service Temporarily Unavailable,Virtual Users [300 threads] 1-196,text,false,Login failed — check credentials in users.csv,337,363,4,4,http://k8s-forkfind-forkfind-8e65d48af1-1990260306.us-east-1.elb.amazonaws.com/auth/user/login,147,0,71
1777593175906,75,03 - POST /restaurants/10/reviews,401,Unauthorized,Virtual Users [300 threads] 1-195,text,false,"Review submission returned unexpected status (401 = bad token, 5xx = server error)",255,448,4,4,http://k8s-forkfind-forkfind-8e65d48af1-1990260306.us-east-1.elb.amazonaws.com/restaurants/10/reviews,75,0,0
1777593175906,77,02 - GET /restaurants (search),200,OK,Virtual Users [300 threads] 1-196,text,true,,790,311,3,3,http://k8s-forkfind-forkfind-8e65d48af1-1990260306.us-east-1.elb.amazonaws.com/restaurants?q=pizza&limit=12&sort=rating,77,0,0
1777593175861,159,01 - POST /auth/user/login,503,Service Temporarily Unavailable,Virtual Users [300 threads] 1-197,text,false,Login failed — check credentials in users.csv,337,363,3,3,http://k8s-forkfind-forkfind-8e65d48af1-1990260306.us-east-1.elb.amazonaws.com/auth/user/login,159,0,74
1777593175984,75,03 - POST /restaurants/10/reviews,401,Unauthorized,Virtual Users [300 threads] 1-196,text,false,"Review submission returned unexpected status (401 = bad token, 5xx = server error)",255,448,3,3,http://k8s-forkfind-forkfind-8e65d48af1-1990260306.us-east-1.elb.amazonaws.com/restaurants/10/reviews,75,0,0
1777593176021,82,02 - GET /restaurants (search),200,OK,Virtual Users [300 threads] 1-197,text,true,,790,311,3,3,http://k8s-forkfind-forkfind-8e65d48af1-1990260306.us-east-1.elb.amazonaws.com/restaurants?q=pizza&limit=12&sort=rating,82,0,0
1777593175962,143,01 - POST /auth/user/login,503,Service Temporarily Unavailable,Virtual Users [300 threads] 1-198,text,false,Login failed — check credentials in users.csv,337,363,3,3,http://k8s-forkfind-forkfind-8e65d48af1-1990260306.us-east-1.elb.amazonaws.com/auth/user/login,143,0,72
1777593176104,76,03 - POST /restaurants/10/reviews,401,Unauthorized,Virtual Users [300 threads] 1-197,text,false,"Review submission returned unexpected status (401 = bad token, 5xx = server error)",255,448,4,4,http://k8s-forkfind-forkfind-8e65d48af1-1990260306.us-east-1.elb.amazonaws.com/restaurants/10/reviews,76,0,0
1777593176106,89,02 - GET /restaurants (search),200,OK,Virtual Users [300 threads] 1-198,text,true,,790,311,3,3,http://k8s-forkfind-forkfind-8e65d48af1-1990260306.us-east-1.elb.amazonaws.com/restaurants?q=pizza&limit=12&sort=rating,89,0,0
1777593176061,144,01 - POST /auth/user/login,503,Service Temporarily Unavailable,Virtual Users [300 threads] 1-199,text,false,Login failed — check credentials in users.csv,337,363,3,3,http://k8s-forkfind-forkfind-8e65d48af1-1990260306.us-east-1.elb.amazonaws.com/auth/user/login,144,0,70
1777593176196,79,03 - POST /restaurants/10/reviews,401,Unauthorized,Virtual Users [300 threads] 1-198,text,false,"Review submission returned unexpected status (401 = bad token, 5xx = server error)",255,448,4,4,http://k8s-forkfind-forkfind-8e65d48af1-1990260306.us-east-1.elb.amazonaws.com/restaurants/10/reviews,79,0,0
1777593176207,78,02 - GET /restaurants (search),200,OK,Virtual Users [300 threads] 1-199,text,true,,790,311,3,3,http://k8s-forkfind-forkfind-8e65d48af1-1990260306.us-east-1.elb.amazonaws.com/restaurants?q=pizza&limit=12&sort=rating,78,0,0
1777593176160,157,01 - POST /auth/user/login,503,Service Temporarily Unavailable,Virtual Users [300 threads] 1-200,text,false,Login failed — check credentials in users.csv,337,363,3,3,http://k8s-forkfind-forkfind-8e65d48af1-1990260306.us-east-1.elb.amazonaws.com/auth/user/login,157,0,81
1777593176285,75,03 - POST /restaurants/10/reviews,401,Unauthorized,Virtual Users [300 threads] 1-199,text,false,"Review submission returned unexpected status (401 = bad token, 5xx = server error)",255,448,4,4,http://k8s-forkfind-forkfind-8e65d48af1-1990260306.us-east-1.elb.amazonaws.com/restaurants/10/reviews,75,0,0
1777593176317,76,02 - GET /restaurants (search),200,OK,Virtual Users [300 threads] 1-200,text,true,,790,311,3,3,http://k8s-forkfind-forkfind-8e65d48af1-1990260306.us-east-1.elb.amazonaws.com/restaurants?q=pizza&limit=12&sort=rating,76,0,0
1777593176258,168,01 - POST /auth/user/login,503,Service Temporarily Unavailable,Virtual Users [300 threads] 1-201,text,false,Login failed — check credentials in users.csv,337,363,3,3,http://k8s-forkfind-forkfind-8e65d48af1-1990260306.us-east-1.elb.amazonaws.com/auth/user/login,168,0,92
1777593176393,89,03 - POST /restaurants/10/reviews,401,Unauthorized,Virtual Users [300 threads] 1-200,text,false,"Review submission returned unexpected status (401 = bad token, 5xx = server error)",255,448,4,4,http://k8s-forkfind-forkfind-8e65d48af1-1990260306.us-east-1.elb.amazonaws.com/restaurants/10/reviews,88,0,0
1777593176426,77,02 - GET /restaurants (search),200,OK,Virtual Users [300 threads] 1-201,text,true,,790,311,3,3,http://k8s-forkfind-forkfind-8e65d48af1-1990260306.us-east-1.elb.amazonaws.com/restaurants?q=pizza&limit=12&sort=rating,77,0,0
1777593176359,158,01 - POST /auth/user/login,503,Service Temporarily Unavailable,Virtual Users [300 threads] 1-202,text,false,Login failed — check credentials in users.csv,337,363,3,3,http://k8s-forkfind-forkfind-8e65d48af1-1990260306.us-east-1.elb.amazonaws.com/auth/user/login,158,0,87
1777593176503,74,03 - POST /restaurants/10/reviews,401,Unauthorized,Virtual Users [300 threads] 1-201,text,false,"Review submission returned unexpected status (401 = bad token, 5xx = server error)",255,448,4,4,http://k8s-forkfind-forkfind-8e65d48af1-1990260306.us-east-1.elb.amazonaws.com/restaurants/10/reviews,74,0,0
1777593176518,90,02 - GET /restaurants (search),200,OK,Virtual Users [300 threads] 1-202,text,true,,790,311,3,3,http://k8s-forkfind-forkfind-8e65d48af1-1990260306.us-east-1.elb.amazonaws.com/restaurants?q=pizza&limit=12&sort=rating,90,0,0
1777593176456,152,01 - POST /auth/user/login,503,Service Temporarily Unavailable,Virtual Users [300 threads] 1-203,text,false,Login failed — check credentials in users.csv,337,363,3,3,http://k8s-forkfind-forkfind-8e65d48af1-1990260306.us-east-1.elb.amazonaws.com/auth/user/login,152,0,81
1777593176608,76,03 - POST /restaurants/10/reviews,401,Unauthorized,Virtual Users [300 threads] 1-202,text,false,"Review submission returned unexpected status (401 = bad token, 5xx = server error)",255,448,4,4,http://k8s-forkfind-forkfind-8e65d48af1-1990260306.us-east-1.elb.amazonaws.com/restaurants/10/reviews,76,0,0
1777593176609,78,02 - GET /restaurants (search),200,OK,Virtual Users [300 threads] 1-203,text,true,,790,311,3,3,http://k8s-forkfind-forkfind-8e65d48af1-1990260306.us-east-1.elb.amazonaws.com/restaurants?q=pizza&limit=12&sort=rating,78,0,0
1777593176560,145,01 - POST /auth/user/login,503,Service Temporarily Unavailable,Virtual Users [300 threads] 1-204,text,false,Login failed — check credentials in users.csv,337,363,3,3,http://k8s-forkfind-forkfind-8e65d48af1-1990260306.us-east-1.elb.amazonaws.com/auth/user/login,145,0,73
1777593176688,73,03 - POST /restaurants/10/reviews,401,Unauthorized,Virtual Users [300 threads] 1-203,text,false,"Review submission returned unexpected status (401 = bad token, 5xx = server error)",255,448,4,4,http://k8s-forkfind-forkfind-8e65d48af1-1990260306.us-east-1.elb.amazonaws.com/restaurants/10/reviews,73,0,0
1777593176706,76,02 - GET /restaurants (search),200,OK,Virtual Users [300 threads] 1-204,text,true,,790,311,3,3,http://k8s-forkfind-forkfind-8e65d48af1-1990260306.us-east-1.elb.amazonaws.com/restaurants?q=pizza&limit=12&sort=rating,76,0,0
1777593176657,147,01 - POST /auth/user/login,503,Service Temporarily Unavailable,Virtual Users [300 threads] 1-205,text,false,Login failed — check credentials in users.csv,337,363,3,3,http://k8s-forkfind-forkfind-8e65d48af1-1990260306.us-east-1.elb.amazonaws.com/auth/user/login,146,0,73
1777593176783,76,03 - POST /restaurants/10/reviews,401,Unauthorized,Virtual Users [300 threads] 1-204,text,false,"Review submission returned unexpected status (401 = bad token, 5xx = server error)",255,448,4,4,http://k8s-forkfind-forkfind-8e65d48af1-1990260306.us-east-1.elb.amazonaws.com/restaurants/10/reviews,76,0,0
1777593176805,76,02 - GET /restaurants (search),200,OK,Virtual Users [300 threads] 1-205,text,true,,790,311,3,3,http://k8s-forkfind-forkfind-8e65d48af1-1990260306.us-east-1.elb.amazonaws.com/restaurants?q=pizza&limit=12&sort=rating,76,0,0
1777593176758,151,01 - POST /auth/user/login,503,Service Temporarily Unavailable,Virtual Users [300 threads] 1-206,text,false,Login failed — check credentials in users.csv,337,363,3,3,http://k8s-forkfind-forkfind-8e65d48af1-1990260306.us-east-1.elb.amazonaws.com/auth/user/login,151,0,72
1777593176881,74,03 - POST /restaurants/10/reviews,401,Unauthorized,Virtual Users [300 threads] 1-205,text,false,"Review submission returned unexpected status (401 = bad token, 5xx = server error)",255,448,3,3,http://k8s-forkfind-forkfind-8e65d48af1-1990260306.us-east-1.elb.amazonaws.com/restaurants/10/reviews,74,0,0
1777593176910,77,02 - GET /restaurants (search),200,OK,Virtual Users [300 threads] 1-206,text,true,,790,311,3,3,http://k8s-forkfind-forkfind-8e65d48af1-1990260306.us-east-1.elb.amazonaws.com/restaurants?q=pizza&limit=12&sort=rating,76,0,0
1777593176859,144,01 - POST /auth/user/login,503,Service Temporarily Unavailable,Virtual Users [300 threads] 1-207,text,false,Login failed — check credentials in users.csv,337,363,3,3,http://k8s-forkfind-forkfind-8e65d48af1-1990260306.us-east-1.elb.amazonaws.com/auth/user/login,144,0,71
1777593176987,73,03 - POST /restaurants/10/reviews,401,Unauthorized,Virtual Users [300 threads] 1-206,text,false,"Review submission returned unexpected status (401 = bad token, 5xx = server error)",255,448,4,4,http://k8s-forkfind-forkfind-8e65d48af1-1990260306.us-east-1.elb.amazonaws.com/restaurants/10/reviews,73,0,0
1777593177004,78,02 - GET /restaurants (search),200,OK,Virtual Users [300 threads] 1-207,text,true,,790,311,3,3,http://k8s-forkfind-forkfind-8e65d48af1-1990260306.us-east-1.elb.amazonaws.com/restaurants?q=pizza&limit=12&sort=rating,78,0,0
1777593176959,155,01 - POST /auth/user/login,503,Service Temporarily Unavailable,Virtual Users [300 threads] 1-208,text,false,Login failed — check credentials in users.csv,337,363,3,3,http://k8s-forkfind-forkfind-8e65d48af1-1990260306.us-east-1.elb.amazonaws.com/auth/user/login,155,0,82
1777593177082,75,03 - POST /restaurants/10/reviews,401,Unauthorized,Virtual Users [300 threads] 1-207,text,false,"Review submission returned unexpected status (401 = bad token, 5xx = server error)",255,448,4,4,http://k8s-forkfind-forkfind-8e65d48af1-1990260306.us-east-1.elb.amazonaws.com/restaurants/10/reviews,75,0,0
1777593177115,77,02 - GET /restaurants (search),200,OK,Virtual Users [300 threads] 1-208,text,true,,790,311,3,3,http://k8s-forkfind-forkfind-8e65d48af1-1990260306.us-east-1.elb.amazonaws.com/restaurants?q=pizza&limit=12&sort=rating,77,0,0
1777593177059,145,01 - POST /auth/user/login,503,Service Temporarily Unavailable,Virtual Users [300 threads] 1-209,text,false,Login failed — check credentials in users.csv,337,363,3,3,http://k8s-forkfind-forkfind-8e65d48af1-1990260306.us-east-1.elb.amazonaws.com/auth/user/login,145,0,72
1777593177192,77,03 - POST /restaurants/10/reviews,401,Unauthorized,Virtual Users [300 threads] 1-208,text,false,"Review submission returned unexpected status (401 = bad token, 5xx = server error)",255,448,4,4,http://k8s-forkfind-forkfind-8e65d48af1-1990260306.us-east-1.elb.amazonaws.com/restaurants/10/reviews,77,0,0
1777593177205,78,02 - GET /restaurants (search),200,OK,Virtual Users [300 threads] 1-209,text,true,,790,311,3,3,http://k8s-forkfind-forkfind-8e65d48af1-1990260306.us-east-1.elb.amazonaws.com/restaurants?q=pizza&limit=12&sort=rating,78,0,0
1777593177157,148,01 - POST /auth/user/login,503,Service Temporarily Unavailable,Virtual Users [300 threads] 1-210,text,false,Login failed — check credentials in users.csv,337,363,3,3,http://k8s-forkfind-forkfind-8e65d48af1-1990260306.us-east-1.elb.amazonaws.com/auth/user/login,148,0,71
1777593177283,93,03 - POST /restaurants/10/reviews,401,Unauthorized,Virtual Users [300 threads] 1-209,text,false,"Review submission returned unexpected status (401 = bad token, 5xx = server error)",255,448,4,4,http://k8s-forkfind-forkfind-8e65d48af1-1990260306.us-east-1.elb.amazonaws.com/restaurants/10/reviews,93,0,0
1777593177307,88,02 - GET /restaurants (search),200,OK,Virtual Users [300 threads] 1-210,text,true,,790,311,3,3,http://k8s-forkfind-forkfind-8e65d48af1-1990260306.us-east-1.elb.amazonaws.com/restaurants?q=pizza&limit=12&sort=rating,88,0,0
1777593177261,148,01 - POST /auth/user/login,503,Service Temporarily Unavailable,Virtual Users [300 threads] 1-211,text,false,Login failed — check credentials in users.csv,337,363,3,3,http://k8s-forkfind-forkfind-8e65d48af1-1990260306.us-east-1.elb.amazonaws.com/auth/user/login,148,0,75
1777593177396,75,03 - POST /restaurants/10/reviews,401,Unauthorized,Virtual Users [300 threads] 1-210,text,false,"Review submission returned unexpected status (401 = bad token, 5xx = server error)",255,448,4,4,http://k8s-forkfind-forkfind-8e65d48af1-1990260306.us-east-1.elb.amazonaws.com/restaurants/10/reviews,75,0,0
1777593177410,76,02 - GET /restaurants (search),200,OK,Virtual Users [300 threads] 1-211,text,true,,790,311,3,3,http://k8s-forkfind-forkfind-8e65d48af1-1990260306.us-east-1.elb.amazonaws.com/restaurants?q=pizza&limit=12&sort=rating,76,0,0
1777593177360,147,01 - POST /auth/user/login,503,Service Temporarily Unavailable,Virtual Users [300 threads] 1-212,text,false,Login failed — check credentials in users.csv,337,363,3,3,http://k8s-forkfind-forkfind-8e65d48af1-1990260306.us-east-1.elb.amazonaws.com/auth/user/login,147,0,72
1777593177486,85,03 - POST /restaurants/10/reviews,401,Unauthorized,Virtual Users [300 threads] 1-211,text,false,"Review submission returned unexpected status (401 = bad token, 5xx = server error)",255,448,4,4,http://k8s-forkfind-forkfind-8e65d48af1-1990260306.us-east-1.elb.amazonaws.com/restaurants/10/reviews,85,0,0
1777593177508,82,02 - GET /restaurants (search),200,OK,Virtual Users [300 threads] 1-212,text,true,,790,311,3,3,http://k8s-forkfind-forkfind-8e65d48af1-1990260306.us-east-1.elb.amazonaws.com/restaurants?q=pizza&limit=12&sort=rating,82,0,0
1777593177457,167,01 - POST /auth/user/login,503,Service Temporarily Unavailable,Virtual Users [300 threads] 1-213,text,false,Login failed — check credentials in users.csv,337,363,3,3,http://k8s-forkfind-forkfind-8e65d48af1-1990260306.us-east-1.elb.amazonaws.com/auth/user/login,167,0,95
1777593177590,80,03 - POST /restaurants/10/reviews,401,Unauthorized,Virtual Users [300 threads] 1-212,text,false,"Review submission returned unexpected status (401 = bad token, 5xx = server error)",255,448,4,4,http://k8s-forkfind-forkfind-8e65d48af1-1990260306.us-east-1.elb.amazonaws.com/restaurants/10/reviews,80,0,0
1777593177557,143,01 - POST /auth/user/login,503,Service Temporarily Unavailable,Virtual Users [300 threads] 1-214,text,false,Login failed — check credentials in users.csv,337,363,3,3,http://k8s-forkfind-forkfind-8e65d48af1-1990260306.us-east-1.elb.amazonaws.com/auth/user/login,143,0,72
1777593177625,76,02 - GET /restaurants (search),200,OK,Virtual Users [300 threads] 1-213,text,true,,790,311,3,3,http://k8s-forkfind-forkfind-8e65d48af1-1990260306.us-east-1.elb.amazonaws.com/restaurants?q=pizza&limit=12&sort=rating,76,0,0
1777593177701,75,03 - POST /restaurants/10/reviews,401,Unauthorized,Virtual Users [300 threads] 1-213,text,false,"Review submission returned unexpected status (401 = bad token, 5xx = server error)",255,448,4,4,http://k8s-forkfind-forkfind-8e65d48af1-1990260306.us-east-1.elb.amazonaws.com/restaurants/10/reviews,75,0,0
1777593177701,80,02 - GET /restaurants (search),200,OK,Virtual Users [300 threads] 1-214,text,true,,790,311,3,3,http://k8s-forkfind-forkfind-8e65d48af1-1990260306.us-east-1.elb.amazonaws.com/restaurants?q=pizza&limit=12&sort=rating,80,0,0
1777593177660,167,01 - POST /auth/user/login,503,Service Temporarily Unavailable,Virtual Users [300 threads] 1-215,text,false,Login failed — check credentials in users.csv,337,363,3,3,http://k8s-forkfind-forkfind-8e65d48af1-1990260306.us-east-1.elb.amazonaws.com/auth/user/login,167,0,81
1777593177782,83,03 - POST /restaurants/10/reviews,401,Unauthorized,Virtual Users [300 threads] 1-214,text,false,"Review submission returned unexpected status (401 = bad token, 5xx = server error)",255,448,4,4,http://k8s-forkfind-forkfind-8e65d48af1-1990260306.us-east-1.elb.amazonaws.com/restaurants/10/reviews,83,0,0
1777593177756,145,01 - POST /auth/user/login,503,Service Temporarily Unavailable,Virtual Users [300 threads] 1-216,text,false,Login failed — check credentials in users.csv,337,363,3,3,http://k8s-forkfind-forkfind-8e65d48af1-1990260306.us-east-1.elb.amazonaws.com/auth/user/login,145,0,74
1777593177827,77,02 - GET /restaurants (search),200,OK,Virtual Users [300 threads] 1-215,text,true,,790,311,3,3,http://k8s-forkfind-forkfind-8e65d48af1-1990260306.us-east-1.elb.amazonaws.com/restaurants?q=pizza&limit=12&sort=rating,77,0,0
1777593177905,74,03 - POST /restaurants/10/reviews,Non HTTP response code: java.net.SocketException,Non HTTP response message: Connection reset,Virtual Users [300 threads] 1-215,text,false,"Review submission returned unexpected status (401 = bad token, 5xx = server error)",2601,0,4,4,http://k8s-forkfind-forkfind-8e65d48af1-1990260306.us-east-1.elb.amazonaws.com/restaurants/10/reviews,0,0,0
1777593177902,78,02 - GET /restaurants (search),200,OK,Virtual Users [300 threads] 1-216,text,true,,790,311,4,4,http://k8s-forkfind-forkfind-8e65d48af1-1990260306.us-east-1.elb.amazonaws.com/restaurants?q=pizza&limit=12&sort=rating,78,0,0
1777593177855,142,01 - POST /auth/user/login,503,Service Temporarily Unavailable,Virtual Users [300 threads] 1-217,text,false,Login failed — check credentials in users.csv,337,363,3,3,http://k8s-forkfind-forkfind-8e65d48af1-1990260306.us-east-1.elb.amazonaws.com/auth/user/login,142,0,71
1777593177980,74,03 - POST /restaurants/10/reviews,Non HTTP response code: java.net.SocketException,Non HTTP response message: Connection reset,Virtual Users [300 threads] 1-216,text,false,"Review submission returned unexpected status (401 = bad token, 5xx = server error)",2601,0,3,3,http://k8s-forkfind-forkfind-8e65d48af1-1990260306.us-east-1.elb.amazonaws.com/restaurants/10/reviews,0,0,0
1777593177998,78,02 - GET /restaurants (search),200,OK,Virtual Users [300 threads] 1-217,text,true,,790,311,3,3,http://k8s-forkfind-forkfind-8e65d48af1-1990260306.us-east-1.elb.amazonaws.com/restaurants?q=pizza&limit=12&sort=rating,78,0,0
1777593177961,148,01 - POST /auth/user/login,503,Service Temporarily Unavailable,Virtual Users [300 threads] 1-218,text,false,Login failed — check credentials in users.csv,337,363,3,3,http://k8s-forkfind-forkfind-8e65d48af1-1990260306.us-east-1.elb.amazonaws.com/auth/user/login,148,0,77
1777593178076,79,03 - POST /restaurants/10/reviews,Non HTTP response code: java.net.SocketException,Non HTTP response message: Connection reset,Virtual Users [300 threads] 1-217,text,false,"Review submission returned unexpected status (401 = bad token, 5xx = server error)",2601,0,4,4,http://k8s-forkfind-forkfind-8e65d48af1-1990260306.us-east-1.elb.amazonaws.com/restaurants/10/reviews,0,0,0
1777593178110,86,02 - GET /restaurants (search),200,OK,Virtual Users [300 threads] 1-218,text,true,,790,311,3,3,http://k8s-forkfind-forkfind-8e65d48af1-1990260306.us-east-1.elb.amazonaws.com/restaurants?q=pizza&limit=12&sort=rating,86,0,0
1777593178059,150,01 - POST /auth/user/login,503,Service Temporarily Unavailable,Virtual Users [300 threads] 1-219,text,false,Login failed — check credentials in users.csv,337,363,3,3,http://k8s-forkfind-forkfind-8e65d48af1-1990260306.us-east-1.elb.amazonaws.com/auth/user/login,150,0,78
1777593178197,77,03 - POST /restaurants/10/reviews,401,Unauthorized,Virtual Users [300 threads] 1-218,text,false,"Review submission returned unexpected status (401 = bad token, 5xx = server error)",255,448,4,4,http://k8s-forkfind-forkfind-8e65d48af1-1990260306.us-east-1.elb.amazonaws.com/restaurants/10/reviews,77,0,0
1777593178210,79,02 - GET /restaurants (search),200,OK,Virtual Users [300 threads] 1-219,text,true,,790,311,3,3,http://k8s-forkfind-forkfind-8e65d48af1-1990260306.us-east-1.elb.amazonaws.com/restaurants?q=pizza&limit=12&sort=rating,79,0,0
1777593178156,144,01 - POST /auth/user/login,503,Service Temporarily Unavailable,Virtual Users [300 threads] 1-220,text,false,Login failed — check credentials in users.csv,337,363,3,3,http://k8s-forkfind-forkfind-8e65d48af1-1990260306.us-east-1.elb.amazonaws.com/auth/user/login,144,0,71
1777593178289,78,03 - POST /restaurants/10/reviews,401,Unauthorized,Virtual Users [300 threads] 1-219,text,false,"Review submission returned unexpected status (401 = bad token, 5xx = server error)",255,448,4,4,http://k8s-forkfind-forkfind-8e65d48af1-1990260306.us-east-1.elb.amazonaws.com/restaurants/10/reviews,78,0,0
1777593178301,77,02 - GET /restaurants (search),200,OK,Virtual Users [300 threads] 1-220,text,true,,790,311,3,3,http://k8s-forkfind-forkfind-8e65d48af1-1990260306.us-east-1.elb.amazonaws.com/restaurants?q=pizza&limit=12&sort=rating,77,0,0
1777593178260,147,01 - POST /auth/user/login,503,Service Temporarily Unavailable,Virtual Users [300 threads] 1-221,text,false,Login failed — check credentials in users.csv,337,363,3,3,http://k8s-forkfind-forkfind-8e65d48af1-1990260306.us-east-1.elb.amazonaws.com/auth/user/login,147,0,72
1777593178379,86,03 - POST /restaurants/10/reviews,Non HTTP response code: java.net.SocketException,Non HTTP response message: Connection reset,Virtual Users [300 threads] 1-220,text,false,"Review submission returned unexpected status (401 = bad token, 5xx = server error)",2601,0,4,4,http://k8s-forkfind-forkfind-8e65d48af1-1990260306.us-east-1.elb.amazonaws.com/restaurants/10/reviews,0,0,0
1777593178408,80,02 - GET /restaurants (search),200,OK,Virtual Users [300 threads] 1-221,text,true,,790,311,3,3,http://k8s-forkfind-forkfind-8e65d48af1-1990260306.us-east-1.elb.amazonaws.com/restaurants?q=pizza&limit=12&sort=rating,80,0,0
1777593178355,145,01 - POST /auth/user/login,503,Service Temporarily Unavailable,Virtual Users [300 threads] 1-222,text,false,Login failed — check credentials in users.csv,337,363,3,3,http://k8s-forkfind-forkfind-8e65d48af1-1990260306.us-east-1.elb.amazonaws.com/auth/user/login,145,0,71
1777593178488,73,03 - POST /restaurants/10/reviews,Non HTTP response code: java.net.SocketException,Non HTTP response message: Connection reset,Virtual Users [300 threads] 1-221,text,false,"Review submission returned unexpected status (401 = bad token, 5xx = server error)",2601,0,4,4,http://k8s-forkfind-forkfind-8e65d48af1-1990260306.us-east-1.elb.amazonaws.com/restaurants/10/reviews,0,0,0
1777593178500,77,02 - GET /restaurants (search),200,OK,Virtual Users [300 threads] 1-222,text,true,,790,311,3,3,http://k8s-forkfind-forkfind-8e65d48af1-1990260306.us-east-1.elb.amazonaws.com/restaurants?q=pizza&limit=12&sort=rating,77,0,0
1777593178458,166,01 - POST /auth/user/login,503,Service Temporarily Unavailable,Virtual Users [300 threads] 1-223,text,false,Login failed — check credentials in users.csv,337,363,3,3,http://k8s-forkfind-forkfind-8e65d48af1-1990260306.us-east-1.elb.amazonaws.com/auth/user/login,166,0,76
1777593178577,74,03 - POST /restaurants/10/reviews,Non HTTP response code: java.net.SocketException,Non HTTP response message: Connection reset,Virtual Users [300 threads] 1-222,text,false,"Review submission returned unexpected status (401 = bad token, 5xx = server error)",2601,0,3,3,http://k8s-forkfind-forkfind-8e65d48af1-1990260306.us-east-1.elb.amazonaws.com/restaurants/10/reviews,0,0,0
1777593178553,145,01 - POST /auth/user/login,503,Service Temporarily Unavailable,Virtual Users [300 threads] 1-224,text,false,Login failed — check credentials in users.csv,337,363,3,3,http://k8s-forkfind-forkfind-8e65d48af1-1990260306.us-east-1.elb.amazonaws.com/auth/user/login,145,0,71
1777593178624,79,02 - GET /restaurants (search),200,OK,Virtual Users [300 threads] 1-223,text,true,,790,311,3,3,http://k8s-forkfind-forkfind-8e65d48af1-1990260306.us-east-1.elb.amazonaws.com/restaurants?q=pizza&limit=12&sort=rating,79,0,0
1777593178699,76,02 - GET /restaurants (search),200,OK,Virtual Users [300 threads] 1-224,text,true,,790,311,4,4,http://k8s-forkfind-forkfind-8e65d48af1-1990260306.us-east-1.elb.amazonaws.com/restaurants?q=pizza&limit=12&sort=rating,76,0,0
1777593178704,71,03 - POST /restaurants/10/reviews,Non HTTP response code: java.net.SocketException,Non HTTP response message: Connection reset,Virtual Users [300 threads] 1-223,text,false,"Review submission returned unexpected status (401 = bad token, 5xx = server error)",2601,0,4,4,http://k8s-forkfind-forkfind-8e65d48af1-1990260306.us-east-1.elb.amazonaws.com/restaurants/10/reviews,0,0,0
1777593178660,148,01 - POST /auth/user/login,503,Service Temporarily Unavailable,Virtual Users [300 threads] 1-225,text,false,Login failed — check credentials in users.csv,337,363,3,3,http://k8s-forkfind-forkfind-8e65d48af1-1990260306.us-east-1.elb.amazonaws.com/auth/user/login,148,0,71
1777593178776,75,03 - POST /restaurants/10/reviews,Non HTTP response code: java.net.SocketException,Non HTTP response message: Connection reset,Virtual Users [300 threads] 1-224,text,false,"Review submission returned unexpected status (401 = bad token, 5xx = server error)",2601,0,3,3,http://k8s-forkfind-forkfind-8e65d48af1-1990260306.us-east-1.elb.amazonaws.com/restaurants/10/reviews,0,0,0
1777593178810,87,02 - GET /restaurants (search),200,OK,Virtual Users [300 threads] 1-225,text,true,,790,311,3,3,http://k8s-forkfind-forkfind-8e65d48af1-1990260306.us-east-1.elb.amazonaws.com/restaurants?q=pizza&limit=12&sort=rating,87,0,0
1777593178760,155,01 - POST /auth/user/login,503,Service Temporarily Unavailable,Virtual Users [300 threads] 1-226,text,false,Login failed — check credentials in users.csv,337,363,3,3,http://k8s-forkfind-forkfind-8e65d48af1-1990260306.us-east-1.elb.amazonaws.com/auth/user/login,155,0,79
1777593178897,88,03 - POST /restaurants/10/reviews,Non HTTP response code: java.net.SocketException,Non HTTP response message: Connection reset,Virtual Users [300 threads] 1-225,text,false,"Review submission returned unexpected status (401 = bad token, 5xx = server error)",2601,0,4,4,http://k8s-forkfind-forkfind-8e65d48af1-1990260306.us-east-1.elb.amazonaws.com/restaurants/10/reviews,0,0,0
1777593178916,82,02 - GET /restaurants (search),200,OK,Virtual Users [300 threads] 1-226,text,true,,790,311,3,3,http://k8s-forkfind-forkfind-8e65d48af1-1990260306.us-east-1.elb.amazonaws.com/restaurants?q=pizza&limit=12&sort=rating,82,0,0
1777593178860,143,01 - POST /auth/user/login,503,Service Temporarily Unavailable,Virtual Users [300 threads] 1-227,text,false,Login failed — check credentials in users.csv,337,363,3,3,http://k8s-forkfind-forkfind-8e65d48af1-1990260306.us-east-1.elb.amazonaws.com/auth/user/login,143,0,72
1777593178999,74,03 - POST /restaurants/10/reviews,Non HTTP response code: java.net.SocketException,Non HTTP response message: Connection reset,Virtual Users [300 threads] 1-226,text,false,"Review submission returned unexpected status (401 = bad token, 5xx = server error)",2601,0,4,4,http://k8s-forkfind-forkfind-8e65d48af1-1990260306.us-east-1.elb.amazonaws.com/restaurants/10/reviews,0,0,0
1777593179004,84,02 - GET /restaurants (search),200,OK,Virtual Users [300 threads] 1-227,text,true,,790,311,3,3,http://k8s-forkfind-forkfind-8e65d48af1-1990260306.us-east-1.elb.amazonaws.com/restaurants?q=pizza&limit=12&sort=rating,84,0,0
1777593178959,145,01 - POST /auth/user/login,503,Service Temporarily Unavailable,Virtual Users [300 threads] 1-228,text,false,Login failed — check credentials in users.csv,337,363,3,3,http://k8s-forkfind-forkfind-8e65d48af1-1990260306.us-east-1.elb.amazonaws.com/auth/user/login,145,0,73
1777593179089,77,03 - POST /restaurants/10/reviews,Non HTTP response code: java.net.SocketException,Non HTTP response message: Connection reset,Virtual Users [300 threads] 1-227,text,false,"Review submission returned unexpected status (401 = bad token, 5xx = server error)",2601,0,4,4,http://k8s-forkfind-forkfind-8e65d48af1-1990260306.us-east-1.elb.amazonaws.com/restaurants/10/reviews,0,0,0
1777593179104,77,02 - GET /restaurants (search),200,OK,Virtual Users [300 threads] 1-228,text,true,,790,311,3,3,http://k8s-forkfind-forkfind-8e65d48af1-1990260306.us-east-1.elb.amazonaws.com/restaurants?q=pizza&limit=12&sort=rating,77,0,0
1777593179057,142,01 - POST /auth/user/login,503,Service Temporarily Unavailable,Virtual Users [300 threads] 1-229,text,false,Login failed — check credentials in users.csv,337,363,3,3,http://k8s-forkfind-forkfind-8e65d48af1-1990260306.us-east-1.elb.amazonaws.com/auth/user/login,142,0,71
1777593179200,83,02 - GET /restaurants (search),200,OK,Virtual Users [300 threads] 1-229,text,true,,790,311,4,4,http://k8s-forkfind-forkfind-8e65d48af1-1990260306.us-east-1.elb.amazonaws.com/restaurants?q=pizza&limit=12&sort=rating,83,0,0
1777593179181,102,03 - POST /restaurants/10/reviews,Non HTTP response code: java.net.SocketException,Non HTTP response message: Connection reset,Virtual Users [300 threads] 1-228,text,false,"Review submission returned unexpected status (401 = bad token, 5xx = server error)",2601,0,4,4,http://k8s-forkfind-forkfind-8e65d48af1-1990260306.us-east-1.elb.amazonaws.com/restaurants/10/reviews,0,0,0
1777593179157,143,01 - POST /auth/user/login,503,Service Temporarily Unavailable,Virtual Users [300 threads] 1-230,text,false,Login failed — check credentials in users.csv,337,363,3,3,http://k8s-forkfind-forkfind-8e65d48af1-1990260306.us-east-1.elb.amazonaws.com/auth/user/login,143,0,72
1777593179284,74,03 - POST /restaurants/10/reviews,Non HTTP response code: java.net.SocketException,Non HTTP response message: Connection reset,Virtual Users [300 threads] 1-229,text,false,"Review submission returned unexpected status (401 = bad token, 5xx = server error)",2601,0,4,4,http://k8s-forkfind-forkfind-8e65d48af1-1990260306.us-east-1.elb.amazonaws.com/restaurants/10/reviews,0,0,0
1777593179301,84,02 - GET /restaurants (search),200,OK,Virtual Users [300 threads] 1-230,text,true,,790,311,3,3,http://k8s-forkfind-forkfind-8e65d48af1-1990260306.us-east-1.elb.amazonaws.com/restaurants?q=pizza&limit=12&sort=rating,84,0,0
1777593179259,144,01 - POST /auth/user/login,503,Service Temporarily Unavailable,Virtual Users [300 threads] 1-231,text,false,Login failed — check credentials in users.csv,337,363,3,3,http://k8s-forkfind-forkfind-8e65d48af1-1990260306.us-east-1.elb.amazonaws.com/auth/user/login,144,0,72
1777593179385,77,03 - POST /restaurants/10/reviews,Non HTTP response code: java.net.SocketException,Non HTTP response message: Connection reset,Virtual Users [300 threads] 1-230,text,false,"Review submission returned unexpected status (401 = bad token, 5xx = server error)",2601,0,4,4,http://k8s-forkfind-forkfind-8e65d48af1-1990260306.us-east-1.elb.amazonaws.com/restaurants/10/reviews,0,0,0
1777593179403,86,02 - GET /restaurants (search),200,OK,Virtual Users [300 threads] 1-231,text,true,,790,311,3,3,http://k8s-forkfind-forkfind-8e65d48af1-1990260306.us-east-1.elb.amazonaws.com/restaurants?q=pizza&limit=12&sort=rating,86,0,0
1777593179358,149,01 - POST /auth/user/login,503,Service Temporarily Unavailable,Virtual Users [300 threads] 1-232,text,false,Login failed — check credentials in users.csv,337,363,3,3,http://k8s-forkfind-forkfind-8e65d48af1-1990260306.us-east-1.elb.amazonaws.com/auth/user/login,149,0,73
1777593179489,82,03 - POST /restaurants/10/reviews,Non HTTP response code: java.net.SocketException,Non HTTP response message: Connection reset,Virtual Users [300 threads] 1-231,text,false,"Review submission returned unexpected status (401 = bad token, 5xx = server error)",2601,0,4,4,http://k8s-forkfind-forkfind-8e65d48af1-1990260306.us-east-1.elb.amazonaws.com/restaurants/10/reviews,0,0,0
1777593179508,93,02 - GET /restaurants (search),200,OK,Virtual Users [300 threads] 1-232,text,true,,790,311,3,3,http://k8s-forkfind-forkfind-8e65d48af1-1990260306.us-east-1.elb.amazonaws.com/restaurants?q=pizza&limit=12&sort=rating,93,0,0
1777593179459,142,01 - POST /auth/user/login,503,Service Temporarily Unavailable,Virtual Users [300 threads] 1-233,text,false,Login failed — check credentials in users.csv,337,363,3,3,http://k8s-forkfind-forkfind-8e65d48af1-1990260306.us-east-1.elb.amazonaws.com/auth/user/login,142,0,71
1777593179602,74,03 - POST /restaurants/10/reviews,Non HTTP response code: java.net.SocketException,Non HTTP response message: Connection reset,Virtual Users [300 threads] 1-232,text,false,"Review submission returned unexpected status (401 = bad token, 5xx = server error)",2601,0,4,4,http://k8s-forkfind-forkfind-8e65d48af1-1990260306.us-east-1.elb.amazonaws.com/restaurants/10/reviews,0,0,0
1777593179602,79,02 - GET /restaurants (search),200,OK,Virtual Users [300 threads] 1-233,text,true,,790,311,3,3,http://k8s-forkfind-forkfind-8e65d48af1-1990260306.us-east-1.elb.amazonaws.com/restaurants?q=pizza&limit=12&sort=rating,79,0,0
1777593179559,145,01 - POST /auth/user/login,503,Service Temporarily Unavailable,Virtual Users [300 threads] 1-234,text,false,Login failed — check credentials in users.csv,337,363,3,3,http://k8s-forkfind-forkfind-8e65d48af1-1990260306.us-east-1.elb.amazonaws.com/auth/user/login,145,0,74
1777593179681,74,03 - POST /restaurants/10/reviews,Non HTTP response code: java.net.SocketException,Non HTTP response message: Connection reset,Virtual Users [300 threads] 1-233,text,false,"Review submission returned unexpected status (401 = bad token, 5xx = server error)",2601,0,3,3,http://k8s-forkfind-forkfind-8e65d48af1-1990260306.us-east-1.elb.amazonaws.com/restaurants/10/reviews,0,0,0
1777593179705,76,02 - GET /restaurants (search),200,OK,Virtual Users [300 threads] 1-234,text,true,,790,311,3,3,http://k8s-forkfind-forkfind-8e65d48af1-1990260306.us-east-1.elb.amazonaws.com/restaurants?q=pizza&limit=12&sort=rating,76,0,0
1777593179657,165,01 - POST /auth/user/login,503,Service Temporarily Unavailable,Virtual Users [300 threads] 1-235,text,false,Login failed — check credentials in users.csv,337,363,3,3,http://k8s-forkfind-forkfind-8e65d48af1-1990260306.us-east-1.elb.amazonaws.com/auth/user/login,165,0,92
1777593179782,75,03 - POST /restaurants/10/reviews,Non HTTP response code: java.net.SocketException,Non HTTP response message: Connection reset,Virtual Users [300 threads] 1-234,text,false,"Review submission returned unexpected status (401 = bad token, 5xx = server error)",2601,0,3,3,http://k8s-forkfind-forkfind-8e65d48af1-1990260306.us-east-1.elb.amazonaws.com/restaurants/10/reviews,0,0,0
1777593179823,77,02 - GET /restaurants (search),200,OK,Virtual Users [300 threads] 1-235,text,true,,790,311,3,3,http://k8s-forkfind-forkfind-8e65d48af1-1990260306.us-east-1.elb.amazonaws.com/restaurants?q=pizza&limit=12&sort=rating,77,0,0
1777593179760,145,01 - POST /auth/user/login,503,Service Temporarily Unavailable,Virtual Users [300 threads] 1-236,text,false,Login failed — check credentials in users.csv,337,363,3,3,http://k8s-forkfind-forkfind-8e65d48af1-1990260306.us-east-1.elb.amazonaws.com/auth/user/login,145,0,72
1777593179900,80,03 - POST /restaurants/10/reviews,Non HTTP response code: java.net.SocketException,Non HTTP response message: Connection reset,Virtual Users [300 threads] 1-235,text,false,"Review submission returned unexpected status (401 = bad token, 5xx = server error)",2601,0,4,4,http://k8s-forkfind-forkfind-8e65d48af1-1990260306.us-east-1.elb.amazonaws.com/restaurants/10/reviews,0,0,0
1777593179906,74,02 - GET /restaurants (search),200,OK,Virtual Users [300 threads] 1-236,text,true,,790,311,4,4,http://k8s-forkfind-forkfind-8e65d48af1-1990260306.us-east-1.elb.amazonaws.com/restaurants?q=pizza&limit=12&sort=rating,74,0,0
1777593179860,148,01 - POST /auth/user/login,503,Service Temporarily Unavailable,Virtual Users [300 threads] 1-237,text,false,Login failed — check credentials in users.csv,337,363,3,3,http://k8s-forkfind-forkfind-8e65d48af1-1990260306.us-east-1.elb.amazonaws.com/auth/user/login,148,0,76
1777593179981,78,03 - POST /restaurants/10/reviews,Non HTTP response code: java.net.SocketException,Non HTTP response message: Connection reset,Virtual Users [300 threads] 1-236,text,false,"Review submission returned unexpected status (401 = bad token, 5xx = server error)",2601,0,4,4,http://k8s-forkfind-forkfind-8e65d48af1-1990260306.us-east-1.elb.amazonaws.com/restaurants/10/reviews,0,0,0
1777593180012,80,02 - GET /restaurants (search),200,OK,Virtual Users [300 threads] 1-237,text,true,,790,311,3,3,http://k8s-forkfind-forkfind-8e65d48af1-1990260306.us-east-1.elb.amazonaws.com/restaurants?q=pizza&limit=12&sort=rating,80,0,0
1777593179960,168,01 - POST /auth/user/login,503,Service Temporarily Unavailable,Virtual Users [300 threads] 1-238,text,false,Login failed — check credentials in users.csv,337,363,3,3,http://k8s-forkfind-forkfind-8e65d48af1-1990260306.us-east-1.elb.amazonaws.com/auth/user/login,168,0,95
1777593180093,82,03 - POST /restaurants/10/reviews,Non HTTP response code: java.net.SocketException,Non HTTP response message: Connection reset,Virtual Users [300 threads] 1-237,text,false,"Review submission returned unexpected status (401 = bad token, 5xx = server error)",2601,0,4,4,http://k8s-forkfind-forkfind-8e65d48af1-1990260306.us-east-1.elb.amazonaws.com/restaurants/10/reviews,0,0,0
1777593180056,152,01 - POST /auth/user/login,503,Service Temporarily Unavailable,Virtual Users [300 threads] 1-239,text,false,Login failed — check credentials in users.csv,337,363,3,3,http://k8s-forkfind-forkfind-8e65d48af1-1990260306.us-east-1.elb.amazonaws.com/auth/user/login,152,0,79
1777593180129,85,02 - GET /restaurants (search),200,OK,Virtual Users [300 threads] 1-238,text,true,,790,311,3,3,http://k8s-forkfind-forkfind-8e65d48af1-1990260306.us-east-1.elb.amazonaws.com/restaurants?q=pizza&limit=12&sort=rating,85,0,0
1777593180210,99,02 - GET /restaurants (search),200,OK,Virtual Users [300 threads] 1-239,text,true,,790,311,4,4,http://k8s-forkfind-forkfind-8e65d48af1-1990260306.us-east-1.elb.amazonaws.com/restaurants?q=pizza&limit=12&sort=rating,99,0,0
1777593180215,94,03 - POST /restaurants/10/reviews,Non HTTP response code: java.net.SocketException,Non HTTP response message: Connection reset,Virtual Users [300 threads] 1-238,text,false,"Review submission returned unexpected status (401 = bad token, 5xx = server error)",2601,0,4,4,http://k8s-forkfind-forkfind-8e65d48af1-1990260306.us-east-1.elb.amazonaws.com/restaurants/10/reviews,0,0,0
1777593180159,178,01 - POST /auth/user/login,503,Service Temporarily Unavailable,Virtual Users [300 threads] 1-240,text,false,Login failed — check credentials in users.csv,337,363,3,3,http://k8s-forkfind-forkfind-8e65d48af1-1990260306.us-east-1.elb.amazonaws.com/auth/user/login,178,0,83
1777593180309,76,03 - POST /restaurants/10/reviews,Non HTTP response code: java.net.SocketException,Non HTTP response message: Connection reset,Virtual Users [300 threads] 1-239,text,false,"Review submission returned unexpected status (401 = bad token, 5xx = server error)",2601,0,4,4,http://k8s-forkfind-forkfind-8e65d48af1-1990260306.us-east-1.elb.amazonaws.com/restaurants/10/reviews,0,0,0
1777593180258,154,01 - POST /auth/user/login,503,Service Temporarily Unavailable,Virtual Users [300 threads] 1-241,text,false,Login failed — check credentials in users.csv,337,363,3,3,http://k8s-forkfind-forkfind-8e65d48af1-1990260306.us-east-1.elb.amazonaws.com/auth/user/login,154,0,79
1777593180338,79,02 - GET /restaurants (search),200,OK,Virtual Users [300 threads] 1-240,text,true,,790,311,3,3,http://k8s-forkfind-forkfind-8e65d48af1-1990260306.us-east-1.elb.amazonaws.com/restaurants?q=pizza&limit=12&sort=rating,79,0,0
1777593180414,81,02 - GET /restaurants (search),200,OK,Virtual Users [300 threads] 1-241,text,true,,790,311,4,4,http://k8s-forkfind-forkfind-8e65d48af1-1990260306.us-east-1.elb.amazonaws.com/restaurants?q=pizza&limit=12&sort=rating,81,0,0
1777593180418,93,03 - POST /restaurants/10/reviews,Non HTTP response code: java.net.SocketException,Non HTTP response message: Connection reset,Virtual Users [300 threads] 1-240,text,false,"Review submission returned unexpected status (401 = bad token, 5xx = server error)",2601,0,4,4,http://k8s-forkfind-forkfind-8e65d48af1-1990260306.us-east-1.elb.amazonaws.com/restaurants/10/reviews,0,0,0
1777593180359,156,01 - POST /auth/user/login,503,Service Temporarily Unavailable,Virtual Users [300 threads] 1-242,text,false,Login failed — check credentials in users.csv,337,363,3,3,http://k8s-forkfind-forkfind-8e65d48af1-1990260306.us-east-1.elb.amazonaws.com/auth/user/login,156,0,85
1777593180495,76,03 - POST /restaurants/10/reviews,Non HTTP response code: java.net.SocketException,Non HTTP response message: Connection reset,Virtual Users [300 threads] 1-241,text,false,"Review submission returned unexpected status (401 = bad token, 5xx = server error)",2601,0,4,4,http://k8s-forkfind-forkfind-8e65d48af1-1990260306.us-east-1.elb.amazonaws.com/restaurants/10/reviews,0,0,0
1777593180516,78,02 - GET /restaurants (search),200,OK,Virtual Users [300 threads] 1-242,text,true,,790,311,3,3,http://k8s-forkfind-forkfind-8e65d48af1-1990260306.us-east-1.elb.amazonaws.com/restaurants?q=pizza&limit=12&sort=rating,78,0,0
1777593180458,161,01 - POST /auth/user/login,503,Service Temporarily Unavailable,Virtual Users [300 threads] 1-243,text,false,Login failed — check credentials in users.csv,337,363,3,3,http://k8s-forkfind-forkfind-8e65d48af1-1990260306.us-east-1.elb.amazonaws.com/auth/user/login,161,0,76
1777593180594,74,03 - POST /restaurants/10/reviews,Non HTTP response code: java.net.SocketException,Non HTTP response message: Connection reset,Virtual Users [300 threads] 1-242,text,false,"Review submission returned unexpected status (401 = bad token, 5xx = server error)",2601,0,4,4,http://k8s-forkfind-forkfind-8e65d48af1-1990260306.us-east-1.elb.amazonaws.com/restaurants/10/reviews,0,0,0
1777593180620,78,02 - GET /restaurants (search),200,OK,Virtual Users [300 threads] 1-243,text,true,,790,311,3,3,http://k8s-forkfind-forkfind-8e65d48af1-1990260306.us-east-1.elb.amazonaws.com/restaurants?q=pizza&limit=12&sort=rating,78,0,0
1777593180560,149,01 - POST /auth/user/login,503,Service Temporarily Unavailable,Virtual Users [300 threads] 1-244,text,false,Login failed — check credentials in users.csv,337,363,3,3,http://k8s-forkfind-forkfind-8e65d48af1-1990260306.us-east-1.elb.amazonaws.com/auth/user/login,149,0,75
1777593180698,75,03 - POST /restaurants/10/reviews,Non HTTP response code: java.net.SocketException,Non HTTP response message: Connection reset,Virtual Users [300 threads] 1-243,text,false,"Review submission returned unexpected status (401 = bad token, 5xx = server error)",2601,0,4,4,http://k8s-forkfind-forkfind-8e65d48af1-1990260306.us-east-1.elb.amazonaws.com/restaurants/10/reviews,0,0,0
1777593180709,78,02 - GET /restaurants (search),200,OK,Virtual Users [300 threads] 1-244,text,true,,790,311,3,3,http://k8s-forkfind-forkfind-8e65d48af1-1990260306.us-east-1.elb.amazonaws.com/restaurants?q=pizza&limit=12&sort=rating,78,0,0
1777593180659,179,01 - POST /auth/user/login,503,Service Temporarily Unavailable,Virtual Users [300 threads] 1-245,text,false,Login failed — check credentials in users.csv,337,363,3,3,http://k8s-forkfind-forkfind-8e65d48af1-1990260306.us-east-1.elb.amazonaws.com/auth/user/login,179,0,84
1777593180787,110,03 - POST /restaurants/10/reviews,Non HTTP response code: java.net.SocketException,Non HTTP response message: Connection reset,Virtual Users [300 threads] 1-244,text,false,"Review submission returned unexpected status (401 = bad token, 5xx = server error)",2601,0,4,4,http://k8s-forkfind-forkfind-8e65d48af1-1990260306.us-east-1.elb.amazonaws.com/restaurants/10/reviews,0,0,0
1777593180756,153,01 - POST /auth/user/login,503,Service Temporarily Unavailable,Virtual Users [300 threads] 1-246,text,false,Login failed — check credentials in users.csv,337,363,3,3,http://k8s-forkfind-forkfind-8e65d48af1-1990260306.us-east-1.elb.amazonaws.com/auth/user/login,153,0,82
1777593180839,81,02 - GET /restaurants (search),200,OK,Virtual Users [300 threads] 1-245,text,true,,790,311,3,3,http://k8s-forkfind-forkfind-8e65d48af1-1990260306.us-east-1.elb.amazonaws.com/restaurants?q=pizza&limit=12&sort=rating,80,0,0
1777593180910,75,02 - GET /restaurants (search),200,OK,Virtual Users [300 threads] 1-246,text,true,,790,311,4,4,http://k8s-forkfind-forkfind-8e65d48af1-1990260306.us-east-1.elb.amazonaws.com/restaurants?q=pizza&limit=12&sort=rating,75,0,0
1777593180920,74,03 - POST /restaurants/10/reviews,Non HTTP response code: java.net.SocketException,Non HTTP response message: Connection reset,Virtual Users [300 threads] 1-245,text,false,"Review submission returned unexpected status (401 = bad token, 5xx = server error)",2601,0,4,4,http://k8s-forkfind-forkfind-8e65d48af1-1990260306.us-east-1.elb.amazonaws.com/restaurants/10/reviews,0,0,0
1777593180857,156,01 - POST /auth/user/login,503,Service Temporarily Unavailable,Virtual Users [300 threads] 1-247,text,false,Login failed — check credentials in users.csv,337,363,3,3,http://k8s-forkfind-forkfind-8e65d48af1-1990260306.us-east-1.elb.amazonaws.com/auth/user/login,156,0,85
1777593180986,84,03 - POST /restaurants/10/reviews,Non HTTP response code: java.net.SocketException,Non HTTP response message: Connection reset,Virtual Users [300 threads] 1-246,text,false,"Review submission returned unexpected status (401 = bad token, 5xx = server error)",2601,0,4,4,http://k8s-forkfind-forkfind-8e65d48af1-1990260306.us-east-1.elb.amazonaws.com/restaurants/10/reviews,0,0,0
1777593181014,87,02 - GET /restaurants (search),200,OK,Virtual Users [300 threads] 1-247,text,true,,790,311,3,3,http://k8s-forkfind-forkfind-8e65d48af1-1990260306.us-east-1.elb.amazonaws.com/restaurants?q=pizza&limit=12&sort=rating,87,0,0
1777593180955,161,01 - POST /auth/user/login,503,Service Temporarily Unavailable,Virtual Users [300 threads] 1-248,text,false,Login failed — check credentials in users.csv,337,363,3,3,http://k8s-forkfind-forkfind-8e65d48af1-1990260306.us-east-1.elb.amazonaws.com/auth/user/login,160,0,72
1777593181101,87,03 - POST /restaurants/10/reviews,Non HTTP response code: java.net.SocketException,Non HTTP response message: Connection reset,Virtual Users [300 threads] 1-247,text,false,"Review submission returned unexpected status (401 = bad token, 5xx = server error)",2601,0,4,4,http://k8s-forkfind-forkfind-8e65d48af1-1990260306.us-east-1.elb.amazonaws.com/restaurants/10/reviews,0,0,0
1777593181117,93,02 - GET /restaurants (search),200,OK,Virtual Users [300 threads] 1-248,text,true,,790,311,3,3,http://k8s-forkfind-forkfind-8e65d48af1-1990260306.us-east-1.elb.amazonaws.com/restaurants?q=pizza&limit=12&sort=rating,93,0,0
1777593181060,150,01 - POST /auth/user/login,503,Service Temporarily Unavailable,Virtual Users [300 threads] 1-249,text,false,Login failed — check credentials in users.csv,337,363,3,3,http://k8s-forkfind-forkfind-8e65d48af1-1990260306.us-east-1.elb.amazonaws.com/auth/user/login,150,0,80
1777593181210,84,03 - POST /restaurants/10/reviews,Non HTTP response code: java.net.SocketException,Non HTTP response message: Connection reset,Virtual Users [300 threads] 1-248,text,false,"Review submission returned unexpected status (401 = bad token, 5xx = server error)",2601,0,4,4,http://k8s-forkfind-forkfind-8e65d48af1-1990260306.us-east-1.elb.amazonaws.com/restaurants/10/reviews,0,0,0
1777593181159,146,01 - POST /auth/user/login,503,Service Temporarily Unavailable,Virtual Users [300 threads] 1-250,text,false,Login failed — check credentials in users.csv,337,363,3,3,http://k8s-forkfind-forkfind-8e65d48af1-1990260306.us-east-1.elb.amazonaws.com/auth/user/login,146,0,72
1777593181211,106,02 - GET /restaurants (search),200,OK,Virtual Users [300 threads] 1-249,text,true,,790,311,3,3,http://k8s-forkfind-forkfind-8e65d48af1-1990260306.us-east-1.elb.amazonaws.com/restaurants?q=pizza&limit=12&sort=rating,106,0,0
1777593181306,91,02 - GET /restaurants (search),200,OK,Virtual Users [300 threads] 1-250,text,true,,790,311,4,4,http://k8s-forkfind-forkfind-8e65d48af1-1990260306.us-east-1.elb.amazonaws.com/restaurants?q=pizza&limit=12&sort=rating,91,0,0
1777593181318,81,03 - POST /restaurants/10/reviews,Non HTTP response code: java.net.SocketException,Non HTTP response message: Connection reset,Virtual Users [300 threads] 1-249,text,false,"Review submission returned unexpected status (401 = bad token, 5xx = server error)",2601,0,4,4,http://k8s-forkfind-forkfind-8e65d48af1-1990260306.us-east-1.elb.amazonaws.com/restaurants/10/reviews,0,0,0
1777593181261,159,01 - POST /auth/user/login,503,Service Temporarily Unavailable,Virtual Users [300 threads] 1-251,text,false,Login failed — check credentials in users.csv,337,363,3,3,http://k8s-forkfind-forkfind-8e65d48af1-1990260306.us-east-1.elb.amazonaws.com/auth/user/login,159,0,87
1777593181398,94,03 - POST /restaurants/10/reviews,Non HTTP response code: java.net.SocketException,Non HTTP response message: Connection reset,Virtual Users [300 threads] 1-250,text,false,"Review submission returned unexpected status (401 = bad token, 5xx = server error)",2601,0,4,4,http://k8s-forkfind-forkfind-8e65d48af1-1990260306.us-east-1.elb.amazonaws.com/restaurants/10/reviews,0,0,0
1777593181360,149,01 - POST /auth/user/login,503,Service Temporarily Unavailable,Virtual Users [300 threads] 1-252,text,false,Login failed — check credentials in users.csv,337,363,3,3,http://k8s-forkfind-forkfind-8e65d48af1-1990260306.us-east-1.elb.amazonaws.com/auth/user/login,149,0,77
1777593181455,149,01 - POST /auth/user/login,503,Service Temporarily Unavailable,Virtual Users [300 threads] 1-253,text,false,Login failed — check credentials in users.csv,337,363,4,4,http://k8s-forkfind-forkfind-8e65d48af1-1990260306.us-east-1.elb.amazonaws.com/auth/user/login,149,0,77
1777593181422,299,02 - GET /restaurants (search),200,OK,Virtual Users [300 threads] 1-251,text,true,,790,311,5,5,http://k8s-forkfind-forkfind-8e65d48af1-1990260306.us-east-1.elb.amazonaws.com/restaurants?q=pizza&limit=12&sort=rating,299,0,0
1777593181556,165,01 - POST /auth/user/login,503,Service Temporarily Unavailable,Virtual Users [300 threads] 1-254,text,false,Login failed — check credentials in users.csv,337,363,5,5,http://k8s-forkfind-forkfind-8e65d48af1-1990260306.us-east-1.elb.amazonaws.com/auth/user/login,165,0,70
1777593181658,209,01 - POST /auth/user/login,503,Service Temporarily Unavailable,Virtual Users [300 threads] 1-255,text,false,Login failed — check credentials in users.csv,337,363,7,7,http://k8s-forkfind-forkfind-8e65d48af1-1990260306.us-east-1.elb.amazonaws.com/auth/user/login,209,0,131
1777593181760,146,01 - POST /auth/user/login,503,Service Temporarily Unavailable,Virtual Users [300 threads] 1-256,text,false,Login failed — check credentials in users.csv,337,363,7,7,http://k8s-forkfind-forkfind-8e65d48af1-1990260306.us-east-1.elb.amazonaws.com/auth/user/login,146,0,74
1777593181511,472,02 - GET /restaurants (search),200,OK,Virtual Users [300 threads] 1-252,text,true,,790,311,8,8,http://k8s-forkfind-forkfind-8e65d48af1-1990260306.us-east-1.elb.amazonaws.com/restaurants?q=pizza&limit=12&sort=rating,472,0,0
1777593181859,147,01 - POST /auth/user/login,503,Service Temporarily Unavailable,Virtual Users [300 threads] 1-257,text,false,Login failed — check credentials in users.csv,337,363,8,8,http://k8s-forkfind-forkfind-8e65d48af1-1990260306.us-east-1.elb.amazonaws.com/auth/user/login,147,0,72
1777593181604,427,02 - GET /restaurants (search),200,OK,Virtual Users [300 threads] 1-253,text,true,,790,311,8,8,http://k8s-forkfind-forkfind-8e65d48af1-1990260306.us-east-1.elb.amazonaws.com/restaurants?q=pizza&limit=12&sort=rating,427,0,0
1777593181956,144,01 - POST /auth/user/login,503,Service Temporarily Unavailable,Virtual Users [300 threads] 1-258,text,false,Login failed — check credentials in users.csv,337,363,9,9,http://k8s-forkfind-forkfind-8e65d48af1-1990260306.us-east-1.elb.amazonaws.com/auth/user/login,144,0,72
1777593182060,148,01 - POST /auth/user/login,503,Service Temporarily Unavailable,Virtual Users [300 threads] 1-259,text,false,Login failed — check credentials in users.csv,337,363,10,10,http://k8s-forkfind-forkfind-8e65d48af1-1990260306.us-east-1.elb.amazonaws.com/auth/user/login,148,0,77
1777593181721,499,03 - POST /restaurants/10/reviews,Non HTTP response code: java.net.SocketException,Non HTTP response message: Connection reset,Virtual Users [300 threads] 1-251,text,false,"Review submission returned unexpected status (401 = bad token, 5xx = server error)",2601,0,10,10,http://k8s-forkfind-forkfind-8e65d48af1-1990260306.us-east-1.elb.amazonaws.com/restaurants/10/reviews,0,0,0
1777593182157,143,01 - POST /auth/user/login,503,Service Temporarily Unavailable,Virtual Users [300 threads] 1-260,text,false,Login failed — check credentials in users.csv,337,363,10,10,http://k8s-forkfind-forkfind-8e65d48af1-1990260306.us-east-1.elb.amazonaws.com/auth/user/login,142,0,72
1777593181983,345,03 - POST /restaurants/10/reviews,Non HTTP response code: java.net.SocketException,Non HTTP response message: Connection reset,Virtual Users [300 threads] 1-252,text,false,"Review submission returned unexpected status (401 = bad token, 5xx = server error)",2601,0,10,10,http://k8s-forkfind-forkfind-8e65d48af1-1990260306.us-east-1.elb.amazonaws.com/restaurants/10/reviews,0,0,0
1777593182032,375,03 - POST /restaurants/10/reviews,Non HTTP response code: java.net.SocketException,Non HTTP response message: Connection reset,Virtual Users [300 threads] 1-253,text,false,"Review submission returned unexpected status (401 = bad token, 5xx = server error)",2601,0,10,10,http://k8s-forkfind-forkfind-8e65d48af1-1990260306.us-east-1.elb.amazonaws.com/restaurants/10/reviews,0,0,0
1777593182259,148,01 - POST /auth/user/login,503,Service Temporarily Unavailable,Virtual Users [300 threads] 1-261,text,false,Login failed — check credentials in users.csv,337,363,10,10,http://k8s-forkfind-forkfind-8e65d48af1-1990260306.us-east-1.elb.amazonaws.com/auth/user/login,148,0,74
1777593181721,708,02 - GET /restaurants (search),200,OK,Virtual Users [300 threads] 1-254,text,true,,790,311,9,9,http://k8s-forkfind-forkfind-8e65d48af1-1990260306.us-east-1.elb.amazonaws.com/restaurants?q=pizza&limit=12&sort=rating,708,0,0
1777593181906,561,02 - GET /restaurants (search),200,OK,Virtual Users [300 threads] 1-256,text,true,,790,311,10,10,http://k8s-forkfind-forkfind-8e65d48af1-1990260306.us-east-1.elb.amazonaws.com/restaurants?q=pizza&limit=12&sort=rating,561,0,0
1777593182359,146,01 - POST /auth/user/login,503,Service Temporarily Unavailable,Virtual Users [300 threads] 1-262,text,false,Login failed — check credentials in users.csv,337,363,10,10,http://k8s-forkfind-forkfind-8e65d48af1-1990260306.us-east-1.elb.amazonaws.com/auth/user/login,146,0,74
1777593181867,718,02 - GET /restaurants (search),200,OK,Virtual Users [300 threads] 1-255,text,true,,790,311,11,11,http://k8s-forkfind-forkfind-8e65d48af1-1990260306.us-east-1.elb.amazonaws.com/restaurants?q=pizza&limit=12&sort=rating,718,0,0
1777593182459,144,01 - POST /auth/user/login,503,Service Temporarily Unavailable,Virtual Users [300 threads] 1-263,text,false,Login failed — check credentials in users.csv,337,363,11,11,http://k8s-forkfind-forkfind-8e65d48af1-1990260306.us-east-1.elb.amazonaws.com/auth/user/login,144,0,71
1777593182604,379,02 - GET /restaurants (search),200,OK,Virtual Users [300 threads] 1-263,text,true,,790,311,15,15,http://k8s-forkfind-forkfind-8e65d48af1-1990260306.us-east-1.elb.amazonaws.com/restaurants?q=pizza&limit=12&sort=rating,379,0,0
1777593182301,682,02 - GET /restaurants (search),200,OK,Virtual Users [300 threads] 1-260,text,true,,790,311,15,15,http://k8s-forkfind-forkfind-8e65d48af1-1990260306.us-east-1.elb.amazonaws.com/restaurants?q=pizza&limit=12&sort=rating,682,0,0
1777593182209,774,02 - GET /restaurants (search),200,OK,Virtual Users [300 threads] 1-259,text,true,,790,311,15,15,http://k8s-forkfind-forkfind-8e65d48af1-1990260306.us-east-1.elb.amazonaws.com/restaurants?q=pizza&limit=12&sort=rating,774,0,0
1777593182007,976,02 - GET /restaurants (search),200,OK,Virtual Users [300 threads] 1-257,text,true,,790,311,15,15,http://k8s-forkfind-forkfind-8e65d48af1-1990260306.us-east-1.elb.amazonaws.com/restaurants?q=pizza&limit=12&sort=rating,976,0,0
1777593182102,881,02 - GET /restaurants (search),200,OK,Virtual Users [300 threads] 1-258,text,true,,790,311,15,15,http://k8s-forkfind-forkfind-8e65d48af1-1990260306.us-east-1.elb.amazonaws.com/restaurants?q=pizza&limit=12&sort=rating,881,0,0
1777593182408,575,02 - GET /restaurants (search),200,OK,Virtual Users [300 threads] 1-261,text,true,,790,311,15,15,http://k8s-forkfind-forkfind-8e65d48af1-1990260306.us-east-1.elb.amazonaws.com/restaurants?q=pizza&limit=12&sort=rating,575,0,0
1777593182507,476,02 - GET /restaurants (search),200,OK,Virtual Users [300 threads] 1-262,text,true,,790,311,15,15,http://k8s-forkfind-forkfind-8e65d48af1-1990260306.us-east-1.elb.amazonaws.com/restaurants?q=pizza&limit=12&sort=rating,476,0,0
1777593182555,428,01 - POST /auth/user/login,503,Service Temporarily Unavailable,Virtual Users [300 threads] 1-264,text,false,Login failed — check credentials in users.csv,337,363,15,15,http://k8s-forkfind-forkfind-8e65d48af1-1990260306.us-east-1.elb.amazonaws.com/auth/user/login,428,0,71
1777593182429,554,03 - POST /restaurants/10/reviews,Non HTTP response code: java.net.SocketException,Non HTTP response message: Connection reset,Virtual Users [300 threads] 1-254,text,false,"Review submission returned unexpected status (401 = bad token, 5xx = server error)",2601,0,15,15,http://k8s-forkfind-forkfind-8e65d48af1-1990260306.us-east-1.elb.amazonaws.com/restaurants/10/reviews,0,0,0
1777593182467,516,03 - POST /restaurants/10/reviews,Non HTTP response code: java.net.SocketException,Non HTTP response message: Connection reset,Virtual Users [300 threads] 1-256,text,false,"Review submission returned unexpected status (401 = bad token, 5xx = server error)",2601,0,15,15,http://k8s-forkfind-forkfind-8e65d48af1-1990260306.us-east-1.elb.amazonaws.com/restaurants/10/reviews,0,0,0
1777593182586,397,03 - POST /restaurants/10/reviews,Non HTTP response code: java.net.SocketException,Non HTTP response message: Connection reset,Virtual Users [300 threads] 1-255,text,false,"Review submission returned unexpected status (401 = bad token, 5xx = server error)",2601,0,15,15,http://k8s-forkfind-forkfind-8e65d48af1-1990260306.us-east-1.elb.amazonaws.com/restaurants/10/reviews,0,0,0
1777593182984,75,03 - POST /restaurants/10/reviews,Non HTTP response code: java.net.SocketException,Non HTTP response message: Connection reset,Virtual Users [300 threads] 1-262,text,false,"Review submission returned unexpected status (401 = bad token, 5xx = server error)",2601,0,13,13,http://k8s-forkfind-forkfind-8e65d48af1-1990260306.us-east-1.elb.amazonaws.com/restaurants/10/reviews,0,0,0
1777593182985,84,03 - POST /restaurants/10/reviews,Non HTTP response code: java.net.SocketException,Non HTTP response message: Connection reset,Virtual Users [300 threads] 1-259,text,false,"Review submission returned unexpected status (401 = bad token, 5xx = server error)",2601,0,12,12,http://k8s-forkfind-forkfind-8e65d48af1-1990260306.us-east-1.elb.amazonaws.com/restaurants/10/reviews,0,0,0
1777593182984,97,03 - POST /restaurants/10/reviews,Non HTTP response code: java.net.SocketException,Non HTTP response message: Connection reset,Virtual Users [300 threads] 1-263,text,false,"Review submission returned unexpected status (401 = bad token, 5xx = server error)",2601,0,11,11,http://k8s-forkfind-forkfind-8e65d48af1-1990260306.us-east-1.elb.amazonaws.com/restaurants/10/reviews,0,0,0
1777593182984,97,03 - POST /restaurants/10/reviews,Non HTTP response code: java.net.SocketException,Non HTTP response message: Connection reset,Virtual Users [300 threads] 1-257,text,false,"Review submission returned unexpected status (401 = bad token, 5xx = server error)",2601,0,11,11,http://k8s-forkfind-forkfind-8e65d48af1-1990260306.us-east-1.elb.amazonaws.com/restaurants/10/reviews,0,0,0
1777593182984,97,03 - POST /restaurants/10/reviews,Non HTTP response code: java.net.SocketException,Non HTTP response message: Connection reset,Virtual Users [300 threads] 1-261,text,false,"Review submission returned unexpected status (401 = bad token, 5xx = server error)",2601,0,11,11,http://k8s-forkfind-forkfind-8e65d48af1-1990260306.us-east-1.elb.amazonaws.com/restaurants/10/reviews,0,0,0
1777593182985,96,03 - POST /restaurants/10/reviews,Non HTTP response code: java.net.SocketException,Non HTTP response message: Connection reset,Virtual Users [300 threads] 1-258,text,false,"Review submission returned unexpected status (401 = bad token, 5xx = server error)",2601,0,11,11,http://k8s-forkfind-forkfind-8e65d48af1-1990260306.us-east-1.elb.amazonaws.com/restaurants/10/reviews,0,0,0
1777593182984,101,03 - POST /restaurants/10/reviews,Non HTTP response code: java.net.SocketException,Non HTTP response message: Connection reset,Virtual Users [300 threads] 1-260,text,false,"Review submission returned unexpected status (401 = bad token, 5xx = server error)",2601,0,7,7,http://k8s-forkfind-forkfind-8e65d48af1-1990260306.us-east-1.elb.amazonaws.com/restaurants/10/reviews,0,0,0
1777593182985,523,02 - GET /restaurants (search),200,OK,Virtual Users [300 threads] 1-264,text,true,,790,311,10,10,http://k8s-forkfind-forkfind-8e65d48af1-1990260306.us-east-1.elb.amazonaws.com/restaurants?q=pizza&limit=12&sort=rating,523,0,0
1777593182758,750,01 - POST /auth/user/login,503,Service Temporarily Unavailable,Virtual Users [300 threads] 1-266,text,false,Login failed — check credentials in users.csv,337,363,10,10,http://k8s-forkfind-forkfind-8e65d48af1-1990260306.us-east-1.elb.amazonaws.com/auth/user/login,750,0,288
1777593182959,549,01 - POST /auth/user/login,503,Service Temporarily Unavailable,Virtual Users [300 threads] 1-268,text,false,Login failed — check credentials in users.csv,337,363,10,10,http://k8s-forkfind-forkfind-8e65d48af1-1990260306.us-east-1.elb.amazonaws.com/auth/user/login,549,0,87
1777593182856,652,01 - POST /auth/user/login,503,Service Temporarily Unavailable,Virtual Users [300 threads] 1-267,text,false,Login failed — check credentials in users.csv,337,363,10,10,http://k8s-forkfind-forkfind-8e65d48af1-1990260306.us-east-1.elb.amazonaws.com/auth/user/login,652,0,190
1777593182659,849,01 - POST /auth/user/login,503,Service Temporarily Unavailable,Virtual Users [300 threads] 1-265,text,false,Login failed — check credentials in users.csv,337,363,10,10,http://k8s-forkfind-forkfind-8e65d48af1-1990260306.us-east-1.elb.amazonaws.com/auth/user/login,849,0,393
1777593183059,521,01 - POST /auth/user/login,503,Service Temporarily Unavailable,Virtual Users [300 threads] 1-269,text,false,Login failed — check credentials in users.csv,337,363,11,11,http://k8s-forkfind-forkfind-8e65d48af1-1990260306.us-east-1.elb.amazonaws.com/auth/user/login,521,0,449
1777593183508,116,03 - POST /restaurants/10/reviews,Non HTTP response code: java.net.SocketException,Non HTTP response message: Connection reset,Virtual Users [300 threads] 1-264,text,false,"Review submission returned unexpected status (401 = bad token, 5xx = server error)",2601,0,11,11,http://k8s-forkfind-forkfind-8e65d48af1-1990260306.us-east-1.elb.amazonaws.com/restaurants/10/reviews,0,0,0
1777593183360,282,01 - POST /auth/user/login,503,Service Temporarily Unavailable,Virtual Users [300 threads] 1-272,text,false,Login failed — check credentials in users.csv,337,363,10,10,http://k8s-forkfind-forkfind-8e65d48af1-1990260306.us-east-1.elb.amazonaws.com/auth/user/login,282,0,210
1777593183259,383,01 - POST /auth/user/login,503,Service Temporarily Unavailable,Virtual Users [300 threads] 1-271,text,false,Login failed — check credentials in users.csv,337,363,10,10,http://k8s-forkfind-forkfind-8e65d48af1-1990260306.us-east-1.elb.amazonaws.com/auth/user/login,383,0,311
1777593183158,484,01 - POST /auth/user/login,503,Service Temporarily Unavailable,Virtual Users [300 threads] 1-270,text,false,Login failed — check credentials in users.csv,337,363,10,10,http://k8s-forkfind-forkfind-8e65d48af1-1990260306.us-east-1.elb.amazonaws.com/auth/user/login,484,0,412
1777593183457,185,01 - POST /auth/user/login,503,Service Temporarily Unavailable,Virtual Users [300 threads] 1-273,text,false,Login failed — check credentials in users.csv,337,363,10,10,http://k8s-forkfind-forkfind-8e65d48af1-1990260306.us-east-1.elb.amazonaws.com/auth/user/login,185,0,113
1777593183508,328,02 - GET /restaurants (search),200,OK,Virtual Users [300 threads] 1-266,text,true,,790,311,12,12,http://k8s-forkfind-forkfind-8e65d48af1-1990260306.us-east-1.elb.amazonaws.com/restaurants?q=pizza&limit=12&sort=rating,328,0,0
1777593183508,328,02 - GET /restaurants (search),200,OK,Virtual Users [300 threads] 1-267,text,true,,790,311,12,12,http://k8s-forkfind-forkfind-8e65d48af1-1990260306.us-east-1.elb.amazonaws.com/restaurants?q=pizza&limit=12&sort=rating,328,0,0
1777593183508,328,02 - GET /restaurants (search),200,OK,Virtual Users [300 threads] 1-265,text,true,,790,311,12,12,http://k8s-forkfind-forkfind-8e65d48af1-1990260306.us-east-1.elb.amazonaws.com/restaurants?q=pizza&limit=12&sort=rating,328,0,0
1777593183508,328,02 - GET /restaurants (search),200,OK,Virtual Users [300 threads] 1-268,text,true,,790,311,12,12,http://k8s-forkfind-forkfind-8e65d48af1-1990260306.us-east-1.elb.amazonaws.com/restaurants?q=pizza&limit=12&sort=rating,328,0,0
1777593183580,256,02 - GET /restaurants (search),200,OK,Virtual Users [300 threads] 1-269,text,true,,790,311,12,12,http://k8s-forkfind-forkfind-8e65d48af1-1990260306.us-east-1.elb.amazonaws.com/restaurants?q=pizza&limit=12&sort=rating,256,0,0
1777593183643,193,02 - GET /restaurants (search),200,OK,Virtual Users [300 threads] 1-272,text,true,,790,311,12,12,http://k8s-forkfind-forkfind-8e65d48af1-1990260306.us-east-1.elb.amazonaws.com/restaurants?q=pizza&limit=12&sort=rating,193,0,0
1777593183643,193,02 - GET /restaurants (search),200,OK,Virtual Users [300 threads] 1-273,text,true,,790,311,12,12,http://k8s-forkfind-forkfind-8e65d48af1-1990260306.us-east-1.elb.amazonaws.com/restaurants?q=pizza&limit=12&sort=rating,193,0,0
1777593183643,193,02 - GET /restaurants (search),200,OK,Virtual Users [300 threads] 1-271,text,true,,790,311,12,12,http://k8s-forkfind-forkfind-8e65d48af1-1990260306.us-east-1.elb.amazonaws.com/restaurants?q=pizza&limit=12&sort=rating,193,0,0
1777593183643,194,02 - GET /restaurants (search),200,OK,Virtual Users [300 threads] 1-270,text,true,,790,311,12,12,http://k8s-forkfind-forkfind-8e65d48af1-1990260306.us-east-1.elb.amazonaws.com/restaurants?q=pizza&limit=12&sort=rating,194,0,0
1777593183555,281,01 - POST /auth/user/login,503,Service Temporarily Unavailable,Virtual Users [300 threads] 1-274,text,false,Login failed — check credentials in users.csv,337,363,12,12,http://k8s-forkfind-forkfind-8e65d48af1-1990260306.us-east-1.elb.amazonaws.com/auth/user/login,281,0,70
1777593183836,104,03 - POST /restaurants/10/reviews,Non HTTP response code: java.net.SocketException,Non HTTP response message: Connection reset,Virtual Users [300 threads] 1-265,text,false,"Review submission returned unexpected status (401 = bad token, 5xx = server error)",2601,0,13,13,http://k8s-forkfind-forkfind-8e65d48af1-1990260306.us-east-1.elb.amazonaws.com/restaurants/10/reviews,0,0,0
1777593183657,283,01 - POST /auth/user/login,503,Service Temporarily Unavailable,Virtual Users [300 threads] 1-275,text,false,Login failed — check credentials in users.csv,337,363,13,13,http://k8s-forkfind-forkfind-8e65d48af1-1990260306.us-east-1.elb.amazonaws.com/auth/user/login,283,0,179
1777593183836,104,03 - POST /restaurants/10/reviews,Non HTTP response code: java.net.SocketException,Non HTTP response message: Connection reset,Virtual Users [300 threads] 1-266,text,false,"Review submission returned unexpected status (401 = bad token, 5xx = server error)",2601,0,13,13,http://k8s-forkfind-forkfind-8e65d48af1-1990260306.us-east-1.elb.amazonaws.com/restaurants/10/reviews,0,0,0
1777593183836,104,03 - POST /restaurants/10/reviews,Non HTTP response code: java.net.SocketException,Non HTTP response message: Connection reset,Virtual Users [300 threads] 1-267,text,false,"Review submission returned unexpected status (401 = bad token, 5xx = server error)",2601,0,13,13,http://k8s-forkfind-forkfind-8e65d48af1-1990260306.us-east-1.elb.amazonaws.com/restaurants/10/reviews,0,0,0
1777593183836,104,03 - POST /restaurants/10/reviews,Non HTTP response code: java.net.SocketException,Non HTTP response message: Connection reset,Virtual Users [300 threads] 1-268,text,false,"Review submission returned unexpected status (401 = bad token, 5xx = server error)",2601,0,13,13,http://k8s-forkfind-forkfind-8e65d48af1-1990260306.us-east-1.elb.amazonaws.com/restaurants/10/reviews,0,0,0
1777593183837,104,03 - POST /restaurants/10/reviews,Non HTTP response code: java.net.SocketException,Non HTTP response message: Connection reset,Virtual Users [300 threads] 1-272,text,false,"Review submission returned unexpected status (401 = bad token, 5xx = server error)",2601,0,12,12,http://k8s-forkfind-forkfind-8e65d48af1-1990260306.us-east-1.elb.amazonaws.com/restaurants/10/reviews,0,0,0
1777593183837,104,03 - POST /restaurants/10/reviews,Non HTTP response code: java.net.SocketException,Non HTTP response message: Connection reset,Virtual Users [300 threads] 1-270,text,false,"Review submission returned unexpected status (401 = bad token, 5xx = server error)",2601,0,12,12,http://k8s-forkfind-forkfind-8e65d48af1-1990260306.us-east-1.elb.amazonaws.com/restaurants/10/reviews,0,0,0
1777593183837,104,03 - POST /restaurants/10/reviews,Non HTTP response code: java.net.SocketException,Non HTTP response message: Connection reset,Virtual Users [300 threads] 1-273,text,false,"Review submission returned unexpected status (401 = bad token, 5xx = server error)",2601,0,8,8,http://k8s-forkfind-forkfind-8e65d48af1-1990260306.us-east-1.elb.amazonaws.com/restaurants/10/reviews,0,0,0
1777593183836,106,03 - POST /restaurants/10/reviews,Non HTTP response code: java.net.SocketException,Non HTTP response message: Connection reset,Virtual Users [300 threads] 1-269,text,false,"Review submission returned unexpected status (401 = bad token, 5xx = server error)",2601,0,6,6,http://k8s-forkfind-forkfind-8e65d48af1-1990260306.us-east-1.elb.amazonaws.com/restaurants/10/reviews,0,0,0
1777593183837,105,03 - POST /restaurants/10/reviews,Non HTTP response code: java.net.SocketException,Non HTTP response message: Connection reset,Virtual Users [300 threads] 1-271,text,false,"Review submission returned unexpected status (401 = bad token, 5xx = server error)",2601,0,6,6,http://k8s-forkfind-forkfind-8e65d48af1-1990260306.us-east-1.elb.amazonaws.com/restaurants/10/reviews,0,0,0
1777593183837,115,02 - GET /restaurants (search),200,OK,Virtual Users [300 threads] 1-274,text,true,,790,311,4,4,http://k8s-forkfind-forkfind-8e65d48af1-1990260306.us-east-1.elb.amazonaws.com/restaurants?q=pizza&limit=12&sort=rating,115,0,0
1777593183758,273,01 - POST /auth/user/login,503,Service Temporarily Unavailable,Virtual Users [300 threads] 1-276,text,false,Login failed — check credentials in users.csv,337,363,5,5,http://k8s-forkfind-forkfind-8e65d48af1-1990260306.us-east-1.elb.amazonaws.com/auth/user/login,273,0,182
1777593183854,177,01 - POST /auth/user/login,503,Service Temporarily Unavailable,Virtual Users [300 threads] 1-277,text,false,Login failed — check credentials in users.csv,337,363,5,5,http://k8s-forkfind-forkfind-8e65d48af1-1990260306.us-east-1.elb.amazonaws.com/auth/user/login,177,0,87
1777593183952,84,03 - POST /restaurants/10/reviews,Non HTTP response code: java.net.SocketException,Non HTTP response message: Connection reset,Virtual Users [300 threads] 1-274,text,false,"Review submission returned unexpected status (401 = bad token, 5xx = server error)",2601,0,5,5,http://k8s-forkfind-forkfind-8e65d48af1-1990260306.us-east-1.elb.amazonaws.com/restaurants/10/reviews,0,0,0
1777593183941,106,02 - GET /restaurants (search),200,OK,Virtual Users [300 threads] 1-275,text,true,,790,311,4,4,http://k8s-forkfind-forkfind-8e65d48af1-1990260306.us-east-1.elb.amazonaws.com/restaurants?q=pizza&limit=12&sort=rating,106,0,0
1777593183955,150,01 - POST /auth/user/login,503,Service Temporarily Unavailable,Virtual Users [300 threads] 1-278,text,false,Login failed — check credentials in users.csv,337,363,5,5,http://k8s-forkfind-forkfind-8e65d48af1-1990260306.us-east-1.elb.amazonaws.com/auth/user/login,150,0,76
1777593184032,330,02 - GET /restaurants (search),200,OK,Virtual Users [300 threads] 1-276,text,true,,790,311,8,8,http://k8s-forkfind-forkfind-8e65d48af1-1990260306.us-east-1.elb.amazonaws.com/restaurants?q=pizza&limit=12&sort=rating,330,0,0
1777593184105,257,02 - GET /restaurants (search),200,OK,Virtual Users [300 threads] 1-278,text,true,,790,311,8,8,http://k8s-forkfind-forkfind-8e65d48af1-1990260306.us-east-1.elb.amazonaws.com/restaurants?q=pizza&limit=12&sort=rating,257,0,0
1777593184032,330,02 - GET /restaurants (search),200,OK,Virtual Users [300 threads] 1-277,text,true,,790,311,8,8,http://k8s-forkfind-forkfind-8e65d48af1-1990260306.us-east-1.elb.amazonaws.com/restaurants?q=pizza&limit=12&sort=rating,330,0,0
1777593184047,314,03 - POST /restaurants/10/reviews,Non HTTP response code: java.net.SocketException,Non HTTP response message: Connection reset,Virtual Users [300 threads] 1-275,text,false,"Review submission returned unexpected status (401 = bad token, 5xx = server error)",2601,0,8,8,http://k8s-forkfind-forkfind-8e65d48af1-1990260306.us-east-1.elb.amazonaws.com/restaurants/10/reviews,0,0,0
1777593184059,378,01 - POST /auth/user/login,503,Service Temporarily Unavailable,Virtual Users [300 threads] 1-279,text,false,Login failed — check credentials in users.csv,337,363,7,7,http://k8s-forkfind-forkfind-8e65d48af1-1990260306.us-east-1.elb.amazonaws.com/auth/user/login,378,0,302
1777593184362,81,03 - POST /restaurants/10/reviews,Non HTTP response code: java.net.SocketException,Non HTTP response message: Connection reset,Virtual Users [300 threads] 1-278,text,false,"Review submission returned unexpected status (401 = bad token, 5xx = server error)",2601,0,7,7,http://k8s-forkfind-forkfind-8e65d48af1-1990260306.us-east-1.elb.amazonaws.com/restaurants/10/reviews,0,0,0
1777593184362,81,03 - POST /restaurants/10/reviews,Non HTTP response code: java.net.SocketException,Non HTTP response message: Connection reset,Virtual Users [300 threads] 1-276,text,false,"Review submission returned unexpected status (401 = bad token, 5xx = server error)",2601,0,7,7,http://k8s-forkfind-forkfind-8e65d48af1-1990260306.us-east-1.elb.amazonaws.com/restaurants/10/reviews,0,0,0
1777593184362,81,03 - POST /restaurants/10/reviews,Non HTTP response code: java.net.SocketException,Non HTTP response message: Connection reset,Virtual Users [300 threads] 1-277,text,false,"Review submission returned unexpected status (401 = bad token, 5xx = server error)",2601,0,7,7,http://k8s-forkfind-forkfind-8e65d48af1-1990260306.us-east-1.elb.amazonaws.com/restaurants/10/reviews,0,0,0
1777593184438,102,02 - GET /restaurants (search),200,OK,Virtual Users [300 threads] 1-279,text,true,,790,311,5,5,http://k8s-forkfind-forkfind-8e65d48af1-1990260306.us-east-1.elb.amazonaws.com/restaurants?q=pizza&limit=12&sort=rating,102,0,0
1777593184157,383,01 - POST /auth/user/login,503,Service Temporarily Unavailable,Virtual Users [300 threads] 1-280,text,false,Login failed — check credentials in users.csv,337,363,5,5,http://k8s-forkfind-forkfind-8e65d48af1-1990260306.us-east-1.elb.amazonaws.com/auth/user/login,383,0,275
1777593184259,281,01 - POST /auth/user/login,503,Service Temporarily Unavailable,Virtual Users [300 threads] 1-281,text,false,Login failed — check credentials in users.csv,337,363,5,5,http://k8s-forkfind-forkfind-8e65d48af1-1990260306.us-east-1.elb.amazonaws.com/auth/user/login,281,0,173
1777593184356,184,01 - POST /auth/user/login,503,Service Temporarily Unavailable,Virtual Users [300 threads] 1-282,text,false,Login failed — check credentials in users.csv,337,363,5,5,http://k8s-forkfind-forkfind-8e65d48af1-1990260306.us-east-1.elb.amazonaws.com/auth/user/login,184,0,76
1777593184458,180,01 - POST /auth/user/login,503,Service Temporarily Unavailable,Virtual Users [300 threads] 1-283,text,false,Login failed — check credentials in users.csv,337,363,6,6,http://k8s-forkfind-forkfind-8e65d48af1-1990260306.us-east-1.elb.amazonaws.com/auth/user/login,180,0,82
1777593184540,98,03 - POST /restaurants/10/reviews,Non HTTP response code: java.net.SocketException,Non HTTP response message: Connection reset,Virtual Users [300 threads] 1-279,text,false,"Review submission returned unexpected status (401 = bad token, 5xx = server error)",2601,0,6,6,http://k8s-forkfind-forkfind-8e65d48af1-1990260306.us-east-1.elb.amazonaws.com/restaurants/10/reviews,0,0,0
1777593184540,107,02 - GET /restaurants (search),200,OK,Virtual Users [300 threads] 1-282,text,true,,790,311,5,5,http://k8s-forkfind-forkfind-8e65d48af1-1990260306.us-east-1.elb.amazonaws.com/restaurants?q=pizza&limit=12&sort=rating,107,0,0
1777593184540,108,02 - GET /restaurants (search),200,OK,Virtual Users [300 threads] 1-280,text,true,,790,311,5,5,http://k8s-forkfind-forkfind-8e65d48af1-1990260306.us-east-1.elb.amazonaws.com/restaurants?q=pizza&limit=12&sort=rating,108,0,0
1777593184540,115,02 - GET /restaurants (search),200,OK,Virtual Users [300 threads] 1-281,text,true,,790,311,5,5,http://k8s-forkfind-forkfind-8e65d48af1-1990260306.us-east-1.elb.amazonaws.com/restaurants?q=pizza&limit=12&sort=rating,115,0,0
1777593184638,247,02 - GET /restaurants (search),200,OK,Virtual Users [300 threads] 1-283,text,true,,790,311,8,8,http://k8s-forkfind-forkfind-8e65d48af1-1990260306.us-east-1.elb.amazonaws.com/restaurants?q=pizza&limit=12&sort=rating,247,0,0
1777593184562,323,01 - POST /auth/user/login,503,Service Temporarily Unavailable,Virtual Users [300 threads] 1-284,text,false,Login failed — check credentials in users.csv,337,363,8,8,http://k8s-forkfind-forkfind-8e65d48af1-1990260306.us-east-1.elb.amazonaws.com/auth/user/login,323,0,76
1777593184648,237,03 - POST /restaurants/10/reviews,Non HTTP response code: java.net.SocketException,Non HTTP response message: Connection reset,Virtual Users [300 threads] 1-280,text,false,"Review submission returned unexpected status (401 = bad token, 5xx = server error)",2601,0,8,8,http://k8s-forkfind-forkfind-8e65d48af1-1990260306.us-east-1.elb.amazonaws.com/restaurants/10/reviews,0,0,0
1777593184647,238,03 - POST /restaurants/10/reviews,Non HTTP response code: java.net.SocketException,Non HTTP response message: Connection reset,Virtual Users [300 threads] 1-282,text,false,"Review submission returned unexpected status (401 = bad token, 5xx = server error)",2601,0,8,8,http://k8s-forkfind-forkfind-8e65d48af1-1990260306.us-east-1.elb.amazonaws.com/restaurants/10/reviews,0,0,0
1777593184655,230,03 - POST /restaurants/10/reviews,Non HTTP response code: java.net.SocketException,Non HTTP response message: Connection reset,Virtual Users [300 threads] 1-281,text,false,"Review submission returned unexpected status (401 = bad token, 5xx = server error)",2601,0,8,8,http://k8s-forkfind-forkfind-8e65d48af1-1990260306.us-east-1.elb.amazonaws.com/restaurants/10/reviews,0,0,0
1777593184657,313,01 - POST /auth/user/login,503,Service Temporarily Unavailable,Virtual Users [300 threads] 1-285,text,false,Login failed — check credentials in users.csv,337,363,6,6,http://k8s-forkfind-forkfind-8e65d48af1-1990260306.us-east-1.elb.amazonaws.com/auth/user/login,313,0,228
1777593184885,85,03 - POST /restaurants/10/reviews,Non HTTP response code: java.net.SocketException,Non HTTP response message: Connection reset,Virtual Users [300 threads] 1-283,text,false,"Review submission returned unexpected status (401 = bad token, 5xx = server error)",2601,0,6,6,http://k8s-forkfind-forkfind-8e65d48af1-1990260306.us-east-1.elb.amazonaws.com/restaurants/10/reviews,0,0,0
1777593184886,111,02 - GET /restaurants (search),200,OK,Virtual Users [300 threads] 1-284,text,true,,790,311,5,5,http://k8s-forkfind-forkfind-8e65d48af1-1990260306.us-east-1.elb.amazonaws.com/restaurants?q=pizza&limit=12&sort=rating,111,0,0
1777593184758,304,01 - POST /auth/user/login,503,Service Temporarily Unavailable,Virtual Users [300 threads] 1-286,text,false,Login failed — check credentials in users.csv,337,363,6,6,http://k8s-forkfind-forkfind-8e65d48af1-1990260306.us-east-1.elb.amazonaws.com/auth/user/login,304,0,212
1777593184855,207,01 - POST /auth/user/login,503,Service Temporarily Unavailable,Virtual Users [300 threads] 1-287,text,false,Login failed — check credentials in users.csv,337,363,6,6,http://k8s-forkfind-forkfind-8e65d48af1-1990260306.us-east-1.elb.amazonaws.com/auth/user/login,207,0,115
1777593184998,126,03 - POST /restaurants/10/reviews,Non HTTP response code: java.net.SocketException,Non HTTP response message: Connection reset,Virtual Users [300 threads] 1-284,text,false,"Review submission returned unexpected status (401 = bad token, 5xx = server error)",2601,0,6,6,http://k8s-forkfind-forkfind-8e65d48af1-1990260306.us-east-1.elb.amazonaws.com/restaurants/10/reviews,0,0,0
1777593184958,176,01 - POST /auth/user/login,503,Service Temporarily Unavailable,Virtual Users [300 threads] 1-288,text,false,Login failed — check credentials in users.csv,337,363,5,5,http://k8s-forkfind-forkfind-8e65d48af1-1990260306.us-east-1.elb.amazonaws.com/auth/user/login,176,0,104
1777593184971,170,02 - GET /restaurants (search),200,OK,Virtual Users [300 threads] 1-285,text,true,,790,311,5,5,http://k8s-forkfind-forkfind-8e65d48af1-1990260306.us-east-1.elb.amazonaws.com/restaurants?q=pizza&limit=12&sort=rating,170,0,0
1777593185063,107,02 - GET /restaurants (search),200,OK,Virtual Users [300 threads] 1-287,text,true,,790,311,6,6,http://k8s-forkfind-forkfind-8e65d48af1-1990260306.us-east-1.elb.amazonaws.com/restaurants?q=pizza&limit=12&sort=rating,107,0,0
1777593185063,119,02 - GET /restaurants (search),200,OK,Virtual Users [300 threads] 1-286,text,true,,790,311,6,6,http://k8s-forkfind-forkfind-8e65d48af1-1990260306.us-east-1.elb.amazonaws.com/restaurants?q=pizza&limit=12&sort=rating,119,0,0
1777593185056,152,01 - POST /auth/user/login,503,Service Temporarily Unavailable,Virtual Users [300 threads] 1-289,text,false,Login failed — check credentials in users.csv,337,363,6,6,http://k8s-forkfind-forkfind-8e65d48af1-1990260306.us-east-1.elb.amazonaws.com/auth/user/login,152,0,72
1777593185135,92,02 - GET /restaurants (search),200,OK,Virtual Users [300 threads] 1-288,text,true,,790,311,6,6,http://k8s-forkfind-forkfind-8e65d48af1-1990260306.us-east-1.elb.amazonaws.com/restaurants?q=pizza&limit=12&sort=rating,92,0,0
1777593185141,86,03 - POST /restaurants/10/reviews,Non HTTP response code: java.net.SocketException,Non HTTP response message: Connection reset,Virtual Users [300 threads] 1-285,text,false,"Review submission returned unexpected status (401 = bad token, 5xx = server error)",2601,0,6,6,http://k8s-forkfind-forkfind-8e65d48af1-1990260306.us-east-1.elb.amazonaws.com/restaurants/10/reviews,0,0,0
1777593185182,77,03 - POST /restaurants/10/reviews,Non HTTP response code: java.net.SocketException,Non HTTP response message: Connection reset,Virtual Users [300 threads] 1-286,text,false,"Review submission returned unexpected status (401 = bad token, 5xx = server error)",2601,0,6,6,http://k8s-forkfind-forkfind-8e65d48af1-1990260306.us-east-1.elb.amazonaws.com/restaurants/10/reviews,0,0,0
1777593185170,89,03 - POST /restaurants/10/reviews,Non HTTP response code: java.net.SocketException,Non HTTP response message: Connection reset,Virtual Users [300 threads] 1-287,text,false,"Review submission returned unexpected status (401 = bad token, 5xx = server error)",2601,0,6,6,http://k8s-forkfind-forkfind-8e65d48af1-1990260306.us-east-1.elb.amazonaws.com/restaurants/10/reviews,0,0,0
1777593185209,109,02 - GET /restaurants (search),200,OK,Virtual Users [300 threads] 1-289,text,true,,790,311,4,4,http://k8s-forkfind-forkfind-8e65d48af1-1990260306.us-east-1.elb.amazonaws.com/restaurants?q=pizza&limit=12&sort=rating,109,0,0
1777593185158,160,01 - POST /auth/user/login,503,Service Temporarily Unavailable,Virtual Users [300 threads] 1-290,text,false,Login failed — check credentials in users.csv,337,363,4,4,http://k8s-forkfind-forkfind-8e65d48af1-1990260306.us-east-1.elb.amazonaws.com/auth/user/login,160,0,72
1777593185228,90,03 - POST /restaurants/10/reviews,Non HTTP response code: java.net.SocketException,Non HTTP response message: Connection reset,Virtual Users [300 threads] 1-288,text,false,"Review submission returned unexpected status (401 = bad token, 5xx = server error)",2601,0,4,4,http://k8s-forkfind-forkfind-8e65d48af1-1990260306.us-east-1.elb.amazonaws.com/restaurants/10/reviews,0,0,0
1777593185254,141,01 - POST /auth/user/login,503,Service Temporarily Unavailable,Virtual Users [300 threads] 1-291,text,false,Login failed — check credentials in users.csv,337,363,4,4,http://k8s-forkfind-forkfind-8e65d48af1-1990260306.us-east-1.elb.amazonaws.com/auth/user/login,141,0,71
1777593185319,76,03 - POST /restaurants/10/reviews,Non HTTP response code: java.net.SocketException,Non HTTP response message: Connection reset,Virtual Users [300 threads] 1-289,text,false,"Review submission returned unexpected status (401 = bad token, 5xx = server error)",2601,0,4,4,http://k8s-forkfind-forkfind-8e65d48af1-1990260306.us-east-1.elb.amazonaws.com/restaurants/10/reviews,0,0,0
1777593185319,89,02 - GET /restaurants (search),200,OK,Virtual Users [300 threads] 1-290,text,true,,790,311,3,3,http://k8s-forkfind-forkfind-8e65d48af1-1990260306.us-east-1.elb.amazonaws.com/restaurants?q=pizza&limit=12&sort=rating,89,0,0
1777593185408,84,03 - POST /restaurants/10/reviews,Non HTTP response code: java.net.SocketException,Non HTTP response message: Connection reset,Virtual Users [300 threads] 1-290,text,false,"Review submission returned unexpected status (401 = bad token, 5xx = server error)",2601,0,4,4,http://k8s-forkfind-forkfind-8e65d48af1-1990260306.us-east-1.elb.amazonaws.com/restaurants/10/reviews,0,0,0
1777593185396,114,02 - GET /restaurants (search),200,OK,Virtual Users [300 threads] 1-291,text,true,,790,311,3,3,http://k8s-forkfind-forkfind-8e65d48af1-1990260306.us-east-1.elb.amazonaws.com/restaurants?q=pizza&limit=12&sort=rating,114,0,0
1777593185360,150,01 - POST /auth/user/login,503,Service Temporarily Unavailable,Virtual Users [300 threads] 1-292,text,false,Login failed — check credentials in users.csv,337,363,3,3,http://k8s-forkfind-forkfind-8e65d48af1-1990260306.us-east-1.elb.amazonaws.com/auth/user/login,150,0,76
1777593185510,85,02 - GET /restaurants (search),200,OK,Virtual Users [300 threads] 1-292,text,true,,790,311,4,4,http://k8s-forkfind-forkfind-8e65d48af1-1990260306.us-east-1.elb.amazonaws.com/restaurants?q=pizza&limit=12&sort=rating,85,0,0
1777593185510,85,03 - POST /restaurants/10/reviews,Non HTTP response code: java.net.SocketException,Non HTTP response message: Connection reset,Virtual Users [300 threads] 1-291,text,false,"Review submission returned unexpected status (401 = bad token, 5xx = server error)",2601,0,4,4,http://k8s-forkfind-forkfind-8e65d48af1-1990260306.us-east-1.elb.amazonaws.com/restaurants/10/reviews,0,0,0
1777593185455,165,01 - POST /auth/user/login,503,Service Temporarily Unavailable,Virtual Users [300 threads] 1-293,text,false,Login failed — check credentials in users.csv,337,363,3,3,http://k8s-forkfind-forkfind-8e65d48af1-1990260306.us-east-1.elb.amazonaws.com/auth/user/login,165,0,92
1777593185596,76,03 - POST /restaurants/10/reviews,Non HTTP response code: java.net.SocketException,Non HTTP response message: Connection reset,Virtual Users [300 threads] 1-292,text,false,"Review submission returned unexpected status (401 = bad token, 5xx = server error)",2601,0,4,4,http://k8s-forkfind-forkfind-8e65d48af1-1990260306.us-east-1.elb.amazonaws.com/restaurants/10/reviews,0,0,0
1777593185621,117,02 - GET /restaurants (search),200,OK,Virtual Users [300 threads] 1-293,text,true,,790,311,3,3,http://k8s-forkfind-forkfind-8e65d48af1-1990260306.us-east-1.elb.amazonaws.com/restaurants?q=pizza&limit=12&sort=rating,117,0,0
1777593185556,182,01 - POST /auth/user/login,503,Service Temporarily Unavailable,Virtual Users [300 threads] 1-294,text,false,Login failed — check credentials in users.csv,337,363,3,3,http://k8s-forkfind-forkfind-8e65d48af1-1990260306.us-east-1.elb.amazonaws.com/auth/user/login,182,0,77
1777593185660,157,01 - POST /auth/user/login,503,Service Temporarily Unavailable,Virtual Users [300 threads] 1-295,text,false,Login failed — check credentials in users.csv,337,363,4,4,http://k8s-forkfind-forkfind-8e65d48af1-1990260306.us-east-1.elb.amazonaws.com/auth/user/login,157,0,78
1777593185739,78,03 - POST /restaurants/10/reviews,Non HTTP response code: java.net.SocketException,Non HTTP response message: Connection reset,Virtual Users [300 threads] 1-293,text,false,"Review submission returned unexpected status (401 = bad token, 5xx = server error)",2601,0,4,4,http://k8s-forkfind-forkfind-8e65d48af1-1990260306.us-east-1.elb.amazonaws.com/restaurants/10/reviews,0,0,0
1777593185739,79,02 - GET /restaurants (search),200,OK,Virtual Users [300 threads] 1-294,text,true,,790,311,3,3,http://k8s-forkfind-forkfind-8e65d48af1-1990260306.us-east-1.elb.amazonaws.com/restaurants?q=pizza&limit=12&sort=rating,79,0,0
1777593185818,77,03 - POST /restaurants/10/reviews,Non HTTP response code: java.net.SocketException,Non HTTP response message: Connection reset,Virtual Users [300 threads] 1-294,text,false,"Review submission returned unexpected status (401 = bad token, 5xx = server error)",2601,0,4,4,http://k8s-forkfind-forkfind-8e65d48af1-1990260306.us-east-1.elb.amazonaws.com/restaurants/10/reviews,0,0,0
1777593185818,82,02 - GET /restaurants (search),200,OK,Virtual Users [300 threads] 1-295,text,true,,790,311,3,3,http://k8s-forkfind-forkfind-8e65d48af1-1990260306.us-east-1.elb.amazonaws.com/restaurants?q=pizza&limit=12&sort=rating,82,0,0
1777593185759,145,01 - POST /auth/user/login,503,Service Temporarily Unavailable,Virtual Users [300 threads] 1-296,text,false,Login failed — check credentials in users.csv,337,363,3,3,http://k8s-forkfind-forkfind-8e65d48af1-1990260306.us-east-1.elb.amazonaws.com/auth/user/login,145,0,72
1777593185900,76,03 - POST /restaurants/10/reviews,Non HTTP response code: java.net.SocketException,Non HTTP response message: Connection reset,Virtual Users [300 threads] 1-295,text,false,"Review submission returned unexpected status (401 = bad token, 5xx = server error)",2601,0,4,4,http://k8s-forkfind-forkfind-8e65d48af1-1990260306.us-east-1.elb.amazonaws.com/restaurants/10/reviews,0,0,0
1777593185904,82,02 - GET /restaurants (search),200,OK,Virtual Users [300 threads] 1-296,text,true,,790,311,3,3,http://k8s-forkfind-forkfind-8e65d48af1-1990260306.us-east-1.elb.amazonaws.com/restaurants?q=pizza&limit=12&sort=rating,82,0,0
1777593185858,144,01 - POST /auth/user/login,503,Service Temporarily Unavailable,Virtual Users [300 threads] 1-297,text,false,Login failed — check credentials in users.csv,337,363,3,3,http://k8s-forkfind-forkfind-8e65d48af1-1990260306.us-east-1.elb.amazonaws.com/auth/user/login,144,0,71
1777593185987,77,03 - POST /restaurants/10/reviews,Non HTTP response code: java.net.SocketException,Non HTTP response message: Connection reset,Virtual Users [300 threads] 1-296,text,false,"Review submission returned unexpected status (401 = bad token, 5xx = server error)",2601,0,4,4,http://k8s-forkfind-forkfind-8e65d48af1-1990260306.us-east-1.elb.amazonaws.com/restaurants/10/reviews,0,0,0
1777593186003,78,02 - GET /restaurants (search),200,OK,Virtual Users [300 threads] 1-297,text,true,,790,311,3,3,http://k8s-forkfind-forkfind-8e65d48af1-1990260306.us-east-1.elb.amazonaws.com/restaurants?q=pizza&limit=12&sort=rating,78,0,0
1777593185959,142,01 - POST /auth/user/login,503,Service Temporarily Unavailable,Virtual Users [300 threads] 1-298,text,false,Login failed — check credentials in users.csv,337,363,3,3,http://k8s-forkfind-forkfind-8e65d48af1-1990260306.us-east-1.elb.amazonaws.com/auth/user/login,142,0,70
1777593186082,75,03 - POST /restaurants/10/reviews,Non HTTP response code: java.net.SocketException,Non HTTP response message: Connection reset,Virtual Users [300 threads] 1-297,text,false,"Review submission returned unexpected status (401 = bad token, 5xx = server error)",2601,0,3,3,http://k8s-forkfind-forkfind-8e65d48af1-1990260306.us-east-1.elb.amazonaws.com/restaurants/10/reviews,0,0,0
1777593186102,80,02 - GET /restaurants (search),200,OK,Virtual Users [300 threads] 1-298,text,true,,790,311,3,3,http://k8s-forkfind-forkfind-8e65d48af1-1990260306.us-east-1.elb.amazonaws.com/restaurants?q=pizza&limit=12&sort=rating,80,0,0
1777593186059,145,01 - POST /auth/user/login,503,Service Temporarily Unavailable,Virtual Users [300 threads] 1-299,text,false,Login failed — check credentials in users.csv,337,363,3,3,http://k8s-forkfind-forkfind-8e65d48af1-1990260306.us-east-1.elb.amazonaws.com/auth/user/login,145,0,72
1777593186183,77,03 - POST /restaurants/10/reviews,Non HTTP response code: java.net.SocketException,Non HTTP response message: Connection reset,Virtual Users [300 threads] 1-298,text,false,"Review submission returned unexpected status (401 = bad token, 5xx = server error)",2601,0,3,3,http://k8s-forkfind-forkfind-8e65d48af1-1990260306.us-east-1.elb.amazonaws.com/restaurants/10/reviews,0,0,0
1777593186204,77,02 - GET /restaurants (search),200,OK,Virtual Users [300 threads] 1-299,text,true,,790,311,2,2,http://k8s-forkfind-forkfind-8e65d48af1-1990260306.us-east-1.elb.amazonaws.com/restaurants?q=pizza&limit=12&sort=rating,77,0,0
1777593186159,144,01 - POST /auth/user/login,503,Service Temporarily Unavailable,Virtual Users [300 threads] 1-300,text,false,Login failed — check credentials in users.csv,337,363,2,2,http://k8s-forkfind-forkfind-8e65d48af1-1990260306.us-east-1.elb.amazonaws.com/auth/user/login,144,0,73
1777593186282,77,03 - POST /restaurants/10/reviews,Non HTTP response code: java.net.SocketException,Non HTTP response message: Connection reset,Virtual Users [300 threads] 1-299,text,false,"Review submission returned unexpected status (401 = bad token, 5xx = server error)",2601,0,2,2,http://k8s-forkfind-forkfind-8e65d48af1-1990260306.us-east-1.elb.amazonaws.com/restaurants/10/reviews,0,0,0
1777593186304,87,02 - GET /restaurants (search),200,OK,Virtual Users [300 threads] 1-300,text,true,,790,311,1,1,http://k8s-forkfind-forkfind-8e65d48af1-1990260306.us-east-1.elb.amazonaws.com/restaurants?q=pizza&limit=12&sort=rating,86,0,0
1777593186391,74,03 - POST /restaurants/10/reviews,Non HTTP response code: java.net.SocketException,Non HTTP response message: Connection reset,Virtual Users [300 threads] 1-300,text,false,"Review submission returned unexpected status (401 = bad token, 5xx = server error)",2601,0,1,1,http://k8s-forkfind-forkfind-8e65d48af1-1990260306.us-east-1.elb.amazonaws.com/restaurants/10/reviews,0,0,0
1777594859302,720,01 - POST /auth/user/login,200,OK,Virtual Users [300 threads] 1-1,text,true,,405,361,4,4,http://k8s-forkfind-forkfind-8e65d48af1-1990260306.us-east-1.elb.amazonaws.com/auth/user/login,720,0,79
1777594860041,111,02 - GET /restaurants (search),200,OK,Virtual Users [300 threads] 1-1,text,true,,790,433,5,5,http://k8s-forkfind-forkfind-8e65d48af1-1990260306.us-east-1.elb.amazonaws.com/restaurants?q=pizza&limit=12&sort=rating,111,0,0
1777594859462,727,01 - POST /auth/user/login,200,OK,Virtual Users [300 threads] 1-2,text,true,,399,359,5,5,http://k8s-forkfind-forkfind-8e65d48af1-1990260306.us-east-1.elb.amazonaws.com/auth/user/login,727,0,70
1777594860190,96,02 - GET /restaurants (search),200,OK,Virtual Users [300 threads] 1-2,text,true,,790,433,6,6,http://k8s-forkfind-forkfind-8e65d48af1-1990260306.us-east-1.elb.amazonaws.com/restaurants?q=pizza&limit=12&sort=rating,96,0,0
1777594860152,160,03 - POST /restaurants/10/reviews,201,Created,Virtual Users [300 threads] 1-1,text,true,,568,568,6,6,http://k8s-forkfind-forkfind-8e65d48af1-1990260306.us-east-1.elb.amazonaws.com/restaurants/10/reviews,160,0,0
1777594860286,120,03 - POST /restaurants/10/reviews,201,Created,Virtual Users [300 threads] 1-2,text,true,,564,568,5,5,http://k8s-forkfind-forkfind-8e65d48af1-1990260306.us-east-1.elb.amazonaws.com/restaurants/10/reviews,120,0,0
1777594859660,975,01 - POST /auth/user/login,200,OK,Virtual Users [300 threads] 1-3,text,true,,403,361,5,5,http://k8s-forkfind-forkfind-8e65d48af1-1990260306.us-east-1.elb.amazonaws.com/auth/user/login,975,0,72
1777594860636,93,02 - GET /restaurants (search),200,OK,Virtual Users [300 threads] 1-3,text,true,,790,433,6,6,http://k8s-forkfind-forkfind-8e65d48af1-1990260306.us-east-1.elb.amazonaws.com/restaurants?q=pizza&limit=12&sort=rating,93,0,0
1777594859861,948,01 - POST /auth/user/login,200,OK,Virtual Users [300 threads] 1-4,text,true,,401,361,6,6,http://k8s-forkfind-forkfind-8e65d48af1-1990260306.us-east-1.elb.amazonaws.com/auth/user/login,948,0,70
1777594860730,125,03 - POST /restaurants/10/reviews,201,Created,Virtual Users [300 threads] 1-3,text,true,,566,568,6,6,http://k8s-forkfind-forkfind-8e65d48af1-1990260306.us-east-1.elb.amazonaws.com/restaurants/10/reviews,125,0,0
1777594860811,80,02 - GET /restaurants (search),200,OK,Virtual Users [300 threads] 1-4,text,true,,790,433,6,6,http://k8s-forkfind-forkfind-8e65d48af1-1990260306.us-east-1.elb.amazonaws.com/restaurants?q=pizza&limit=12&sort=rating,80,0,0
1777594860891,82,03 - POST /restaurants/10/reviews,201,Created,Virtual Users [300 threads] 1-4,text,true,,564,568,6,6,http://k8s-forkfind-forkfind-8e65d48af1-1990260306.us-east-1.elb.amazonaws.com/restaurants/10/reviews,82,0,0
1777594860461,700,01 - POST /auth/user/login,200,OK,Virtual Users [300 threads] 1-7,text,true,,402,361,6,6,http://k8s-forkfind-forkfind-8e65d48af1-1990260306.us-east-1.elb.amazonaws.com/auth/user/login,700,0,71
1777594860061,1256,01 - POST /auth/user/login,200,OK,Virtual Users [300 threads] 1-5,text,true,,398,359,7,7,http://k8s-forkfind-forkfind-8e65d48af1-1990260306.us-east-1.elb.amazonaws.com/auth/user/login,1256,0,71
1777594861163,170,02 - GET /restaurants (search),200,OK,Virtual Users [300 threads] 1-7,text,true,,790,436,7,7,http://k8s-forkfind-forkfind-8e65d48af1-1990260306.us-east-1.elb.amazonaws.com/restaurants?q=pizza&limit=12&sort=rating,170,0,0
1777594861319,158,02 - GET /restaurants (search),200,OK,Virtual Users [300 threads] 1-5,text,true,,790,436,8,8,http://k8s-forkfind-forkfind-8e65d48af1-1990260306.us-east-1.elb.amazonaws.com/restaurants?q=pizza&limit=12&sort=rating,157,0,0
1777594861334,210,03 - POST /restaurants/10/reviews,201,Created,Virtual Users [300 threads] 1-7,text,true,,565,571,8,8,http://k8s-forkfind-forkfind-8e65d48af1-1990260306.us-east-1.elb.amazonaws.com/restaurants/10/reviews,210,0,0
1777594861477,214,03 - POST /restaurants/10/reviews,201,Created,Virtual Users [300 threads] 1-5,text,true,,563,571,8,8,http://k8s-forkfind-forkfind-8e65d48af1-1990260306.us-east-1.elb.amazonaws.com/restaurants/10/reviews,214,0,0
1777594861061,1057,01 - POST /auth/user/login,200,OK,Virtual Users [300 threads] 1-10,text,true,,400,360,9,9,http://k8s-forkfind-forkfind-8e65d48af1-1990260306.us-east-1.elb.amazonaws.com/auth/user/login,1057,0,74
1777594862119,127,02 - GET /restaurants (search),200,OK,Virtual Users [300 threads] 1-10,text,true,,790,436,9,9,http://k8s-forkfind-forkfind-8e65d48af1-1990260306.us-east-1.elb.amazonaws.com/restaurants?q=pizza&limit=12&sort=rating,127,0,0
1777594860258,1999,01 - POST /auth/user/login,200,OK,Virtual Users [300 threads] 1-6,text,true,,402,361,9,9,http://k8s-forkfind-forkfind-8e65d48af1-1990260306.us-east-1.elb.amazonaws.com/auth/user/login,1999,0,73
1777594862247,139,03 - POST /restaurants/10/reviews,201,Created,Virtual Users [300 threads] 1-10,text,true,,565,572,10,10,http://k8s-forkfind-forkfind-8e65d48af1-1990260306.us-east-1.elb.amazonaws.com/restaurants/10/reviews,139,0,0
1777594862258,171,02 - GET /restaurants (search),200,OK,Virtual Users [300 threads] 1-6,text,true,,790,436,9,9,http://k8s-forkfind-forkfind-8e65d48af1-1990260306.us-east-1.elb.amazonaws.com/restaurants?q=pizza&limit=12&sort=rating,171,0,0
1777594862430,189,03 - POST /restaurants/10/reviews,201,Created,Virtual Users [300 threads] 1-6,text,true,,565,571,10,10,http://k8s-forkfind-forkfind-8e65d48af1-1990260306.us-east-1.elb.amazonaws.com/restaurants/10/reviews,189,0,0
1777594861259,1438,01 - POST /auth/user/login,200,OK,Virtual Users [300 threads] 1-11,text,true,,400,360,10,10,http://k8s-forkfind-forkfind-8e65d48af1-1990260306.us-east-1.elb.amazonaws.com/auth/user/login,1438,0,69
1777594862698,105,02 - GET /restaurants (search),200,OK,Virtual Users [300 threads] 1-11,text,true,,790,436,10,10,http://k8s-forkfind-forkfind-8e65d48af1-1990260306.us-east-1.elb.amazonaws.com/restaurants?q=pizza&limit=12&sort=rating,105,0,0
1777594862803,107,03 - POST /restaurants/10/reviews,201,Created,Virtual Users [300 threads] 1-11,text,true,,565,572,11,11,http://k8s-forkfind-forkfind-8e65d48af1-1990260306.us-east-1.elb.amazonaws.com/restaurants/10/reviews,107,0,0
1777594861856,1178,01 - POST /auth/user/login,200,OK,Virtual Users [300 threads] 1-14,text,true,,400,360,10,10,http://k8s-forkfind-forkfind-8e65d48af1-1990260306.us-east-1.elb.amazonaws.com/auth/user/login,1178,0,70
1777594863036,108,02 - GET /restaurants (search),200,OK,Virtual Users [300 threads] 1-14,text,true,,790,436,11,11,http://k8s-forkfind-forkfind-8e65d48af1-1990260306.us-east-1.elb.amazonaws.com/restaurants?q=pizza&limit=12&sort=rating,108,0,0
1777594860661,2627,01 - POST /auth/user/login,200,OK,Virtual Users [300 threads] 1-8,text,true,,402,361,12,12,http://k8s-forkfind-forkfind-8e65d48af1-1990260306.us-east-1.elb.amazonaws.com/auth/user/login,2627,0,83
1777594863145,165,03 - POST /restaurants/10/reviews,201,Created,Virtual Users [300 threads] 1-14,text,true,,566,572,12,12,http://k8s-forkfind-forkfind-8e65d48af1-1990260306.us-east-1.elb.amazonaws.com/restaurants/10/reviews,165,0,0
1777594863289,108,02 - GET /restaurants (search),200,OK,Virtual Users [300 threads] 1-8,text,true,,790,436,11,11,http://k8s-forkfind-forkfind-8e65d48af1-1990260306.us-east-1.elb.amazonaws.com/restaurants?q=pizza&limit=12&sort=rating,108,0,0
1777594863398,149,03 - POST /restaurants/10/reviews,201,Created,Virtual Users [300 threads] 1-8,text,true,,566,571,12,12,http://k8s-forkfind-forkfind-8e65d48af1-1990260306.us-east-1.elb.amazonaws.com/restaurants/10/reviews,149,0,0
1777594860860,3055,01 - POST /auth/user/login,200,OK,Virtual Users [300 threads] 1-9,text,true,,400,360,13,13,http://k8s-forkfind-forkfind-8e65d48af1-1990260306.us-east-1.elb.amazonaws.com/auth/user/login,3055,0,71
1777594863916,107,02 - GET /restaurants (search),200,OK,Virtual Users [300 threads] 1-9,text,true,,790,436,13,13,http://k8s-forkfind-forkfind-8e65d48af1-1990260306.us-east-1.elb.amazonaws.com/restaurants?q=pizza&limit=12&sort=rating,107,0,0
1777594862859,1256,01 - POST /auth/user/login,200,OK,Virtual Users [300 threads] 1-19,text,true,,398,359,14,14,http://k8s-forkfind-forkfind-8e65d48af1-1990260306.us-east-1.elb.amazonaws.com/auth/user/login,1256,0,98
1777594864023,148,03 - POST /restaurants/10/reviews,201,Created,Virtual Users [300 threads] 1-9,text,true,,565,571,14,14,http://k8s-forkfind-forkfind-8e65d48af1-1990260306.us-east-1.elb.amazonaws.com/restaurants/10/reviews,148,0,0
1777594864116,113,02 - GET /restaurants (search),200,OK,Virtual Users [300 threads] 1-19,text,true,,790,436,13,13,http://k8s-forkfind-forkfind-8e65d48af1-1990260306.us-east-1.elb.amazonaws.com/restaurants?q=pizza&limit=12&sort=rating,113,0,0
1777594863057,1260,01 - POST /auth/user/login,200,OK,Virtual Users [300 threads] 1-20,text,true,,400,360,14,14,http://k8s-forkfind-forkfind-8e65d48af1-1990260306.us-east-1.elb.amazonaws.com/auth/user/login,1260,0,71
1777594864231,122,03 - POST /restaurants/10/reviews,201,Created,Virtual Users [300 threads] 1-19,text,true,,565,572,14,14,http://k8s-forkfind-forkfind-8e65d48af1-1990260306.us-east-1.elb.amazonaws.com/restaurants/10/reviews,122,0,0
1777594864319,96,02 - GET /restaurants (search),200,OK,Virtual Users [300 threads] 1-20,text,true,,790,436,13,13,http://k8s-forkfind-forkfind-8e65d48af1-1990260306.us-east-1.elb.amazonaws.com/restaurants?q=pizza&limit=12&sort=rating,96,0,0
1777594861658,2931,01 - POST /auth/user/login,200,OK,Virtual Users [300 threads] 1-13,text,true,,398,359,14,14,http://k8s-forkfind-forkfind-8e65d48af1-1990260306.us-east-1.elb.amazonaws.com/auth/user/login,2931,0,70
1777594864416,196,03 - POST /restaurants/10/reviews,201,Created,Virtual Users [300 threads] 1-20,text,true,,566,572,14,14,http://k8s-forkfind-forkfind-8e65d48af1-1990260306.us-east-1.elb.amazonaws.com/restaurants/10/reviews,196,0,0
1777594861456,3182,01 - POST /auth/user/login,200,OK,Virtual Users [300 threads] 1-12,text,true,,400,360,13,13,http://k8s-forkfind-forkfind-8e65d48af1-1990260306.us-east-1.elb.amazonaws.com/auth/user/login,3182,0,71
1777594864590,134,02 - GET /restaurants (search),200,OK,Virtual Users [300 threads] 1-13,text,true,,790,436,14,14,http://k8s-forkfind-forkfind-8e65d48af1-1990260306.us-east-1.elb.amazonaws.com/restaurants?q=pizza&limit=12&sort=rating,133,0,0
1777594862258,2478,01 - POST /auth/user/login,200,OK,Virtual Users [300 threads] 1-16,text,true,,402,361,14,14,http://k8s-forkfind-forkfind-8e65d48af1-1990260306.us-east-1.elb.amazonaws.com/auth/user/login,2478,0,72
1777594864639,108,02 - GET /restaurants (search),200,OK,Virtual Users [300 threads] 1-12,text,true,,790,436,14,14,http://k8s-forkfind-forkfind-8e65d48af1-1990260306.us-east-1.elb.amazonaws.com/restaurants?q=pizza&limit=12&sort=rating,108,0,0
1777594864725,127,03 - POST /restaurants/10/reviews,201,Created,Virtual Users [300 threads] 1-13,text,true,,565,572,15,15,http://k8s-forkfind-forkfind-8e65d48af1-1990260306.us-east-1.elb.amazonaws.com/restaurants/10/reviews,127,0,0
1777594864737,116,02 - GET /restaurants (search),200,OK,Virtual Users [300 threads] 1-16,text,true,,790,436,15,15,http://k8s-forkfind-forkfind-8e65d48af1-1990260306.us-east-1.elb.amazonaws.com/restaurants?q=pizza&limit=12&sort=rating,116,0,0
1777594864748,128,03 - POST /restaurants/10/reviews,201,Created,Virtual Users [300 threads] 1-12,text,true,,566,572,14,14,http://k8s-forkfind-forkfind-8e65d48af1-1990260306.us-east-1.elb.amazonaws.com/restaurants/10/reviews,128,0,0
1777594864853,91,03 - POST /restaurants/10/reviews,201,Created,Virtual Users [300 threads] 1-16,text,true,,567,572,13,13,http://k8s-forkfind-forkfind-8e65d48af1-1990260306.us-east-1.elb.amazonaws.com/restaurants/10/reviews,91,0,0
1777594862060,2983,01 - POST /auth/user/login,200,OK,Virtual Users [300 threads] 1-15,text,true,,404,362,12,12,http://k8s-forkfind-forkfind-8e65d48af1-1990260306.us-east-1.elb.amazonaws.com/auth/user/login,2983,0,70
1777594865045,98,02 - GET /restaurants (search),200,OK,Virtual Users [300 threads] 1-15,text,true,,790,436,13,13,http://k8s-forkfind-forkfind-8e65d48af1-1990260306.us-east-1.elb.amazonaws.com/restaurants?q=pizza&limit=12&sort=rating,98,0,0
1777594865144,114,03 - POST /restaurants/10/reviews,201,Created,Virtual Users [300 threads] 1-15,text,true,,568,572,14,14,http://k8s-forkfind-forkfind-8e65d48af1-1990260306.us-east-1.elb.amazonaws.com/restaurants/10/reviews,114,0,0
1777594864053,1562,01 - POST /auth/user/login,200,OK,Virtual Users [300 threads] 1-25,text,true,,406,363,14,14,http://k8s-forkfind-forkfind-8e65d48af1-1990260306.us-east-1.elb.amazonaws.com/auth/user/login,1562,0,72
1777594862457,3158,01 - POST /auth/user/login,200,OK,Virtual Users [300 threads] 1-17,text,true,,402,361,14,14,http://k8s-forkfind-forkfind-8e65d48af1-1990260306.us-east-1.elb.amazonaws.com/auth/user/login,3158,0,98
1777594864253,1367,01 - POST /auth/user/login,200,OK,Virtual Users [300 threads] 1-26,text,true,,406,363,14,14,http://k8s-forkfind-forkfind-8e65d48af1-1990260306.us-east-1.elb.amazonaws.com/auth/user/login,1367,0,70
1777594865616,110,02 - GET /restaurants (search),200,OK,Virtual Users [300 threads] 1-17,text,true,,790,436,15,15,http://k8s-forkfind-forkfind-8e65d48af1-1990260306.us-east-1.elb.amazonaws.com/restaurants?q=pizza&limit=12&sort=rating,110,0,0
1777594865622,107,02 - GET /restaurants (search),200,OK,Virtual Users [300 threads] 1-26,text,true,,790,436,15,15,http://k8s-forkfind-forkfind-8e65d48af1-1990260306.us-east-1.elb.amazonaws.com/restaurants?q=pizza&limit=12&sort=rating,107,0,0
1777594865616,125,02 - GET /restaurants (search),200,OK,Virtual Users [300 threads] 1-25,text,true,,790,436,15,15,http://k8s-forkfind-forkfind-8e65d48af1-1990260306.us-east-1.elb.amazonaws.com/restaurants?q=pizza&limit=12&sort=rating,124,0,0
1777594862657,3152,01 - POST /auth/user/login,200,OK,Virtual Users [300 threads] 1-18,text,true,,404,362,15,15,http://k8s-forkfind-forkfind-8e65d48af1-1990260306.us-east-1.elb.amazonaws.com/auth/user/login,3152,0,72
1777594865730,100,03 - POST /restaurants/10/reviews,201,Created,Virtual Users [300 threads] 1-26,text,true,,569,572,15,15,http://k8s-forkfind-forkfind-8e65d48af1-1990260306.us-east-1.elb.amazonaws.com/restaurants/10/reviews,100,0,0
1777594865727,108,03 - POST /restaurants/10/reviews,201,Created,Virtual Users [300 threads] 1-17,text,true,,567,572,14,14,http://k8s-forkfind-forkfind-8e65d48af1-1990260306.us-east-1.elb.amazonaws.com/restaurants/10/reviews,108,0,0
1777594865742,102,03 - POST /restaurants/10/reviews,201,Created,Virtual Users [300 threads] 1-25,text,true,,569,572,13,13,http://k8s-forkfind-forkfind-8e65d48af1-1990260306.us-east-1.elb.amazonaws.com/restaurants/10/reviews,102,0,0
1777594865810,104,02 - GET /restaurants (search),200,OK,Virtual Users [300 threads] 1-18,text,true,,790,436,13,13,http://k8s-forkfind-forkfind-8e65d48af1-1990260306.us-east-1.elb.amazonaws.com/restaurants?q=pizza&limit=12&sort=rating,104,0,0
1777594865915,100,03 - POST /restaurants/10/reviews,201,Created,Virtual Users [300 threads] 1-18,text,true,,568,572,13,13,http://k8s-forkfind-forkfind-8e65d48af1-1990260306.us-east-1.elb.amazonaws.com/restaurants/10/reviews,100,0,0
1777594864850,1364,01 - POST /auth/user/login,200,OK,Virtual Users [300 threads] 1-29,text,true,,406,363,13,13,http://k8s-forkfind-forkfind-8e65d48af1-1990260306.us-east-1.elb.amazonaws.com/auth/user/login,1364,0,72
1777594866215,86,02 - GET /restaurants (search),200,OK,Virtual Users [300 threads] 1-29,text,true,,790,436,14,14,http://k8s-forkfind-forkfind-8e65d48af1-1990260306.us-east-1.elb.amazonaws.com/restaurants?q=pizza&limit=12&sort=rating,86,0,0
1777594866301,90,03 - POST /restaurants/10/reviews,201,Created,Virtual Users [300 threads] 1-29,text,true,,569,572,14,14,http://k8s-forkfind-forkfind-8e65d48af1-1990260306.us-east-1.elb.amazonaws.com/restaurants/10/reviews,90,0,0
1777594863651,2824,01 - POST /auth/user/login,200,OK,Virtual Users [300 threads] 1-23,text,true,,406,363,14,14,http://k8s-forkfind-forkfind-8e65d48af1-1990260306.us-east-1.elb.amazonaws.com/auth/user/login,2824,0,74
1777594863256,3265,01 - POST /auth/user/login,200,OK,Virtual Users [300 threads] 1-21,text,true,,406,363,14,14,http://k8s-forkfind-forkfind-8e65d48af1-1990260306.us-east-1.elb.amazonaws.com/auth/user/login,3265,0,72
1777594866476,79,02 - GET /restaurants (search),200,OK,Virtual Users [300 threads] 1-23,text,true,,790,436,14,14,http://k8s-forkfind-forkfind-8e65d48af1-1990260306.us-east-1.elb.amazonaws.com/restaurants?q=pizza&limit=12&sort=rating,79,0,0
1777594866523,109,02 - GET /restaurants (search),200,OK,Virtual Users [300 threads] 1-21,text,true,,790,436,14,14,http://k8s-forkfind-forkfind-8e65d48af1-1990260306.us-east-1.elb.amazonaws.com/restaurants?q=pizza&limit=12&sort=rating,109,0,0
1777594866555,94,03 - POST /restaurants/10/reviews,201,Created,Virtual Users [300 threads] 1-23,text,true,,568,572,14,14,http://k8s-forkfind-forkfind-8e65d48af1-1990260306.us-east-1.elb.amazonaws.com/restaurants/10/reviews,94,0,0
1777594866634,86,03 - POST /restaurants/10/reviews,201,Created,Virtual Users [300 threads] 1-21,text,true,,569,572,14,14,http://k8s-forkfind-forkfind-8e65d48af1-1990260306.us-east-1.elb.amazonaws.com/restaurants/10/reviews,86,0,0
1777594863852,3048,01 - POST /auth/user/login,200,OK,Virtual Users [300 threads] 1-24,text,true,,406,363,14,14,http://k8s-forkfind-forkfind-8e65d48af1-1990260306.us-east-1.elb.amazonaws.com/auth/user/login,3048,0,70
1777594866902,86,02 - GET /restaurants (search),200,OK,Virtual Users [300 threads] 1-24,text,true,,790,436,14,14,http://k8s-forkfind-forkfind-8e65d48af1-1990260306.us-east-1.elb.amazonaws.com/restaurants?q=pizza&limit=12&sort=rating,86,0,0
1777594866989,87,03 - POST /restaurants/10/reviews,201,Created,Virtual Users [300 threads] 1-24,text,true,,569,572,15,15,http://k8s-forkfind-forkfind-8e65d48af1-1990260306.us-east-1.elb.amazonaws.com/restaurants/10/reviews,87,0,0
1777594863456,3659,01 - POST /auth/user/login,200,OK,Virtual Users [300 threads] 1-22,text,true,,406,363,14,14,http://k8s-forkfind-forkfind-8e65d48af1-1990260306.us-east-1.elb.amazonaws.com/auth/user/login,3659,0,78
1777594867117,91,02 - GET /restaurants (search),200,OK,Virtual Users [300 threads] 1-22,text,true,,790,436,14,14,http://k8s-forkfind-forkfind-8e65d48af1-1990260306.us-east-1.elb.amazonaws.com/restaurants?q=pizza&limit=12&sort=rating,91,0,0
1777594865849,1368,01 - POST /auth/user/login,200,OK,Virtual Users [300 threads] 1-34,text,true,,406,363,14,14,http://k8s-forkfind-forkfind-8e65d48af1-1990260306.us-east-1.elb.amazonaws.com/auth/user/login,1368,0,73
1777594867218,90,02 - GET /restaurants (search),200,OK,Virtual Users [300 threads] 1-34,text,true,,790,436,15,15,http://k8s-forkfind-forkfind-8e65d48af1-1990260306.us-east-1.elb.amazonaws.com/restaurants?q=pizza&limit=12&sort=rating,90,0,0
1777594867209,114,03 - POST /restaurants/10/reviews,201,Created,Virtual Users [300 threads] 1-22,text,true,,569,572,15,15,http://k8s-forkfind-forkfind-8e65d48af1-1990260306.us-east-1.elb.amazonaws.com/restaurants/10/reviews,114,0,0
1777594864654,2739,01 - POST /auth/user/login,200,OK,Virtual Users [300 threads] 1-28,text,true,,406,363,14,14,http://k8s-forkfind-forkfind-8e65d48af1-1990260306.us-east-1.elb.amazonaws.com/auth/user/login,2739,0,72
1777594867309,107,03 - POST /restaurants/10/reviews,201,Created,Virtual Users [300 threads] 1-34,text,true,,569,572,14,14,http://k8s-forkfind-forkfind-8e65d48af1-1990260306.us-east-1.elb.amazonaws.com/restaurants/10/reviews,107,0,0
1777594867395,80,02 - GET /restaurants (search),200,OK,Virtual Users [300 threads] 1-28,text,true,,790,436,14,14,http://k8s-forkfind-forkfind-8e65d48af1-1990260306.us-east-1.elb.amazonaws.com/restaurants?q=pizza&limit=12&sort=rating,80,0,0
1777594866056,1469,01 - POST /auth/user/login,200,OK,Virtual Users [300 threads] 1-35,text,true,,406,363,14,14,http://k8s-forkfind-forkfind-8e65d48af1-1990260306.us-east-1.elb.amazonaws.com/auth/user/login,1469,0,70
1777594867476,86,03 - POST /restaurants/10/reviews,201,Created,Virtual Users [300 threads] 1-28,text,true,,568,572,14,14,http://k8s-forkfind-forkfind-8e65d48af1-1990260306.us-east-1.elb.amazonaws.com/restaurants/10/reviews,86,0,0
1777594867528,87,02 - GET /restaurants (search),200,OK,Virtual Users [300 threads] 1-35,text,true,,790,436,13,13,http://k8s-forkfind-forkfind-8e65d48af1-1990260306.us-east-1.elb.amazonaws.com/restaurants?q=pizza&limit=12&sort=rating,87,0,0
1777594867616,97,03 - POST /restaurants/10/reviews,201,Created,Virtual Users [300 threads] 1-35,text,true,,569,572,14,14,http://k8s-forkfind-forkfind-8e65d48af1-1990260306.us-east-1.elb.amazonaws.com/restaurants/10/reviews,97,0,0
1777594864453,3368,01 - POST /auth/user/login,200,OK,Virtual Users [300 threads] 1-27,text,true,,406,363,13,13,http://k8s-forkfind-forkfind-8e65d48af1-1990260306.us-east-1.elb.amazonaws.com/auth/user/login,3368,0,71
1777594867822,89,02 - GET /restaurants (search),200,OK,Virtual Users [300 threads] 1-27,text,true,,790,436,14,14,http://k8s-forkfind-forkfind-8e65d48af1-1990260306.us-east-1.elb.amazonaws.com/restaurants?q=pizza&limit=12&sort=rating,89,0,0
1777594867912,101,03 - POST /restaurants/10/reviews,201,Created,Virtual Users [300 threads] 1-27,text,true,,569,572,14,14,http://k8s-forkfind-forkfind-8e65d48af1-1990260306.us-east-1.elb.amazonaws.com/restaurants/10/reviews,101,0,0
1777594865052,2974,01 - POST /auth/user/login,200,OK,Virtual Users [300 threads] 1-30,text,true,,406,363,13,13,http://k8s-forkfind-forkfind-8e65d48af1-1990260306.us-east-1.elb.amazonaws.com/auth/user/login,2974,0,72
1777594868028,92,02 - GET /restaurants (search),200,OK,Virtual Users [300 threads] 1-30,text,true,,790,436,14,14,http://k8s-forkfind-forkfind-8e65d48af1-1990260306.us-east-1.elb.amazonaws.com/restaurants?q=pizza&limit=12&sort=rating,92,0,0
1777594868121,141,03 - POST /restaurants/10/reviews,201,Created,Virtual Users [300 threads] 1-30,text,true,,569,572,15,15,http://k8s-forkfind-forkfind-8e65d48af1-1990260306.us-east-1.elb.amazonaws.com/restaurants/10/reviews,141,0,0
1777594865251,3041,01 - POST /auth/user/login,200,OK,Virtual Users [300 threads] 1-31,text,true,,406,363,14,14,http://k8s-forkfind-forkfind-8e65d48af1-1990260306.us-east-1.elb.amazonaws.com/auth/user/login,3040,0,73
1777594868293,79,02 - GET /restaurants (search),200,OK,Virtual Users [300 threads] 1-31,text,true,,790,436,14,14,http://k8s-forkfind-forkfind-8e65d48af1-1990260306.us-east-1.elb.amazonaws.com/restaurants?q=pizza&limit=12&sort=rating,78,0,0
1777594866849,1575,01 - POST /auth/user/login,200,OK,Virtual Users [300 threads] 1-39,text,true,,406,363,14,14,http://k8s-forkfind-forkfind-8e65d48af1-1990260306.us-east-1.elb.amazonaws.com/auth/user/login,1575,0,71
1777594868373,96,03 - POST /restaurants/10/reviews,201,Created,Virtual Users [300 threads] 1-31,text,true,,569,572,15,15,http://k8s-forkfind-forkfind-8e65d48af1-1990260306.us-east-1.elb.amazonaws.com/restaurants/10/reviews,96,0,0
1777594868426,122,02 - GET /restaurants (search),200,OK,Virtual Users [300 threads] 1-39,text,true,,790,436,14,14,http://k8s-forkfind-forkfind-8e65d48af1-1990260306.us-east-1.elb.amazonaws.com/restaurants?q=pizza&limit=12&sort=rating,122,0,0
1777594868549,103,03 - POST /restaurants/10/reviews,201,Created,Virtual Users [300 threads] 1-39,text,true,,569,572,14,14,http://k8s-forkfind-forkfind-8e65d48af1-1990260306.us-east-1.elb.amazonaws.com/restaurants/10/reviews,103,0,0
1777594866249,2573,01 - POST /auth/user/login,200,OK,Virtual Users [300 threads] 1-36,text,true,,406,363,14,14,http://k8s-forkfind-forkfind-8e65d48af1-1990260306.us-east-1.elb.amazonaws.com/auth/user/login,2573,0,72
1777594868823,94,02 - GET /restaurants (search),200,OK,Virtual Users [300 threads] 1-36,text,true,,790,436,15,15,http://k8s-forkfind-forkfind-8e65d48af1-1990260306.us-east-1.elb.amazonaws.com/restaurants?q=pizza&limit=12&sort=rating,94,0,0
1777594867449,1570,01 - POST /auth/user/login,200,OK,Virtual Users [300 threads] 1-42,text,true,,406,363,15,15,http://k8s-forkfind-forkfind-8e65d48af1-1990260306.us-east-1.elb.amazonaws.com/auth/user/login,1570,0,72
1777594868918,136,03 - POST /restaurants/10/reviews,201,Created,Virtual Users [300 threads] 1-36,text,true,,569,572,16,16,http://k8s-forkfind-forkfind-8e65d48af1-1990260306.us-east-1.elb.amazonaws.com/restaurants/10/reviews,136,0,0
1777594867052,2043,01 - POST /auth/user/login,200,OK,Virtual Users [300 threads] 1-40,text,true,,406,363,15,15,http://k8s-forkfind-forkfind-8e65d48af1-1990260306.us-east-1.elb.amazonaws.com/auth/user/login,2043,0,74
1777594869020,89,02 - GET /restaurants (search),200,OK,Virtual Users [300 threads] 1-42,text,true,,790,436,15,15,http://k8s-forkfind-forkfind-8e65d48af1-1990260306.us-east-1.elb.amazonaws.com/restaurants?q=pizza&limit=12&sort=rating,89,0,0
1777594869096,87,02 - GET /restaurants (search),200,OK,Virtual Users [300 threads] 1-40,text,true,,790,436,15,15,http://k8s-forkfind-forkfind-8e65d48af1-1990260306.us-east-1.elb.amazonaws.com/restaurants?q=pizza&limit=12&sort=rating,87,0,0
1777594869111,143,03 - POST /restaurants/10/reviews,201,Created,Virtual Users [300 threads] 1-42,text,true,,569,572,16,16,http://k8s-forkfind-forkfind-8e65d48af1-1990260306.us-east-1.elb.amazonaws.com/restaurants/10/reviews,143,0,0
1777594869184,128,03 - POST /restaurants/10/reviews,201,Created,Virtual Users [300 threads] 1-40,text,true,,569,572,15,15,http://k8s-forkfind-forkfind-8e65d48af1-1990260306.us-east-1.elb.amazonaws.com/restaurants/10/reviews,128,0,0
1777594865654,3837,01 - POST /auth/user/login,200,OK,Virtual Users [300 threads] 1-33,text,true,,406,363,15,15,http://k8s-forkfind-forkfind-8e65d48af1-1990260306.us-east-1.elb.amazonaws.com/auth/user/login,3837,0,70
1777594867852,1661,01 - POST /auth/user/login,200,OK,Virtual Users [300 threads] 1-44,text,true,,406,363,15,15,http://k8s-forkfind-forkfind-8e65d48af1-1990260306.us-east-1.elb.amazonaws.com/auth/user/login,1661,0,72
1777594869494,79,02 - GET /restaurants (search),200,OK,Virtual Users [300 threads] 1-33,text,true,,790,436,15,15,http://k8s-forkfind-forkfind-8e65d48af1-1990260306.us-east-1.elb.amazonaws.com/restaurants?q=pizza&limit=12&sort=rating,79,0,0
1777594869515,91,02 - GET /restaurants (search),200,OK,Virtual Users [300 threads] 1-44,text,true,,790,436,15,15,http://k8s-forkfind-forkfind-8e65d48af1-1990260306.us-east-1.elb.amazonaws.com/restaurants?q=pizza&limit=12&sort=rating,91,0,0
1777594865454,4170,01 - POST /auth/user/login,200,OK,Virtual Users [300 threads] 1-32,text,true,,406,363,15,15,http://k8s-forkfind-forkfind-8e65d48af1-1990260306.us-east-1.elb.amazonaws.com/auth/user/login,4170,0,71
1777594869574,86,03 - POST /restaurants/10/reviews,201,Created,Virtual Users [300 threads] 1-33,text,true,,569,572,16,16,http://k8s-forkfind-forkfind-8e65d48af1-1990260306.us-east-1.elb.amazonaws.com/restaurants/10/reviews,86,0,0
1777594869607,107,03 - POST /restaurants/10/reviews,201,Created,Virtual Users [300 threads] 1-44,text,true,,569,572,15,15,http://k8s-forkfind-forkfind-8e65d48af1-1990260306.us-east-1.elb.amazonaws.com/restaurants/10/reviews,107,0,0
1777594869625,89,02 - GET /restaurants (search),200,OK,Virtual Users [300 threads] 1-32,text,true,,790,436,15,15,http://k8s-forkfind-forkfind-8e65d48af1-1990260306.us-east-1.elb.amazonaws.com/restaurants?q=pizza&limit=12&sort=rating,89,0,0
1777594869715,140,03 - POST /restaurants/10/reviews,201,Created,Virtual Users [300 threads] 1-32,text,true,,569,572,15,15,http://k8s-forkfind-forkfind-8e65d48af1-1990260306.us-east-1.elb.amazonaws.com/restaurants/10/reviews,139,0,0
1777594866449,3861,01 - POST /auth/user/login,200,OK,Virtual Users [300 threads] 1-37,text,true,,406,363,16,16,http://k8s-forkfind-forkfind-8e65d48af1-1990260306.us-east-1.elb.amazonaws.com/auth/user/login,3861,0,72
1777594870312,86,02 - GET /restaurants (search),200,OK,Virtual Users [300 threads] 1-37,text,true,,790,436,16,16,http://k8s-forkfind-forkfind-8e65d48af1-1990260306.us-east-1.elb.amazonaws.com/restaurants?q=pizza&limit=12&sort=rating,86,0,0
1777594868655,1763,01 - POST /auth/user/login,200,OK,Virtual Users [300 threads] 1-48,text,true,,406,363,16,16,http://k8s-forkfind-forkfind-8e65d48af1-1990260306.us-east-1.elb.amazonaws.com/auth/user/login,1763,0,72
1777594870398,125,03 - POST /restaurants/10/reviews,201,Created,Virtual Users [300 threads] 1-37,text,true,,568,572,17,17,http://k8s-forkfind-forkfind-8e65d48af1-1990260306.us-east-1.elb.amazonaws.com/restaurants/10/reviews,125,0,0
1777594870419,104,02 - GET /restaurants (search),200,OK,Virtual Users [300 threads] 1-48,text,true,,790,436,17,17,http://k8s-forkfind-forkfind-8e65d48af1-1990260306.us-east-1.elb.amazonaws.com/restaurants?q=pizza&limit=12&sort=rating,104,0,0
1777594869052,1482,01 - POST /auth/user/login,200,OK,Virtual Users [300 threads] 1-50,text,true,,406,363,16,16,http://k8s-forkfind-forkfind-8e65d48af1-1990260306.us-east-1.elb.amazonaws.com/auth/user/login,1482,0,73
1777594870535,99,02 - GET /restaurants (search),200,OK,Virtual Users [300 threads] 1-50,text,true,,790,436,16,16,http://k8s-forkfind-forkfind-8e65d48af1-1990260306.us-east-1.elb.amazonaws.com/restaurants?q=pizza&limit=12&sort=rating,99,0,0
1777594866650,3984,01 - POST /auth/user/login,200,OK,Virtual Users [300 threads] 1-38,text,true,,406,363,16,16,http://k8s-forkfind-forkfind-8e65d48af1-1990260306.us-east-1.elb.amazonaws.com/auth/user/login,3984,0,70
1777594870523,131,03 - POST /restaurants/10/reviews,201,Created,Virtual Users [300 threads] 1-48,text,true,,569,572,17,17,http://k8s-forkfind-forkfind-8e65d48af1-1990260306.us-east-1.elb.amazonaws.com/restaurants/10/reviews,131,0,0
1777594868849,1844,01 - POST /auth/user/login,200,OK,Virtual Users [300 threads] 1-49,text,true,,406,363,16,16,http://k8s-forkfind-forkfind-8e65d48af1-1990260306.us-east-1.elb.amazonaws.com/auth/user/login,1844,0,71
1777594870635,100,02 - GET /restaurants (search),200,OK,Virtual Users [300 threads] 1-38,text,true,,790,436,16,16,http://k8s-forkfind-forkfind-8e65d48af1-1990260306.us-east-1.elb.amazonaws.com/restaurants?q=pizza&limit=12&sort=rating,100,0,0
1777594870635,116,03 - POST /restaurants/10/reviews,201,Created,Virtual Users [300 threads] 1-50,text,true,,569,572,16,16,http://k8s-forkfind-forkfind-8e65d48af1-1990260306.us-east-1.elb.amazonaws.com/restaurants/10/reviews,116,0,0
1777594870695,80,02 - GET /restaurants (search),200,OK,Virtual Users [300 threads] 1-49,text,true,,790,436,15,15,http://k8s-forkfind-forkfind-8e65d48af1-1990260306.us-east-1.elb.amazonaws.com/restaurants?q=pizza&limit=12&sort=rating,80,0,0
1777594868044,2777,01 - POST /auth/user/login,200,OK,Virtual Users [300 threads] 1-45,text,true,,406,363,15,15,http://k8s-forkfind-forkfind-8e65d48af1-1990260306.us-east-1.elb.amazonaws.com/auth/user/login,2777,0,72
1777594870736,116,03 - POST /restaurants/10/reviews,201,Created,Virtual Users [300 threads] 1-38,text,true,,569,572,16,16,http://k8s-forkfind-forkfind-8e65d48af1-1990260306.us-east-1.elb.amazonaws.com/restaurants/10/reviews,116,0,0
1777594870776,84,03 - POST /restaurants/10/reviews,201,Created,Virtual Users [300 threads] 1-49,text,true,,569,572,15,15,http://k8s-forkfind-forkfind-8e65d48af1-1990260306.us-east-1.elb.amazonaws.com/restaurants/10/reviews,84,0,0
1777594870822,113,02 - GET /restaurants (search),200,OK,Virtual Users [300 threads] 1-45,text,true,,790,436,14,14,http://k8s-forkfind-forkfind-8e65d48af1-1990260306.us-east-1.elb.amazonaws.com/restaurants?q=pizza&limit=12&sort=rating,113,0,0
1777594870936,116,03 - POST /restaurants/10/reviews,201,Created,Virtual Users [300 threads] 1-45,text,true,,569,572,15,15,http://k8s-forkfind-forkfind-8e65d48af1-1990260306.us-east-1.elb.amazonaws.com/restaurants/10/reviews,116,0,0
1777594867249,4254,01 - POST /auth/user/login,200,OK,Virtual Users [300 threads] 1-41,text,true,,406,363,16,16,http://k8s-forkfind-forkfind-8e65d48af1-1990260306.us-east-1.elb.amazonaws.com/auth/user/login,4254,0,74
1777594870048,1476,01 - POST /auth/user/login,200,OK,Virtual Users [300 threads] 1-55,text,true,,406,363,16,16,http://k8s-forkfind-forkfind-8e65d48af1-1990260306.us-east-1.elb.amazonaws.com/auth/user/login,1476,0,86
1777594868244,3280,01 - POST /auth/user/login,200,OK,Virtual Users [300 threads] 1-46,text,true,,406,363,16,16,http://k8s-forkfind-forkfind-8e65d48af1-1990260306.us-east-1.elb.amazonaws.com/auth/user/login,3280,0,75
1777594871504,79,02 - GET /restaurants (search),200,OK,Virtual Users [300 threads] 1-41,text,true,,790,436,16,16,http://k8s-forkfind-forkfind-8e65d48af1-1990260306.us-east-1.elb.amazonaws.com/restaurants?q=pizza&limit=12&sort=rating,79,0,0
1777594871525,94,02 - GET /restaurants (search),200,OK,Virtual Users [300 threads] 1-55,text,true,,790,436,16,16,http://k8s-forkfind-forkfind-8e65d48af1-1990260306.us-east-1.elb.amazonaws.com/restaurants?q=pizza&limit=12&sort=rating,94,0,0
1777594871525,94,02 - GET /restaurants (search),200,OK,Virtual Users [300 threads] 1-46,text,true,,790,436,16,16,http://k8s-forkfind-forkfind-8e65d48af1-1990260306.us-east-1.elb.amazonaws.com/restaurants?q=pizza&limit=12&sort=rating,94,0,0
1777594871585,127,03 - POST /restaurants/10/reviews,201,Created,Virtual Users [300 threads] 1-41,text,true,,569,572,17,17,http://k8s-forkfind-forkfind-8e65d48af1-1990260306.us-east-1.elb.amazonaws.com/restaurants/10/reviews,127,0,0
1777594871620,131,03 - POST /restaurants/10/reviews,201,Created,Virtual Users [300 threads] 1-55,text,true,,569,572,16,16,http://k8s-forkfind-forkfind-8e65d48af1-1990260306.us-east-1.elb.amazonaws.com/restaurants/10/reviews,131,0,0
1777594871620,131,03 - POST /restaurants/10/reviews,201,Created,Virtual Users [300 threads] 1-46,text,true,,569,572,16,16,http://k8s-forkfind-forkfind-8e65d48af1-1990260306.us-east-1.elb.amazonaws.com/restaurants/10/reviews,131,0,0
1777594870446,1380,01 - POST /auth/user/login,200,OK,Virtual Users [300 threads] 1-57,text,true,,406,363,14,14,http://k8s-forkfind-forkfind-8e65d48af1-1990260306.us-east-1.elb.amazonaws.com/auth/user/login,1380,0,71
1777594867652,4232,01 - POST /auth/user/login,200,OK,Virtual Users [300 threads] 1-43,text,true,,406,363,15,15,http://k8s-forkfind-forkfind-8e65d48af1-1990260306.us-east-1.elb.amazonaws.com/auth/user/login,4232,0,71
1777594871827,89,02 - GET /restaurants (search),200,OK,Virtual Users [300 threads] 1-57,text,true,,790,436,15,15,http://k8s-forkfind-forkfind-8e65d48af1-1990260306.us-east-1.elb.amazonaws.com/restaurants?q=pizza&limit=12&sort=rating,89,0,0
1777594871885,78,02 - GET /restaurants (search),200,OK,Virtual Users [300 threads] 1-43,text,true,,790,436,15,15,http://k8s-forkfind-forkfind-8e65d48af1-1990260306.us-east-1.elb.amazonaws.com/restaurants?q=pizza&limit=12&sort=rating,78,0,0
1777594871916,137,03 - POST /restaurants/10/reviews,201,Created,Virtual Users [300 threads] 1-57,text,true,,569,572,16,16,http://k8s-forkfind-forkfind-8e65d48af1-1990260306.us-east-1.elb.amazonaws.com/restaurants/10/reviews,137,0,0
1777594871964,90,03 - POST /restaurants/10/reviews,201,Created,Virtual Users [300 threads] 1-43,text,true,,569,572,16,16,http://k8s-forkfind-forkfind-8e65d48af1-1990260306.us-east-1.elb.amazonaws.com/restaurants/10/reviews,90,0,0
1777594871248,1290,01 - POST /auth/user/login,200,OK,Virtual Users [300 threads] 1-61,text,true,,406,363,16,16,http://k8s-forkfind-forkfind-8e65d48af1-1990260306.us-east-1.elb.amazonaws.com/auth/user/login,1290,0,72
1777594868449,4149,01 - POST /auth/user/login,200,OK,Virtual Users [300 threads] 1-47,text,true,,406,363,16,16,http://k8s-forkfind-forkfind-8e65d48af1-1990260306.us-east-1.elb.amazonaws.com/auth/user/login,4149,0,99
1777594872540,90,02 - GET /restaurants (search),200,OK,Virtual Users [300 threads] 1-61,text,true,,790,436,16,16,http://k8s-forkfind-forkfind-8e65d48af1-1990260306.us-east-1.elb.amazonaws.com/restaurants?q=pizza&limit=12&sort=rating,90,0,0
1777594872599,84,02 - GET /restaurants (search),200,OK,Virtual Users [300 threads] 1-47,text,true,,790,436,17,17,http://k8s-forkfind-forkfind-8e65d48af1-1990260306.us-east-1.elb.amazonaws.com/restaurants?q=pizza&limit=12&sort=rating,84,0,0
1777594872631,125,03 - POST /restaurants/10/reviews,201,Created,Virtual Users [300 threads] 1-61,text,true,,569,572,17,17,http://k8s-forkfind-forkfind-8e65d48af1-1990260306.us-east-1.elb.amazonaws.com/restaurants/10/reviews,125,0,0
1777594872684,84,03 - POST /restaurants/10/reviews,201,Created,Virtual Users [300 threads] 1-47,text,true,,569,572,16,16,http://k8s-forkfind-forkfind-8e65d48af1-1990260306.us-east-1.elb.amazonaws.com/restaurants/10/reviews,84,0,0
1777594869244,3688,01 - POST /auth/user/login,200,OK,Virtual Users [300 threads] 1-51,text,true,,406,363,16,16,http://k8s-forkfind-forkfind-8e65d48af1-1990260306.us-east-1.elb.amazonaws.com/auth/user/login,3688,0,72
1777594872933,115,02 - GET /restaurants (search),200,OK,Virtual Users [300 threads] 1-51,text,true,,790,436,17,17,http://k8s-forkfind-forkfind-8e65d48af1-1990260306.us-east-1.elb.amazonaws.com/restaurants?q=pizza&limit=12&sort=rating,115,0,0
1777594873048,106,03 - POST /restaurants/10/reviews,201,Created,Virtual Users [300 threads] 1-51,text,true,,569,572,17,17,http://k8s-forkfind-forkfind-8e65d48af1-1990260306.us-east-1.elb.amazonaws.com/restaurants/10/reviews,106,0,0
1777594869646,3546,01 - POST /auth/user/login,200,OK,Virtual Users [300 threads] 1-53,text,true,,406,363,16,16,http://k8s-forkfind-forkfind-8e65d48af1-1990260306.us-east-1.elb.amazonaws.com/auth/user/login,3546,0,73
1777594873193,78,02 - GET /restaurants (search),200,OK,Virtual Users [300 threads] 1-53,text,true,,790,436,17,17,http://k8s-forkfind-forkfind-8e65d48af1-1990260306.us-east-1.elb.amazonaws.com/restaurants?q=pizza&limit=12&sort=rating,78,0,0
1777594869449,3873,01 - POST /auth/user/login,200,OK,Virtual Users [300 threads] 1-52,text,true,,406,363,17,17,http://k8s-forkfind-forkfind-8e65d48af1-1990260306.us-east-1.elb.amazonaws.com/auth/user/login,3873,0,71
1777594873272,84,03 - POST /restaurants/10/reviews,201,Created,Virtual Users [300 threads] 1-53,text,true,,569,572,17,17,http://k8s-forkfind-forkfind-8e65d48af1-1990260306.us-east-1.elb.amazonaws.com/restaurants/10/reviews,84,0,0
1777594871846,1582,01 - POST /auth/user/login,200,OK,Virtual Users [300 threads] 1-64,text,true,,406,363,16,16,http://k8s-forkfind-forkfind-8e65d48af1-1990260306.us-east-1.elb.amazonaws.com/auth/user/login,1582,0,71
1777594873323,106,02 - GET /restaurants (search),200,OK,Virtual Users [300 threads] 1-52,text,true,,790,436,16,16,http://k8s-forkfind-forkfind-8e65d48af1-1990260306.us-east-1.elb.amazonaws.com/restaurants?q=pizza&limit=12&sort=rating,106,0,0
1777594873429,99,02 - GET /restaurants (search),200,OK,Virtual Users [300 threads] 1-64,text,true,,790,436,17,17,http://k8s-forkfind-forkfind-8e65d48af1-1990260306.us-east-1.elb.amazonaws.com/restaurants?q=pizza&limit=12&sort=rating,99,0,0
1777594873429,127,03 - POST /restaurants/10/reviews,201,Created,Virtual Users [300 threads] 1-52,text,true,,569,572,17,17,http://k8s-forkfind-forkfind-8e65d48af1-1990260306.us-east-1.elb.amazonaws.com/restaurants/10/reviews,127,0,0
1777594873529,129,03 - POST /restaurants/10/reviews,201,Created,Virtual Users [300 threads] 1-64,text,true,,569,572,17,17,http://k8s-forkfind-forkfind-8e65d48af1-1990260306.us-east-1.elb.amazonaws.com/restaurants/10/reviews,129,0,0
1777594869847,3935,01 - POST /auth/user/login,200,OK,Virtual Users [300 threads] 1-54,text,true,,406,363,16,16,http://k8s-forkfind-forkfind-8e65d48af1-1990260306.us-east-1.elb.amazonaws.com/auth/user/login,3934,0,75
1777594873783,80,02 - GET /restaurants (search),200,OK,Virtual Users [300 threads] 1-54,text,true,,790,436,17,17,http://k8s-forkfind-forkfind-8e65d48af1-1990260306.us-east-1.elb.amazonaws.com/restaurants?q=pizza&limit=12&sort=rating,80,0,0
1777594872448,1478,01 - POST /auth/user/login,200,OK,Virtual Users [300 threads] 1-67,text,true,,406,363,17,17,http://k8s-forkfind-forkfind-8e65d48af1-1990260306.us-east-1.elb.amazonaws.com/auth/user/login,1478,0,74
1777594873864,89,03 - POST /restaurants/10/reviews,201,Created,Virtual Users [300 threads] 1-54,text,true,,569,572,17,17,http://k8s-forkfind-forkfind-8e65d48af1-1990260306.us-east-1.elb.amazonaws.com/restaurants/10/reviews,89,0,0
1777594873927,123,02 - GET /restaurants (search),200,OK,Virtual Users [300 threads] 1-67,text,true,,790,436,17,17,http://k8s-forkfind-forkfind-8e65d48af1-1990260306.us-east-1.elb.amazonaws.com/restaurants?q=pizza&limit=12&sort=rating,123,0,0
1777594874051,100,03 - POST /restaurants/10/reviews,201,Created,Virtual Users [300 threads] 1-67,text,true,,569,572,17,17,http://k8s-forkfind-forkfind-8e65d48af1-1990260306.us-east-1.elb.amazonaws.com/restaurants/10/reviews,100,0,0
1777594870244,4078,01 - POST /auth/user/login,200,OK,Virtual Users [300 threads] 1-56,text,true,,406,363,17,17,http://k8s-forkfind-forkfind-8e65d48af1-1990260306.us-east-1.elb.amazonaws.com/auth/user/login,4078,0,71
1777594871648,2737,01 - POST /auth/user/login,200,OK,Virtual Users [300 threads] 1-63,text,true,,406,363,17,17,http://k8s-forkfind-forkfind-8e65d48af1-1990260306.us-east-1.elb.amazonaws.com/auth/user/login,2736,0,73
1777594874323,93,02 - GET /restaurants (search),200,OK,Virtual Users [300 threads] 1-56,text,true,,790,436,17,17,http://k8s-forkfind-forkfind-8e65d48af1-1990260306.us-east-1.elb.amazonaws.com/restaurants?q=pizza&limit=12&sort=rating,93,0,0
1777594872646,1773,01 - POST /auth/user/login,200,OK,Virtual Users [300 threads] 1-68,text,true,,406,363,17,17,http://k8s-forkfind-forkfind-8e65d48af1-1990260306.us-east-1.elb.amazonaws.com/auth/user/login,1773,0,72
1777594874420,113,02 - GET /restaurants (search),200,OK,Virtual Users [300 threads] 1-68,text,true,,790,436,18,18,http://k8s-forkfind-forkfind-8e65d48af1-1990260306.us-east-1.elb.amazonaws.com/restaurants?q=pizza&limit=12&sort=rating,113,0,0
1777594874386,164,02 - GET /restaurants (search),200,OK,Virtual Users [300 threads] 1-63,text,true,,790,436,18,18,http://k8s-forkfind-forkfind-8e65d48af1-1990260306.us-east-1.elb.amazonaws.com/restaurants?q=pizza&limit=12&sort=rating,164,0,0
1777594874417,135,03 - POST /restaurants/10/reviews,201,Created,Virtual Users [300 threads] 1-56,text,true,,569,572,18,18,http://k8s-forkfind-forkfind-8e65d48af1-1990260306.us-east-1.elb.amazonaws.com/restaurants/10/reviews,135,0,0
1777594874534,128,03 - POST /restaurants/10/reviews,201,Created,Virtual Users [300 threads] 1-68,text,true,,569,572,18,18,http://k8s-forkfind-forkfind-8e65d48af1-1990260306.us-east-1.elb.amazonaws.com/restaurants/10/reviews,128,0,0
1777594874551,111,03 - POST /restaurants/10/reviews,201,Created,Virtual Users [300 threads] 1-63,text,true,,568,572,18,18,http://k8s-forkfind-forkfind-8e65d48af1-1990260306.us-east-1.elb.amazonaws.com/restaurants/10/reviews,111,0,0
1777594871046,4046,01 - POST /auth/user/login,200,OK,Virtual Users [300 threads] 1-60,text,true,,406,363,18,18,http://k8s-forkfind-forkfind-8e65d48af1-1990260306.us-east-1.elb.amazonaws.com/auth/user/login,4046,0,75
1777594873645,1494,01 - POST /auth/user/login,200,OK,Virtual Users [300 threads] 1-73,text,true,,406,363,18,18,http://k8s-forkfind-forkfind-8e65d48af1-1990260306.us-east-1.elb.amazonaws.com/auth/user/login,1494,0,72
1777594871445,3748,01 - POST /auth/user/login,200,OK,Virtual Users [300 threads] 1-62,text,true,,406,363,18,18,http://k8s-forkfind-forkfind-8e65d48af1-1990260306.us-east-1.elb.amazonaws.com/auth/user/login,3748,0,71
1777594875093,141,02 - GET /restaurants (search),200,OK,Virtual Users [300 threads] 1-60,text,true,,790,436,18,18,http://k8s-forkfind-forkfind-8e65d48af1-1990260306.us-east-1.elb.amazonaws.com/restaurants?q=pizza&limit=12&sort=rating,141,0,0
1777594875139,95,02 - GET /restaurants (search),200,OK,Virtual Users [300 threads] 1-73,text,true,,790,436,18,18,http://k8s-forkfind-forkfind-8e65d48af1-1990260306.us-east-1.elb.amazonaws.com/restaurants?q=pizza&limit=12&sort=rating,95,0,0
1777594870644,4661,01 - POST /auth/user/login,200,OK,Virtual Users [300 threads] 1-58,text,true,,406,363,19,19,http://k8s-forkfind-forkfind-8e65d48af1-1990260306.us-east-1.elb.amazonaws.com/auth/user/login,4661,0,70
1777594875193,144,02 - GET /restaurants (search),200,OK,Virtual Users [300 threads] 1-62,text,true,,790,436,19,19,http://k8s-forkfind-forkfind-8e65d48af1-1990260306.us-east-1.elb.amazonaws.com/restaurants?q=pizza&limit=12&sort=rating,144,0,0
1777594875235,126,03 - POST /restaurants/10/reviews,201,Created,Virtual Users [300 threads] 1-73,text,true,,569,572,19,19,http://k8s-forkfind-forkfind-8e65d48af1-1990260306.us-east-1.elb.amazonaws.com/restaurants/10/reviews,125,0,0
1777594875234,127,03 - POST /restaurants/10/reviews,201,Created,Virtual Users [300 threads] 1-60,text,true,,569,572,19,19,http://k8s-forkfind-forkfind-8e65d48af1-1990260306.us-east-1.elb.amazonaws.com/restaurants/10/reviews,127,0,0
1777594875306,129,02 - GET /restaurants (search),200,OK,Virtual Users [300 threads] 1-58,text,true,,790,436,17,17,http://k8s-forkfind-forkfind-8e65d48af1-1990260306.us-east-1.elb.amazonaws.com/restaurants?q=pizza&limit=12&sort=rating,129,0,0
1777594875338,101,03 - POST /restaurants/10/reviews,201,Created,Virtual Users [300 threads] 1-62,text,true,,569,572,17,17,http://k8s-forkfind-forkfind-8e65d48af1-1990260306.us-east-1.elb.amazonaws.com/restaurants/10/reviews,101,0,0
1777594870845,4698,01 - POST /auth/user/login,200,OK,Virtual Users [300 threads] 1-59,text,true,,406,363,17,17,http://k8s-forkfind-forkfind-8e65d48af1-1990260306.us-east-1.elb.amazonaws.com/auth/user/login,4698,0,90
1777594875435,111,03 - POST /restaurants/10/reviews,201,Created,Virtual Users [300 threads] 1-58,text,true,,569,572,17,17,http://k8s-forkfind-forkfind-8e65d48af1-1990260306.us-east-1.elb.amazonaws.com/restaurants/10/reviews,111,0,0
1777594875544,85,02 - GET /restaurants (search),200,OK,Virtual Users [300 threads] 1-59,text,true,,790,436,16,16,http://k8s-forkfind-forkfind-8e65d48af1-1990260306.us-east-1.elb.amazonaws.com/restaurants?q=pizza&limit=12&sort=rating,85,0,0
1777594875630,105,03 - POST /restaurants/10/reviews,201,Created,Virtual Users [300 threads] 1-59,text,true,,569,572,17,17,http://k8s-forkfind-forkfind-8e65d48af1-1990260306.us-east-1.elb.amazonaws.com/restaurants/10/reviews,105,0,0
1777594874245,1687,01 - POST /auth/user/login,200,OK,Virtual Users [300 threads] 1-76,text,true,,406,363,17,17,http://k8s-forkfind-forkfind-8e65d48af1-1990260306.us-east-1.elb.amazonaws.com/auth/user/login,1687,0,76
1777594874044,1940,01 - POST /auth/user/login,200,OK,Virtual Users [300 threads] 1-75,text,true,,406,363,17,17,http://k8s-forkfind-forkfind-8e65d48af1-1990260306.us-east-1.elb.amazonaws.com/auth/user/login,1940,0,73
1777594872047,3987,01 - POST /auth/user/login,200,OK,Virtual Users [300 threads] 1-65,text,true,,406,363,17,17,http://k8s-forkfind-forkfind-8e65d48af1-1990260306.us-east-1.elb.amazonaws.com/auth/user/login,3987,0,72
1777594875933,104,02 - GET /restaurants (search),200,OK,Virtual Users [300 threads] 1-76,text,true,,790,436,17,17,http://k8s-forkfind-forkfind-8e65d48af1-1990260306.us-east-1.elb.amazonaws.com/restaurants?q=pizza&limit=12&sort=rating,104,0,0
1777594875985,92,02 - GET /restaurants (search),200,OK,Virtual Users [300 threads] 1-75,text,true,,790,436,18,18,http://k8s-forkfind-forkfind-8e65d48af1-1990260306.us-east-1.elb.amazonaws.com/restaurants?q=pizza&limit=12&sort=rating,92,0,0
1777594876035,92,02 - GET /restaurants (search),200,OK,Virtual Users [300 threads] 1-65,text,true,,790,436,18,18,http://k8s-forkfind-forkfind-8e65d48af1-1990260306.us-east-1.elb.amazonaws.com/restaurants?q=pizza&limit=12&sort=rating,92,0,0
1777594876038,97,03 - POST /restaurants/10/reviews,201,Created,Virtual Users [300 threads] 1-76,text,true,,569,572,18,18,http://k8s-forkfind-forkfind-8e65d48af1-1990260306.us-east-1.elb.amazonaws.com/restaurants/10/reviews,97,0,0
1777594876078,84,03 - POST /restaurants/10/reviews,201,Created,Virtual Users [300 threads] 1-75,text,true,,569,572,17,17,http://k8s-forkfind-forkfind-8e65d48af1-1990260306.us-east-1.elb.amazonaws.com/restaurants/10/reviews,84,0,0
1777594874445,1782,01 - POST /auth/user/login,200,OK,Virtual Users [300 threads] 1-77,text,true,,406,363,16,16,http://k8s-forkfind-forkfind-8e65d48af1-1990260306.us-east-1.elb.amazonaws.com/auth/user/login,1782,0,71
1777594876128,112,03 - POST /restaurants/10/reviews,201,Created,Virtual Users [300 threads] 1-65,text,true,,568,572,16,16,http://k8s-forkfind-forkfind-8e65d48af1-1990260306.us-east-1.elb.amazonaws.com/restaurants/10/reviews,112,0,0
1777594876228,116,02 - GET /restaurants (search),200,OK,Virtual Users [300 threads] 1-77,text,true,,790,436,16,16,http://k8s-forkfind-forkfind-8e65d48af1-1990260306.us-east-1.elb.amazonaws.com/restaurants?q=pizza&limit=12&sort=rating,116,0,0
1777594876345,90,03 - POST /restaurants/10/reviews,201,Created,Virtual Users [300 threads] 1-77,text,true,,569,572,16,16,http://k8s-forkfind-forkfind-8e65d48af1-1990260306.us-east-1.elb.amazonaws.com/restaurants/10/reviews,90,0,0
1777594872847,4044,01 - POST /auth/user/login,200,OK,Virtual Users [300 threads] 1-69,text,true,,406,363,18,18,http://k8s-forkfind-forkfind-8e65d48af1-1990260306.us-east-1.elb.amazonaws.com/auth/user/login,4044,0,72
1777594876893,80,02 - GET /restaurants (search),200,OK,Virtual Users [300 threads] 1-69,text,true,,790,436,18,18,http://k8s-forkfind-forkfind-8e65d48af1-1990260306.us-east-1.elb.amazonaws.com/restaurants?q=pizza&limit=12&sort=rating,80,0,0
1777594876974,85,03 - POST /restaurants/10/reviews,201,Created,Virtual Users [300 threads] 1-69,text,true,,568,572,19,19,http://k8s-forkfind-forkfind-8e65d48af1-1990260306.us-east-1.elb.amazonaws.com/restaurants/10/reviews,85,0,0
1777594872247,4837,01 - POST /auth/user/login,200,OK,Virtual Users [300 threads] 1-66,text,true,,406,363,18,18,http://k8s-forkfind-forkfind-8e65d48af1-1990260306.us-east-1.elb.amazonaws.com/auth/user/login,4837,0,73
1777594873244,3842,01 - POST /auth/user/login,200,OK,Virtual Users [300 threads] 1-71,text,true,,406,363,18,18,http://k8s-forkfind-forkfind-8e65d48af1-1990260306.us-east-1.elb.amazonaws.com/auth/user/login,3842,0,71
1777594875442,1670,01 - POST /auth/user/login,200,OK,Virtual Users [300 threads] 1-82,text,true,,406,363,18,18,http://k8s-forkfind-forkfind-8e65d48af1-1990260306.us-east-1.elb.amazonaws.com/auth/user/login,1670,0,72
1777594877087,80,02 - GET /restaurants (search),200,OK,Virtual Users [300 threads] 1-71,text,true,,790,436,18,18,http://k8s-forkfind-forkfind-8e65d48af1-1990260306.us-east-1.elb.amazonaws.com/restaurants?q=pizza&limit=12&sort=rating,80,0,0
1777594877086,81,02 - GET /restaurants (search),200,OK,Virtual Users [300 threads] 1-66,text,true,,790,436,18,18,http://k8s-forkfind-forkfind-8e65d48af1-1990260306.us-east-1.elb.amazonaws.com/restaurants?q=pizza&limit=12&sort=rating,81,0,0
1777594877113,116,02 - GET /restaurants (search),200,OK,Virtual Users [300 threads] 1-82,text,true,,790,436,18,18,http://k8s-forkfind-forkfind-8e65d48af1-1990260306.us-east-1.elb.amazonaws.com/restaurants?q=pizza&limit=12&sort=rating,116,0,0
1777594877168,88,03 - POST /restaurants/10/reviews,201,Created,Virtual Users [300 threads] 1-66,text,true,,568,572,19,19,http://k8s-forkfind-forkfind-8e65d48af1-1990260306.us-east-1.elb.amazonaws.com/restaurants/10/reviews,88,0,0
1777594877168,88,03 - POST /restaurants/10/reviews,201,Created,Virtual Users [300 threads] 1-71,text,true,,568,572,19,19,http://k8s-forkfind-forkfind-8e65d48af1-1990260306.us-east-1.elb.amazonaws.com/restaurants/10/reviews,88,0,0
1777594877229,93,03 - POST /restaurants/10/reviews,201,Created,Virtual Users [300 threads] 1-82,text,true,,569,572,17,17,http://k8s-forkfind-forkfind-8e65d48af1-1990260306.us-east-1.elb.amazonaws.com/restaurants/10/reviews,93,0,0
1777594873047,4367,01 - POST /auth/user/login,200,OK,Virtual Users [300 threads] 1-70,text,true,,406,363,16,16,http://k8s-forkfind-forkfind-8e65d48af1-1990260306.us-east-1.elb.amazonaws.com/auth/user/login,4366,0,72
1777594877415,86,02 - GET /restaurants (search),200,OK,Virtual Users [300 threads] 1-70,text,true,,790,436,17,17,http://k8s-forkfind-forkfind-8e65d48af1-1990260306.us-east-1.elb.amazonaws.com/restaurants?q=pizza&limit=12&sort=rating,86,0,0
1777594877501,106,03 - POST /restaurants/10/reviews,201,Created,Virtual Users [300 threads] 1-70,text,true,,569,572,17,17,http://k8s-forkfind-forkfind-8e65d48af1-1990260306.us-east-1.elb.amazonaws.com/restaurants/10/reviews,106,0,0
1777594875843,1975,01 - POST /auth/user/login,200,OK,Virtual Users [300 threads] 1-84,text,true,,406,363,17,17,http://k8s-forkfind-forkfind-8e65d48af1-1990260306.us-east-1.elb.amazonaws.com/auth/user/login,1975,0,72
1777594877820,92,02 - GET /restaurants (search),200,OK,Virtual Users [300 threads] 1-84,text,true,,790,436,18,18,http://k8s-forkfind-forkfind-8e65d48af1-1990260306.us-east-1.elb.amazonaws.com/restaurants?q=pizza&limit=12&sort=rating,92,0,0
1777594877913,109,03 - POST /restaurants/10/reviews,201,Created,Virtual Users [300 threads] 1-84,text,true,,569,572,18,18,http://k8s-forkfind-forkfind-8e65d48af1-1990260306.us-east-1.elb.amazonaws.com/restaurants/10/reviews,109,0,0
1777594873443,4853,01 - POST /auth/user/login,200,OK,Virtual Users [300 threads] 1-72,text,true,,406,363,19,19,http://k8s-forkfind-forkfind-8e65d48af1-1990260306.us-east-1.elb.amazonaws.com/auth/user/login,4853,0,73
1777594873846,4476,01 - POST /auth/user/login,200,OK,Virtual Users [300 threads] 1-74,text,true,,406,363,19,19,http://k8s-forkfind-forkfind-8e65d48af1-1990260306.us-east-1.elb.amazonaws.com/auth/user/login,4476,0,72
1777594878298,86,02 - GET /restaurants (search),200,OK,Virtual Users [300 threads] 1-72,text,true,,790,436,19,19,http://k8s-forkfind-forkfind-8e65d48af1-1990260306.us-east-1.elb.amazonaws.com/restaurants?q=pizza&limit=12&sort=rating,86,0,0
1777594878323,106,02 - GET /restaurants (search),200,OK,Virtual Users [300 threads] 1-74,text,true,,790,436,19,19,http://k8s-forkfind-forkfind-8e65d48af1-1990260306.us-east-1.elb.amazonaws.com/restaurants?q=pizza&limit=12&sort=rating,106,0,0
1777594878385,128,03 - POST /restaurants/10/reviews,201,Created,Virtual Users [300 threads] 1-72,text,true,,569,572,20,20,http://k8s-forkfind-forkfind-8e65d48af1-1990260306.us-east-1.elb.amazonaws.com/restaurants/10/reviews,128,0,0
1777594874642,3877,01 - POST /auth/user/login,200,OK,Virtual Users [300 threads] 1-78,text,true,,406,363,19,19,http://k8s-forkfind-forkfind-8e65d48af1-1990260306.us-east-1.elb.amazonaws.com/auth/user/login,3877,0,72
1777594878430,93,03 - POST /restaurants/10/reviews,201,Created,Virtual Users [300 threads] 1-74,text,true,,569,572,19,19,http://k8s-forkfind-forkfind-8e65d48af1-1990260306.us-east-1.elb.amazonaws.com/restaurants/10/reviews,93,0,0
1777594877043,1480,01 - POST /auth/user/login,200,OK,Virtual Users [300 threads] 1-90,text,true,,406,363,19,19,http://k8s-forkfind-forkfind-8e65d48af1-1990260306.us-east-1.elb.amazonaws.com/auth/user/login,1480,0,71
1777594878524,89,02 - GET /restaurants (search),200,OK,Virtual Users [300 threads] 1-90,text,true,,790,436,18,18,http://k8s-forkfind-forkfind-8e65d48af1-1990260306.us-east-1.elb.amazonaws.com/restaurants?q=pizza&limit=12&sort=rating,89,0,0
1777594878521,92,02 - GET /restaurants (search),200,OK,Virtual Users [300 threads] 1-78,text,true,,790,436,18,18,http://k8s-forkfind-forkfind-8e65d48af1-1990260306.us-east-1.elb.amazonaws.com/restaurants?q=pizza&limit=12&sort=rating,92,0,0
1777594878615,149,03 - POST /restaurants/10/reviews,201,Created,Virtual Users [300 threads] 1-78,text,true,,569,572,19,19,http://k8s-forkfind-forkfind-8e65d48af1-1990260306.us-east-1.elb.amazonaws.com/restaurants/10/reviews,148,0,0
1777594878615,149,03 - POST /restaurants/10/reviews,201,Created,Virtual Users [300 threads] 1-90,text,true,,569,572,19,19,http://k8s-forkfind-forkfind-8e65d48af1-1990260306.us-east-1.elb.amazonaws.com/restaurants/10/reviews,148,0,0
1777594876243,2776,01 - POST /auth/user/login,200,OK,Virtual Users [300 threads] 1-86,text,true,,406,363,18,18,http://k8s-forkfind-forkfind-8e65d48af1-1990260306.us-east-1.elb.amazonaws.com/auth/user/login,2776,0,73
1777594879021,92,02 - GET /restaurants (search),200,OK,Virtual Users [300 threads] 1-86,text,true,,790,436,19,19,http://k8s-forkfind-forkfind-8e65d48af1-1990260306.us-east-1.elb.amazonaws.com/restaurants?q=pizza&limit=12&sort=rating,92,0,0
1777594876643,2476,01 - POST /auth/user/login,200,OK,Virtual Users [300 threads] 1-88,text,true,,406,363,19,19,http://k8s-forkfind-forkfind-8e65d48af1-1990260306.us-east-1.elb.amazonaws.com/auth/user/login,2476,0,71
1777594879121,96,02 - GET /restaurants (search),200,OK,Virtual Users [300 threads] 1-88,text,true,,790,436,19,19,http://k8s-forkfind-forkfind-8e65d48af1-1990260306.us-east-1.elb.amazonaws.com/restaurants?q=pizza&limit=12&sort=rating,96,0,0
1777594879114,139,03 - POST /restaurants/10/reviews,201,Created,Virtual Users [300 threads] 1-86,text,true,,569,572,20,20,http://k8s-forkfind-forkfind-8e65d48af1-1990260306.us-east-1.elb.amazonaws.com/restaurants/10/reviews,139,0,0
1777594879218,137,03 - POST /restaurants/10/reviews,201,Created,Virtual Users [300 threads] 1-88,text,true,,569,572,19,19,http://k8s-forkfind-forkfind-8e65d48af1-1990260306.us-east-1.elb.amazonaws.com/restaurants/10/reviews,137,0,0
1777594874845,4764,01 - POST /auth/user/login,200,OK,Virtual Users [300 threads] 1-79,text,true,,406,363,19,19,http://k8s-forkfind-forkfind-8e65d48af1-1990260306.us-east-1.elb.amazonaws.com/auth/user/login,4764,0,72
1777594879610,85,02 - GET /restaurants (search),200,OK,Virtual Users [300 threads] 1-79,text,true,,790,436,20,20,http://k8s-forkfind-forkfind-8e65d48af1-1990260306.us-east-1.elb.amazonaws.com/restaurants?q=pizza&limit=12&sort=rating,84,0,0
1777594877643,2085,01 - POST /auth/user/login,200,OK,Virtual Users [300 threads] 1-93,text,true,,406,363,20,20,http://k8s-forkfind-forkfind-8e65d48af1-1990260306.us-east-1.elb.amazonaws.com/auth/user/login,2085,0,79
1777594875042,4760,01 - POST /auth/user/login,200,OK,Virtual Users [300 threads] 1-80,text,true,,406,363,20,20,http://k8s-forkfind-forkfind-8e65d48af1-1990260306.us-east-1.elb.amazonaws.com/auth/user/login,4760,0,73
1777594876438,3366,01 - POST /auth/user/login,200,OK,Virtual Users [300 threads] 1-87,text,true,,406,363,20,20,http://k8s-forkfind-forkfind-8e65d48af1-1990260306.us-east-1.elb.amazonaws.com/auth/user/login,3366,0,71
1777594879729,94,02 - GET /restaurants (search),200,OK,Virtual Users [300 threads] 1-93,text,true,,790,436,20,20,http://k8s-forkfind-forkfind-8e65d48af1-1990260306.us-east-1.elb.amazonaws.com/restaurants?q=pizza&limit=12&sort=rating,94,0,0
1777594879695,157,03 - POST /restaurants/10/reviews,201,Created,Virtual Users [300 threads] 1-79,text,true,,569,572,21,21,http://k8s-forkfind-forkfind-8e65d48af1-1990260306.us-east-1.elb.amazonaws.com/restaurants/10/reviews,157,0,0
1777594879804,96,02 - GET /restaurants (search),200,OK,Virtual Users [300 threads] 1-80,text,true,,790,436,20,20,http://k8s-forkfind-forkfind-8e65d48af1-1990260306.us-east-1.elb.amazonaws.com/restaurants?q=pizza&limit=12&sort=rating,96,0,0
1777594879804,97,02 - GET /restaurants (search),200,OK,Virtual Users [300 threads] 1-87,text,true,,790,436,20,20,http://k8s-forkfind-forkfind-8e65d48af1-1990260306.us-east-1.elb.amazonaws.com/restaurants?q=pizza&limit=12&sort=rating,97,0,0
1777594879824,131,03 - POST /restaurants/10/reviews,201,Created,Virtual Users [300 threads] 1-93,text,true,,569,572,20,20,http://k8s-forkfind-forkfind-8e65d48af1-1990260306.us-east-1.elb.amazonaws.com/restaurants/10/reviews,131,0,0
1777594875243,4734,01 - POST /auth/user/login,200,OK,Virtual Users [300 threads] 1-81,text,true,,406,363,19,19,http://k8s-forkfind-forkfind-8e65d48af1-1990260306.us-east-1.elb.amazonaws.com/auth/user/login,4734,0,73
1777594879901,109,03 - POST /restaurants/10/reviews,201,Created,Virtual Users [300 threads] 1-87,text,true,,569,572,19,19,http://k8s-forkfind-forkfind-8e65d48af1-1990260306.us-east-1.elb.amazonaws.com/restaurants/10/reviews,109,0,0
1777594879901,109,03 - POST /restaurants/10/reviews,201,Created,Virtual Users [300 threads] 1-80,text,true,,569,572,19,19,http://k8s-forkfind-forkfind-8e65d48af1-1990260306.us-east-1.elb.amazonaws.com/restaurants/10/reviews,109,0,0
1777594879978,81,02 - GET /restaurants (search),200,OK,Virtual Users [300 threads] 1-81,text,true,,790,436,18,18,http://k8s-forkfind-forkfind-8e65d48af1-1990260306.us-east-1.elb.amazonaws.com/restaurants?q=pizza&limit=12&sort=rating,81,0,0
1777594880059,96,03 - POST /restaurants/10/reviews,201,Created,Virtual Users [300 threads] 1-81,text,true,,569,572,18,18,http://k8s-forkfind-forkfind-8e65d48af1-1990260306.us-east-1.elb.amazonaws.com/restaurants/10/reviews,96,0,0
1777594876044,4333,01 - POST /auth/user/login,200,OK,Virtual Users [300 threads] 1-85,text,true,,406,363,18,18,http://k8s-forkfind-forkfind-8e65d48af1-1990260306.us-east-1.elb.amazonaws.com/auth/user/login,4333,0,71
1777594878241,2178,01 - POST /auth/user/login,200,OK,Virtual Users [300 threads] 1-96,text,true,,406,363,18,18,http://k8s-forkfind-forkfind-8e65d48af1-1990260306.us-east-1.elb.amazonaws.com/auth/user/login,2178,0,70
1777594880379,79,02 - GET /restaurants (search),200,OK,Virtual Users [300 threads] 1-85,text,true,,790,436,19,19,http://k8s-forkfind-forkfind-8e65d48af1-1990260306.us-east-1.elb.amazonaws.com/restaurants?q=pizza&limit=12&sort=rating,79,0,0
1777594875640,4865,01 - POST /auth/user/login,200,OK,Virtual Users [300 threads] 1-83,text,true,,406,363,19,19,http://k8s-forkfind-forkfind-8e65d48af1-1990260306.us-east-1.elb.amazonaws.com/auth/user/login,4865,0,71
1777594880421,95,02 - GET /restaurants (search),200,OK,Virtual Users [300 threads] 1-96,text,true,,790,436,19,19,http://k8s-forkfind-forkfind-8e65d48af1-1990260306.us-east-1.elb.amazonaws.com/restaurants?q=pizza&limit=12&sort=rating,95,0,0
1777594880459,96,03 - POST /restaurants/10/reviews,201,Created,Virtual Users [300 threads] 1-85,text,true,,569,572,19,19,http://k8s-forkfind-forkfind-8e65d48af1-1990260306.us-east-1.elb.amazonaws.com/restaurants/10/reviews,96,0,0
1777594880506,81,02 - GET /restaurants (search),200,OK,Virtual Users [300 threads] 1-83,text,true,,790,436,18,18,http://k8s-forkfind-forkfind-8e65d48af1-1990260306.us-east-1.elb.amazonaws.com/restaurants?q=pizza&limit=12&sort=rating,81,0,0
1777594880517,137,03 - POST /restaurants/10/reviews,201,Created,Virtual Users [300 threads] 1-96,text,true,,569,572,19,19,http://k8s-forkfind-forkfind-8e65d48af1-1990260306.us-east-1.elb.amazonaws.com/restaurants/10/reviews,137,0,0
1777594880587,135,03 - POST /restaurants/10/reviews,201,Created,Virtual Users [300 threads] 1-83,text,true,,569,572,18,18,http://k8s-forkfind-forkfind-8e65d48af1-1990260306.us-east-1.elb.amazonaws.com/restaurants/10/reviews,135,0,0
1777594878840,1892,01 - POST /auth/user/login,200,OK,Virtual Users [300 threads] 1-99,text,true,,406,363,17,17,http://k8s-forkfind-forkfind-8e65d48af1-1990260306.us-east-1.elb.amazonaws.com/auth/user/login,1892,0,71
1777594880733,81,02 - GET /restaurants (search),200,OK,Virtual Users [300 threads] 1-99,text,true,,790,436,17,17,http://k8s-forkfind-forkfind-8e65d48af1-1990260306.us-east-1.elb.amazonaws.com/restaurants?q=pizza&limit=12&sort=rating,81,0,0
1777594880815,136,03 - POST /restaurants/10/reviews,201,Created,Virtual Users [300 threads] 1-99,text,true,,569,572,18,18,http://k8s-forkfind-forkfind-8e65d48af1-1990260306.us-east-1.elb.amazonaws.com/restaurants/10/reviews,136,0,0
1777594876837,4781,01 - POST /auth/user/login,200,OK,Virtual Users [300 threads] 1-89,text,true,,406,363,20,20,http://k8s-forkfind-forkfind-8e65d48af1-1990260306.us-east-1.elb.amazonaws.com/auth/user/login,4781,0,73
1777594881620,91,02 - GET /restaurants (search),200,OK,Virtual Users [300 threads] 1-89,text,true,,790,436,21,21,http://k8s-forkfind-forkfind-8e65d48af1-1990260306.us-east-1.elb.amazonaws.com/restaurants?q=pizza&limit=12&sort=rating,91,0,0
1777594881712,101,03 - POST /restaurants/10/reviews,201,Created,Virtual Users [300 threads] 1-89,text,true,,569,572,21,21,http://k8s-forkfind-forkfind-8e65d48af1-1990260306.us-east-1.elb.amazonaws.com/restaurants/10/reviews,101,0,0
1777594879640,2173,01 - POST /auth/user/login,200,OK,Virtual Users [300 threads] 1-103,text,true,,406,363,21,21,http://k8s-forkfind-forkfind-8e65d48af1-1990260306.us-east-1.elb.amazonaws.com/auth/user/login,2173,0,74
1777594879440,2378,01 - POST /auth/user/login,200,OK,Virtual Users [300 threads] 1-102,text,true,,406,363,20,20,http://k8s-forkfind-forkfind-8e65d48af1-1990260306.us-east-1.elb.amazonaws.com/auth/user/login,2378,0,72
1777594881814,86,02 - GET /restaurants (search),200,OK,Virtual Users [300 threads] 1-103,text,true,,790,436,21,21,http://k8s-forkfind-forkfind-8e65d48af1-1990260306.us-east-1.elb.amazonaws.com/restaurants?q=pizza&limit=12&sort=rating,86,0,0
1777594881822,91,02 - GET /restaurants (search),200,OK,Virtual Users [300 threads] 1-102,text,true,,790,436,21,21,http://k8s-forkfind-forkfind-8e65d48af1-1990260306.us-east-1.elb.amazonaws.com/restaurants?q=pizza&limit=12&sort=rating,91,0,0
1777594877242,4735,01 - POST /auth/user/login,200,OK,Virtual Users [300 threads] 1-91,text,true,,406,363,21,21,http://k8s-forkfind-forkfind-8e65d48af1-1990260306.us-east-1.elb.amazonaws.com/auth/user/login,4735,0,72
1777594881913,142,03 - POST /restaurants/10/reviews,201,Created,Virtual Users [300 threads] 1-102,text,true,,570,573,22,22,http://k8s-forkfind-forkfind-8e65d48af1-1990260306.us-east-1.elb.amazonaws.com/restaurants/10/reviews,142,0,0
1777594881901,154,03 - POST /restaurants/10/reviews,201,Created,Virtual Users [300 threads] 1-103,text,true,,570,573,22,22,http://k8s-forkfind-forkfind-8e65d48af1-1990260306.us-east-1.elb.amazonaws.com/restaurants/10/reviews,154,0,0
1777594881979,79,02 - GET /restaurants (search),200,OK,Virtual Users [300 threads] 1-91,text,true,,790,436,20,20,http://k8s-forkfind-forkfind-8e65d48af1-1990260306.us-east-1.elb.amazonaws.com/restaurants?q=pizza&limit=12&sort=rating,79,0,0
1777594878441,3684,01 - POST /auth/user/login,200,OK,Virtual Users [300 threads] 1-97,text,true,,406,363,20,20,http://k8s-forkfind-forkfind-8e65d48af1-1990260306.us-east-1.elb.amazonaws.com/auth/user/login,3684,0,72
1777594882059,93,03 - POST /restaurants/10/reviews,201,Created,Virtual Users [300 threads] 1-91,text,true,,569,572,20,20,http://k8s-forkfind-forkfind-8e65d48af1-1990260306.us-east-1.elb.amazonaws.com/restaurants/10/reviews,93,0,0
1777594882126,98,02 - GET /restaurants (search),200,OK,Virtual Users [300 threads] 1-97,text,true,,790,436,19,19,http://k8s-forkfind-forkfind-8e65d48af1-1990260306.us-east-1.elb.amazonaws.com/restaurants?q=pizza&limit=12&sort=rating,98,0,0
1777594882224,129,03 - POST /restaurants/10/reviews,201,Created,Virtual Users [300 threads] 1-97,text,true,,569,572,20,20,http://k8s-forkfind-forkfind-8e65d48af1-1990260306.us-east-1.elb.amazonaws.com/restaurants/10/reviews,129,0,0
1777594880439,1984,01 - POST /auth/user/login,200,OK,Virtual Users [300 threads] 1-107,text,true,,406,363,19,19,http://k8s-forkfind-forkfind-8e65d48af1-1990260306.us-east-1.elb.amazonaws.com/auth/user/login,1984,0,70
1777594882424,91,02 - GET /restaurants (search),200,OK,Virtual Users [300 threads] 1-107,text,true,,790,436,20,20,http://k8s-forkfind-forkfind-8e65d48af1-1990260306.us-east-1.elb.amazonaws.com/restaurants?q=pizza&limit=12&sort=rating,91,0,0
1777594877442,5085,01 - POST /auth/user/login,200,OK,Virtual Users [300 threads] 1-92,text,true,,406,363,20,20,http://k8s-forkfind-forkfind-8e65d48af1-1990260306.us-east-1.elb.amazonaws.com/auth/user/login,5085,0,71
1777594879038,3489,01 - POST /auth/user/login,200,OK,Virtual Users [300 threads] 1-100,text,true,,406,363,20,20,http://k8s-forkfind-forkfind-8e65d48af1-1990260306.us-east-1.elb.amazonaws.com/auth/user/login,3489,0,72
1777594882528,94,02 - GET /restaurants (search),200,OK,Virtual Users [300 threads] 1-100,text,true,,790,436,20,20,http://k8s-forkfind-forkfind-8e65d48af1-1990260306.us-east-1.elb.amazonaws.com/restaurants?q=pizza&limit=12&sort=rating,94,0,0
1777594882528,94,02 - GET /restaurants (search),200,OK,Virtual Users [300 threads] 1-92,text,true,,790,436,20,20,http://k8s-forkfind-forkfind-8e65d48af1-1990260306.us-east-1.elb.amazonaws.com/restaurants?q=pizza&limit=12&sort=rating,94,0,0
1777594880237,2389,01 - POST /auth/user/login,200,OK,Virtual Users [300 threads] 1-106,text,true,,406,363,20,20,http://k8s-forkfind-forkfind-8e65d48af1-1990260306.us-east-1.elb.amazonaws.com/auth/user/login,2389,0,72
1777594882516,137,03 - POST /restaurants/10/reviews,201,Created,Virtual Users [300 threads] 1-107,text,true,,570,573,21,21,http://k8s-forkfind-forkfind-8e65d48af1-1990260306.us-east-1.elb.amazonaws.com/restaurants/10/reviews,137,0,0
1777594880832,1859,01 - POST /auth/user/login,200,OK,Virtual Users [300 threads] 1-109,text,true,,406,363,20,20,http://k8s-forkfind-forkfind-8e65d48af1-1990260306.us-east-1.elb.amazonaws.com/auth/user/login,1859,0,71
1777594882627,105,02 - GET /restaurants (search),200,OK,Virtual Users [300 threads] 1-106,text,true,,790,436,20,20,http://k8s-forkfind-forkfind-8e65d48af1-1990260306.us-east-1.elb.amazonaws.com/restaurants?q=pizza&limit=12&sort=rating,105,0,0
1777594882622,130,03 - POST /restaurants/10/reviews,201,Created,Virtual Users [300 threads] 1-92,text,true,,569,572,20,20,http://k8s-forkfind-forkfind-8e65d48af1-1990260306.us-east-1.elb.amazonaws.com/restaurants/10/reviews,129,0,0
1777594882622,130,03 - POST /restaurants/10/reviews,201,Created,Virtual Users [300 threads] 1-100,text,true,,570,573,20,20,http://k8s-forkfind-forkfind-8e65d48af1-1990260306.us-east-1.elb.amazonaws.com/restaurants/10/reviews,129,0,0
1777594882692,76,02 - GET /restaurants (search),200,OK,Virtual Users [300 threads] 1-109,text,true,,790,436,18,18,http://k8s-forkfind-forkfind-8e65d48af1-1990260306.us-east-1.elb.amazonaws.com/restaurants?q=pizza&limit=12&sort=rating,76,0,0
1777594882733,126,03 - POST /restaurants/10/reviews,201,Created,Virtual Users [300 threads] 1-106,text,true,,570,573,19,19,http://k8s-forkfind-forkfind-8e65d48af1-1990260306.us-east-1.elb.amazonaws.com/restaurants/10/reviews,125,0,0
1777594882769,90,03 - POST /restaurants/10/reviews,201,Created,Virtual Users [300 threads] 1-109,text,true,,570,573,19,19,http://k8s-forkfind-forkfind-8e65d48af1-1990260306.us-east-1.elb.amazonaws.com/restaurants/10/reviews,89,0,0
1777594878039,4936,01 - POST /auth/user/login,200,OK,Virtual Users [300 threads] 1-95,text,true,,406,363,17,17,http://k8s-forkfind-forkfind-8e65d48af1-1990260306.us-east-1.elb.amazonaws.com/auth/user/login,4936,0,73
1777594877843,5153,01 - POST /auth/user/login,200,OK,Virtual Users [300 threads] 1-94,text,true,,406,363,17,17,http://k8s-forkfind-forkfind-8e65d48af1-1990260306.us-east-1.elb.amazonaws.com/auth/user/login,5153,0,71
1777594882976,78,02 - GET /restaurants (search),200,OK,Virtual Users [300 threads] 1-95,text,true,,790,436,18,18,http://k8s-forkfind-forkfind-8e65d48af1-1990260306.us-east-1.elb.amazonaws.com/restaurants?q=pizza&limit=12&sort=rating,78,0,0
1777594882997,84,02 - GET /restaurants (search),200,OK,Virtual Users [300 threads] 1-94,text,true,,790,436,18,18,http://k8s-forkfind-forkfind-8e65d48af1-1990260306.us-east-1.elb.amazonaws.com/restaurants?q=pizza&limit=12&sort=rating,84,0,0
1777594883054,100,03 - POST /restaurants/10/reviews,201,Created,Virtual Users [300 threads] 1-95,text,true,,569,572,18,18,http://k8s-forkfind-forkfind-8e65d48af1-1990260306.us-east-1.elb.amazonaws.com/restaurants/10/reviews,100,0,0
1777594883081,85,03 - POST /restaurants/10/reviews,201,Created,Virtual Users [300 threads] 1-94,text,true,,570,572,17,17,http://k8s-forkfind-forkfind-8e65d48af1-1990260306.us-east-1.elb.amazonaws.com/restaurants/10/reviews,85,0,0
1777594882033,1797,01 - POST /auth/user/login,200,OK,Virtual Users [300 threads] 1-115,text,true,,406,363,20,20,http://k8s-forkfind-forkfind-8e65d48af1-1990260306.us-east-1.elb.amazonaws.com/auth/user/login,1797,0,72
1777594883830,108,02 - GET /restaurants (search),200,OK,Virtual Users [300 threads] 1-115,text,true,,790,436,20,20,http://k8s-forkfind-forkfind-8e65d48af1-1990260306.us-east-1.elb.amazonaws.com/restaurants?q=pizza&limit=12&sort=rating,108,0,0
1777594883938,116,03 - POST /restaurants/10/reviews,201,Created,Virtual Users [300 threads] 1-115,text,true,,571,573,21,21,http://k8s-forkfind-forkfind-8e65d48af1-1990260306.us-east-1.elb.amazonaws.com/restaurants/10/reviews,116,0,0
1777594879239,4957,01 - POST /auth/user/login,200,OK,Virtual Users [300 threads] 1-101,text,true,,406,363,20,20,http://k8s-forkfind-forkfind-8e65d48af1-1990260306.us-east-1.elb.amazonaws.com/auth/user/login,4957,0,73
1777594884200,125,02 - GET /restaurants (search),200,OK,Virtual Users [300 threads] 1-101,text,true,,790,436,21,21,http://k8s-forkfind-forkfind-8e65d48af1-1990260306.us-east-1.elb.amazonaws.com/restaurants?q=pizza&limit=12&sort=rating,125,0,0
1777594878641,5750,01 - POST /auth/user/login,200,OK,Virtual Users [300 threads] 1-98,text,true,,406,363,21,21,http://k8s-forkfind-forkfind-8e65d48af1-1990260306.us-east-1.elb.amazonaws.com/auth/user/login,5750,0,71
1777594884325,152,03 - POST /restaurants/10/reviews,201,Created,Virtual Users [300 threads] 1-101,text,true,,571,573,22,22,http://k8s-forkfind-forkfind-8e65d48af1-1990260306.us-east-1.elb.amazonaws.com/restaurants/10/reviews,152,0,0
1777594884392,124,02 - GET /restaurants (search),200,OK,Virtual Users [300 threads] 1-98,text,true,,790,436,21,21,http://k8s-forkfind-forkfind-8e65d48af1-1990260306.us-east-1.elb.amazonaws.com/restaurants?q=pizza&limit=12&sort=rating,124,0,0
1777594881433,3095,01 - POST /auth/user/login,200,OK,Virtual Users [300 threads] 1-112,text,true,,406,363,21,21,http://k8s-forkfind-forkfind-8e65d48af1-1990260306.us-east-1.elb.amazonaws.com/auth/user/login,3095,0,72
1777594884529,105,02 - GET /restaurants (search),200,OK,Virtual Users [300 threads] 1-112,text,true,,790,436,22,22,http://k8s-forkfind-forkfind-8e65d48af1-1990260306.us-east-1.elb.amazonaws.com/restaurants?q=pizza&limit=12&sort=rating,105,0,0
1777594884517,142,03 - POST /restaurants/10/reviews,201,Created,Virtual Users [300 threads] 1-98,text,true,,570,572,22,22,http://k8s-forkfind-forkfind-8e65d48af1-1990260306.us-east-1.elb.amazonaws.com/restaurants/10/reviews,142,0,0
1777594883030,1693,01 - POST /auth/user/login,200,OK,Virtual Users [300 threads] 1-120,text,true,,406,363,21,21,http://k8s-forkfind-forkfind-8e65d48af1-1990260306.us-east-1.elb.amazonaws.com/auth/user/login,1693,0,72
1777594884634,121,03 - POST /restaurants/10/reviews,201,Created,Virtual Users [300 threads] 1-112,text,true,,571,573,21,21,http://k8s-forkfind-forkfind-8e65d48af1-1990260306.us-east-1.elb.amazonaws.com/restaurants/10/reviews,121,0,0
1777594882431,2395,01 - POST /auth/user/login,200,OK,Virtual Users [300 threads] 1-117,text,true,,406,363,20,20,http://k8s-forkfind-forkfind-8e65d48af1-1990260306.us-east-1.elb.amazonaws.com/auth/user/login,2395,0,71
1777594884724,105,02 - GET /restaurants (search),200,OK,Virtual Users [300 threads] 1-120,text,true,,790,436,21,21,http://k8s-forkfind-forkfind-8e65d48af1-1990260306.us-east-1.elb.amazonaws.com/restaurants?q=pizza&limit=12&sort=rating,105,0,0
1777594884827,179,02 - GET /restaurants (search),200,OK,Virtual Users [300 threads] 1-117,text,true,,790,436,21,21,http://k8s-forkfind-forkfind-8e65d48af1-1990260306.us-east-1.elb.amazonaws.com/restaurants?q=pizza&limit=12&sort=rating,179,0,0
1777594884830,176,03 - POST /restaurants/10/reviews,201,Created,Virtual Users [300 threads] 1-120,text,true,,571,573,21,21,http://k8s-forkfind-forkfind-8e65d48af1-1990260306.us-east-1.elb.amazonaws.com/restaurants/10/reviews,176,0,0
1777594881632,3374,01 - POST /auth/user/login,200,OK,Virtual Users [300 threads] 1-113,text,true,,406,363,21,21,http://k8s-forkfind-forkfind-8e65d48af1-1990260306.us-east-1.elb.amazonaws.com/auth/user/login,3374,0,72
1777594881231,3864,01 - POST /auth/user/login,200,OK,Virtual Users [300 threads] 1-111,text,true,,406,363,21,21,http://k8s-forkfind-forkfind-8e65d48af1-1990260306.us-east-1.elb.amazonaws.com/auth/user/login,3864,0,71
1777594885007,110,02 - GET /restaurants (search),200,OK,Virtual Users [300 threads] 1-113,text,true,,790,436,21,21,http://k8s-forkfind-forkfind-8e65d48af1-1990260306.us-east-1.elb.amazonaws.com/restaurants?q=pizza&limit=12&sort=rating,110,0,0
1777594885007,150,03 - POST /restaurants/10/reviews,201,Created,Virtual Users [300 threads] 1-117,text,true,,571,573,21,21,http://k8s-forkfind-forkfind-8e65d48af1-1990260306.us-east-1.elb.amazonaws.com/restaurants/10/reviews,150,0,0
1777594879837,5367,01 - POST /auth/user/login,200,OK,Virtual Users [300 threads] 1-104,text,true,,406,363,20,20,http://k8s-forkfind-forkfind-8e65d48af1-1990260306.us-east-1.elb.amazonaws.com/auth/user/login,5367,0,71
1777594885096,132,02 - GET /restaurants (search),200,OK,Virtual Users [300 threads] 1-111,text,true,,790,436,20,20,http://k8s-forkfind-forkfind-8e65d48af1-1990260306.us-east-1.elb.amazonaws.com/restaurants?q=pizza&limit=12&sort=rating,132,0,0
1777594885118,136,03 - POST /restaurants/10/reviews,201,Created,Virtual Users [300 threads] 1-113,text,true,,571,573,21,21,http://k8s-forkfind-forkfind-8e65d48af1-1990260306.us-east-1.elb.amazonaws.com/restaurants/10/reviews,135,0,0
1777594885206,117,02 - GET /restaurants (search),200,OK,Virtual Users [300 threads] 1-104,text,true,,790,436,20,20,http://k8s-forkfind-forkfind-8e65d48af1-1990260306.us-east-1.elb.amazonaws.com/restaurants?q=pizza&limit=12&sort=rating,117,0,0
1777594885229,610,03 - POST /restaurants/10/reviews,201,Created,Virtual Users [300 threads] 1-111,text,true,,571,573,23,23,http://k8s-forkfind-forkfind-8e65d48af1-1990260306.us-east-1.elb.amazonaws.com/restaurants/10/reviews,610,0,0
1777594883429,2410,01 - POST /auth/user/login,200,OK,Virtual Users [300 threads] 1-122,text,true,,406,363,23,23,http://k8s-forkfind-forkfind-8e65d48af1-1990260306.us-east-1.elb.amazonaws.com/auth/user/login,2410,0,72
1777594885324,597,03 - POST /restaurants/10/reviews,201,Created,Virtual Users [300 threads] 1-104,text,true,,571,573,22,22,http://k8s-forkfind-forkfind-8e65d48af1-1990260306.us-east-1.elb.amazonaws.com/restaurants/10/reviews,597,0,0
1777594885840,85,02 - GET /restaurants (search),200,OK,Virtual Users [300 threads] 1-122,text,true,,790,436,21,21,http://k8s-forkfind-forkfind-8e65d48af1-1990260306.us-east-1.elb.amazonaws.com/restaurants?q=pizza&limit=12&sort=rating,85,0,0
1777594885925,440,03 - POST /restaurants/10/reviews,201,Created,Virtual Users [300 threads] 1-122,text,true,,571,573,23,23,http://k8s-forkfind-forkfind-8e65d48af1-1990260306.us-east-1.elb.amazonaws.com/restaurants/10/reviews,440,0,0
1777594880035,6330,01 - POST /auth/user/login,200,OK,Virtual Users [300 threads] 1-105,text,true,,406,363,23,23,http://k8s-forkfind-forkfind-8e65d48af1-1990260306.us-east-1.elb.amazonaws.com/auth/user/login,6330,0,105
1777594880634,5799,01 - POST /auth/user/login,200,OK,Virtual Users [300 threads] 1-108,text,true,,406,363,23,23,http://k8s-forkfind-forkfind-8e65d48af1-1990260306.us-east-1.elb.amazonaws.com/auth/user/login,5799,0,72
1777594886366,98,02 - GET /restaurants (search),200,OK,Virtual Users [300 threads] 1-105,text,true,,790,436,23,23,http://k8s-forkfind-forkfind-8e65d48af1-1990260306.us-east-1.elb.amazonaws.com/restaurants?q=pizza&limit=12&sort=rating,98,0,0
1777594886434,98,02 - GET /restaurants (search),200,OK,Virtual Users [300 threads] 1-108,text,true,,790,436,23,23,http://k8s-forkfind-forkfind-8e65d48af1-1990260306.us-east-1.elb.amazonaws.com/restaurants?q=pizza&limit=12&sort=rating,98,0,0
1777594886464,427,03 - POST /restaurants/10/reviews,201,Created,Virtual Users [300 threads] 1-105,text,true,,571,573,25,25,http://k8s-forkfind-forkfind-8e65d48af1-1990260306.us-east-1.elb.amazonaws.com/restaurants/10/reviews,427,0,0
1777594886533,358,03 - POST /restaurants/10/reviews,201,Created,Virtual Users [300 threads] 1-108,text,true,,571,573,25,25,http://k8s-forkfind-forkfind-8e65d48af1-1990260306.us-east-1.elb.amazonaws.com/restaurants/10/reviews,358,0,0
1777594882830,4061,01 - POST /auth/user/login,200,OK,Virtual Users [300 threads] 1-119,text,true,,406,363,25,25,http://k8s-forkfind-forkfind-8e65d48af1-1990260306.us-east-1.elb.amazonaws.com/auth/user/login,4061,0,79
1777594883231,3661,01 - POST /auth/user/login,200,OK,Virtual Users [300 threads] 1-121,text,true,,406,363,25,25,http://k8s-forkfind-forkfind-8e65d48af1-1990260306.us-east-1.elb.amazonaws.com/auth/user/login,3660,0,70
1777594885029,1862,01 - POST /auth/user/login,200,OK,Virtual Users [300 threads] 1-130,text,true,,406,363,25,25,http://k8s-forkfind-forkfind-8e65d48af1-1990260306.us-east-1.elb.amazonaws.com/auth/user/login,1862,0,71
1777594884432,2459,01 - POST /auth/user/login,200,OK,Virtual Users [300 threads] 1-127,text,true,,406,363,25,25,http://k8s-forkfind-forkfind-8e65d48af1-1990260306.us-east-1.elb.amazonaws.com/auth/user/login,2459,0,113
1777594881035,5889,01 - POST /auth/user/login,200,OK,Virtual Users [300 threads] 1-110,text,true,,406,363,23,23,http://k8s-forkfind-forkfind-8e65d48af1-1990260306.us-east-1.elb.amazonaws.com/auth/user/login,5889,0,71
1777594886893,86,02 - GET /restaurants (search),200,OK,Virtual Users [300 threads] 1-121,text,true,,790,436,23,23,http://k8s-forkfind-forkfind-8e65d48af1-1990260306.us-east-1.elb.amazonaws.com/restaurants?q=pizza&limit=12&sort=rating,85,0,0
1777594886894,88,02 - GET /restaurants (search),200,OK,Virtual Users [300 threads] 1-130,text,true,,790,436,23,23,http://k8s-forkfind-forkfind-8e65d48af1-1990260306.us-east-1.elb.amazonaws.com/restaurants?q=pizza&limit=12&sort=rating,88,0,0
1777594886893,90,02 - GET /restaurants (search),200,OK,Virtual Users [300 threads] 1-119,text,true,,790,436,23,23,http://k8s-forkfind-forkfind-8e65d48af1-1990260306.us-east-1.elb.amazonaws.com/restaurants?q=pizza&limit=12&sort=rating,90,0,0
1777594886894,89,02 - GET /restaurants (search),200,OK,Virtual Users [300 threads] 1-127,text,true,,790,436,23,23,http://k8s-forkfind-forkfind-8e65d48af1-1990260306.us-east-1.elb.amazonaws.com/restaurants?q=pizza&limit=12&sort=rating,89,0,0
1777594886983,234,03 - POST /restaurants/10/reviews,201,Created,Virtual Users [300 threads] 1-127,text,true,,571,573,24,24,http://k8s-forkfind-forkfind-8e65d48af1-1990260306.us-east-1.elb.amazonaws.com/restaurants/10/reviews,234,0,0
1777594886925,292,02 - GET /restaurants (search),200,OK,Virtual Users [300 threads] 1-110,text,true,,790,436,24,24,http://k8s-forkfind-forkfind-8e65d48af1-1990260306.us-east-1.elb.amazonaws.com/restaurants?q=pizza&limit=12&sort=rating,292,0,0
1777594886979,238,03 - POST /restaurants/10/reviews,201,Created,Virtual Users [300 threads] 1-121,text,true,,571,573,24,24,http://k8s-forkfind-forkfind-8e65d48af1-1990260306.us-east-1.elb.amazonaws.com/restaurants/10/reviews,238,0,0
1777594886982,235,03 - POST /restaurants/10/reviews,201,Created,Virtual Users [300 threads] 1-130,text,true,,571,573,24,24,http://k8s-forkfind-forkfind-8e65d48af1-1990260306.us-east-1.elb.amazonaws.com/restaurants/10/reviews,235,0,0
1777594886983,234,03 - POST /restaurants/10/reviews,201,Created,Virtual Users [300 threads] 1-119,text,true,,571,573,24,24,http://k8s-forkfind-forkfind-8e65d48af1-1990260306.us-east-1.elb.amazonaws.com/restaurants/10/reviews,234,0,0
1777594882630,4693,01 - POST /auth/user/login,200,OK,Virtual Users [300 threads] 1-118,text,true,,406,363,21,21,http://k8s-forkfind-forkfind-8e65d48af1-1990260306.us-east-1.elb.amazonaws.com/auth/user/login,4693,0,71
1777594887218,135,03 - POST /restaurants/10/reviews,201,Created,Virtual Users [300 threads] 1-110,text,true,,571,573,21,21,http://k8s-forkfind-forkfind-8e65d48af1-1990260306.us-east-1.elb.amazonaws.com/restaurants/10/reviews,135,0,0
1777594887324,93,02 - GET /restaurants (search),200,OK,Virtual Users [300 threads] 1-118,text,true,,790,436,20,20,http://k8s-forkfind-forkfind-8e65d48af1-1990260306.us-east-1.elb.amazonaws.com/restaurants?q=pizza&limit=12&sort=rating,93,0,0
1777594887418,101,03 - POST /restaurants/10/reviews,201,Created,Virtual Users [300 threads] 1-118,text,true,,571,573,21,21,http://k8s-forkfind-forkfind-8e65d48af1-1990260306.us-east-1.elb.amazonaws.com/restaurants/10/reviews,101,0,0
1777594883627,3899,01 - POST /auth/user/login,200,OK,Virtual Users [300 threads] 1-123,text,true,,406,363,20,20,http://k8s-forkfind-forkfind-8e65d48af1-1990260306.us-east-1.elb.amazonaws.com/auth/user/login,3899,0,70
1777594887528,216,02 - GET /restaurants (search),200,OK,Virtual Users [300 threads] 1-123,text,true,,790,436,21,21,http://k8s-forkfind-forkfind-8e65d48af1-1990260306.us-east-1.elb.amazonaws.com/restaurants?q=pizza&limit=12&sort=rating,216,0,0
1777594881833,5911,01 - POST /auth/user/login,200,OK,Virtual Users [300 threads] 1-114,text,true,,406,363,21,21,http://k8s-forkfind-forkfind-8e65d48af1-1990260306.us-east-1.elb.amazonaws.com/auth/user/login,5911,0,73
1777594887745,97,02 - GET /restaurants (search),200,OK,Virtual Users [300 threads] 1-114,text,true,,790,436,22,22,http://k8s-forkfind-forkfind-8e65d48af1-1990260306.us-east-1.elb.amazonaws.com/restaurants?q=pizza&limit=12&sort=rating,97,0,0
1777594887745,107,03 - POST /restaurants/10/reviews,201,Created,Virtual Users [300 threads] 1-123,text,true,,571,573,22,22,http://k8s-forkfind-forkfind-8e65d48af1-1990260306.us-east-1.elb.amazonaws.com/restaurants/10/reviews,107,0,0
1777594883828,4049,01 - POST /auth/user/login,200,OK,Virtual Users [300 threads] 1-124,text,true,,406,363,21,21,http://k8s-forkfind-forkfind-8e65d48af1-1990260306.us-east-1.elb.amazonaws.com/auth/user/login,4049,0,73
1777594885632,2301,01 - POST /auth/user/login,200,OK,Virtual Users [300 threads] 1-133,text,true,,406,363,21,21,http://k8s-forkfind-forkfind-8e65d48af1-1990260306.us-east-1.elb.amazonaws.com/auth/user/login,2301,0,270
1777594887843,114,03 - POST /restaurants/10/reviews,201,Created,Virtual Users [300 threads] 1-114,text,true,,571,573,21,21,http://k8s-forkfind-forkfind-8e65d48af1-1990260306.us-east-1.elb.amazonaws.com/restaurants/10/reviews,114,0,0
1777594887878,84,02 - GET /restaurants (search),200,OK,Virtual Users [300 threads] 1-124,text,true,,790,436,20,20,http://k8s-forkfind-forkfind-8e65d48af1-1990260306.us-east-1.elb.amazonaws.com/restaurants?q=pizza&limit=12&sort=rating,83,0,0
1777594887934,99,02 - GET /restaurants (search),200,OK,Virtual Users [300 threads] 1-133,text,true,,790,436,21,21,http://k8s-forkfind-forkfind-8e65d48af1-1990260306.us-east-1.elb.amazonaws.com/restaurants?q=pizza&limit=12&sort=rating,99,0,0
1777594887962,97,03 - POST /restaurants/10/reviews,201,Created,Virtual Users [300 threads] 1-124,text,true,,571,573,21,21,http://k8s-forkfind-forkfind-8e65d48af1-1990260306.us-east-1.elb.amazonaws.com/restaurants/10/reviews,97,0,0
1777594882230,5871,01 - POST /auth/user/login,200,OK,Virtual Users [300 threads] 1-116,text,true,,406,363,20,20,http://k8s-forkfind-forkfind-8e65d48af1-1990260306.us-east-1.elb.amazonaws.com/auth/user/login,5871,0,74
1777594888034,120,03 - POST /restaurants/10/reviews,201,Created,Virtual Users [300 threads] 1-133,text,true,,571,573,20,20,http://k8s-forkfind-forkfind-8e65d48af1-1990260306.us-east-1.elb.amazonaws.com/restaurants/10/reviews,120,0,0
1777594888102,89,02 - GET /restaurants (search),200,OK,Virtual Users [300 threads] 1-116,text,true,,790,436,19,19,http://k8s-forkfind-forkfind-8e65d48af1-1990260306.us-east-1.elb.amazonaws.com/restaurants?q=pizza&limit=12&sort=rating,89,0,0
1777594888192,158,03 - POST /restaurants/10/reviews,201,Created,Virtual Users [300 threads] 1-116,text,true,,571,573,20,20,http://k8s-forkfind-forkfind-8e65d48af1-1990260306.us-east-1.elb.amazonaws.com/restaurants/10/reviews,158,0,0
1777594886231,2195,01 - POST /auth/user/login,200,OK,Virtual Users [300 threads] 1-136,text,true,,406,363,20,20,http://k8s-forkfind-forkfind-8e65d48af1-1990260306.us-east-1.elb.amazonaws.com/auth/user/login,2195,0,202
1777594888428,93,02 - GET /restaurants (search),200,OK,Virtual Users [300 threads] 1-136,text,true,,790,436,20,20,http://k8s-forkfind-forkfind-8e65d48af1-1990260306.us-east-1.elb.amazonaws.com/restaurants?q=pizza&limit=12&sort=rating,93,0,0
1777594888522,130,03 - POST /restaurants/10/reviews,201,Created,Virtual Users [300 threads] 1-136,text,true,,571,573,21,21,http://k8s-forkfind-forkfind-8e65d48af1-1990260306.us-east-1.elb.amazonaws.com/restaurants/10/reviews,130,0,0
1777594885232,3789,01 - POST /auth/user/login,200,OK,Virtual Users [300 threads] 1-131,text,true,,406,363,21,21,http://k8s-forkfind-forkfind-8e65d48af1-1990260306.us-east-1.elb.amazonaws.com/auth/user/login,3789,0,71
1777594889023,92,02 - GET /restaurants (search),200,OK,Virtual Users [300 threads] 1-131,text,true,,790,436,22,22,http://k8s-forkfind-forkfind-8e65d48af1-1990260306.us-east-1.elb.amazonaws.com/restaurants?q=pizza&limit=12&sort=rating,92,0,0
1777594889117,137,03 - POST /restaurants/10/reviews,201,Created,Virtual Users [300 threads] 1-131,text,true,,571,573,23,23,http://k8s-forkfind-forkfind-8e65d48af1-1990260306.us-east-1.elb.amazonaws.com/restaurants/10/reviews,137,0,0
1777594886829,2502,01 - POST /auth/user/login,200,OK,Virtual Users [300 threads] 1-139,text,true,,406,363,22,22,http://k8s-forkfind-forkfind-8e65d48af1-1990260306.us-east-1.elb.amazonaws.com/auth/user/login,2501,0,127
1777594884828,4574,01 - POST /auth/user/login,200,OK,Virtual Users [300 threads] 1-129,text,true,,406,363,22,22,http://k8s-forkfind-forkfind-8e65d48af1-1990260306.us-east-1.elb.amazonaws.com/auth/user/login,4574,0,71
1777594889332,92,02 - GET /restaurants (search),200,OK,Virtual Users [300 threads] 1-139,text,true,,790,436,23,23,http://k8s-forkfind-forkfind-8e65d48af1-1990260306.us-east-1.elb.amazonaws.com/restaurants?q=pizza&limit=12&sort=rating,92,0,0
1777594889403,86,02 - GET /restaurants (search),200,OK,Virtual Users [300 threads] 1-129,text,true,,790,436,23,23,http://k8s-forkfind-forkfind-8e65d48af1-1990260306.us-east-1.elb.amazonaws.com/restaurants?q=pizza&limit=12&sort=rating,86,0,0
1777594884029,5492,01 - POST /auth/user/login,200,OK,Virtual Users [300 threads] 1-125,text,true,,406,363,23,23,http://k8s-forkfind-forkfind-8e65d48af1-1990260306.us-east-1.elb.amazonaws.com/auth/user/login,5492,0,74
1777594889424,131,03 - POST /restaurants/10/reviews,201,Created,Virtual Users [300 threads] 1-139,text,true,,571,573,23,23,http://k8s-forkfind-forkfind-8e65d48af1-1990260306.us-east-1.elb.amazonaws.com/restaurants/10/reviews,131,0,0
1777594889489,118,03 - POST /restaurants/10/reviews,201,Created,Virtual Users [300 threads] 1-129,text,true,,571,573,22,22,http://k8s-forkfind-forkfind-8e65d48af1-1990260306.us-east-1.elb.amazonaws.com/restaurants/10/reviews,118,0,0
1777594889522,89,02 - GET /restaurants (search),200,OK,Virtual Users [300 threads] 1-125,text,true,,790,436,21,21,http://k8s-forkfind-forkfind-8e65d48af1-1990260306.us-east-1.elb.amazonaws.com/restaurants?q=pizza&limit=12&sort=rating,89,0,0
1777594885832,3852,01 - POST /auth/user/login,200,OK,Virtual Users [300 threads] 1-134,text,true,,406,363,22,22,http://k8s-forkfind-forkfind-8e65d48af1-1990260306.us-east-1.elb.amazonaws.com/auth/user/login,3852,0,72
1777594889611,101,03 - POST /restaurants/10/reviews,201,Created,Virtual Users [300 threads] 1-125,text,true,,571,573,22,22,http://k8s-forkfind-forkfind-8e65d48af1-1990260306.us-east-1.elb.amazonaws.com/restaurants/10/reviews,101,0,0
1777594889686,77,02 - GET /restaurants (search),200,OK,Virtual Users [300 threads] 1-134,text,true,,790,436,21,21,http://k8s-forkfind-forkfind-8e65d48af1-1990260306.us-east-1.elb.amazonaws.com/restaurants?q=pizza&limit=12&sort=rating,77,0,0
1777594889763,88,03 - POST /restaurants/10/reviews,201,Created,Virtual Users [300 threads] 1-134,text,true,,571,573,22,22,http://k8s-forkfind-forkfind-8e65d48af1-1990260306.us-east-1.elb.amazonaws.com/restaurants/10/reviews,88,0,0
1777594884229,6064,01 - POST /auth/user/login,200,OK,Virtual Users [300 threads] 1-126,text,true,,406,363,23,23,http://k8s-forkfind-forkfind-8e65d48af1-1990260306.us-east-1.elb.amazonaws.com/auth/user/login,6064,0,71
1777594884629,5683,01 - POST /auth/user/login,200,OK,Virtual Users [300 threads] 1-128,text,true,,406,363,23,23,http://k8s-forkfind-forkfind-8e65d48af1-1990260306.us-east-1.elb.amazonaws.com/auth/user/login,5683,0,72
1777594887031,3297,01 - POST /auth/user/login,200,OK,Virtual Users [300 threads] 1-140,text,true,,406,363,23,23,http://k8s-forkfind-forkfind-8e65d48af1-1990260306.us-east-1.elb.amazonaws.com/auth/user/login,3297,0,250
1777594890296,78,02 - GET /restaurants (search),200,OK,Virtual Users [300 threads] 1-126,text,true,,790,436,23,23,http://k8s-forkfind-forkfind-8e65d48af1-1990260306.us-east-1.elb.amazonaws.com/restaurants?q=pizza&limit=12&sort=rating,78,0,0
1777594890312,102,02 - GET /restaurants (search),200,OK,Virtual Users [300 threads] 1-128,text,true,,790,436,23,23,http://k8s-forkfind-forkfind-8e65d48af1-1990260306.us-east-1.elb.amazonaws.com/restaurants?q=pizza&limit=12&sort=rating,102,0,0
1777594890329,88,02 - GET /restaurants (search),200,OK,Virtual Users [300 threads] 1-140,text,true,,790,436,23,23,http://k8s-forkfind-forkfind-8e65d48af1-1990260306.us-east-1.elb.amazonaws.com/restaurants?q=pizza&limit=12&sort=rating,88,0,0
1777594890375,92,03 - POST /restaurants/10/reviews,201,Created,Virtual Users [300 threads] 1-126,text,true,,571,573,24,24,http://k8s-forkfind-forkfind-8e65d48af1-1990260306.us-east-1.elb.amazonaws.com/restaurants/10/reviews,92,0,0
1777594890418,142,03 - POST /restaurants/10/reviews,201,Created,Virtual Users [300 threads] 1-140,text,true,,571,573,23,23,http://k8s-forkfind-forkfind-8e65d48af1-1990260306.us-east-1.elb.amazonaws.com/restaurants/10/reviews,142,0,0
1777594890414,146,03 - POST /restaurants/10/reviews,201,Created,Virtual Users [300 threads] 1-128,text,true,,571,573,23,23,http://k8s-forkfind-forkfind-8e65d48af1-1990260306.us-east-1.elb.amazonaws.com/restaurants/10/reviews,146,0,0
1777594888423,2497,01 - POST /auth/user/login,200,OK,Virtual Users [300 threads] 1-147,text,true,,406,363,23,23,http://k8s-forkfind-forkfind-8e65d48af1-1990260306.us-east-1.elb.amazonaws.com/auth/user/login,2496,0,72
1777594890921,97,02 - GET /restaurants (search),200,OK,Virtual Users [300 threads] 1-147,text,true,,790,436,23,23,http://k8s-forkfind-forkfind-8e65d48af1-1990260306.us-east-1.elb.amazonaws.com/restaurants?q=pizza&limit=12&sort=rating,96,0,0
1777594887827,3191,01 - POST /auth/user/login,200,OK,Virtual Users [300 threads] 1-144,text,true,,406,363,23,23,http://k8s-forkfind-forkfind-8e65d48af1-1990260306.us-east-1.elb.amazonaws.com/auth/user/login,3190,0,71
1777594891019,102,02 - GET /restaurants (search),200,OK,Virtual Users [300 threads] 1-144,text,true,,790,436,24,24,http://k8s-forkfind-forkfind-8e65d48af1-1990260306.us-east-1.elb.amazonaws.com/restaurants?q=pizza&limit=12&sort=rating,102,0,0
1777594885431,5702,01 - POST /auth/user/login,200,OK,Virtual Users [300 threads] 1-132,text,true,,406,363,24,24,http://k8s-forkfind-forkfind-8e65d48af1-1990260306.us-east-1.elb.amazonaws.com/auth/user/login,5702,0,471
1777594891018,137,03 - POST /restaurants/10/reviews,201,Created,Virtual Users [300 threads] 1-147,text,true,,571,573,24,24,http://k8s-forkfind-forkfind-8e65d48af1-1990260306.us-east-1.elb.amazonaws.com/restaurants/10/reviews,137,0,0
1777594891134,87,02 - GET /restaurants (search),200,OK,Virtual Users [300 threads] 1-132,text,true,,790,436,24,24,http://k8s-forkfind-forkfind-8e65d48af1-1990260306.us-east-1.elb.amazonaws.com/restaurants?q=pizza&limit=12&sort=rating,87,0,0
1777594891122,129,03 - POST /restaurants/10/reviews,201,Created,Virtual Users [300 threads] 1-144,text,true,,571,573,24,24,http://k8s-forkfind-forkfind-8e65d48af1-1990260306.us-east-1.elb.amazonaws.com/restaurants/10/reviews,129,0,0
1777594891222,107,03 - POST /restaurants/10/reviews,201,Created,Virtual Users [300 threads] 1-132,text,true,,571,573,23,23,http://k8s-forkfind-forkfind-8e65d48af1-1990260306.us-east-1.elb.amazonaws.com/restaurants/10/reviews,107,0,0
1777594887426,4095,01 - POST /auth/user/login,200,OK,Virtual Users [300 threads] 1-142,text,true,,406,363,23,23,http://k8s-forkfind-forkfind-8e65d48af1-1990260306.us-east-1.elb.amazonaws.com/auth/user/login,4095,0,93
1777594891522,85,02 - GET /restaurants (search),200,OK,Virtual Users [300 threads] 1-142,text,true,,790,436,23,23,http://k8s-forkfind-forkfind-8e65d48af1-1990260306.us-east-1.elb.amazonaws.com/restaurants?q=pizza&limit=12&sort=rating,85,0,0
1777594889024,2664,01 - POST /auth/user/login,200,OK,Virtual Users [300 threads] 1-150,text,true,,406,363,24,24,http://k8s-forkfind-forkfind-8e65d48af1-1990260306.us-east-1.elb.amazonaws.com/auth/user/login,2664,0,71
1777594891608,106,03 - POST /restaurants/10/reviews,201,Created,Virtual Users [300 threads] 1-142,text,true,,571,573,24,24,http://k8s-forkfind-forkfind-8e65d48af1-1990260306.us-east-1.elb.amazonaws.com/restaurants/10/reviews,106,0,0
1777594891691,82,02 - GET /restaurants (search),200,OK,Virtual Users [300 threads] 1-150,text,true,,790,436,23,23,http://k8s-forkfind-forkfind-8e65d48af1-1990260306.us-east-1.elb.amazonaws.com/restaurants?q=pizza&limit=12&sort=rating,82,0,0
1777594891774,84,03 - POST /restaurants/10/reviews,201,Created,Virtual Users [300 threads] 1-150,text,true,,571,573,24,24,http://k8s-forkfind-forkfind-8e65d48af1-1990260306.us-east-1.elb.amazonaws.com/restaurants/10/reviews,84,0,0
1777594886624,5278,01 - POST /auth/user/login,200,OK,Virtual Users [300 threads] 1-138,text,true,,406,363,23,23,http://k8s-forkfind-forkfind-8e65d48af1-1990260306.us-east-1.elb.amazonaws.com/auth/user/login,5278,0,332
1777594891903,81,02 - GET /restaurants (search),200,OK,Virtual Users [300 threads] 1-138,text,true,,790,436,23,23,http://k8s-forkfind-forkfind-8e65d48af1-1990260306.us-east-1.elb.amazonaws.com/restaurants?q=pizza&limit=12&sort=rating,81,0,0
1777594886030,6002,01 - POST /auth/user/login,200,OK,Virtual Users [300 threads] 1-135,text,true,,406,363,24,24,http://k8s-forkfind-forkfind-8e65d48af1-1990260306.us-east-1.elb.amazonaws.com/auth/user/login,6002,0,403
1777594891984,137,03 - POST /restaurants/10/reviews,201,Created,Virtual Users [300 threads] 1-138,text,true,,571,573,24,24,http://k8s-forkfind-forkfind-8e65d48af1-1990260306.us-east-1.elb.amazonaws.com/restaurants/10/reviews,137,0,0
1777594892033,99,02 - GET /restaurants (search),200,OK,Virtual Users [300 threads] 1-135,text,true,,790,436,23,23,http://k8s-forkfind-forkfind-8e65d48af1-1990260306.us-east-1.elb.amazonaws.com/restaurants?q=pizza&limit=12&sort=rating,99,0,0
1777594892132,125,03 - POST /restaurants/10/reviews,201,Created,Virtual Users [300 threads] 1-135,text,true,,571,573,24,24,http://k8s-forkfind-forkfind-8e65d48af1-1990260306.us-east-1.elb.amazonaws.com/restaurants/10/reviews,125,0,0
1777594890219,2202,01 - POST /auth/user/login,200,OK,Virtual Users [300 threads] 1-156,text,true,,406,363,24,24,http://k8s-forkfind-forkfind-8e65d48af1-1990260306.us-east-1.elb.amazonaws.com/auth/user/login,2202,0,66
1777594892422,93,02 - GET /restaurants (search),200,OK,Virtual Users [300 threads] 1-156,text,true,,790,436,24,24,http://k8s-forkfind-forkfind-8e65d48af1-1990260306.us-east-1.elb.amazonaws.com/restaurants?q=pizza&limit=12&sort=rating,93,0,0
1777594887224,5321,01 - POST /auth/user/login,200,OK,Virtual Users [300 threads] 1-141,text,true,,406,363,24,24,http://k8s-forkfind-forkfind-8e65d48af1-1990260306.us-east-1.elb.amazonaws.com/auth/user/login,5321,0,89
1777594892546,84,02 - GET /restaurants (search),200,OK,Virtual Users [300 threads] 1-141,text,true,,790,436,25,25,http://k8s-forkfind-forkfind-8e65d48af1-1990260306.us-east-1.elb.amazonaws.com/restaurants?q=pizza&limit=12&sort=rating,84,0,0
1777594888620,4010,01 - POST /auth/user/login,200,OK,Virtual Users [300 threads] 1-148,text,true,,406,363,25,25,http://k8s-forkfind-forkfind-8e65d48af1-1990260306.us-east-1.elb.amazonaws.com/auth/user/login,4010,0,71
1777594892516,128,03 - POST /restaurants/10/reviews,201,Created,Virtual Users [300 threads] 1-156,text,true,,571,573,25,25,http://k8s-forkfind-forkfind-8e65d48af1-1990260306.us-east-1.elb.amazonaws.com/restaurants/10/reviews,128,0,0
1777594889620,3106,01 - POST /auth/user/login,200,OK,Virtual Users [300 threads] 1-153,text,true,,406,363,24,24,http://k8s-forkfind-forkfind-8e65d48af1-1990260306.us-east-1.elb.amazonaws.com/auth/user/login,3106,0,64
1777594892630,101,02 - GET /restaurants (search),200,OK,Virtual Users [300 threads] 1-148,text,true,,790,436,24,24,http://k8s-forkfind-forkfind-8e65d48af1-1990260306.us-east-1.elb.amazonaws.com/restaurants?q=pizza&limit=12&sort=rating,101,0,0
1777594892630,177,03 - POST /restaurants/10/reviews,201,Created,Virtual Users [300 threads] 1-141,text,true,,571,573,24,24,http://k8s-forkfind-forkfind-8e65d48af1-1990260306.us-east-1.elb.amazonaws.com/restaurants/10/reviews,177,0,0
1777594892727,84,02 - GET /restaurants (search),200,OK,Virtual Users [300 threads] 1-153,text,true,,790,436,23,23,http://k8s-forkfind-forkfind-8e65d48af1-1990260306.us-east-1.elb.amazonaws.com/restaurants?q=pizza&limit=12&sort=rating,84,0,0
1777594892731,128,03 - POST /restaurants/10/reviews,201,Created,Virtual Users [300 threads] 1-148,text,true,,571,573,24,24,http://k8s-forkfind-forkfind-8e65d48af1-1990260306.us-east-1.elb.amazonaws.com/restaurants/10/reviews,127,0,0
1777594889420,3459,01 - POST /auth/user/login,200,OK,Virtual Users [300 threads] 1-152,text,true,,406,363,23,23,http://k8s-forkfind-forkfind-8e65d48af1-1990260306.us-east-1.elb.amazonaws.com/auth/user/login,3459,0,68
1777594892812,135,03 - POST /restaurants/10/reviews,201,Created,Virtual Users [300 threads] 1-153,text,true,,571,573,23,23,http://k8s-forkfind-forkfind-8e65d48af1-1990260306.us-east-1.elb.amazonaws.com/restaurants/10/reviews,134,0,0
1777594892880,72,02 - GET /restaurants (search),200,OK,Virtual Users [300 threads] 1-152,text,true,,790,436,22,22,http://k8s-forkfind-forkfind-8e65d48af1-1990260306.us-east-1.elb.amazonaws.com/restaurants?q=pizza&limit=12&sort=rating,72,0,0
1777594892953,92,03 - POST /restaurants/10/reviews,201,Created,Virtual Users [300 threads] 1-152,text,true,,571,573,23,23,http://k8s-forkfind-forkfind-8e65d48af1-1990260306.us-east-1.elb.amazonaws.com/restaurants/10/reviews,92,0,0
1777594886424,6960,01 - POST /auth/user/login,200,OK,Virtual Users [300 threads] 1-137,text,true,,406,363,23,23,http://k8s-forkfind-forkfind-8e65d48af1-1990260306.us-east-1.elb.amazonaws.com/auth/user/login,6960,0,71
1777594893385,78,02 - GET /restaurants (search),200,OK,Virtual Users [300 threads] 1-137,text,true,,790,436,24,24,http://k8s-forkfind-forkfind-8e65d48af1-1990260306.us-east-1.elb.amazonaws.com/restaurants?q=pizza&limit=12&sort=rating,78,0,0
1777594893463,88,03 - POST /restaurants/10/reviews,201,Created,Virtual Users [300 threads] 1-137,text,true,,571,573,24,24,http://k8s-forkfind-forkfind-8e65d48af1-1990260306.us-east-1.elb.amazonaws.com/restaurants/10/reviews,88,0,0
1777594891020,2903,01 - POST /auth/user/login,200,OK,Virtual Users [300 threads] 1-160,text,true,,406,363,25,25,http://k8s-forkfind-forkfind-8e65d48af1-1990260306.us-east-1.elb.amazonaws.com/auth/user/login,2903,0,70
1777594893924,93,02 - GET /restaurants (search),200,OK,Virtual Users [300 threads] 1-160,text,true,,790,436,25,25,http://k8s-forkfind-forkfind-8e65d48af1-1990260306.us-east-1.elb.amazonaws.com/restaurants?q=pizza&limit=12&sort=rating,93,0,0
1777594888223,5838,01 - POST /auth/user/login,200,OK,Virtual Users [300 threads] 1-146,text,true,,406,363,26,26,http://k8s-forkfind-forkfind-8e65d48af1-1990260306.us-east-1.elb.amazonaws.com/auth/user/login,5838,0,71
1777594894062,82,02 - GET /restaurants (search),200,OK,Virtual Users [300 threads] 1-146,text,true,,790,436,26,26,http://k8s-forkfind-forkfind-8e65d48af1-1990260306.us-east-1.elb.amazonaws.com/restaurants?q=pizza&limit=12&sort=rating,82,0,0
1777594894018,127,03 - POST /restaurants/10/reviews,201,Created,Virtual Users [300 threads] 1-160,text,true,,571,573,26,26,http://k8s-forkfind-forkfind-8e65d48af1-1990260306.us-east-1.elb.amazonaws.com/restaurants/10/reviews,127,0,0
1777594894145,115,03 - POST /restaurants/10/reviews,201,Created,Virtual Users [300 threads] 1-146,text,true,,571,573,26,26,http://k8s-forkfind-forkfind-8e65d48af1-1990260306.us-east-1.elb.amazonaws.com/restaurants/10/reviews,115,0,0
1777594887628,6774,01 - POST /auth/user/login,200,OK,Virtual Users [300 threads] 1-143,text,true,,406,363,25,25,http://k8s-forkfind-forkfind-8e65d48af1-1990260306.us-east-1.elb.amazonaws.com/auth/user/login,6774,0,182
1777594894404,122,02 - GET /restaurants (search),200,OK,Virtual Users [300 threads] 1-143,text,true,,790,436,26,26,http://k8s-forkfind-forkfind-8e65d48af1-1990260306.us-east-1.elb.amazonaws.com/restaurants?q=pizza&limit=12&sort=rating,122,0,0
1777594894527,130,03 - POST /restaurants/10/reviews,201,Created,Virtual Users [300 threads] 1-143,text,true,,571,573,27,27,http://k8s-forkfind-forkfind-8e65d48af1-1990260306.us-east-1.elb.amazonaws.com/restaurants/10/reviews,129,0,0
1777594888818,5974,01 - POST /auth/user/login,200,OK,Virtual Users [300 threads] 1-149,text,true,,406,363,26,26,http://k8s-forkfind-forkfind-8e65d48af1-1990260306.us-east-1.elb.amazonaws.com/auth/user/login,5974,0,93
1777594894793,129,02 - GET /restaurants (search),200,OK,Virtual Users [300 threads] 1-149,text,true,,790,436,27,27,http://k8s-forkfind-forkfind-8e65d48af1-1990260306.us-east-1.elb.amazonaws.com/restaurants?q=pizza&limit=12&sort=rating,129,0,0
1777594891222,3700,01 - POST /auth/user/login,200,OK,Virtual Users [300 threads] 1-161,text,true,,406,363,27,27,http://k8s-forkfind-forkfind-8e65d48af1-1990260306.us-east-1.elb.amazonaws.com/auth/user/login,3700,0,64
1777594892222,2700,01 - POST /auth/user/login,200,OK,Virtual Users [300 threads] 1-166,text,true,,406,363,27,27,http://k8s-forkfind-forkfind-8e65d48af1-1990260306.us-east-1.elb.amazonaws.com/auth/user/login,2700,0,66
1777594894923,96,02 - GET /restaurants (search),200,OK,Virtual Users [300 threads] 1-161,text,true,,790,436,28,28,http://k8s-forkfind-forkfind-8e65d48af1-1990260306.us-east-1.elb.amazonaws.com/restaurants?q=pizza&limit=12&sort=rating,96,0,0
1777594894923,103,02 - GET /restaurants (search),200,OK,Virtual Users [300 threads] 1-166,text,true,,790,436,28,28,http://k8s-forkfind-forkfind-8e65d48af1-1990260306.us-east-1.elb.amazonaws.com/restaurants?q=pizza&limit=12&sort=rating,103,0,0
1777594889823,5218,01 - POST /auth/user/login,200,OK,Virtual Users [300 threads] 1-154,text,true,,406,363,28,28,http://k8s-forkfind-forkfind-8e65d48af1-1990260306.us-east-1.elb.amazonaws.com/auth/user/login,5218,0,68
1777594894923,127,03 - POST /restaurants/10/reviews,201,Created,Virtual Users [300 threads] 1-149,text,true,,571,573,28,28,http://k8s-forkfind-forkfind-8e65d48af1-1990260306.us-east-1.elb.amazonaws.com/restaurants/10/reviews,127,0,0
1777594895026,102,03 - POST /restaurants/10/reviews,201,Created,Virtual Users [300 threads] 1-166,text,true,,571,573,27,27,http://k8s-forkfind-forkfind-8e65d48af1-1990260306.us-east-1.elb.amazonaws.com/restaurants/10/reviews,102,0,0
1777594895042,86,02 - GET /restaurants (search),200,OK,Virtual Users [300 threads] 1-154,text,true,,790,436,27,27,http://k8s-forkfind-forkfind-8e65d48af1-1990260306.us-east-1.elb.amazonaws.com/restaurants?q=pizza&limit=12&sort=rating,86,0,0
1777594895020,108,03 - POST /restaurants/10/reviews,201,Created,Virtual Users [300 threads] 1-161,text,true,,571,573,27,27,http://k8s-forkfind-forkfind-8e65d48af1-1990260306.us-east-1.elb.amazonaws.com/restaurants/10/reviews,108,0,0
1777594890824,4312,01 - POST /auth/user/login,200,OK,Virtual Users [300 threads] 1-159,text,true,,406,363,25,25,http://k8s-forkfind-forkfind-8e65d48af1-1990260306.us-east-1.elb.amazonaws.com/auth/user/login,4312,0,64
1777594895137,89,02 - GET /restaurants (search),200,OK,Virtual Users [300 threads] 1-159,text,true,,790,436,26,26,http://k8s-forkfind-forkfind-8e65d48af1-1990260306.us-east-1.elb.amazonaws.com/restaurants?q=pizza&limit=12&sort=rating,88,0,0
1777594895129,98,03 - POST /restaurants/10/reviews,201,Created,Virtual Users [300 threads] 1-154,text,true,,571,573,26,26,http://k8s-forkfind-forkfind-8e65d48af1-1990260306.us-east-1.elb.amazonaws.com/restaurants/10/reviews,98,0,0
1777594891623,3625,01 - POST /auth/user/login,200,OK,Virtual Users [300 threads] 1-163,text,true,,406,363,25,25,http://k8s-forkfind-forkfind-8e65d48af1-1990260306.us-east-1.elb.amazonaws.com/auth/user/login,3625,0,65
1777594895226,103,03 - POST /restaurants/10/reviews,201,Created,Virtual Users [300 threads] 1-159,text,true,,571,573,25,25,http://k8s-forkfind-forkfind-8e65d48af1-1990260306.us-east-1.elb.amazonaws.com/restaurants/10/reviews,103,0,0
1777594895249,86,02 - GET /restaurants (search),200,OK,Virtual Users [300 threads] 1-163,text,true,,790,436,24,24,http://k8s-forkfind-forkfind-8e65d48af1-1990260306.us-east-1.elb.amazonaws.com/restaurants?q=pizza&limit=12&sort=rating,86,0,0
1777594892418,2989,01 - POST /auth/user/login,200,OK,Virtual Users [300 threads] 1-167,text,true,,406,363,24,24,http://k8s-forkfind-forkfind-8e65d48af1-1990260306.us-east-1.elb.amazonaws.com/auth/user/login,2989,0,65
1777594895335,103,03 - POST /restaurants/10/reviews,201,Created,Virtual Users [300 threads] 1-163,text,true,,571,573,25,25,http://k8s-forkfind-forkfind-8e65d48af1-1990260306.us-east-1.elb.amazonaws.com/restaurants/10/reviews,103,0,0
1777594890423,5063,01 - POST /auth/user/login,200,OK,Virtual Users [300 threads] 1-157,text,true,,406,363,24,24,http://k8s-forkfind-forkfind-8e65d48af1-1990260306.us-east-1.elb.amazonaws.com/auth/user/login,5063,0,68
1777594895408,110,02 - GET /restaurants (search),200,OK,Virtual Users [300 threads] 1-167,text,true,,790,436,24,24,http://k8s-forkfind-forkfind-8e65d48af1-1990260306.us-east-1.elb.amazonaws.com/restaurants?q=pizza&limit=12&sort=rating,110,0,0
1777594895488,73,02 - GET /restaurants (search),200,OK,Virtual Users [300 threads] 1-157,text,true,,790,436,24,24,http://k8s-forkfind-forkfind-8e65d48af1-1990260306.us-east-1.elb.amazonaws.com/restaurants?q=pizza&limit=12&sort=rating,73,0,0
1777594888023,7560,01 - POST /auth/user/login,200,OK,Virtual Users [300 threads] 1-145,text,true,,406,363,24,24,http://k8s-forkfind-forkfind-8e65d48af1-1990260306.us-east-1.elb.amazonaws.com/auth/user/login,7560,0,78
1777594895518,86,03 - POST /restaurants/10/reviews,201,Created,Virtual Users [300 threads] 1-167,text,true,,571,573,24,24,http://k8s-forkfind-forkfind-8e65d48af1-1990260306.us-east-1.elb.amazonaws.com/restaurants/10/reviews,86,0,0
1777594895561,84,03 - POST /restaurants/10/reviews,201,Created,Virtual Users [300 threads] 1-157,text,true,,571,573,24,24,http://k8s-forkfind-forkfind-8e65d48af1-1990260306.us-east-1.elb.amazonaws.com/restaurants/10/reviews,84,0,0
1777594895584,82,02 - GET /restaurants (search),200,OK,Virtual Users [300 threads] 1-145,text,true,,790,436,23,23,http://k8s-forkfind-forkfind-8e65d48af1-1990260306.us-east-1.elb.amazonaws.com/restaurants?q=pizza&limit=12&sort=rating,82,0,0
1777594895666,82,03 - POST /restaurants/10/reviews,201,Created,Virtual Users [300 threads] 1-145,text,true,,571,573,23,23,http://k8s-forkfind-forkfind-8e65d48af1-1990260306.us-east-1.elb.amazonaws.com/restaurants/10/reviews,82,0,0
1777594891423,4565,01 - POST /auth/user/login,200,OK,Virtual Users [300 threads] 1-162,text,true,,406,363,23,23,http://k8s-forkfind-forkfind-8e65d48af1-1990260306.us-east-1.elb.amazonaws.com/auth/user/login,4565,0,65
1777594895990,71,02 - GET /restaurants (search),200,OK,Virtual Users [300 threads] 1-162,text,true,,790,436,24,24,http://k8s-forkfind-forkfind-8e65d48af1-1990260306.us-east-1.elb.amazonaws.com/restaurants?q=pizza&limit=12&sort=rating,71,0,0
1777594890023,6065,01 - POST /auth/user/login,200,OK,Virtual Users [300 threads] 1-155,text,true,,406,363,24,24,http://k8s-forkfind-forkfind-8e65d48af1-1990260306.us-east-1.elb.amazonaws.com/auth/user/login,6065,0,69
1777594892021,4094,01 - POST /auth/user/login,200,OK,Virtual Users [300 threads] 1-165,text,true,,406,363,24,24,http://k8s-forkfind-forkfind-8e65d48af1-1990260306.us-east-1.elb.amazonaws.com/auth/user/login,4094,0,68
1777594896062,84,03 - POST /restaurants/10/reviews,201,Created,Virtual Users [300 threads] 1-162,text,true,,571,573,24,24,http://k8s-forkfind-forkfind-8e65d48af1-1990260306.us-east-1.elb.amazonaws.com/restaurants/10/reviews,84,0,0
1777594896089,72,02 - GET /restaurants (search),200,OK,Virtual Users [300 threads] 1-155,text,true,,790,436,23,23,http://k8s-forkfind-forkfind-8e65d48af1-1990260306.us-east-1.elb.amazonaws.com/restaurants?q=pizza&limit=12&sort=rating,72,0,0
1777594896116,90,02 - GET /restaurants (search),200,OK,Virtual Users [300 threads] 1-165,text,true,,790,436,23,23,http://k8s-forkfind-forkfind-8e65d48af1-1990260306.us-east-1.elb.amazonaws.com/restaurants?q=pizza&limit=12&sort=rating,90,0,0
1777594896162,78,03 - POST /restaurants/10/reviews,201,Created,Virtual Users [300 threads] 1-155,text,true,,571,573,24,24,http://k8s-forkfind-forkfind-8e65d48af1-1990260306.us-east-1.elb.amazonaws.com/restaurants/10/reviews,78,0,0
1777594896207,95,03 - POST /restaurants/10/reviews,201,Created,Virtual Users [300 threads] 1-165,text,true,,571,573,23,23,http://k8s-forkfind-forkfind-8e65d48af1-1990260306.us-east-1.elb.amazonaws.com/restaurants/10/reviews,95,0,0
1777594890622,5774,01 - POST /auth/user/login,200,OK,Virtual Users [300 threads] 1-158,text,true,,406,363,22,22,http://k8s-forkfind-forkfind-8e65d48af1-1990260306.us-east-1.elb.amazonaws.com/auth/user/login,5774,0,66
1777594896398,80,02 - GET /restaurants (search),200,OK,Virtual Users [300 threads] 1-158,text,true,,790,436,23,23,http://k8s-forkfind-forkfind-8e65d48af1-1990260306.us-east-1.elb.amazonaws.com/restaurants?q=pizza&limit=12&sort=rating,80,0,0
1777594896478,77,03 - POST /restaurants/10/reviews,201,Created,Virtual Users [300 threads] 1-158,text,true,,571,573,23,23,http://k8s-forkfind-forkfind-8e65d48af1-1990260306.us-east-1.elb.amazonaws.com/restaurants/10/reviews,77,0,0
1777594894619,2209,01 - POST /auth/user/login,200,OK,Virtual Users [300 threads] 1-178,text,true,,406,363,24,24,http://k8s-forkfind-forkfind-8e65d48af1-1990260306.us-east-1.elb.amazonaws.com/auth/user/login,2209,0,65
1777594889225,7683,01 - POST /auth/user/login,200,OK,Virtual Users [300 threads] 1-151,text,true,,406,363,24,24,http://k8s-forkfind-forkfind-8e65d48af1-1990260306.us-east-1.elb.amazonaws.com/auth/user/login,7683,0,72
1777594896829,87,02 - GET /restaurants (search),200,OK,Virtual Users [300 threads] 1-178,text,true,,790,436,24,24,http://k8s-forkfind-forkfind-8e65d48af1-1990260306.us-east-1.elb.amazonaws.com/restaurants?q=pizza&limit=12&sort=rating,87,0,0
1777594894021,3000,01 - POST /auth/user/login,200,OK,Virtual Users [300 threads] 1-175,text,true,,406,363,25,25,http://k8s-forkfind-forkfind-8e65d48af1-1990260306.us-east-1.elb.amazonaws.com/auth/user/login,3000,0,73
1777594896909,112,02 - GET /restaurants (search),200,OK,Virtual Users [300 threads] 1-151,text,true,,790,436,25,25,http://k8s-forkfind-forkfind-8e65d48af1-1990260306.us-east-1.elb.amazonaws.com/restaurants?q=pizza&limit=12&sort=rating,112,0,0
1777594896917,125,03 - POST /restaurants/10/reviews,201,Created,Virtual Users [300 threads] 1-178,text,true,,571,573,25,25,http://k8s-forkfind-forkfind-8e65d48af1-1990260306.us-east-1.elb.amazonaws.com/restaurants/10/reviews,125,0,0
1777594893220,3888,01 - POST /auth/user/login,200,OK,Virtual Users [300 threads] 1-171,text,true,,406,363,24,24,http://k8s-forkfind-forkfind-8e65d48af1-1990260306.us-east-1.elb.amazonaws.com/auth/user/login,3888,0,65
1777594897022,88,02 - GET /restaurants (search),200,OK,Virtual Users [300 threads] 1-175,text,true,,790,436,24,24,http://k8s-forkfind-forkfind-8e65d48af1-1990260306.us-east-1.elb.amazonaws.com/restaurants?q=pizza&limit=12&sort=rating,88,0,0
1777594897022,106,03 - POST /restaurants/10/reviews,201,Created,Virtual Users [300 threads] 1-151,text,true,,571,573,24,24,http://k8s-forkfind-forkfind-8e65d48af1-1990260306.us-east-1.elb.amazonaws.com/restaurants/10/reviews,106,0,0
1777594897109,80,02 - GET /restaurants (search),200,OK,Virtual Users [300 threads] 1-171,text,true,,790,436,23,23,http://k8s-forkfind-forkfind-8e65d48af1-1990260306.us-east-1.elb.amazonaws.com/restaurants?q=pizza&limit=12&sort=rating,80,0,0
1777594897110,106,03 - POST /restaurants/10/reviews,201,Created,Virtual Users [300 threads] 1-175,text,true,,571,573,23,23,http://k8s-forkfind-forkfind-8e65d48af1-1990260306.us-east-1.elb.amazonaws.com/restaurants/10/reviews,106,0,0
1777594897189,77,03 - POST /restaurants/10/reviews,201,Created,Virtual Users [300 threads] 1-171,text,true,,571,573,23,23,http://k8s-forkfind-forkfind-8e65d48af1-1990260306.us-east-1.elb.amazonaws.com/restaurants/10/reviews,77,0,0
1777594893823,3883,01 - POST /auth/user/login,200,OK,Virtual Users [300 threads] 1-174,text,true,,406,363,24,24,http://k8s-forkfind-forkfind-8e65d48af1-1990260306.us-east-1.elb.amazonaws.com/auth/user/login,3883,0,66
1777594897707,89,02 - GET /restaurants (search),200,OK,Virtual Users [300 threads] 1-174,text,true,,790,436,24,24,http://k8s-forkfind-forkfind-8e65d48af1-1990260306.us-east-1.elb.amazonaws.com/restaurants?q=pizza&limit=12&sort=rating,89,0,0
1777594897797,104,03 - POST /restaurants/10/reviews,201,Created,Virtual Users [300 threads] 1-174,text,true,,571,573,25,25,http://k8s-forkfind-forkfind-8e65d48af1-1990260306.us-east-1.elb.amazonaws.com/restaurants/10/reviews,104,0,0
1777594893018,5200,01 - POST /auth/user/login,200,OK,Virtual Users [300 threads] 1-170,text,true,,406,363,25,25,http://k8s-forkfind-forkfind-8e65d48af1-1990260306.us-east-1.elb.amazonaws.com/auth/user/login,5200,0,65
1777594898219,84,02 - GET /restaurants (search),200,OK,Virtual Users [300 threads] 1-170,text,true,,790,436,26,26,http://k8s-forkfind-forkfind-8e65d48af1-1990260306.us-east-1.elb.amazonaws.com/restaurants?q=pizza&limit=12&sort=rating,84,0,0
1777594893620,4777,01 - POST /auth/user/login,200,OK,Virtual Users [300 threads] 1-173,text,true,,406,363,26,26,http://k8s-forkfind-forkfind-8e65d48af1-1990260306.us-east-1.elb.amazonaws.com/auth/user/login,4777,0,68
1777594898304,99,03 - POST /restaurants/10/reviews,201,Created,Virtual Users [300 threads] 1-170,text,true,,571,573,26,26,http://k8s-forkfind-forkfind-8e65d48af1-1990260306.us-east-1.elb.amazonaws.com/restaurants/10/reviews,99,0,0
1777594898399,78,02 - GET /restaurants (search),200,OK,Virtual Users [300 threads] 1-173,text,true,,790,436,26,26,http://k8s-forkfind-forkfind-8e65d48af1-1990260306.us-east-1.elb.amazonaws.com/restaurants?q=pizza&limit=12&sort=rating,78,0,0
1777594895220,3292,01 - POST /auth/user/login,200,OK,Virtual Users [300 threads] 1-181,text,true,,406,363,26,26,http://k8s-forkfind-forkfind-8e65d48af1-1990260306.us-east-1.elb.amazonaws.com/auth/user/login,3292,0,64
1777594895018,3497,01 - POST /auth/user/login,200,OK,Virtual Users [300 threads] 1-180,text,true,,406,363,26,26,http://k8s-forkfind-forkfind-8e65d48af1-1990260306.us-east-1.elb.amazonaws.com/auth/user/login,3497,0,66
1777594898477,79,03 - POST /restaurants/10/reviews,201,Created,Virtual Users [300 threads] 1-173,text,true,,571,573,26,26,http://k8s-forkfind-forkfind-8e65d48af1-1990260306.us-east-1.elb.amazonaws.com/restaurants/10/reviews,79,0,0
1777594898513,85,02 - GET /restaurants (search),200,OK,Virtual Users [300 threads] 1-181,text,true,,790,436,25,25,http://k8s-forkfind-forkfind-8e65d48af1-1990260306.us-east-1.elb.amazonaws.com/restaurants?q=pizza&limit=12&sort=rating,85,0,0
1777594898516,82,02 - GET /restaurants (search),200,OK,Virtual Users [300 threads] 1-180,text,true,,790,436,25,25,http://k8s-forkfind-forkfind-8e65d48af1-1990260306.us-east-1.elb.amazonaws.com/restaurants?q=pizza&limit=12&sort=rating,82,0,0
1777594898598,104,03 - POST /restaurants/10/reviews,201,Created,Virtual Users [300 threads] 1-181,text,true,,571,573,26,26,http://k8s-forkfind-forkfind-8e65d48af1-1990260306.us-east-1.elb.amazonaws.com/restaurants/10/reviews,104,0,0
1777594898598,118,03 - POST /restaurants/10/reviews,201,Created,Virtual Users [300 threads] 1-180,text,true,,571,573,25,25,http://k8s-forkfind-forkfind-8e65d48af1-1990260306.us-east-1.elb.amazonaws.com/restaurants/10/reviews,118,0,0
1777594895421,3562,01 - POST /auth/user/login,200,OK,Virtual Users [300 threads] 1-182,text,true,,406,363,25,25,http://k8s-forkfind-forkfind-8e65d48af1-1990260306.us-east-1.elb.amazonaws.com/auth/user/login,3562,0,65
1777594898984,72,02 - GET /restaurants (search),200,OK,Virtual Users [300 threads] 1-182,text,true,,790,436,26,26,http://k8s-forkfind-forkfind-8e65d48af1-1990260306.us-east-1.elb.amazonaws.com/restaurants?q=pizza&limit=12&sort=rating,72,0,0
1777594899057,93,03 - POST /restaurants/10/reviews,201,Created,Virtual Users [300 threads] 1-182,text,true,,571,573,26,26,http://k8s-forkfind-forkfind-8e65d48af1-1990260306.us-east-1.elb.amazonaws.com/restaurants/10/reviews,93,0,0
1777594896419,2903,01 - POST /auth/user/login,200,OK,Virtual Users [300 threads] 1-187,text,true,,406,363,26,26,http://k8s-forkfind-forkfind-8e65d48af1-1990260306.us-east-1.elb.amazonaws.com/auth/user/login,2903,0,65
1777594899323,87,02 - GET /restaurants (search),200,OK,Virtual Users [300 threads] 1-187,text,true,,790,436,26,26,http://k8s-forkfind-forkfind-8e65d48af1-1990260306.us-east-1.elb.amazonaws.com/restaurants?q=pizza&limit=12&sort=rating,87,0,0
1777594899411,96,03 - POST /restaurants/10/reviews,201,Created,Virtual Users [300 threads] 1-187,text,true,,571,573,27,27,http://k8s-forkfind-forkfind-8e65d48af1-1990260306.us-east-1.elb.amazonaws.com/restaurants/10/reviews,96,0,0
1777594894422,5097,01 - POST /auth/user/login,200,OK,Virtual Users [300 threads] 1-177,text,true,,406,363,26,26,http://k8s-forkfind-forkfind-8e65d48af1-1990260306.us-east-1.elb.amazonaws.com/auth/user/login,5097,0,66
1777594899520,94,02 - GET /restaurants (search),200,OK,Virtual Users [300 threads] 1-177,text,true,,790,436,26,26,http://k8s-forkfind-forkfind-8e65d48af1-1990260306.us-east-1.elb.amazonaws.com/restaurants?q=pizza&limit=12&sort=rating,94,0,0
1777594891821,7882,01 - POST /auth/user/login,200,OK,Virtual Users [300 threads] 1-164,text,true,,406,363,27,27,http://k8s-forkfind-forkfind-8e65d48af1-1990260306.us-east-1.elb.amazonaws.com/auth/user/login,7882,0,65
1777594899615,132,03 - POST /restaurants/10/reviews,201,Created,Virtual Users [300 threads] 1-177,text,true,,571,573,27,27,http://k8s-forkfind-forkfind-8e65d48af1-1990260306.us-east-1.elb.amazonaws.com/restaurants/10/reviews,132,0,0
1777594899704,95,02 - GET /restaurants (search),200,OK,Virtual Users [300 threads] 1-164,text,true,,790,436,26,26,http://k8s-forkfind-forkfind-8e65d48af1-1990260306.us-east-1.elb.amazonaws.com/restaurants?q=pizza&limit=12&sort=rating,95,0,0
1777594899799,107,03 - POST /restaurants/10/reviews,201,Created,Virtual Users [300 threads] 1-164,text,true,,571,573,27,27,http://k8s-forkfind-forkfind-8e65d48af1-1990260306.us-east-1.elb.amazonaws.com/restaurants/10/reviews,107,0,0
1777594894825,5265,01 - POST /auth/user/login,200,OK,Virtual Users [300 threads] 1-179,text,true,,406,363,27,27,http://k8s-forkfind-forkfind-8e65d48af1-1990260306.us-east-1.elb.amazonaws.com/auth/user/login,5265,0,66
1777594900091,74,02 - GET /restaurants (search),200,OK,Virtual Users [300 threads] 1-179,text,true,,790,436,27,27,http://k8s-forkfind-forkfind-8e65d48af1-1990260306.us-east-1.elb.amazonaws.com/restaurants?q=pizza&limit=12&sort=rating,74,0,0
1777594900165,81,03 - POST /restaurants/10/reviews,201,Created,Virtual Users [300 threads] 1-179,text,true,,570,573,28,28,http://k8s-forkfind-forkfind-8e65d48af1-1990260306.us-east-1.elb.amazonaws.com/restaurants/10/reviews,80,0,0
1777594892623,7791,01 - POST /auth/user/login,200,OK,Virtual Users [300 threads] 1-168,text,true,,406,363,27,27,http://k8s-forkfind-forkfind-8e65d48af1-1990260306.us-east-1.elb.amazonaws.com/auth/user/login,7791,0,65
1777594892820,7661,01 - POST /auth/user/login,200,OK,Virtual Users [300 threads] 1-169,text,true,,406,363,28,28,http://k8s-forkfind-forkfind-8e65d48af1-1990260306.us-east-1.elb.amazonaws.com/auth/user/login,7661,0,64
1777594900415,92,02 - GET /restaurants (search),200,OK,Virtual Users [300 threads] 1-168,text,true,,790,436,28,28,http://k8s-forkfind-forkfind-8e65d48af1-1990260306.us-east-1.elb.amazonaws.com/restaurants?q=pizza&limit=12&sort=rating,92,0,0
1777594900482,74,02 - GET /restaurants (search),200,OK,Virtual Users [300 threads] 1-169,text,true,,790,436,28,28,http://k8s-forkfind-forkfind-8e65d48af1-1990260306.us-east-1.elb.amazonaws.com/restaurants?q=pizza&limit=12&sort=rating,74,0,0
1777594900507,92,03 - POST /restaurants/10/reviews,201,Created,Virtual Users [300 threads] 1-168,text,true,,570,573,28,28,http://k8s-forkfind-forkfind-8e65d48af1-1990260306.us-east-1.elb.amazonaws.com/restaurants/10/reviews,92,0,0
1777594900557,89,03 - POST /restaurants/10/reviews,201,Created,Virtual Users [300 threads] 1-169,text,true,,571,573,28,28,http://k8s-forkfind-forkfind-8e65d48af1-1990260306.us-east-1.elb.amazonaws.com/restaurants/10/reviews,89,0,0
1777594897018,3826,01 - POST /auth/user/login,200,OK,Virtual Users [300 threads] 1-190,text,true,,406,363,28,28,http://k8s-forkfind-forkfind-8e65d48af1-1990260306.us-east-1.elb.amazonaws.com/auth/user/login,3825,0,67
1777594893422,7480,01 - POST /auth/user/login,200,OK,Virtual Users [300 threads] 1-172,text,true,,406,363,28,28,http://k8s-forkfind-forkfind-8e65d48af1-1990260306.us-east-1.elb.amazonaws.com/auth/user/login,7480,0,64
1777594899222,1689,01 - POST /auth/user/login,200,OK,Virtual Users [300 threads] 1-201,text,true,,406,363,28,28,http://k8s-forkfind-forkfind-8e65d48af1-1990260306.us-east-1.elb.amazonaws.com/auth/user/login,1689,0,68
1777594900845,76,02 - GET /restaurants (search),200,OK,Virtual Users [300 threads] 1-190,text,true,,790,436,28,28,http://k8s-forkfind-forkfind-8e65d48af1-1990260306.us-east-1.elb.amazonaws.com/restaurants?q=pizza&limit=12&sort=rating,76,0,0
1777594900903,84,02 - GET /restaurants (search),200,OK,Virtual Users [300 threads] 1-172,text,true,,790,436,28,28,http://k8s-forkfind-forkfind-8e65d48af1-1990260306.us-east-1.elb.amazonaws.com/restaurants?q=pizza&limit=12&sort=rating,83,0,0
1777594900912,97,02 - GET /restaurants (search),200,OK,Virtual Users [300 threads] 1-201,text,true,,790,436,28,28,http://k8s-forkfind-forkfind-8e65d48af1-1990260306.us-east-1.elb.amazonaws.com/restaurants?q=pizza&limit=12&sort=rating,97,0,0
1777594896223,4786,01 - POST /auth/user/login,200,OK,Virtual Users [300 threads] 1-186,text,true,,406,363,28,28,http://k8s-forkfind-forkfind-8e65d48af1-1990260306.us-east-1.elb.amazonaws.com/auth/user/login,4786,0,77
1777594900922,132,03 - POST /restaurants/10/reviews,201,Created,Virtual Users [300 threads] 1-190,text,true,,571,573,29,29,http://k8s-forkfind-forkfind-8e65d48af1-1990260306.us-east-1.elb.amazonaws.com/restaurants/10/reviews,132,0,0
1777594900987,75,03 - POST /restaurants/10/reviews,201,Created,Virtual Users [300 threads] 1-172,text,true,,571,573,28,28,http://k8s-forkfind-forkfind-8e65d48af1-1990260306.us-east-1.elb.amazonaws.com/restaurants/10/reviews,75,0,0
1777594901011,80,02 - GET /restaurants (search),200,OK,Virtual Users [300 threads] 1-186,text,true,,790,436,27,27,http://k8s-forkfind-forkfind-8e65d48af1-1990260306.us-east-1.elb.amazonaws.com/restaurants?q=pizza&limit=12&sort=rating,80,0,0
1777594901010,138,03 - POST /restaurants/10/reviews,201,Created,Virtual Users [300 threads] 1-201,text,true,,571,573,27,27,http://k8s-forkfind-forkfind-8e65d48af1-1990260306.us-east-1.elb.amazonaws.com/restaurants/10/reviews,138,0,0
1777594901092,113,03 - POST /restaurants/10/reviews,201,Created,Virtual Users [300 threads] 1-186,text,true,,571,573,26,26,http://k8s-forkfind-forkfind-8e65d48af1-1990260306.us-east-1.elb.amazonaws.com/restaurants/10/reviews,113,0,0
1777594895621,5870,01 - POST /auth/user/login,200,OK,Virtual Users [300 threads] 1-183,text,true,,406,363,27,27,http://k8s-forkfind-forkfind-8e65d48af1-1990260306.us-east-1.elb.amazonaws.com/auth/user/login,5870,0,66
1777594897219,4301,01 - POST /auth/user/login,200,OK,Virtual Users [300 threads] 1-191,text,true,,406,363,27,27,http://k8s-forkfind-forkfind-8e65d48af1-1990260306.us-east-1.elb.amazonaws.com/auth/user/login,4301,0,66
1777594901492,71,02 - GET /restaurants (search),200,OK,Virtual Users [300 threads] 1-183,text,true,,790,436,27,27,http://k8s-forkfind-forkfind-8e65d48af1-1990260306.us-east-1.elb.amazonaws.com/restaurants?q=pizza&limit=12&sort=rating,71,0,0
1777594901521,99,02 - GET /restaurants (search),200,OK,Virtual Users [300 threads] 1-191,text,true,,790,436,27,27,http://k8s-forkfind-forkfind-8e65d48af1-1990260306.us-east-1.elb.amazonaws.com/restaurants?q=pizza&limit=12&sort=rating,99,0,0
1777594898220,3400,01 - POST /auth/user/login,200,OK,Virtual Users [300 threads] 1-196,text,true,,406,363,27,27,http://k8s-forkfind-forkfind-8e65d48af1-1990260306.us-east-1.elb.amazonaws.com/auth/user/login,3400,0,71
1777594901564,81,03 - POST /restaurants/10/reviews,201,Created,Virtual Users [300 threads] 1-183,text,true,,571,573,28,28,http://k8s-forkfind-forkfind-8e65d48af1-1990260306.us-east-1.elb.amazonaws.com/restaurants/10/reviews,81,0,0
1777594901622,89,02 - GET /restaurants (search),200,OK,Virtual Users [300 threads] 1-196,text,true,,790,436,27,27,http://k8s-forkfind-forkfind-8e65d48af1-1990260306.us-east-1.elb.amazonaws.com/restaurants?q=pizza&limit=12&sort=rating,89,0,0
1777594896021,5705,01 - POST /auth/user/login,200,OK,Virtual Users [300 threads] 1-185,text,true,,406,363,27,27,http://k8s-forkfind-forkfind-8e65d48af1-1990260306.us-east-1.elb.amazonaws.com/auth/user/login,5705,0,67
1777594901622,130,03 - POST /restaurants/10/reviews,201,Created,Virtual Users [300 threads] 1-191,text,true,,571,573,27,27,http://k8s-forkfind-forkfind-8e65d48af1-1990260306.us-east-1.elb.amazonaws.com/restaurants/10/reviews,130,0,0
1777594901712,86,03 - POST /restaurants/10/reviews,201,Created,Virtual Users [300 threads] 1-196,text,true,,571,573,26,26,http://k8s-forkfind-forkfind-8e65d48af1-1990260306.us-east-1.elb.amazonaws.com/restaurants/10/reviews,86,0,0
1777594901727,82,02 - GET /restaurants (search),200,OK,Virtual Users [300 threads] 1-185,text,true,,790,436,25,25,http://k8s-forkfind-forkfind-8e65d48af1-1990260306.us-east-1.elb.amazonaws.com/restaurants?q=pizza&limit=12&sort=rating,82,0,0
1777594896821,4996,01 - POST /auth/user/login,200,OK,Virtual Users [300 threads] 1-189,text,true,,406,363,25,25,http://k8s-forkfind-forkfind-8e65d48af1-1990260306.us-east-1.elb.amazonaws.com/auth/user/login,4996,0,65
1777594901810,101,03 - POST /restaurants/10/reviews,201,Created,Virtual Users [300 threads] 1-185,text,true,,571,573,26,26,http://k8s-forkfind-forkfind-8e65d48af1-1990260306.us-east-1.elb.amazonaws.com/restaurants/10/reviews,101,0,0
1777594901817,94,02 - GET /restaurants (search),200,OK,Virtual Users [300 threads] 1-189,text,true,,790,436,26,26,http://k8s-forkfind-forkfind-8e65d48af1-1990260306.us-east-1.elb.amazonaws.com/restaurants?q=pizza&limit=12&sort=rating,94,0,0
1777594901911,95,03 - POST /restaurants/10/reviews,201,Created,Virtual Users [300 threads] 1-189,text,true,,571,573,25,25,http://k8s-forkfind-forkfind-8e65d48af1-1990260306.us-east-1.elb.amazonaws.com/restaurants/10/reviews,95,0,0
1777594894222,8365,01 - POST /auth/user/login,200,OK,Virtual Users [300 threads] 1-176,text,true,,406,363,27,27,http://k8s-forkfind-forkfind-8e65d48af1-1990260306.us-east-1.elb.amazonaws.com/auth/user/login,8365,0,65
1777594902588,79,02 - GET /restaurants (search),200,OK,Virtual Users [300 threads] 1-176,text,true,,790,436,28,28,http://k8s-forkfind-forkfind-8e65d48af1-1990260306.us-east-1.elb.amazonaws.com/restaurants?q=pizza&limit=12&sort=rating,79,0,0
1777594902667,81,03 - POST /restaurants/10/reviews,201,Created,Virtual Users [300 threads] 1-176,text,true,,571,573,28,28,http://k8s-forkfind-forkfind-8e65d48af1-1990260306.us-east-1.elb.amazonaws.com/restaurants/10/reviews,81,0,0
1777594895822,7058,01 - POST /auth/user/login,200,OK,Virtual Users [300 threads] 1-184,text,true,,406,363,28,28,http://k8s-forkfind-forkfind-8e65d48af1-1990260306.us-east-1.elb.amazonaws.com/auth/user/login,7058,0,66
1777594901218,1689,01 - POST /auth/user/login,200,OK,Virtual Users [300 threads] 1-211,text,true,,406,363,28,28,http://k8s-forkfind-forkfind-8e65d48af1-1990260306.us-east-1.elb.amazonaws.com/auth/user/login,1689,0,68
1777594902881,72,02 - GET /restaurants (search),200,OK,Virtual Users [300 threads] 1-184,text,true,,790,436,28,28,http://k8s-forkfind-forkfind-8e65d48af1-1990260306.us-east-1.elb.amazonaws.com/restaurants?q=pizza&limit=12&sort=rating,72,0,0
1777594902908,78,02 - GET /restaurants (search),200,OK,Virtual Users [300 threads] 1-211,text,true,,790,436,28,28,http://k8s-forkfind-forkfind-8e65d48af1-1990260306.us-east-1.elb.amazonaws.com/restaurants?q=pizza&limit=12&sort=rating,78,0,0
1777594902953,93,03 - POST /restaurants/10/reviews,201,Created,Virtual Users [300 threads] 1-184,text,true,,571,573,29,29,http://k8s-forkfind-forkfind-8e65d48af1-1990260306.us-east-1.elb.amazonaws.com/restaurants/10/reviews,93,0,0
1777594902987,81,03 - POST /restaurants/10/reviews,201,Created,Virtual Users [300 threads] 1-211,text,true,,571,573,28,28,http://k8s-forkfind-forkfind-8e65d48af1-1990260306.us-east-1.elb.amazonaws.com/restaurants/10/reviews,81,0,0
1777594897622,5595,01 - POST /auth/user/login,200,OK,Virtual Users [300 threads] 1-193,text,true,,406,363,27,27,http://k8s-forkfind-forkfind-8e65d48af1-1990260306.us-east-1.elb.amazonaws.com/auth/user/login,5595,0,64
1777594903218,96,02 - GET /restaurants (search),200,OK,Virtual Users [300 threads] 1-193,text,true,,790,436,28,28,http://k8s-forkfind-forkfind-8e65d48af1-1990260306.us-east-1.elb.amazonaws.com/restaurants?q=pizza&limit=12&sort=rating,96,0,0
1777594898419,4913,01 - POST /auth/user/login,200,OK,Virtual Users [300 threads] 1-197,text,true,,406,363,28,28,http://k8s-forkfind-forkfind-8e65d48af1-1990260306.us-east-1.elb.amazonaws.com/auth/user/login,4913,0,64
1777594903333,95,02 - GET /restaurants (search),200,OK,Virtual Users [300 threads] 1-197,text,true,,790,436,29,29,http://k8s-forkfind-forkfind-8e65d48af1-1990260306.us-east-1.elb.amazonaws.com/restaurants?q=pizza&limit=12&sort=rating,95,0,0
1777594903314,136,03 - POST /restaurants/10/reviews,201,Created,Virtual Users [300 threads] 1-193,text,true,,571,573,29,29,http://k8s-forkfind-forkfind-8e65d48af1-1990260306.us-east-1.elb.amazonaws.com/restaurants/10/reviews,136,0,0
1777594903428,119,03 - POST /restaurants/10/reviews,201,Created,Virtual Users [300 threads] 1-197,text,true,,571,573,28,28,http://k8s-forkfind-forkfind-8e65d48af1-1990260306.us-east-1.elb.amazonaws.com/restaurants/10/reviews,118,0,0
1777594898622,5047,01 - POST /auth/user/login,200,OK,Virtual Users [300 threads] 1-198,text,true,,406,363,28,28,http://k8s-forkfind-forkfind-8e65d48af1-1990260306.us-east-1.elb.amazonaws.com/auth/user/login,5047,0,66
1777594903671,89,02 - GET /restaurants (search),200,OK,Virtual Users [300 threads] 1-198,text,true,,790,436,28,28,http://k8s-forkfind-forkfind-8e65d48af1-1990260306.us-east-1.elb.amazonaws.com/restaurants?q=pizza&limit=12&sort=rating,89,0,0
1777594903761,89,03 - POST /restaurants/10/reviews,201,Created,Virtual Users [300 threads] 1-198,text,true,,571,573,29,29,http://k8s-forkfind-forkfind-8e65d48af1-1990260306.us-east-1.elb.amazonaws.com/restaurants/10/reviews,89,0,0
1777594901822,2095,01 - POST /auth/user/login,200,OK,Virtual Users [300 threads] 1-214,text,true,,406,363,28,28,http://k8s-forkfind-forkfind-8e65d48af1-1990260306.us-east-1.elb.amazonaws.com/auth/user/login,2095,0,88
1777594903918,96,02 - GET /restaurants (search),200,OK,Virtual Users [300 threads] 1-214,text,true,,790,436,28,28,http://k8s-forkfind-forkfind-8e65d48af1-1990260306.us-east-1.elb.amazonaws.com/restaurants?q=pizza&limit=12&sort=rating,96,0,0
1777594898023,6100,01 - POST /auth/user/login,200,OK,Virtual Users [300 threads] 1-195,text,true,,406,363,29,29,http://k8s-forkfind-forkfind-8e65d48af1-1990260306.us-east-1.elb.amazonaws.com/auth/user/login,6100,0,65
1777594904015,139,03 - POST /restaurants/10/reviews,201,Created,Virtual Users [300 threads] 1-214,text,true,,571,573,29,29,http://k8s-forkfind-forkfind-8e65d48af1-1990260306.us-east-1.elb.amazonaws.com/restaurants/10/reviews,139,0,0
1777594899821,4354,01 - POST /auth/user/login,200,OK,Virtual Users [300 threads] 1-204,text,true,,406,363,28,28,http://k8s-forkfind-forkfind-8e65d48af1-1990260306.us-east-1.elb.amazonaws.com/auth/user/login,4354,0,65
1777594904125,83,02 - GET /restaurants (search),200,OK,Virtual Users [300 threads] 1-195,text,true,,790,436,28,28,http://k8s-forkfind-forkfind-8e65d48af1-1990260306.us-east-1.elb.amazonaws.com/restaurants?q=pizza&limit=12&sort=rating,83,0,0
1777594904176,163,02 - GET /restaurants (search),200,OK,Virtual Users [300 threads] 1-204,text,true,,790,436,29,29,http://k8s-forkfind-forkfind-8e65d48af1-1990260306.us-east-1.elb.amazonaws.com/restaurants?q=pizza&limit=12&sort=rating,163,0,0
1777594904211,152,03 - POST /restaurants/10/reviews,201,Created,Virtual Users [300 threads] 1-195,text,true,,571,573,29,29,http://k8s-forkfind-forkfind-8e65d48af1-1990260306.us-east-1.elb.amazonaws.com/restaurants/10/reviews,152,0,0
1777594904339,168,03 - POST /restaurants/10/reviews,201,Created,Virtual Users [300 threads] 1-204,text,true,,571,573,29,29,http://k8s-forkfind-forkfind-8e65d48af1-1990260306.us-east-1.elb.amazonaws.com/restaurants/10/reviews,168,0,0
1777594899622,4892,01 - POST /auth/user/login,200,OK,Virtual Users [300 threads] 1-203,text,true,,406,363,28,28,http://k8s-forkfind-forkfind-8e65d48af1-1990260306.us-east-1.elb.amazonaws.com/auth/user/login,4892,0,81
1777594904515,99,02 - GET /restaurants (search),200,OK,Virtual Users [300 threads] 1-203,text,true,,790,436,28,28,http://k8s-forkfind-forkfind-8e65d48af1-1990260306.us-east-1.elb.amazonaws.com/restaurants?q=pizza&limit=12&sort=rating,99,0,0
1777594900420,4210,01 - POST /auth/user/login,200,OK,Virtual Users [300 threads] 1-207,text,true,,406,363,29,29,http://k8s-forkfind-forkfind-8e65d48af1-1990260306.us-east-1.elb.amazonaws.com/auth/user/login,4210,0,65
1777594904632,93,02 - GET /restaurants (search),200,OK,Virtual Users [300 threads] 1-207,text,true,,790,436,29,29,http://k8s-forkfind-forkfind-8e65d48af1-1990260306.us-east-1.elb.amazonaws.com/restaurants?q=pizza&limit=12&sort=rating,93,0,0
1777594904615,136,03 - POST /restaurants/10/reviews,201,Created,Virtual Users [300 threads] 1-203,text,true,,571,573,29,29,http://k8s-forkfind-forkfind-8e65d48af1-1990260306.us-east-1.elb.amazonaws.com/restaurants/10/reviews,136,0,0
1777594898822,5928,01 - POST /auth/user/login,200,OK,Virtual Users [300 threads] 1-199,text,true,,406,363,29,29,http://k8s-forkfind-forkfind-8e65d48af1-1990260306.us-east-1.elb.amazonaws.com/auth/user/login,5928,0,65
1777594904726,111,03 - POST /restaurants/10/reviews,201,Created,Virtual Users [300 threads] 1-207,text,true,,571,573,29,29,http://k8s-forkfind-forkfind-8e65d48af1-1990260306.us-east-1.elb.amazonaws.com/restaurants/10/reviews,111,0,0
1777594904751,156,02 - GET /restaurants (search),200,OK,Virtual Users [300 threads] 1-199,text,true,,790,436,28,28,http://k8s-forkfind-forkfind-8e65d48af1-1990260306.us-east-1.elb.amazonaws.com/restaurants?q=pizza&limit=12&sort=rating,156,0,0
1777594900620,4303,01 - POST /auth/user/login,200,OK,Virtual Users [300 threads] 1-208,text,true,,406,363,28,28,http://k8s-forkfind-forkfind-8e65d48af1-1990260306.us-east-1.elb.amazonaws.com/auth/user/login,4303,0,73
1777594904925,101,02 - GET /restaurants (search),200,OK,Virtual Users [300 threads] 1-208,text,true,,790,436,29,29,http://k8s-forkfind-forkfind-8e65d48af1-1990260306.us-east-1.elb.amazonaws.com/restaurants?q=pizza&limit=12&sort=rating,101,0,0
1777594904908,143,03 - POST /restaurants/10/reviews,201,Created,Virtual Users [300 threads] 1-199,text,true,,571,573,29,29,http://k8s-forkfind-forkfind-8e65d48af1-1990260306.us-east-1.elb.amazonaws.com/restaurants/10/reviews,143,0,0
1777594896622,8485,01 - POST /auth/user/login,200,OK,Virtual Users [300 threads] 1-188,text,true,,406,363,28,28,http://k8s-forkfind-forkfind-8e65d48af1-1990260306.us-east-1.elb.amazonaws.com/auth/user/login,8485,0,66
1777594905027,124,03 - POST /restaurants/10/reviews,201,Created,Virtual Users [300 threads] 1-208,text,true,,571,573,28,28,http://k8s-forkfind-forkfind-8e65d48af1-1990260306.us-east-1.elb.amazonaws.com/restaurants/10/reviews,124,0,0
1777594901422,3764,01 - POST /auth/user/login,200,OK,Virtual Users [300 threads] 1-212,text,true,,406,363,27,27,http://k8s-forkfind-forkfind-8e65d48af1-1990260306.us-east-1.elb.amazonaws.com/auth/user/login,3764,0,65
1777594901023,4197,01 - POST /auth/user/login,200,OK,Virtual Users [300 threads] 1-210,text,true,,406,363,28,28,http://k8s-forkfind-forkfind-8e65d48af1-1990260306.us-east-1.elb.amazonaws.com/auth/user/login,4197,0,73
1777594905108,125,02 - GET /restaurants (search),200,OK,Virtual Users [300 threads] 1-188,text,true,,790,436,28,28,http://k8s-forkfind-forkfind-8e65d48af1-1990260306.us-east-1.elb.amazonaws.com/restaurants?q=pizza&limit=12&sort=rating,125,0,0
1777594905187,139,02 - GET /restaurants (search),200,OK,Virtual Users [300 threads] 1-212,text,true,,790,436,28,28,http://k8s-forkfind-forkfind-8e65d48af1-1990260306.us-east-1.elb.amazonaws.com/restaurants?q=pizza&limit=12&sort=rating,139,0,0
1777594905221,120,02 - GET /restaurants (search),200,OK,Virtual Users [300 threads] 1-210,text,true,,790,436,28,28,http://k8s-forkfind-forkfind-8e65d48af1-1990260306.us-east-1.elb.amazonaws.com/restaurants?q=pizza&limit=12&sort=rating,120,0,0
1777594899418,5923,01 - POST /auth/user/login,200,OK,Virtual Users [300 threads] 1-202,text,true,,406,363,28,28,http://k8s-forkfind-forkfind-8e65d48af1-1990260306.us-east-1.elb.amazonaws.com/auth/user/login,5923,0,77
1777594905233,203,03 - POST /restaurants/10/reviews,201,Created,Virtual Users [300 threads] 1-188,text,true,,571,573,29,29,http://k8s-forkfind-forkfind-8e65d48af1-1990260306.us-east-1.elb.amazonaws.com/restaurants/10/reviews,203,0,0
1777594905328,108,03 - POST /restaurants/10/reviews,201,Created,Virtual Users [300 threads] 1-212,text,true,,571,573,29,29,http://k8s-forkfind-forkfind-8e65d48af1-1990260306.us-east-1.elb.amazonaws.com/restaurants/10/reviews,108,0,0
1777594905342,118,02 - GET /restaurants (search),200,OK,Virtual Users [300 threads] 1-202,text,true,,790,436,27,27,http://k8s-forkfind-forkfind-8e65d48af1-1990260306.us-east-1.elb.amazonaws.com/restaurants?q=pizza&limit=12&sort=rating,118,0,0
1777594905342,156,03 - POST /restaurants/10/reviews,201,Created,Virtual Users [300 threads] 1-210,text,true,,571,573,27,27,http://k8s-forkfind-forkfind-8e65d48af1-1990260306.us-east-1.elb.amazonaws.com/restaurants/10/reviews,156,0,0
1777594905460,83,03 - POST /restaurants/10/reviews,201,Created,Virtual Users [300 threads] 1-202,text,true,,571,573,26,26,http://k8s-forkfind-forkfind-8e65d48af1-1990260306.us-east-1.elb.amazonaws.com/restaurants/10/reviews,83,0,0
1777594902017,3912,01 - POST /auth/user/login,200,OK,Virtual Users [300 threads] 1-215,text,true,,406,363,27,27,http://k8s-forkfind-forkfind-8e65d48af1-1990260306.us-east-1.elb.amazonaws.com/auth/user/login,3912,0,82
1777594905930,82,02 - GET /restaurants (search),200,OK,Virtual Users [300 threads] 1-215,text,true,,790,436,27,27,http://k8s-forkfind-forkfind-8e65d48af1-1990260306.us-east-1.elb.amazonaws.com/restaurants?q=pizza&limit=12&sort=rating,82,0,0
1777594906012,100,03 - POST /restaurants/10/reviews,201,Created,Virtual Users [300 threads] 1-215,text,true,,571,573,28,28,http://k8s-forkfind-forkfind-8e65d48af1-1990260306.us-east-1.elb.amazonaws.com/restaurants/10/reviews,100,0,0
1777594900220,6378,01 - POST /auth/user/login,200,OK,Virtual Users [300 threads] 1-206,text,true,,406,363,29,29,http://k8s-forkfind-forkfind-8e65d48af1-1990260306.us-east-1.elb.amazonaws.com/auth/user/login,6378,0,67
1777594906599,72,02 - GET /restaurants (search),200,OK,Virtual Users [300 threads] 1-206,text,true,,790,436,30,30,http://k8s-forkfind-forkfind-8e65d48af1-1990260306.us-east-1.elb.amazonaws.com/restaurants?q=pizza&limit=12&sort=rating,72,0,0
1777594906671,77,03 - POST /restaurants/10/reviews,201,Created,Virtual Users [300 threads] 1-206,text,true,,571,573,30,30,http://k8s-forkfind-forkfind-8e65d48af1-1990260306.us-east-1.elb.amazonaws.com/restaurants/10/reviews,77,0,0
1777594897423,9368,01 - POST /auth/user/login,200,OK,Virtual Users [300 threads] 1-192,text,true,,406,363,29,29,http://k8s-forkfind-forkfind-8e65d48af1-1990260306.us-east-1.elb.amazonaws.com/auth/user/login,9368,0,68
1777594906793,75,02 - GET /restaurants (search),200,OK,Virtual Users [300 threads] 1-192,text,true,,790,436,30,30,http://k8s-forkfind-forkfind-8e65d48af1-1990260306.us-east-1.elb.amazonaws.com/restaurants?q=pizza&limit=12&sort=rating,75,0,0
1777594906868,79,03 - POST /restaurants/10/reviews,201,Created,Virtual Users [300 threads] 1-192,text,true,,571,573,30,30,http://k8s-forkfind-forkfind-8e65d48af1-1990260306.us-east-1.elb.amazonaws.com/restaurants/10/reviews,79,0,0
1777594902622,4603,01 - POST /auth/user/login,200,OK,Virtual Users [300 threads] 1-218,text,true,,406,363,31,31,http://k8s-forkfind-forkfind-8e65d48af1-1990260306.us-east-1.elb.amazonaws.com/auth/user/login,4603,0,67
1777594907226,75,02 - GET /restaurants (search),200,OK,Virtual Users [300 threads] 1-218,text,true,,790,436,31,31,http://k8s-forkfind-forkfind-8e65d48af1-1990260306.us-east-1.elb.amazonaws.com/restaurants?q=pizza&limit=12&sort=rating,75,0,0
1777594897818,9563,01 - POST /auth/user/login,200,OK,Virtual Users [300 threads] 1-194,text,true,,406,363,31,31,http://k8s-forkfind-forkfind-8e65d48af1-1990260306.us-east-1.elb.amazonaws.com/auth/user/login,9563,0,71
1777594907301,97,03 - POST /restaurants/10/reviews,201,Created,Virtual Users [300 threads] 1-218,text,true,,571,573,31,31,http://k8s-forkfind-forkfind-8e65d48af1-1990260306.us-east-1.elb.amazonaws.com/restaurants/10/reviews,97,0,0
1777594907382,79,02 - GET /restaurants (search),200,OK,Virtual Users [300 threads] 1-194,text,true,,790,436,31,31,http://k8s-forkfind-forkfind-8e65d48af1-1990260306.us-east-1.elb.amazonaws.com/restaurants?q=pizza&limit=12&sort=rating,79,0,0
1777594907462,87,03 - POST /restaurants/10/reviews,201,Created,Virtual Users [300 threads] 1-194,text,true,,571,573,31,31,http://k8s-forkfind-forkfind-8e65d48af1-1990260306.us-east-1.elb.amazonaws.com/restaurants/10/reviews,87,0,0
1777594904622,3091,01 - POST /auth/user/login,200,OK,Virtual Users [300 threads] 1-228,text,true,,406,363,31,31,http://k8s-forkfind-forkfind-8e65d48af1-1990260306.us-east-1.elb.amazonaws.com/auth/user/login,3091,0,67
1777594901622,6100,01 - POST /auth/user/login,200,OK,Virtual Users [300 threads] 1-213,text,true,,406,363,31,31,http://k8s-forkfind-forkfind-8e65d48af1-1990260306.us-east-1.elb.amazonaws.com/auth/user/login,6100,0,68
1777594907714,86,02 - GET /restaurants (search),200,OK,Virtual Users [300 threads] 1-228,text,true,,790,436,31,31,http://k8s-forkfind-forkfind-8e65d48af1-1990260306.us-east-1.elb.amazonaws.com/restaurants?q=pizza&limit=12&sort=rating,86,0,0
1777594907723,81,02 - GET /restaurants (search),200,OK,Virtual Users [300 threads] 1-213,text,true,,790,436,31,31,http://k8s-forkfind-forkfind-8e65d48af1-1990260306.us-east-1.elb.amazonaws.com/restaurants?q=pizza&limit=12&sort=rating,81,0,0
1777594902418,5393,01 - POST /auth/user/login,200,OK,Virtual Users [300 threads] 1-217,text,true,,406,363,31,31,http://k8s-forkfind-forkfind-8e65d48af1-1990260306.us-east-1.elb.amazonaws.com/auth/user/login,5393,0,66
1777594903621,4248,01 - POST /auth/user/login,200,OK,Virtual Users [300 threads] 1-223,text,true,,406,363,32,32,http://k8s-forkfind-forkfind-8e65d48af1-1990260306.us-east-1.elb.amazonaws.com/auth/user/login,4248,0,65
1777594907812,85,02 - GET /restaurants (search),200,OK,Virtual Users [300 threads] 1-217,text,true,,790,436,32,32,http://k8s-forkfind-forkfind-8e65d48af1-1990260306.us-east-1.elb.amazonaws.com/restaurants?q=pizza&limit=12&sort=rating,85,0,0
1777594907870,71,02 - GET /restaurants (search),200,OK,Virtual Users [300 threads] 1-223,text,true,,790,436,32,32,http://k8s-forkfind-forkfind-8e65d48af1-1990260306.us-east-1.elb.amazonaws.com/restaurants?q=pizza&limit=12&sort=rating,71,0,0
1777594907800,144,03 - POST /restaurants/10/reviews,201,Created,Virtual Users [300 threads] 1-228,text,true,,571,573,32,32,http://k8s-forkfind-forkfind-8e65d48af1-1990260306.us-east-1.elb.amazonaws.com/restaurants/10/reviews,144,0,0
1777594907805,142,03 - POST /restaurants/10/reviews,201,Created,Virtual Users [300 threads] 1-213,text,true,,571,573,31,31,http://k8s-forkfind-forkfind-8e65d48af1-1990260306.us-east-1.elb.amazonaws.com/restaurants/10/reviews,142,0,0
1777594907897,136,03 - POST /restaurants/10/reviews,201,Created,Virtual Users [300 threads] 1-217,text,true,,571,573,31,31,http://k8s-forkfind-forkfind-8e65d48af1-1990260306.us-east-1.elb.amazonaws.com/restaurants/10/reviews,136,0,0
1777594903419,4614,01 - POST /auth/user/login,200,OK,Virtual Users [300 threads] 1-222,text,true,,406,363,31,31,http://k8s-forkfind-forkfind-8e65d48af1-1990260306.us-east-1.elb.amazonaws.com/auth/user/login,4614,0,69
1777594907942,171,03 - POST /restaurants/10/reviews,201,Created,Virtual Users [300 threads] 1-223,text,true,,571,573,30,30,http://k8s-forkfind-forkfind-8e65d48af1-1990260306.us-east-1.elb.amazonaws.com/restaurants/10/reviews,171,0,0
1777594908034,79,02 - GET /restaurants (search),200,OK,Virtual Users [300 threads] 1-222,text,true,,790,436,30,30,http://k8s-forkfind-forkfind-8e65d48af1-1990260306.us-east-1.elb.amazonaws.com/restaurants?q=pizza&limit=12&sort=rating,79,0,0
1777594908114,132,03 - POST /restaurants/10/reviews,201,Created,Virtual Users [300 threads] 1-222,text,true,,571,573,30,30,http://k8s-forkfind-forkfind-8e65d48af1-1990260306.us-east-1.elb.amazonaws.com/restaurants/10/reviews,132,0,0
1777594905422,2991,01 - POST /auth/user/login,200,OK,Virtual Users [300 threads] 1-232,text,true,,406,363,29,29,http://k8s-forkfind-forkfind-8e65d48af1-1990260306.us-east-1.elb.amazonaws.com/auth/user/login,2991,0,70
1777594903021,5394,01 - POST /auth/user/login,200,OK,Virtual Users [300 threads] 1-220,text,true,,406,363,29,29,http://k8s-forkfind-forkfind-8e65d48af1-1990260306.us-east-1.elb.amazonaws.com/auth/user/login,5394,0,65
1777594908416,84,02 - GET /restaurants (search),200,OK,Virtual Users [300 threads] 1-220,text,true,,790,436,30,30,http://k8s-forkfind-forkfind-8e65d48af1-1990260306.us-east-1.elb.amazonaws.com/restaurants?q=pizza&limit=12&sort=rating,84,0,0
1777594908414,94,02 - GET /restaurants (search),200,OK,Virtual Users [300 threads] 1-232,text,true,,790,436,30,30,http://k8s-forkfind-forkfind-8e65d48af1-1990260306.us-east-1.elb.amazonaws.com/restaurants?q=pizza&limit=12&sort=rating,94,0,0
1777594908508,101,03 - POST /restaurants/10/reviews,201,Created,Virtual Users [300 threads] 1-232,text,true,,571,573,30,30,http://k8s-forkfind-forkfind-8e65d48af1-1990260306.us-east-1.elb.amazonaws.com/restaurants/10/reviews,100,0,0
1777594908501,108,03 - POST /restaurants/10/reviews,201,Created,Virtual Users [300 threads] 1-220,text,true,,571,573,30,30,http://k8s-forkfind-forkfind-8e65d48af1-1990260306.us-east-1.elb.amazonaws.com/restaurants/10/reviews,107,0,0
1777594904417,4671,01 - POST /auth/user/login,200,OK,Virtual Users [300 threads] 1-227,text,true,,406,363,31,31,http://k8s-forkfind-forkfind-8e65d48af1-1990260306.us-east-1.elb.amazonaws.com/auth/user/login,4671,0,65
1777594909089,75,02 - GET /restaurants (search),200,OK,Virtual Users [300 threads] 1-227,text,true,,790,436,31,31,http://k8s-forkfind-forkfind-8e65d48af1-1990260306.us-east-1.elb.amazonaws.com/restaurants?q=pizza&limit=12&sort=rating,75,0,0
1777594909165,85,03 - POST /restaurants/10/reviews,201,Created,Virtual Users [300 threads] 1-227,text,true,,571,573,32,32,http://k8s-forkfind-forkfind-8e65d48af1-1990260306.us-east-1.elb.amazonaws.com/restaurants/10/reviews,85,0,0
1777594903821,5480,01 - POST /auth/user/login,200,OK,Virtual Users [300 threads] 1-224,text,true,,406,363,31,31,http://k8s-forkfind-forkfind-8e65d48af1-1990260306.us-east-1.elb.amazonaws.com/auth/user/login,5480,0,65
1777594899023,10356,01 - POST /auth/user/login,200,OK,Virtual Users [300 threads] 1-200,text,true,,406,363,31,31,http://k8s-forkfind-forkfind-8e65d48af1-1990260306.us-east-1.elb.amazonaws.com/auth/user/login,10356,0,65
1777594904217,5167,01 - POST /auth/user/login,200,OK,Virtual Users [300 threads] 1-226,text,true,,406,363,31,31,http://k8s-forkfind-forkfind-8e65d48af1-1990260306.us-east-1.elb.amazonaws.com/auth/user/login,5167,0,70
1777594909303,84,02 - GET /restaurants (search),200,OK,Virtual Users [300 threads] 1-224,text,true,,790,436,31,31,http://k8s-forkfind-forkfind-8e65d48af1-1990260306.us-east-1.elb.amazonaws.com/restaurants?q=pizza&limit=12&sort=rating,84,0,0
1777594909381,74,02 - GET /restaurants (search),200,OK,Virtual Users [300 threads] 1-200,text,true,,790,436,32,32,http://k8s-forkfind-forkfind-8e65d48af1-1990260306.us-east-1.elb.amazonaws.com/restaurants?q=pizza&limit=12&sort=rating,74,0,0
1777594909387,74,02 - GET /restaurants (search),200,OK,Virtual Users [300 threads] 1-226,text,true,,790,436,32,32,http://k8s-forkfind-forkfind-8e65d48af1-1990260306.us-east-1.elb.amazonaws.com/restaurants?q=pizza&limit=12&sort=rating,74,0,0
1777594909387,160,03 - POST /restaurants/10/reviews,201,Created,Virtual Users [300 threads] 1-224,text,true,,571,573,32,32,http://k8s-forkfind-forkfind-8e65d48af1-1990260306.us-east-1.elb.amazonaws.com/restaurants/10/reviews,159,0,0
1777594909456,92,03 - POST /restaurants/10/reviews,201,Created,Virtual Users [300 threads] 1-200,text,true,,570,573,31,31,http://k8s-forkfind-forkfind-8e65d48af1-1990260306.us-east-1.elb.amazonaws.com/restaurants/10/reviews,92,0,0
1777594909461,91,03 - POST /restaurants/10/reviews,201,Created,Virtual Users [300 threads] 1-226,text,true,,570,573,30,30,http://k8s-forkfind-forkfind-8e65d48af1-1990260306.us-east-1.elb.amazonaws.com/restaurants/10/reviews,91,0,0
1777594902822,6774,01 - POST /auth/user/login,200,OK,Virtual Users [300 threads] 1-219,text,true,,406,363,29,29,http://k8s-forkfind-forkfind-8e65d48af1-1990260306.us-east-1.elb.amazonaws.com/auth/user/login,6774,0,65
1777594907422,2187,01 - POST /auth/user/login,200,OK,Virtual Users [300 threads] 1-242,text,true,,406,363,29,29,http://k8s-forkfind-forkfind-8e65d48af1-1990260306.us-east-1.elb.amazonaws.com/auth/user/login,2187,0,64
1777594909597,71,02 - GET /restaurants (search),200,OK,Virtual Users [300 threads] 1-219,text,true,,790,436,30,30,http://k8s-forkfind-forkfind-8e65d48af1-1990260306.us-east-1.elb.amazonaws.com/restaurants?q=pizza&limit=12&sort=rating,71,0,0
1777594909609,74,02 - GET /restaurants (search),200,OK,Virtual Users [300 threads] 1-242,text,true,,790,436,30,30,http://k8s-forkfind-forkfind-8e65d48af1-1990260306.us-east-1.elb.amazonaws.com/restaurants?q=pizza&limit=12&sort=rating,74,0,0
1777594909669,77,03 - POST /restaurants/10/reviews,201,Created,Virtual Users [300 threads] 1-219,text,true,,570,573,30,30,http://k8s-forkfind-forkfind-8e65d48af1-1990260306.us-east-1.elb.amazonaws.com/restaurants/10/reviews,77,0,0
1777594909684,120,03 - POST /restaurants/10/reviews,201,Created,Virtual Users [300 threads] 1-242,text,true,,570,573,29,29,http://k8s-forkfind-forkfind-8e65d48af1-1990260306.us-east-1.elb.amazonaws.com/restaurants/10/reviews,120,0,0
1777594900821,9063,01 - POST /auth/user/login,200,OK,Virtual Users [300 threads] 1-209,text,true,,406,363,29,29,http://k8s-forkfind-forkfind-8e65d48af1-1990260306.us-east-1.elb.amazonaws.com/auth/user/login,9063,0,80
1777594904022,5895,01 - POST /auth/user/login,200,OK,Virtual Users [300 threads] 1-225,text,true,,406,363,29,29,http://k8s-forkfind-forkfind-8e65d48af1-1990260306.us-east-1.elb.amazonaws.com/auth/user/login,5895,0,66
1777594909885,84,02 - GET /restaurants (search),200,OK,Virtual Users [300 threads] 1-209,text,true,,790,436,29,29,http://k8s-forkfind-forkfind-8e65d48af1-1990260306.us-east-1.elb.amazonaws.com/restaurants?q=pizza&limit=12&sort=rating,84,0,0
1777594909918,80,02 - GET /restaurants (search),200,OK,Virtual Users [300 threads] 1-225,text,true,,790,436,29,29,http://k8s-forkfind-forkfind-8e65d48af1-1990260306.us-east-1.elb.amazonaws.com/restaurants?q=pizza&limit=12&sort=rating,80,0,0
1777594909969,86,03 - POST /restaurants/10/reviews,201,Created,Virtual Users [300 threads] 1-209,text,true,,570,573,30,30,http://k8s-forkfind-forkfind-8e65d48af1-1990260306.us-east-1.elb.amazonaws.com/restaurants/10/reviews,86,0,0
1777594909998,112,03 - POST /restaurants/10/reviews,201,Created,Virtual Users [300 threads] 1-225,text,true,,570,573,29,29,http://k8s-forkfind-forkfind-8e65d48af1-1990260306.us-east-1.elb.amazonaws.com/restaurants/10/reviews,112,0,0
1777594905218,5102,01 - POST /auth/user/login,200,OK,Virtual Users [300 threads] 1-231,text,true,,406,363,29,29,http://k8s-forkfind-forkfind-8e65d48af1-1990260306.us-east-1.elb.amazonaws.com/auth/user/login,5102,0,66
1777594910321,87,02 - GET /restaurants (search),200,OK,Virtual Users [300 threads] 1-231,text,true,,790,436,29,29,http://k8s-forkfind-forkfind-8e65d48af1-1990260306.us-east-1.elb.amazonaws.com/restaurants?q=pizza&limit=12&sort=rating,87,0,0
1777594906621,3787,01 - POST /auth/user/login,200,OK,Virtual Users [300 threads] 1-238,text,true,,406,363,29,29,http://k8s-forkfind-forkfind-8e65d48af1-1990260306.us-east-1.elb.amazonaws.com/auth/user/login,3787,0,65
1777594910409,80,02 - GET /restaurants (search),200,OK,Virtual Users [300 threads] 1-238,text,true,,790,436,30,30,http://k8s-forkfind-forkfind-8e65d48af1-1990260306.us-east-1.elb.amazonaws.com/restaurants?q=pizza&limit=12&sort=rating,80,0,0
1777594910409,153,03 - POST /restaurants/10/reviews,201,Created,Virtual Users [300 threads] 1-231,text,true,,570,573,30,30,http://k8s-forkfind-forkfind-8e65d48af1-1990260306.us-east-1.elb.amazonaws.com/restaurants/10/reviews,153,0,0
1777594900021,10557,01 - POST /auth/user/login,200,OK,Virtual Users [300 threads] 1-205,text,true,,406,363,29,29,http://k8s-forkfind-forkfind-8e65d48af1-1990260306.us-east-1.elb.amazonaws.com/auth/user/login,10557,0,66
1777594910490,109,03 - POST /restaurants/10/reviews,201,Created,Virtual Users [300 threads] 1-238,text,true,,570,573,29,29,http://k8s-forkfind-forkfind-8e65d48af1-1990260306.us-east-1.elb.amazonaws.com/restaurants/10/reviews,109,0,0
1777594910579,72,02 - GET /restaurants (search),200,OK,Virtual Users [300 threads] 1-205,text,true,,790,436,29,29,http://k8s-forkfind-forkfind-8e65d48af1-1990260306.us-east-1.elb.amazonaws.com/restaurants?q=pizza&limit=12&sort=rating,72,0,0
1777594905023,5679,01 - POST /auth/user/login,200,OK,Virtual Users [300 threads] 1-230,text,true,,406,363,29,29,http://k8s-forkfind-forkfind-8e65d48af1-1990260306.us-east-1.elb.amazonaws.com/auth/user/login,5678,0,66
1777594910652,95,03 - POST /restaurants/10/reviews,201,Created,Virtual Users [300 threads] 1-205,text,true,,570,573,29,29,http://k8s-forkfind-forkfind-8e65d48af1-1990260306.us-east-1.elb.amazonaws.com/restaurants/10/reviews,95,0,0
1777594910703,88,02 - GET /restaurants (search),200,OK,Virtual Users [300 threads] 1-230,text,true,,790,436,28,28,http://k8s-forkfind-forkfind-8e65d48af1-1990260306.us-east-1.elb.amazonaws.com/restaurants?q=pizza&limit=12&sort=rating,88,0,0
1777594904822,6115,01 - POST /auth/user/login,200,OK,Virtual Users [300 threads] 1-229,text,true,,406,363,29,29,http://k8s-forkfind-forkfind-8e65d48af1-1990260306.us-east-1.elb.amazonaws.com/auth/user/login,6115,0,68
1777594905622,5315,01 - POST /auth/user/login,200,OK,Virtual Users [300 threads] 1-233,text,true,,406,363,29,29,http://k8s-forkfind-forkfind-8e65d48af1-1990260306.us-east-1.elb.amazonaws.com/auth/user/login,5315,0,66
1777594910792,163,03 - POST /restaurants/10/reviews,201,Created,Virtual Users [300 threads] 1-230,text,true,,570,573,29,29,http://k8s-forkfind-forkfind-8e65d48af1-1990260306.us-east-1.elb.amazonaws.com/restaurants/10/reviews,163,0,0
1777594908021,2989,01 - POST /auth/user/login,200,OK,Virtual Users [300 threads] 1-245,text,true,,406,363,28,28,http://k8s-forkfind-forkfind-8e65d48af1-1990260306.us-east-1.elb.amazonaws.com/auth/user/login,2989,0,92
1777594910938,82,02 - GET /restaurants (search),200,OK,Virtual Users [300 threads] 1-229,text,true,,790,436,29,29,http://k8s-forkfind-forkfind-8e65d48af1-1990260306.us-east-1.elb.amazonaws.com/restaurants?q=pizza&limit=12&sort=rating,82,0,0
1777594910938,83,02 - GET /restaurants (search),200,OK,Virtual Users [300 threads] 1-233,text,true,,790,436,29,29,http://k8s-forkfind-forkfind-8e65d48af1-1990260306.us-east-1.elb.amazonaws.com/restaurants?q=pizza&limit=12&sort=rating,82,0,0
1777594911011,98,02 - GET /restaurants (search),200,OK,Virtual Users [300 threads] 1-245,text,true,,790,436,29,29,http://k8s-forkfind-forkfind-8e65d48af1-1990260306.us-east-1.elb.amazonaws.com/restaurants?q=pizza&limit=12&sort=rating,98,0,0
1777594911021,128,03 - POST /restaurants/10/reviews,201,Created,Virtual Users [300 threads] 1-229,text,true,,570,573,29,29,http://k8s-forkfind-forkfind-8e65d48af1-1990260306.us-east-1.elb.amazonaws.com/restaurants/10/reviews,128,0,0
1777594911021,128,03 - POST /restaurants/10/reviews,201,Created,Virtual Users [300 threads] 1-233,text,true,,570,573,29,29,http://k8s-forkfind-forkfind-8e65d48af1-1990260306.us-east-1.elb.amazonaws.com/restaurants/10/reviews,128,0,0
1777594911110,149,03 - POST /restaurants/10/reviews,201,Created,Virtual Users [300 threads] 1-245,text,true,,570,573,28,28,http://k8s-forkfind-forkfind-8e65d48af1-1990260306.us-east-1.elb.amazonaws.com/restaurants/10/reviews,149,0,0
1777594906823,4984,01 - POST /auth/user/login,200,OK,Virtual Users [300 threads] 1-239,text,true,,406,363,29,29,http://k8s-forkfind-forkfind-8e65d48af1-1990260306.us-east-1.elb.amazonaws.com/auth/user/login,4984,0,65
1777594902222,9665,01 - POST /auth/user/login,200,OK,Virtual Users [300 threads] 1-216,text,true,,406,363,30,30,http://k8s-forkfind-forkfind-8e65d48af1-1990260306.us-east-1.elb.amazonaws.com/auth/user/login,9665,0,67
1777594911808,83,02 - GET /restaurants (search),200,OK,Virtual Users [300 threads] 1-239,text,true,,790,436,30,30,http://k8s-forkfind-forkfind-8e65d48af1-1990260306.us-east-1.elb.amazonaws.com/restaurants?q=pizza&limit=12&sort=rating,83,0,0
1777594911888,75,02 - GET /restaurants (search),200,OK,Virtual Users [300 threads] 1-216,text,true,,790,436,30,30,http://k8s-forkfind-forkfind-8e65d48af1-1990260306.us-east-1.elb.amazonaws.com/restaurants?q=pizza&limit=12&sort=rating,75,0,0
1777594911891,85,03 - POST /restaurants/10/reviews,201,Created,Virtual Users [300 threads] 1-239,text,true,,570,573,30,30,http://k8s-forkfind-forkfind-8e65d48af1-1990260306.us-east-1.elb.amazonaws.com/restaurants/10/reviews,85,0,0
1777594906017,5969,01 - POST /auth/user/login,200,OK,Virtual Users [300 threads] 1-235,text,true,,406,363,29,29,http://k8s-forkfind-forkfind-8e65d48af1-1990260306.us-east-1.elb.amazonaws.com/auth/user/login,5969,0,71
1777594911964,82,03 - POST /restaurants/10/reviews,201,Created,Virtual Users [300 threads] 1-216,text,true,,570,573,30,30,http://k8s-forkfind-forkfind-8e65d48af1-1990260306.us-east-1.elb.amazonaws.com/restaurants/10/reviews,82,0,0
1777594911987,74,02 - GET /restaurants (search),200,OK,Virtual Users [300 threads] 1-235,text,true,,790,436,29,29,http://k8s-forkfind-forkfind-8e65d48af1-1990260306.us-east-1.elb.amazonaws.com/restaurants?q=pizza&limit=12&sort=rating,74,0,0
1777594912061,84,03 - POST /restaurants/10/reviews,201,Created,Virtual Users [300 threads] 1-235,text,true,,571,573,29,29,http://k8s-forkfind-forkfind-8e65d48af1-1990260306.us-east-1.elb.amazonaws.com/restaurants/10/reviews,84,0,0
1777594906418,5788,01 - POST /auth/user/login,200,OK,Virtual Users [300 threads] 1-237,text,true,,406,363,28,28,http://k8s-forkfind-forkfind-8e65d48af1-1990260306.us-east-1.elb.amazonaws.com/auth/user/login,5787,0,66
1777594912206,79,02 - GET /restaurants (search),200,OK,Virtual Users [300 threads] 1-237,text,true,,790,436,29,29,http://k8s-forkfind-forkfind-8e65d48af1-1990260306.us-east-1.elb.amazonaws.com/restaurants?q=pizza&limit=12&sort=rating,79,0,0
1777594912286,159,03 - POST /restaurants/10/reviews,201,Created,Virtual Users [300 threads] 1-237,text,true,,570,573,30,30,http://k8s-forkfind-forkfind-8e65d48af1-1990260306.us-east-1.elb.amazonaws.com/restaurants/10/reviews,159,0,0
1777594910223,2301,01 - POST /auth/user/login,200,OK,Virtual Users [300 threads] 1-256,text,true,,406,363,29,29,http://k8s-forkfind-forkfind-8e65d48af1-1990260306.us-east-1.elb.amazonaws.com/auth/user/login,2301,0,66
1777594912525,80,02 - GET /restaurants (search),200,OK,Virtual Users [300 threads] 1-256,text,true,,790,436,29,29,http://k8s-forkfind-forkfind-8e65d48af1-1990260306.us-east-1.elb.amazonaws.com/restaurants?q=pizza&limit=12&sort=rating,80,0,0
1777594908221,4401,01 - POST /auth/user/login,200,OK,Virtual Users [300 threads] 1-246,text,true,,406,363,30,30,http://k8s-forkfind-forkfind-8e65d48af1-1990260306.us-east-1.elb.amazonaws.com/auth/user/login,4401,0,64
1777594912605,96,03 - POST /restaurants/10/reviews,201,Created,Virtual Users [300 threads] 1-256,text,true,,570,573,30,30,http://k8s-forkfind-forkfind-8e65d48af1-1990260306.us-east-1.elb.amazonaws.com/restaurants/10/reviews,96,0,0
1777594912623,83,02 - GET /restaurants (search),200,OK,Virtual Users [300 threads] 1-246,text,true,,790,436,29,29,http://k8s-forkfind-forkfind-8e65d48af1-1990260306.us-east-1.elb.amazonaws.com/restaurants?q=pizza&limit=12&sort=rating,83,0,0
1777594906222,6493,01 - POST /auth/user/login,200,OK,Virtual Users [300 threads] 1-236,text,true,,406,363,29,29,http://k8s-forkfind-forkfind-8e65d48af1-1990260306.us-east-1.elb.amazonaws.com/auth/user/login,6493,0,66
1777594912716,76,02 - GET /restaurants (search),200,OK,Virtual Users [300 threads] 1-236,text,true,,790,436,29,29,http://k8s-forkfind-forkfind-8e65d48af1-1990260306.us-east-1.elb.amazonaws.com/restaurants?q=pizza&limit=12&sort=rating,76,0,0
1777594912707,143,03 - POST /restaurants/10/reviews,201,Created,Virtual Users [300 threads] 1-246,text,true,,570,573,30,30,http://k8s-forkfind-forkfind-8e65d48af1-1990260306.us-east-1.elb.amazonaws.com/restaurants/10/reviews,143,0,0
1777594912792,83,03 - POST /restaurants/10/reviews,201,Created,Virtual Users [300 threads] 1-236,text,true,,571,573,29,29,http://k8s-forkfind-forkfind-8e65d48af1-1990260306.us-east-1.elb.amazonaws.com/restaurants/10/reviews,83,0,0
1777594903221,10169,01 - POST /auth/user/login,200,OK,Virtual Users [300 threads] 1-221,text,true,,406,363,30,30,http://k8s-forkfind-forkfind-8e65d48af1-1990260306.us-east-1.elb.amazonaws.com/auth/user/login,10168,0,67
1777594913390,71,02 - GET /restaurants (search),200,OK,Virtual Users [300 threads] 1-221,text,true,,790,436,31,31,http://k8s-forkfind-forkfind-8e65d48af1-1990260306.us-east-1.elb.amazonaws.com/restaurants?q=pizza&limit=12&sort=rating,71,0,0
1777594907222,6290,01 - POST /auth/user/login,200,OK,Virtual Users [300 threads] 1-241,text,true,,406,363,31,31,http://k8s-forkfind-forkfind-8e65d48af1-1990260306.us-east-1.elb.amazonaws.com/auth/user/login,6290,0,66
1777594913461,90,03 - POST /restaurants/10/reviews,201,Created,Virtual Users [300 threads] 1-221,text,true,,571,573,31,31,http://k8s-forkfind-forkfind-8e65d48af1-1990260306.us-east-1.elb.amazonaws.com/restaurants/10/reviews,90,0,0
1777594913513,86,02 - GET /restaurants (search),200,OK,Virtual Users [300 threads] 1-241,text,true,,790,436,30,30,http://k8s-forkfind-forkfind-8e65d48af1-1990260306.us-east-1.elb.amazonaws.com/restaurants?q=pizza&limit=12&sort=rating,86,0,0
1777594911222,2390,01 - POST /auth/user/login,200,OK,Virtual Users [300 threads] 1-261,text,true,,406,363,30,30,http://k8s-forkfind-forkfind-8e65d48af1-1990260306.us-east-1.elb.amazonaws.com/auth/user/login,2390,0,78
1777594913612,77,02 - GET /restaurants (search),200,OK,Virtual Users [300 threads] 1-261,text,true,,790,436,31,31,http://k8s-forkfind-forkfind-8e65d48af1-1990260306.us-east-1.elb.amazonaws.com/restaurants?q=pizza&limit=12&sort=rating,77,0,0
1777594913599,148,03 - POST /restaurants/10/reviews,201,Created,Virtual Users [300 threads] 1-241,text,true,,571,573,31,31,http://k8s-forkfind-forkfind-8e65d48af1-1990260306.us-east-1.elb.amazonaws.com/restaurants/10/reviews,148,0,0
1777594913689,106,03 - POST /restaurants/10/reviews,201,Created,Virtual Users [300 threads] 1-261,text,true,,571,573,30,30,http://k8s-forkfind-forkfind-8e65d48af1-1990260306.us-east-1.elb.amazonaws.com/restaurants/10/reviews,106,0,0
1777594908621,6195,01 - POST /auth/user/login,200,OK,Virtual Users [300 threads] 1-248,text,true,,406,363,34,34,http://k8s-forkfind-forkfind-8e65d48af1-1990260306.us-east-1.elb.amazonaws.com/auth/user/login,6195,0,71
1777594914817,110,02 - GET /restaurants (search),200,OK,Virtual Users [300 threads] 1-248,text,true,,790,436,35,35,http://k8s-forkfind-forkfind-8e65d48af1-1990260306.us-east-1.elb.amazonaws.com/restaurants?q=pizza&limit=12&sort=rating,110,0,0
1777594908821,6106,01 - POST /auth/user/login,200,OK,Virtual Users [300 threads] 1-249,text,true,,406,363,35,35,http://k8s-forkfind-forkfind-8e65d48af1-1990260306.us-east-1.elb.amazonaws.com/auth/user/login,6106,0,66
1777594910419,4592,01 - POST /auth/user/login,200,OK,Virtual Users [300 threads] 1-257,text,true,,406,363,35,35,http://k8s-forkfind-forkfind-8e65d48af1-1990260306.us-east-1.elb.amazonaws.com/auth/user/login,4592,0,65
1777594914927,91,02 - GET /restaurants (search),200,OK,Virtual Users [300 threads] 1-249,text,true,,790,436,35,35,http://k8s-forkfind-forkfind-8e65d48af1-1990260306.us-east-1.elb.amazonaws.com/restaurants?q=pizza&limit=12&sort=rating,91,0,0
1777594913617,1405,01 - POST /auth/user/login,200,OK,Virtual Users [300 threads] 1-273,text,true,,406,363,36,36,http://k8s-forkfind-forkfind-8e65d48af1-1990260306.us-east-1.elb.amazonaws.com/auth/user/login,1405,0,64
1777594914927,122,03 - POST /restaurants/10/reviews,201,Created,Virtual Users [300 threads] 1-248,text,true,,570,573,36,36,http://k8s-forkfind-forkfind-8e65d48af1-1990260306.us-east-1.elb.amazonaws.com/restaurants/10/reviews,122,0,0
1777594915012,100,02 - GET /restaurants (search),200,OK,Virtual Users [300 threads] 1-257,text,true,,790,436,35,35,http://k8s-forkfind-forkfind-8e65d48af1-1990260306.us-east-1.elb.amazonaws.com/restaurants?q=pizza&limit=12&sort=rating,100,0,0
1777594915019,98,03 - POST /restaurants/10/reviews,201,Created,Virtual Users [300 threads] 1-249,text,true,,571,573,35,35,http://k8s-forkfind-forkfind-8e65d48af1-1990260306.us-east-1.elb.amazonaws.com/restaurants/10/reviews,98,0,0
1777594915023,101,02 - GET /restaurants (search),200,OK,Virtual Users [300 threads] 1-273,text,true,,790,436,34,34,http://k8s-forkfind-forkfind-8e65d48af1-1990260306.us-east-1.elb.amazonaws.com/restaurants?q=pizza&limit=12&sort=rating,101,0,0
1777594915112,95,03 - POST /restaurants/10/reviews,201,Created,Virtual Users [300 threads] 1-257,text,true,,571,573,34,34,http://k8s-forkfind-forkfind-8e65d48af1-1990260306.us-east-1.elb.amazonaws.com/restaurants/10/reviews,95,0,0
1777594915124,119,03 - POST /restaurants/10/reviews,201,Created,Virtual Users [300 threads] 1-273,text,true,,571,573,34,34,http://k8s-forkfind-forkfind-8e65d48af1-1990260306.us-east-1.elb.amazonaws.com/restaurants/10/reviews,119,0,0
1777594910018,5276,01 - POST /auth/user/login,200,OK,Virtual Users [300 threads] 1-255,text,true,,406,363,33,33,http://k8s-forkfind-forkfind-8e65d48af1-1990260306.us-east-1.elb.amazonaws.com/auth/user/login,5276,0,65
1777594915295,71,02 - GET /restaurants (search),200,OK,Virtual Users [300 threads] 1-255,text,true,,790,436,33,33,http://k8s-forkfind-forkfind-8e65d48af1-1990260306.us-east-1.elb.amazonaws.com/restaurants?q=pizza&limit=12&sort=rating,71,0,0
1777594911021,4387,01 - POST /auth/user/login,200,OK,Virtual Users [300 threads] 1-260,text,true,,406,363,33,33,http://k8s-forkfind-forkfind-8e65d48af1-1990260306.us-east-1.elb.amazonaws.com/auth/user/login,4387,0,64
1777594909623,5791,01 - POST /auth/user/login,200,OK,Virtual Users [300 threads] 1-253,text,true,,406,363,33,33,http://k8s-forkfind-forkfind-8e65d48af1-1990260306.us-east-1.elb.amazonaws.com/auth/user/login,5791,0,67
1777594915367,77,03 - POST /restaurants/10/reviews,201,Created,Virtual Users [300 threads] 1-255,text,true,,571,573,34,34,http://k8s-forkfind-forkfind-8e65d48af1-1990260306.us-east-1.elb.amazonaws.com/restaurants/10/reviews,77,0,0
1777594915409,86,02 - GET /restaurants (search),200,OK,Virtual Users [300 threads] 1-260,text,true,,790,436,33,33,http://k8s-forkfind-forkfind-8e65d48af1-1990260306.us-east-1.elb.amazonaws.com/restaurants?q=pizza&limit=12&sort=rating,86,0,0
1777594915415,80,02 - GET /restaurants (search),200,OK,Virtual Users [300 threads] 1-253,text,true,,790,436,33,33,http://k8s-forkfind-forkfind-8e65d48af1-1990260306.us-east-1.elb.amazonaws.com/restaurants?q=pizza&limit=12&sort=rating,80,0,0
1777594909421,6102,01 - POST /auth/user/login,200,OK,Virtual Users [300 threads] 1-252,text,true,,406,363,33,33,http://k8s-forkfind-forkfind-8e65d48af1-1990260306.us-east-1.elb.amazonaws.com/auth/user/login,6102,0,65
1777594915496,80,03 - POST /restaurants/10/reviews,201,Created,Virtual Users [300 threads] 1-260,text,true,,571,573,33,33,http://k8s-forkfind-forkfind-8e65d48af1-1990260306.us-east-1.elb.amazonaws.com/restaurants/10/reviews,79,0,0
1777594915496,83,03 - POST /restaurants/10/reviews,201,Created,Virtual Users [300 threads] 1-253,text,true,,571,573,32,32,http://k8s-forkfind-forkfind-8e65d48af1-1990260306.us-east-1.elb.amazonaws.com/restaurants/10/reviews,83,0,0
1777594905821,9763,01 - POST /auth/user/login,200,OK,Virtual Users [300 threads] 1-234,text,true,,406,363,31,31,http://k8s-forkfind-forkfind-8e65d48af1-1990260306.us-east-1.elb.amazonaws.com/auth/user/login,9763,0,66
1777594915524,83,02 - GET /restaurants (search),200,OK,Virtual Users [300 threads] 1-252,text,true,,790,436,31,31,http://k8s-forkfind-forkfind-8e65d48af1-1990260306.us-east-1.elb.amazonaws.com/restaurants?q=pizza&limit=12&sort=rating,83,0,0
1777594915586,71,02 - GET /restaurants (search),200,OK,Virtual Users [300 threads] 1-234,text,true,,790,436,32,32,http://k8s-forkfind-forkfind-8e65d48af1-1990260306.us-east-1.elb.amazonaws.com/restaurants?q=pizza&limit=12&sort=rating,71,0,0
1777594915608,100,03 - POST /restaurants/10/reviews,201,Created,Virtual Users [300 threads] 1-252,text,true,,571,573,32,32,http://k8s-forkfind-forkfind-8e65d48af1-1990260306.us-east-1.elb.amazonaws.com/restaurants/10/reviews,100,0,0
1777594915658,81,03 - POST /restaurants/10/reviews,201,Created,Virtual Users [300 threads] 1-234,text,true,,570,573,31,31,http://k8s-forkfind-forkfind-8e65d48af1-1990260306.us-east-1.elb.amazonaws.com/restaurants/10/reviews,81,0,0
1777594909220,6685,01 - POST /auth/user/login,200,OK,Virtual Users [300 threads] 1-251,text,true,,406,363,31,31,http://k8s-forkfind-forkfind-8e65d48af1-1990260306.us-east-1.elb.amazonaws.com/auth/user/login,6685,0,66
1777594915906,78,02 - GET /restaurants (search),200,OK,Virtual Users [300 threads] 1-251,text,true,,790,436,31,31,http://k8s-forkfind-forkfind-8e65d48af1-1990260306.us-east-1.elb.amazonaws.com/restaurants?q=pizza&limit=12&sort=rating,78,0,0
1777594915985,76,03 - POST /restaurants/10/reviews,201,Created,Virtual Users [300 threads] 1-251,text,true,,570,573,32,32,http://k8s-forkfind-forkfind-8e65d48af1-1990260306.us-east-1.elb.amazonaws.com/restaurants/10/reviews,76,0,0
1777594908422,7679,01 - POST /auth/user/login,200,OK,Virtual Users [300 threads] 1-247,text,true,,406,363,31,31,http://k8s-forkfind-forkfind-8e65d48af1-1990260306.us-east-1.elb.amazonaws.com/auth/user/login,7679,0,64
1777594907818,8351,01 - POST /auth/user/login,200,OK,Virtual Users [300 threads] 1-244,text,true,,406,363,31,31,http://k8s-forkfind-forkfind-8e65d48af1-1990260306.us-east-1.elb.amazonaws.com/auth/user/login,8351,0,65
1777594916102,84,02 - GET /restaurants (search),200,OK,Virtual Users [300 threads] 1-247,text,true,,790,436,31,31,http://k8s-forkfind-forkfind-8e65d48af1-1990260306.us-east-1.elb.amazonaws.com/restaurants?q=pizza&limit=12&sort=rating,84,0,0
1777594916170,73,02 - GET /restaurants (search),200,OK,Virtual Users [300 threads] 1-244,text,true,,790,436,32,32,http://k8s-forkfind-forkfind-8e65d48af1-1990260306.us-east-1.elb.amazonaws.com/restaurants?q=pizza&limit=12&sort=rating,73,0,0
1777594916186,76,03 - POST /restaurants/10/reviews,201,Created,Virtual Users [300 threads] 1-247,text,true,,570,573,32,32,http://k8s-forkfind-forkfind-8e65d48af1-1990260306.us-east-1.elb.amazonaws.com/restaurants/10/reviews,76,0,0
1777594916244,93,03 - POST /restaurants/10/reviews,201,Created,Virtual Users [300 threads] 1-244,text,true,,570,573,31,31,http://k8s-forkfind-forkfind-8e65d48af1-1990260306.us-east-1.elb.amazonaws.com/restaurants/10/reviews,93,0,0
1777594911621,4716,01 - POST /auth/user/login,200,OK,Virtual Users [300 threads] 1-263,text,true,,406,363,31,31,http://k8s-forkfind-forkfind-8e65d48af1-1990260306.us-east-1.elb.amazonaws.com/auth/user/login,4716,0,65
1777594916338,99,02 - GET /restaurants (search),200,OK,Virtual Users [300 threads] 1-263,text,true,,790,436,31,31,http://k8s-forkfind-forkfind-8e65d48af1-1990260306.us-east-1.elb.amazonaws.com/restaurants?q=pizza&limit=12&sort=rating,99,0,0
1777594907023,9509,01 - POST /auth/user/login,200,OK,Virtual Users [300 threads] 1-240,text,true,,406,363,31,31,http://k8s-forkfind-forkfind-8e65d48af1-1990260306.us-east-1.elb.amazonaws.com/auth/user/login,9509,0,66
1777594916437,97,03 - POST /restaurants/10/reviews,201,Created,Virtual Users [300 threads] 1-263,text,true,,570,573,31,31,http://k8s-forkfind-forkfind-8e65d48af1-1990260306.us-east-1.elb.amazonaws.com/restaurants/10/reviews,97,0,0
1777594916534,95,02 - GET /restaurants (search),200,OK,Virtual Users [300 threads] 1-240,text,true,,790,436,31,31,http://k8s-forkfind-forkfind-8e65d48af1-1990260306.us-east-1.elb.amazonaws.com/restaurants?q=pizza&limit=12&sort=rating,95,0,0
1777594916629,134,03 - POST /restaurants/10/reviews,201,Created,Virtual Users [300 threads] 1-240,text,true,,570,573,31,31,http://k8s-forkfind-forkfind-8e65d48af1-1990260306.us-east-1.elb.amazonaws.com/restaurants/10/reviews,134,0,0
1777594911822,4941,01 - POST /auth/user/login,200,OK,Virtual Users [300 threads] 1-264,text,true,,406,363,31,31,http://k8s-forkfind-forkfind-8e65d48af1-1990260306.us-east-1.elb.amazonaws.com/auth/user/login,4941,0,65
1777594907621,9142,01 - POST /auth/user/login,200,OK,Virtual Users [300 threads] 1-243,text,true,,406,363,31,31,http://k8s-forkfind-forkfind-8e65d48af1-1990260306.us-east-1.elb.amazonaws.com/auth/user/login,9142,0,68
1777594916764,101,02 - GET /restaurants (search),200,OK,Virtual Users [300 threads] 1-264,text,true,,790,436,31,31,http://k8s-forkfind-forkfind-8e65d48af1-1990260306.us-east-1.elb.amazonaws.com/restaurants?q=pizza&limit=12&sort=rating,101,0,0
1777594916765,100,02 - GET /restaurants (search),200,OK,Virtual Users [300 threads] 1-243,text,true,,790,436,31,31,http://k8s-forkfind-forkfind-8e65d48af1-1990260306.us-east-1.elb.amazonaws.com/restaurants?q=pizza&limit=12&sort=rating,100,0,0
1777594912416,4492,01 - POST /auth/user/login,200,OK,Virtual Users [300 threads] 1-267,text,true,,406,363,31,31,http://k8s-forkfind-forkfind-8e65d48af1-1990260306.us-east-1.elb.amazonaws.com/auth/user/login,4492,0,64
1777594916866,99,03 - POST /restaurants/10/reviews,201,Created,Virtual Users [300 threads] 1-264,text,true,,571,573,31,31,http://k8s-forkfind-forkfind-8e65d48af1-1990260306.us-east-1.elb.amazonaws.com/restaurants/10/reviews,99,0,0
1777594916866,99,03 - POST /restaurants/10/reviews,201,Created,Virtual Users [300 threads] 1-243,text,true,,571,573,31,31,http://k8s-forkfind-forkfind-8e65d48af1-1990260306.us-east-1.elb.amazonaws.com/restaurants/10/reviews,99,0,0
1777594916909,87,02 - GET /restaurants (search),200,OK,Virtual Users [300 threads] 1-267,text,true,,790,436,29,29,http://k8s-forkfind-forkfind-8e65d48af1-1990260306.us-east-1.elb.amazonaws.com/restaurants?q=pizza&limit=12&sort=rating,87,0,0
1777594916996,96,03 - POST /restaurants/10/reviews,201,Created,Virtual Users [300 threads] 1-267,text,true,,570,573,30,30,http://k8s-forkfind-forkfind-8e65d48af1-1990260306.us-east-1.elb.amazonaws.com/restaurants/10/reviews,96,0,0
1777594909822,7356,01 - POST /auth/user/login,200,OK,Virtual Users [300 threads] 1-254,text,true,,406,363,29,29,http://k8s-forkfind-forkfind-8e65d48af1-1990260306.us-east-1.elb.amazonaws.com/auth/user/login,7356,0,69
1777594917179,75,02 - GET /restaurants (search),200,OK,Virtual Users [300 threads] 1-254,text,true,,790,436,30,30,http://k8s-forkfind-forkfind-8e65d48af1-1990260306.us-east-1.elb.amazonaws.com/restaurants?q=pizza&limit=12&sort=rating,75,0,0
1777594917255,92,03 - POST /restaurants/10/reviews,201,Created,Virtual Users [300 threads] 1-254,text,true,,571,573,30,30,http://k8s-forkfind-forkfind-8e65d48af1-1990260306.us-east-1.elb.amazonaws.com/restaurants/10/reviews,92,0,0
1777594910621,7467,01 - POST /auth/user/login,200,OK,Virtual Users [300 threads] 1-258,text,true,,406,363,33,33,http://k8s-forkfind-forkfind-8e65d48af1-1990260306.us-east-1.elb.amazonaws.com/auth/user/login,7467,0,66
1777594912022,6074,01 - POST /auth/user/login,200,OK,Virtual Users [300 threads] 1-265,text,true,,406,363,33,33,http://k8s-forkfind-forkfind-8e65d48af1-1990260306.us-east-1.elb.amazonaws.com/auth/user/login,6074,0,65
1777594912615,5509,01 - POST /auth/user/login,200,OK,Virtual Users [300 threads] 1-268,text,true,,406,363,33,33,http://k8s-forkfind-forkfind-8e65d48af1-1990260306.us-east-1.elb.amazonaws.com/auth/user/login,5509,0,64
1777594918090,71,02 - GET /restaurants (search),200,OK,Virtual Users [300 threads] 1-258,text,true,,790,436,33,33,http://k8s-forkfind-forkfind-8e65d48af1-1990260306.us-east-1.elb.amazonaws.com/restaurants?q=pizza&limit=12&sort=rating,71,0,0
1777594918097,79,02 - GET /restaurants (search),200,OK,Virtual Users [300 threads] 1-265,text,true,,790,436,33,33,http://k8s-forkfind-forkfind-8e65d48af1-1990260306.us-east-1.elb.amazonaws.com/restaurants?q=pizza&limit=12&sort=rating,79,0,0
1777594909021,9163,01 - POST /auth/user/login,200,OK,Virtual Users [300 threads] 1-250,text,true,,406,363,33,33,http://k8s-forkfind-forkfind-8e65d48af1-1990260306.us-east-1.elb.amazonaws.com/auth/user/login,9163,0,67
1777594918125,93,02 - GET /restaurants (search),200,OK,Virtual Users [300 threads] 1-268,text,true,,790,436,34,34,http://k8s-forkfind-forkfind-8e65d48af1-1990260306.us-east-1.elb.amazonaws.com/restaurants?q=pizza&limit=12&sort=rating,93,0,0
1777594918162,88,03 - POST /restaurants/10/reviews,201,Created,Virtual Users [300 threads] 1-258,text,true,,571,573,34,34,http://k8s-forkfind-forkfind-8e65d48af1-1990260306.us-east-1.elb.amazonaws.com/restaurants/10/reviews,88,0,0
1777594918177,82,03 - POST /restaurants/10/reviews,201,Created,Virtual Users [300 threads] 1-265,text,true,,571,573,33,33,http://k8s-forkfind-forkfind-8e65d48af1-1990260306.us-east-1.elb.amazonaws.com/restaurants/10/reviews,82,0,0
1777594918185,76,02 - GET /restaurants (search),200,OK,Virtual Users [300 threads] 1-250,text,true,,790,436,32,32,http://k8s-forkfind-forkfind-8e65d48af1-1990260306.us-east-1.elb.amazonaws.com/restaurants?q=pizza&limit=12&sort=rating,76,0,0
1777594912821,5489,01 - POST /auth/user/login,200,OK,Virtual Users [300 threads] 1-269,text,true,,406,363,32,32,http://k8s-forkfind-forkfind-8e65d48af1-1990260306.us-east-1.elb.amazonaws.com/auth/user/login,5489,0,67
1777594918218,130,03 - POST /restaurants/10/reviews,201,Created,Virtual Users [300 threads] 1-268,text,true,,571,573,32,32,http://k8s-forkfind-forkfind-8e65d48af1-1990260306.us-east-1.elb.amazonaws.com/restaurants/10/reviews,130,0,0
1777594918261,87,03 - POST /restaurants/10/reviews,201,Created,Virtual Users [300 threads] 1-250,text,true,,571,573,32,32,http://k8s-forkfind-forkfind-8e65d48af1-1990260306.us-east-1.elb.amazonaws.com/restaurants/10/reviews,87,0,0
1777594918310,80,02 - GET /restaurants (search),200,OK,Virtual Users [300 threads] 1-269,text,true,,790,436,30,30,http://k8s-forkfind-forkfind-8e65d48af1-1990260306.us-east-1.elb.amazonaws.com/restaurants?q=pizza&limit=12&sort=rating,80,0,0
1777594918391,110,03 - POST /restaurants/10/reviews,201,Created,Virtual Users [300 threads] 1-269,text,true,,571,573,31,31,http://k8s-forkfind-forkfind-8e65d48af1-1990260306.us-east-1.elb.amazonaws.com/restaurants/10/reviews,110,0,0
1777594911422,7683,01 - POST /auth/user/login,200,OK,Virtual Users [300 threads] 1-262,text,true,,406,363,33,33,http://k8s-forkfind-forkfind-8e65d48af1-1990260306.us-east-1.elb.amazonaws.com/auth/user/login,7683,0,66
1777594912217,6965,01 - POST /auth/user/login,200,OK,Virtual Users [300 threads] 1-266,text,true,,406,363,33,33,http://k8s-forkfind-forkfind-8e65d48af1-1990260306.us-east-1.elb.amazonaws.com/auth/user/login,6965,0,66
1777594919106,93,02 - GET /restaurants (search),200,OK,Virtual Users [300 threads] 1-262,text,true,,790,436,33,33,http://k8s-forkfind-forkfind-8e65d48af1-1990260306.us-east-1.elb.amazonaws.com/restaurants?q=pizza&limit=12&sort=rating,93,0,0
1777594919183,77,02 - GET /restaurants (search),200,OK,Virtual Users [300 threads] 1-266,text,true,,790,436,33,33,http://k8s-forkfind-forkfind-8e65d48af1-1990260306.us-east-1.elb.amazonaws.com/restaurants?q=pizza&limit=12&sort=rating,77,0,0
1777594913021,6281,01 - POST /auth/user/login,200,OK,Virtual Users [300 threads] 1-270,text,true,,406,363,33,33,http://k8s-forkfind-forkfind-8e65d48af1-1990260306.us-east-1.elb.amazonaws.com/auth/user/login,6281,0,66
1777594919200,105,03 - POST /restaurants/10/reviews,201,Created,Virtual Users [300 threads] 1-262,text,true,,571,573,33,33,http://k8s-forkfind-forkfind-8e65d48af1-1990260306.us-east-1.elb.amazonaws.com/restaurants/10/reviews,105,0,0
1777594919260,86,03 - POST /restaurants/10/reviews,201,Created,Virtual Users [300 threads] 1-266,text,true,,571,573,32,32,http://k8s-forkfind-forkfind-8e65d48af1-1990260306.us-east-1.elb.amazonaws.com/restaurants/10/reviews,86,0,0
1777594919303,80,02 - GET /restaurants (search),200,OK,Virtual Users [300 threads] 1-270,text,true,,790,436,31,31,http://k8s-forkfind-forkfind-8e65d48af1-1990260306.us-east-1.elb.amazonaws.com/restaurants?q=pizza&limit=12&sort=rating,80,0,0
1777594919383,80,03 - POST /restaurants/10/reviews,201,Created,Virtual Users [300 threads] 1-270,text,true,,571,573,31,31,http://k8s-forkfind-forkfind-8e65d48af1-1990260306.us-east-1.elb.amazonaws.com/restaurants/10/reviews,80,0,0
1777594914221,5494,01 - POST /auth/user/login,200,OK,Virtual Users [300 threads] 1-276,text,true,,406,363,30,30,http://k8s-forkfind-forkfind-8e65d48af1-1990260306.us-east-1.elb.amazonaws.com/auth/user/login,5494,0,65
1777594919716,84,02 - GET /restaurants (search),200,OK,Virtual Users [300 threads] 1-276,text,true,,790,436,30,30,http://k8s-forkfind-forkfind-8e65d48af1-1990260306.us-east-1.elb.amazonaws.com/restaurants?q=pizza&limit=12&sort=rating,84,0,0
1777594919801,100,03 - POST /restaurants/10/reviews,201,Created,Virtual Users [300 threads] 1-276,text,true,,571,573,30,30,http://k8s-forkfind-forkfind-8e65d48af1-1990260306.us-east-1.elb.amazonaws.com/restaurants/10/reviews,100,0,0
1777594916821,3189,01 - POST /auth/user/login,200,OK,Virtual Users [300 threads] 1-289,text,true,,406,363,29,29,http://k8s-forkfind-forkfind-8e65d48af1-1990260306.us-east-1.elb.amazonaws.com/auth/user/login,3189,0,70
1777594920012,114,02 - GET /restaurants (search),200,OK,Virtual Users [300 threads] 1-289,text,true,,790,436,29,29,http://k8s-forkfind-forkfind-8e65d48af1-1990260306.us-east-1.elb.amazonaws.com/restaurants?q=pizza&limit=12&sort=rating,114,0,0
1777594915020,5203,01 - POST /auth/user/login,200,OK,Virtual Users [300 threads] 1-280,text,true,,406,363,29,29,http://k8s-forkfind-forkfind-8e65d48af1-1990260306.us-east-1.elb.amazonaws.com/auth/user/login,5203,0,64
1777594920126,118,03 - POST /restaurants/10/reviews,201,Created,Virtual Users [300 threads] 1-289,text,true,,571,573,29,29,http://k8s-forkfind-forkfind-8e65d48af1-1990260306.us-east-1.elb.amazonaws.com/restaurants/10/reviews,118,0,0
1777594920224,75,02 - GET /restaurants (search),200,OK,Virtual Users [300 threads] 1-280,text,true,,790,436,28,28,http://k8s-forkfind-forkfind-8e65d48af1-1990260306.us-east-1.elb.amazonaws.com/restaurants?q=pizza&limit=12&sort=rating,75,0,0
1777594910818,9577,01 - POST /auth/user/login,200,OK,Virtual Users [300 threads] 1-259,text,true,,406,363,28,28,http://k8s-forkfind-forkfind-8e65d48af1-1990260306.us-east-1.elb.amazonaws.com/auth/user/login,9577,0,65
1777594920299,102,03 - POST /restaurants/10/reviews,201,Created,Virtual Users [300 threads] 1-280,text,true,,570,573,28,28,http://k8s-forkfind-forkfind-8e65d48af1-1990260306.us-east-1.elb.amazonaws.com/restaurants/10/reviews,102,0,0
1777594914021,6380,01 - POST /auth/user/login,200,OK,Virtual Users [300 threads] 1-275,text,true,,406,363,28,28,http://k8s-forkfind-forkfind-8e65d48af1-1990260306.us-east-1.elb.amazonaws.com/auth/user/login,6380,0,65
1777594920396,74,02 - GET /restaurants (search),200,OK,Virtual Users [300 threads] 1-259,text,true,,790,436,27,27,http://k8s-forkfind-forkfind-8e65d48af1-1990260306.us-east-1.elb.amazonaws.com/restaurants?q=pizza&limit=12&sort=rating,74,0,0
1777594920402,73,02 - GET /restaurants (search),200,OK,Virtual Users [300 threads] 1-275,text,true,,790,436,27,27,http://k8s-forkfind-forkfind-8e65d48af1-1990260306.us-east-1.elb.amazonaws.com/restaurants?q=pizza&limit=12&sort=rating,73,0,0
1777594918421,2093,01 - POST /auth/user/login,200,OK,Virtual Users [300 threads] 1-297,text,true,,406,363,27,27,http://k8s-forkfind-forkfind-8e65d48af1-1990260306.us-east-1.elb.amazonaws.com/auth/user/login,2093,0,66
1777594920470,89,03 - POST /restaurants/10/reviews,201,Created,Virtual Users [300 threads] 1-259,text,true,,570,573,27,27,http://k8s-forkfind-forkfind-8e65d48af1-1990260306.us-east-1.elb.amazonaws.com/restaurants/10/reviews,89,0,0
1777594920475,84,03 - POST /restaurants/10/reviews,201,Created,Virtual Users [300 threads] 1-275,text,true,,570,573,27,27,http://k8s-forkfind-forkfind-8e65d48af1-1990260306.us-east-1.elb.amazonaws.com/restaurants/10/reviews,84,0,0
1777594920515,84,02 - GET /restaurants (search),200,OK,Virtual Users [300 threads] 1-297,text,true,,790,436,25,25,http://k8s-forkfind-forkfind-8e65d48af1-1990260306.us-east-1.elb.amazonaws.com/restaurants?q=pizza&limit=12&sort=rating,84,0,0
1777594913220,7415,01 - POST /auth/user/login,200,OK,Virtual Users [300 threads] 1-271,text,true,,406,363,25,25,http://k8s-forkfind-forkfind-8e65d48af1-1990260306.us-east-1.elb.amazonaws.com/auth/user/login,7414,0,66
1777594920636,81,02 - GET /restaurants (search),200,OK,Virtual Users [300 threads] 1-271,text,true,,790,436,25,25,http://k8s-forkfind-forkfind-8e65d48af1-1990260306.us-east-1.elb.amazonaws.com/restaurants?q=pizza&limit=12&sort=rating,81,0,0
1777594920600,148,03 - POST /restaurants/10/reviews,201,Created,Virtual Users [300 threads] 1-297,text,true,,570,573,25,25,http://k8s-forkfind-forkfind-8e65d48af1-1990260306.us-east-1.elb.amazonaws.com/restaurants/10/reviews,148,0,0
1777594920718,89,03 - POST /restaurants/10/reviews,201,Created,Virtual Users [300 threads] 1-271,text,true,,570,573,24,24,http://k8s-forkfind-forkfind-8e65d48af1-1990260306.us-east-1.elb.amazonaws.com/restaurants/10/reviews,89,0,0
1777594915422,5490,01 - POST /auth/user/login,200,OK,Virtual Users [300 threads] 1-282,text,true,,406,363,23,23,http://k8s-forkfind-forkfind-8e65d48af1-1990260306.us-east-1.elb.amazonaws.com/auth/user/login,5490,0,66
1777594920913,88,02 - GET /restaurants (search),200,OK,Virtual Users [300 threads] 1-282,text,true,,790,436,23,23,http://k8s-forkfind-forkfind-8e65d48af1-1990260306.us-east-1.elb.amazonaws.com/restaurants?q=pizza&limit=12&sort=rating,88,0,0
1777594917419,3589,01 - POST /auth/user/login,200,OK,Virtual Users [300 threads] 1-292,text,true,,406,363,23,23,http://k8s-forkfind-forkfind-8e65d48af1-1990260306.us-east-1.elb.amazonaws.com/auth/user/login,3589,0,66
1777594921009,75,02 - GET /restaurants (search),200,OK,Virtual Users [300 threads] 1-292,text,true,,790,436,23,23,http://k8s-forkfind-forkfind-8e65d48af1-1990260306.us-east-1.elb.amazonaws.com/restaurants?q=pizza&limit=12&sort=rating,75,0,0
1777594921001,86,03 - POST /restaurants/10/reviews,201,Created,Virtual Users [300 threads] 1-282,text,true,,570,573,23,23,http://k8s-forkfind-forkfind-8e65d48af1-1990260306.us-east-1.elb.amazonaws.com/restaurants/10/reviews,86,0,0
1777594916019,5101,01 - POST /auth/user/login,200,OK,Virtual Users [300 threads] 1-285,text,true,,406,363,22,22,http://k8s-forkfind-forkfind-8e65d48af1-1990260306.us-east-1.elb.amazonaws.com/auth/user/login,5101,0,65
1777594914622,6594,01 - POST /auth/user/login,200,OK,Virtual Users [300 threads] 1-278,text,true,,406,363,22,22,http://k8s-forkfind-forkfind-8e65d48af1-1990260306.us-east-1.elb.amazonaws.com/auth/user/login,6594,0,66
1777594921121,106,02 - GET /restaurants (search),200,OK,Virtual Users [300 threads] 1-285,text,true,,790,436,22,22,http://k8s-forkfind-forkfind-8e65d48af1-1990260306.us-east-1.elb.amazonaws.com/restaurants?q=pizza&limit=12&sort=rating,106,0,0
1777594917622,3614,01 - POST /auth/user/login,200,OK,Virtual Users [300 threads] 1-293,text,true,,406,363,22,22,http://k8s-forkfind-forkfind-8e65d48af1-1990260306.us-east-1.elb.amazonaws.com/auth/user/login,3614,0,67
1777594921085,204,03 - POST /restaurants/10/reviews,201,Created,Virtual Users [300 threads] 1-292,text,true,,571,573,22,22,http://k8s-forkfind-forkfind-8e65d48af1-1990260306.us-east-1.elb.amazonaws.com/restaurants/10/reviews,204,0,0
1777594921217,95,02 - GET /restaurants (search),200,OK,Virtual Users [300 threads] 1-278,text,true,,790,436,21,21,http://k8s-forkfind-forkfind-8e65d48af1-1990260306.us-east-1.elb.amazonaws.com/restaurants?q=pizza&limit=12&sort=rating,95,0,0
1777594921236,83,02 - GET /restaurants (search),200,OK,Virtual Users [300 threads] 1-293,text,true,,790,436,21,21,http://k8s-forkfind-forkfind-8e65d48af1-1990260306.us-east-1.elb.amazonaws.com/restaurants?q=pizza&limit=12&sort=rating,83,0,0
1777594921227,121,03 - POST /restaurants/10/reviews,201,Created,Virtual Users [300 threads] 1-285,text,true,,571,573,21,21,http://k8s-forkfind-forkfind-8e65d48af1-1990260306.us-east-1.elb.amazonaws.com/restaurants/10/reviews,121,0,0
1777594921312,144,03 - POST /restaurants/10/reviews,201,Created,Virtual Users [300 threads] 1-278,text,true,,571,573,20,20,http://k8s-forkfind-forkfind-8e65d48af1-1990260306.us-east-1.elb.amazonaws.com/restaurants/10/reviews,144,0,0
1777594921319,137,03 - POST /restaurants/10/reviews,201,Created,Virtual Users [300 threads] 1-293,text,true,,571,573,20,20,http://k8s-forkfind-forkfind-8e65d48af1-1990260306.us-east-1.elb.amazonaws.com/restaurants/10/reviews,137,0,0
1777594916422,5063,01 - POST /auth/user/login,200,OK,Virtual Users [300 threads] 1-287,text,true,,406,363,18,18,http://k8s-forkfind-forkfind-8e65d48af1-1990260306.us-east-1.elb.amazonaws.com/auth/user/login,5063,0,71
1777594914818,6747,01 - POST /auth/user/login,200,OK,Virtual Users [300 threads] 1-279,text,true,,406,363,18,18,http://k8s-forkfind-forkfind-8e65d48af1-1990260306.us-east-1.elb.amazonaws.com/auth/user/login,6747,0,66
1777594921486,115,02 - GET /restaurants (search),200,OK,Virtual Users [300 threads] 1-287,text,true,,790,436,18,18,http://k8s-forkfind-forkfind-8e65d48af1-1990260306.us-east-1.elb.amazonaws.com/restaurants?q=pizza&limit=12&sort=rating,115,0,0
1777594921566,132,02 - GET /restaurants (search),200,OK,Virtual Users [300 threads] 1-279,text,true,,790,436,18,18,http://k8s-forkfind-forkfind-8e65d48af1-1990260306.us-east-1.elb.amazonaws.com/restaurants?q=pizza&limit=12&sort=rating,132,0,0
1777594921602,260,03 - POST /restaurants/10/reviews,201,Created,Virtual Users [300 threads] 1-287,text,true,,571,573,18,18,http://k8s-forkfind-forkfind-8e65d48af1-1990260306.us-east-1.elb.amazonaws.com/restaurants/10/reviews,260,0,0
1777594921699,366,03 - POST /restaurants/10/reviews,201,Created,Virtual Users [300 threads] 1-279,text,true,,571,573,17,17,http://k8s-forkfind-forkfind-8e65d48af1-1990260306.us-east-1.elb.amazonaws.com/restaurants/10/reviews,366,0,0
1777594916621,5809,01 - POST /auth/user/login,200,OK,Virtual Users [300 threads] 1-288,text,true,,406,363,16,16,http://k8s-forkfind-forkfind-8e65d48af1-1990260306.us-east-1.elb.amazonaws.com/auth/user/login,5809,0,142
1777594917217,5213,01 - POST /auth/user/login,200,OK,Virtual Users [300 threads] 1-291,text,true,,406,363,16,16,http://k8s-forkfind-forkfind-8e65d48af1-1990260306.us-east-1.elb.amazonaws.com/auth/user/login,5213,0,67
1777594915825,6660,01 - POST /auth/user/login,200,OK,Virtual Users [300 threads] 1-284,text,true,,406,363,16,16,http://k8s-forkfind-forkfind-8e65d48af1-1990260306.us-east-1.elb.amazonaws.com/auth/user/login,6660,0,64
1777594922431,133,02 - GET /restaurants (search),200,OK,Virtual Users [300 threads] 1-288,text,true,,790,436,16,16,http://k8s-forkfind-forkfind-8e65d48af1-1990260306.us-east-1.elb.amazonaws.com/restaurants?q=pizza&limit=12&sort=rating,133,0,0
1777594922431,136,02 - GET /restaurants (search),200,OK,Virtual Users [300 threads] 1-291,text,true,,790,436,16,16,http://k8s-forkfind-forkfind-8e65d48af1-1990260306.us-east-1.elb.amazonaws.com/restaurants?q=pizza&limit=12&sort=rating,136,0,0
1777594922486,116,02 - GET /restaurants (search),200,OK,Virtual Users [300 threads] 1-284,text,true,,790,436,16,16,http://k8s-forkfind-forkfind-8e65d48af1-1990260306.us-east-1.elb.amazonaws.com/restaurants?q=pizza&limit=12&sort=rating,116,0,0
1777594922567,197,03 - POST /restaurants/10/reviews,201,Created,Virtual Users [300 threads] 1-291,text,true,,571,573,16,16,http://k8s-forkfind-forkfind-8e65d48af1-1990260306.us-east-1.elb.amazonaws.com/restaurants/10/reviews,197,0,0
1777594922564,201,03 - POST /restaurants/10/reviews,201,Created,Virtual Users [300 threads] 1-288,text,true,,571,573,15,15,http://k8s-forkfind-forkfind-8e65d48af1-1990260306.us-east-1.elb.amazonaws.com/restaurants/10/reviews,201,0,0
1777594922603,202,03 - POST /restaurants/10/reviews,201,Created,Virtual Users [300 threads] 1-284,text,true,,571,573,14,14,http://k8s-forkfind-forkfind-8e65d48af1-1990260306.us-east-1.elb.amazonaws.com/restaurants/10/reviews,202,0,0
1777594913817,9051,01 - POST /auth/user/login,200,OK,Virtual Users [300 threads] 1-274,text,true,,406,363,13,13,http://k8s-forkfind-forkfind-8e65d48af1-1990260306.us-east-1.elb.amazonaws.com/auth/user/login,9051,0,67
1777594915220,7694,01 - POST /auth/user/login,200,OK,Virtual Users [300 threads] 1-281,text,true,,406,363,13,13,http://k8s-forkfind-forkfind-8e65d48af1-1990260306.us-east-1.elb.amazonaws.com/auth/user/login,7694,0,74
1777594913421,9545,01 - POST /auth/user/login,200,OK,Virtual Users [300 threads] 1-272,text,true,,406,363,13,13,http://k8s-forkfind-forkfind-8e65d48af1-1990260306.us-east-1.elb.amazonaws.com/auth/user/login,9545,0,66
1777594922869,103,02 - GET /restaurants (search),200,OK,Virtual Users [300 threads] 1-274,text,true,,790,436,13,13,http://k8s-forkfind-forkfind-8e65d48af1-1990260306.us-east-1.elb.amazonaws.com/restaurants?q=pizza&limit=12&sort=rating,103,0,0
1777594922915,91,02 - GET /restaurants (search),200,OK,Virtual Users [300 threads] 1-281,text,true,,790,436,13,13,http://k8s-forkfind-forkfind-8e65d48af1-1990260306.us-east-1.elb.amazonaws.com/restaurants?q=pizza&limit=12&sort=rating,91,0,0
1777594922967,76,02 - GET /restaurants (search),200,OK,Virtual Users [300 threads] 1-272,text,true,,790,436,13,13,http://k8s-forkfind-forkfind-8e65d48af1-1990260306.us-east-1.elb.amazonaws.com/restaurants?q=pizza&limit=12&sort=rating,76,0,0
1777594922972,81,03 - POST /restaurants/10/reviews,201,Created,Virtual Users [300 threads] 1-274,text,true,,571,573,13,13,http://k8s-forkfind-forkfind-8e65d48af1-1990260306.us-east-1.elb.amazonaws.com/restaurants/10/reviews,81,0,0
1777594916218,6922,01 - POST /auth/user/login,200,OK,Virtual Users [300 threads] 1-286,text,true,,406,363,12,12,http://k8s-forkfind-forkfind-8e65d48af1-1990260306.us-east-1.elb.amazonaws.com/auth/user/login,6922,0,78
1777594923007,139,03 - POST /restaurants/10/reviews,201,Created,Virtual Users [300 threads] 1-281,text,true,,571,573,12,12,http://k8s-forkfind-forkfind-8e65d48af1-1990260306.us-east-1.elb.amazonaws.com/restaurants/10/reviews,139,0,0
1777594923044,105,03 - POST /restaurants/10/reviews,201,Created,Virtual Users [300 threads] 1-272,text,true,,571,573,11,11,http://k8s-forkfind-forkfind-8e65d48af1-1990260306.us-east-1.elb.amazonaws.com/restaurants/10/reviews,105,0,0
1777594923141,84,02 - GET /restaurants (search),200,OK,Virtual Users [300 threads] 1-286,text,true,,790,436,10,10,http://k8s-forkfind-forkfind-8e65d48af1-1990260306.us-east-1.elb.amazonaws.com/restaurants?q=pizza&limit=12&sort=rating,84,0,0
1777594918217,5078,01 - POST /auth/user/login,200,OK,Virtual Users [300 threads] 1-296,text,true,,406,363,10,10,http://k8s-forkfind-forkfind-8e65d48af1-1990260306.us-east-1.elb.amazonaws.com/auth/user/login,5078,0,67
1777594923226,130,03 - POST /restaurants/10/reviews,201,Created,Virtual Users [300 threads] 1-286,text,true,,571,573,10,10,http://k8s-forkfind-forkfind-8e65d48af1-1990260306.us-east-1.elb.amazonaws.com/restaurants/10/reviews,130,0,0
1777594914418,8956,01 - POST /auth/user/login,200,OK,Virtual Users [300 threads] 1-277,text,true,,406,363,9,9,http://k8s-forkfind-forkfind-8e65d48af1-1990260306.us-east-1.elb.amazonaws.com/auth/user/login,8956,0,64
1777594919018,4376,01 - POST /auth/user/login,200,OK,Virtual Users [300 threads] 1-300,text,true,,406,363,9,9,http://k8s-forkfind-forkfind-8e65d48af1-1990260306.us-east-1.elb.amazonaws.com/auth/user/login,4376,0,87
1777594923296,99,02 - GET /restaurants (search),200,OK,Virtual Users [300 threads] 1-296,text,true,,790,436,9,9,http://k8s-forkfind-forkfind-8e65d48af1-1990260306.us-east-1.elb.amazonaws.com/restaurants?q=pizza&limit=12&sort=rating,99,0,0
1777594918821,4614,01 - POST /auth/user/login,200,OK,Virtual Users [300 threads] 1-299,text,true,,406,363,9,9,http://k8s-forkfind-forkfind-8e65d48af1-1990260306.us-east-1.elb.amazonaws.com/auth/user/login,4614,0,68
1777594923375,90,02 - GET /restaurants (search),200,OK,Virtual Users [300 threads] 1-277,text,true,,790,436,9,9,http://k8s-forkfind-forkfind-8e65d48af1-1990260306.us-east-1.elb.amazonaws.com/restaurants?q=pizza&limit=12&sort=rating,90,0,0
1777594923395,113,02 - GET /restaurants (search),200,OK,Virtual Users [300 threads] 1-300,text,true,,790,436,9,9,http://k8s-forkfind-forkfind-8e65d48af1-1990260306.us-east-1.elb.amazonaws.com/restaurants?q=pizza&limit=12&sort=rating,113,0,0
1777594923436,81,02 - GET /restaurants (search),200,OK,Virtual Users [300 threads] 1-299,text,true,,790,436,9,9,http://k8s-forkfind-forkfind-8e65d48af1-1990260306.us-east-1.elb.amazonaws.com/restaurants?q=pizza&limit=12&sort=rating,81,0,0
1777594923396,148,03 - POST /restaurants/10/reviews,201,Created,Virtual Users [300 threads] 1-296,text,true,,571,573,9,9,http://k8s-forkfind-forkfind-8e65d48af1-1990260306.us-east-1.elb.amazonaws.com/restaurants/10/reviews,148,0,0
1777594923465,81,03 - POST /restaurants/10/reviews,201,Created,Virtual Users [300 threads] 1-277,text,true,,571,573,8,8,http://k8s-forkfind-forkfind-8e65d48af1-1990260306.us-east-1.elb.amazonaws.com/restaurants/10/reviews,81,0,0
1777594915619,7977,01 - POST /auth/user/login,200,OK,Virtual Users [300 threads] 1-283,text,true,,406,363,7,7,http://k8s-forkfind-forkfind-8e65d48af1-1990260306.us-east-1.elb.amazonaws.com/auth/user/login,7977,0,67
1777594923517,129,03 - POST /restaurants/10/reviews,201,Created,Virtual Users [300 threads] 1-299,text,true,,571,573,7,7,http://k8s-forkfind-forkfind-8e65d48af1-1990260306.us-east-1.elb.amazonaws.com/restaurants/10/reviews,129,0,0
1777594923509,137,03 - POST /restaurants/10/reviews,201,Created,Virtual Users [300 threads] 1-300,text,true,,571,573,7,7,http://k8s-forkfind-forkfind-8e65d48af1-1990260306.us-east-1.elb.amazonaws.com/restaurants/10/reviews,137,0,0
1777594923597,86,02 - GET /restaurants (search),200,OK,Virtual Users [300 threads] 1-283,text,true,,790,436,5,5,http://k8s-forkfind-forkfind-8e65d48af1-1990260306.us-east-1.elb.amazonaws.com/restaurants?q=pizza&limit=12&sort=rating,86,0,0
1777594923683,171,03 - POST /restaurants/10/reviews,201,Created,Virtual Users [300 threads] 1-283,text,true,,571,573,5,5,http://k8s-forkfind-forkfind-8e65d48af1-1990260306.us-east-1.elb.amazonaws.com/restaurants/10/reviews,171,0,0
1777594917821,6154,01 - POST /auth/user/login,200,OK,Virtual Users [300 threads] 1-294,text,true,,406,363,4,4,http://k8s-forkfind-forkfind-8e65d48af1-1990260306.us-east-1.elb.amazonaws.com/auth/user/login,6154,0,65
1777594923976,132,02 - GET /restaurants (search),200,OK,Virtual Users [300 threads] 1-294,text,true,,790,436,4,4,http://k8s-forkfind-forkfind-8e65d48af1-1990260306.us-east-1.elb.amazonaws.com/restaurants?q=pizza&limit=12&sort=rating,132,0,0
1777594918020,6153,01 - POST /auth/user/login,200,OK,Virtual Users [300 threads] 1-295,text,true,,406,363,4,4,http://k8s-forkfind-forkfind-8e65d48af1-1990260306.us-east-1.elb.amazonaws.com/auth/user/login,6153,0,68
1777594917021,7171,01 - POST /auth/user/login,200,OK,Virtual Users [300 threads] 1-290,text,true,,406,363,4,4,http://k8s-forkfind-forkfind-8e65d48af1-1990260306.us-east-1.elb.amazonaws.com/auth/user/login,7171,0,65
1777594918621,5587,01 - POST /auth/user/login,200,OK,Virtual Users [300 threads] 1-298,text,true,,406,363,4,4,http://k8s-forkfind-forkfind-8e65d48af1-1990260306.us-east-1.elb.amazonaws.com/auth/user/login,5587,0,65
1777594924109,141,03 - POST /restaurants/10/reviews,201,Created,Virtual Users [300 threads] 1-294,text,true,,571,573,4,4,http://k8s-forkfind-forkfind-8e65d48af1-1990260306.us-east-1.elb.amazonaws.com/restaurants/10/reviews,141,0,0
1777594924209,109,02 - GET /restaurants (search),200,OK,Virtual Users [300 threads] 1-298,text,true,,790,436,3,3,http://k8s-forkfind-forkfind-8e65d48af1-1990260306.us-east-1.elb.amazonaws.com/restaurants?q=pizza&limit=12&sort=rating,109,0,0
1777594924193,127,02 - GET /restaurants (search),200,OK,Virtual Users [300 threads] 1-290,text,true,,790,436,3,3,http://k8s-forkfind-forkfind-8e65d48af1-1990260306.us-east-1.elb.amazonaws.com/restaurants?q=pizza&limit=12&sort=rating,127,0,0
1777594924174,146,02 - GET /restaurants (search),200,OK,Virtual Users [300 threads] 1-295,text,true,,790,436,3,3,http://k8s-forkfind-forkfind-8e65d48af1-1990260306.us-east-1.elb.amazonaws.com/restaurants?q=pizza&limit=12&sort=rating,146,0,0
1777594924318,129,03 - POST /restaurants/10/reviews,201,Created,Virtual Users [300 threads] 1-298,text,true,,571,573,3,3,http://k8s-forkfind-forkfind-8e65d48af1-1990260306.us-east-1.elb.amazonaws.com/restaurants/10/reviews,129,0,0
1777594924321,128,03 - POST /restaurants/10/reviews,201,Created,Virtual Users [300 threads] 1-295,text,true,,571,573,2,2,http://k8s-forkfind-forkfind-8e65d48af1-1990260306.us-east-1.elb.amazonaws.com/restaurants/10/reviews,128,0,0
1777594924320,129,03 - POST /restaurants/10/reviews,201,Created,Virtual Users [300 threads] 1-290,text,true,,571,573,2,2,http://k8s-forkfind-forkfind-8e65d48af1-1990260306.us-east-1.elb.amazonaws.com/restaurants/10/reviews,129,0,0
