timeStamp,elapsed,label,responseCode,responseMessage,threadName,dataType,success,failureMessage,bytes,sentBytes,grpThreads,allThreads,URL,Latency,IdleTime,Connect
1777593308807,168,01 - POST /auth/user/login,503,Service Temporarily Unavailable,Virtual Users [500 threads] 1-1,text,false,Login failed — check credentials in users.csv,337,361,4,4,http://k8s-forkfind-forkfind-8e65d48af1-1990260306.us-east-1.elb.amazonaws.com/auth/user/login,168,0,93
1777593308829,146,01 - POST /auth/user/login,503,Service Temporarily Unavailable,Virtual Users [500 threads] 1-2,text,false,Login failed — check credentials in users.csv,337,359,4,4,http://k8s-forkfind-forkfind-8e65d48af1-1990260306.us-east-1.elb.amazonaws.com/auth/user/login,146,0,71
1777593308889,146,01 - POST /auth/user/login,503,Service Temporarily Unavailable,Virtual Users [500 threads] 1-3,text,false,Login failed — check credentials in users.csv,337,361,5,5,http://k8s-forkfind-forkfind-8e65d48af1-1990260306.us-east-1.elb.amazonaws.com/auth/user/login,146,0,74
1777593308987,85,02 - GET /restaurants (search),200,OK,Virtual Users [500 threads] 1-1,text,true,,790,311,6,6,http://k8s-forkfind-forkfind-8e65d48af1-1990260306.us-east-1.elb.amazonaws.com/restaurants?q=pizza&limit=12&sort=rating,85,0,0
1777593308987,85,02 - GET /restaurants (search),200,OK,Virtual Users [500 threads] 1-2,text,true,,790,311,6,6,http://k8s-forkfind-forkfind-8e65d48af1-1990260306.us-east-1.elb.amazonaws.com/restaurants?q=pizza&limit=12&sort=rating,84,0,0
1777593308948,147,01 - POST /auth/user/login,503,Service Temporarily Unavailable,Virtual Users [500 threads] 1-4,text,false,Login failed — check credentials in users.csv,337,361,6,6,http://k8s-forkfind-forkfind-8e65d48af1-1990260306.us-east-1.elb.amazonaws.com/auth/user/login,147,0,76
1777593309036,87,02 - GET /restaurants (search),200,OK,Virtual Users [500 threads] 1-3,text,true,,790,311,6,6,http://k8s-forkfind-forkfind-8e65d48af1-1990260306.us-east-1.elb.amazonaws.com/restaurants?q=pizza&limit=12&sort=rating,87,0,0
1777593309072,75,03 - POST /restaurants/20/reviews,401,Unauthorized,Virtual Users [500 threads] 1-1,text,false,"Review submission returned unexpected status (401 = bad token, 5xx = server error)",255,446,7,7,http://k8s-forkfind-forkfind-8e65d48af1-1990260306.us-east-1.elb.amazonaws.com/restaurants/20/reviews,75,0,0
1777593309072,75,03 - POST /restaurants/20/reviews,401,Unauthorized,Virtual Users [500 threads] 1-2,text,false,"Review submission returned unexpected status (401 = bad token, 5xx = server error)",255,446,7,7,http://k8s-forkfind-forkfind-8e65d48af1-1990260306.us-east-1.elb.amazonaws.com/restaurants/20/reviews,75,0,0
1777593309006,145,01 - POST /auth/user/login,503,Service Temporarily Unavailable,Virtual Users [500 threads] 1-5,text,false,Login failed — check credentials in users.csv,337,359,5,5,http://k8s-forkfind-forkfind-8e65d48af1-1990260306.us-east-1.elb.amazonaws.com/auth/user/login,145,0,73
1777593309095,77,02 - GET /restaurants (search),200,OK,Virtual Users [500 threads] 1-4,text,true,,790,311,5,5,http://k8s-forkfind-forkfind-8e65d48af1-1990260306.us-east-1.elb.amazonaws.com/restaurants?q=pizza&limit=12&sort=rating,77,0,0
1777593309123,73,03 - POST /restaurants/20/reviews,401,Unauthorized,Virtual Users [500 threads] 1-3,text,false,"Review submission returned unexpected status (401 = bad token, 5xx = server error)",255,446,6,6,http://k8s-forkfind-forkfind-8e65d48af1-1990260306.us-east-1.elb.amazonaws.com/restaurants/20/reviews,73,0,0
1777593309070,143,01 - POST /auth/user/login,503,Service Temporarily Unavailable,Virtual Users [500 threads] 1-6,text,false,Login failed — check credentials in users.csv,337,361,5,5,http://k8s-forkfind-forkfind-8e65d48af1-1990260306.us-east-1.elb.amazonaws.com/auth/user/login,143,0,71
1777593309152,77,02 - GET /restaurants (search),200,OK,Virtual Users [500 threads] 1-5,text,true,,790,311,5,5,http://k8s-forkfind-forkfind-8e65d48af1-1990260306.us-east-1.elb.amazonaws.com/restaurants?q=pizza&limit=12&sort=rating,77,0,0
1777593309172,72,03 - POST /restaurants/20/reviews,401,Unauthorized,Virtual Users [500 threads] 1-4,text,false,"Review submission returned unexpected status (401 = bad token, 5xx = server error)",255,446,5,5,http://k8s-forkfind-forkfind-8e65d48af1-1990260306.us-east-1.elb.amazonaws.com/restaurants/20/reviews,72,0,0
1777593309127,146,01 - POST /auth/user/login,503,Service Temporarily Unavailable,Virtual Users [500 threads] 1-7,text,false,Login failed — check credentials in users.csv,337,361,5,5,http://k8s-forkfind-forkfind-8e65d48af1-1990260306.us-east-1.elb.amazonaws.com/auth/user/login,146,0,74
1777593309213,77,02 - GET /restaurants (search),200,OK,Virtual Users [500 threads] 1-6,text,true,,790,311,5,5,http://k8s-forkfind-forkfind-8e65d48af1-1990260306.us-east-1.elb.amazonaws.com/restaurants?q=pizza&limit=12&sort=rating,77,0,0
1777593309229,73,03 - POST /restaurants/20/reviews,401,Unauthorized,Virtual Users [500 threads] 1-5,text,false,"Review submission returned unexpected status (401 = bad token, 5xx = server error)",255,446,5,5,http://k8s-forkfind-forkfind-8e65d48af1-1990260306.us-east-1.elb.amazonaws.com/restaurants/20/reviews,73,0,0
1777593309188,142,01 - POST /auth/user/login,503,Service Temporarily Unavailable,Virtual Users [500 threads] 1-8,text,false,Login failed — check credentials in users.csv,337,361,5,5,http://k8s-forkfind-forkfind-8e65d48af1-1990260306.us-east-1.elb.amazonaws.com/auth/user/login,142,0,70
1777593309273,78,02 - GET /restaurants (search),200,OK,Virtual Users [500 threads] 1-7,text,true,,790,311,5,5,http://k8s-forkfind-forkfind-8e65d48af1-1990260306.us-east-1.elb.amazonaws.com/restaurants?q=pizza&limit=12&sort=rating,78,0,0
1777593309291,79,03 - POST /restaurants/20/reviews,401,Unauthorized,Virtual Users [500 threads] 1-6,text,false,"Review submission returned unexpected status (401 = bad token, 5xx = server error)",255,446,6,6,http://k8s-forkfind-forkfind-8e65d48af1-1990260306.us-east-1.elb.amazonaws.com/restaurants/20/reviews,79,0,0
1777593309248,142,01 - POST /auth/user/login,503,Service Temporarily Unavailable,Virtual Users [500 threads] 1-9,text,false,Login failed — check credentials in users.csv,337,360,5,5,http://k8s-forkfind-forkfind-8e65d48af1-1990260306.us-east-1.elb.amazonaws.com/auth/user/login,142,0,71
1777593309331,83,02 - GET /restaurants (search),200,OK,Virtual Users [500 threads] 1-8,text,true,,790,311,5,5,http://k8s-forkfind-forkfind-8e65d48af1-1990260306.us-east-1.elb.amazonaws.com/restaurants?q=pizza&limit=12&sort=rating,83,0,0
1777593309352,76,03 - POST /restaurants/20/reviews,401,Unauthorized,Virtual Users [500 threads] 1-7,text,false,"Review submission returned unexpected status (401 = bad token, 5xx = server error)",255,446,6,6,http://k8s-forkfind-forkfind-8e65d48af1-1990260306.us-east-1.elb.amazonaws.com/restaurants/20/reviews,76,0,0
1777593309312,143,01 - POST /auth/user/login,503,Service Temporarily Unavailable,Virtual Users [500 threads] 1-10,text,false,Login failed — check credentials in users.csv,337,360,5,5,http://k8s-forkfind-forkfind-8e65d48af1-1990260306.us-east-1.elb.amazonaws.com/auth/user/login,143,0,70
1777593309392,84,02 - GET /restaurants (search),200,OK,Virtual Users [500 threads] 1-9,text,true,,790,311,5,5,http://k8s-forkfind-forkfind-8e65d48af1-1990260306.us-east-1.elb.amazonaws.com/restaurants?q=pizza&limit=12&sort=rating,84,0,0
1777593309415,73,03 - POST /restaurants/20/reviews,401,Unauthorized,Virtual Users [500 threads] 1-8,text,false,"Review submission returned unexpected status (401 = bad token, 5xx = server error)",255,446,5,5,http://k8s-forkfind-forkfind-8e65d48af1-1990260306.us-east-1.elb.amazonaws.com/restaurants/20/reviews,73,0,0
1777593309368,143,01 - POST /auth/user/login,503,Service Temporarily Unavailable,Virtual Users [500 threads] 1-11,text,false,Login failed — check credentials in users.csv,337,360,5,5,http://k8s-forkfind-forkfind-8e65d48af1-1990260306.us-east-1.elb.amazonaws.com/auth/user/login,143,0,71
1777593309456,81,02 - GET /restaurants (search),200,OK,Virtual Users [500 threads] 1-10,text,true,,790,311,5,5,http://k8s-forkfind-forkfind-8e65d48af1-1990260306.us-east-1.elb.amazonaws.com/restaurants?q=pizza&limit=12&sort=rating,81,0,0
1777593309476,74,03 - POST /restaurants/20/reviews,401,Unauthorized,Virtual Users [500 threads] 1-9,text,false,"Review submission returned unexpected status (401 = bad token, 5xx = server error)",255,446,6,6,http://k8s-forkfind-forkfind-8e65d48af1-1990260306.us-east-1.elb.amazonaws.com/restaurants/20/reviews,74,0,0
1777593309427,144,01 - POST /auth/user/login,503,Service Temporarily Unavailable,Virtual Users [500 threads] 1-12,text,false,Login failed — check credentials in users.csv,337,360,5,5,http://k8s-forkfind-forkfind-8e65d48af1-1990260306.us-east-1.elb.amazonaws.com/auth/user/login,144,0,73
1777593309512,76,02 - GET /restaurants (search),200,OK,Virtual Users [500 threads] 1-11,text,true,,790,311,5,5,http://k8s-forkfind-forkfind-8e65d48af1-1990260306.us-east-1.elb.amazonaws.com/restaurants?q=pizza&limit=12&sort=rating,76,0,0
1777593309538,73,03 - POST /restaurants/20/reviews,401,Unauthorized,Virtual Users [500 threads] 1-10,text,false,"Review submission returned unexpected status (401 = bad token, 5xx = server error)",255,447,6,6,http://k8s-forkfind-forkfind-8e65d48af1-1990260306.us-east-1.elb.amazonaws.com/restaurants/20/reviews,73,0,0
1777593309490,145,01 - POST /auth/user/login,503,Service Temporarily Unavailable,Virtual Users [500 threads] 1-13,text,false,Login failed — check credentials in users.csv,337,359,5,5,http://k8s-forkfind-forkfind-8e65d48af1-1990260306.us-east-1.elb.amazonaws.com/auth/user/login,145,0,72
1777593309573,76,02 - GET /restaurants (search),200,OK,Virtual Users [500 threads] 1-12,text,true,,790,311,5,5,http://k8s-forkfind-forkfind-8e65d48af1-1990260306.us-east-1.elb.amazonaws.com/restaurants?q=pizza&limit=12&sort=rating,76,0,0
1777593309588,73,03 - POST /restaurants/20/reviews,401,Unauthorized,Virtual Users [500 threads] 1-11,text,false,"Review submission returned unexpected status (401 = bad token, 5xx = server error)",255,447,5,5,http://k8s-forkfind-forkfind-8e65d48af1-1990260306.us-east-1.elb.amazonaws.com/restaurants/20/reviews,73,0,0
1777593309544,142,01 - POST /auth/user/login,503,Service Temporarily Unavailable,Virtual Users [500 threads] 1-14,text,false,Login failed — check credentials in users.csv,337,360,5,5,http://k8s-forkfind-forkfind-8e65d48af1-1990260306.us-east-1.elb.amazonaws.com/auth/user/login,142,0,71
1777593309635,77,02 - GET /restaurants (search),200,OK,Virtual Users [500 threads] 1-13,text,true,,790,311,5,5,http://k8s-forkfind-forkfind-8e65d48af1-1990260306.us-east-1.elb.amazonaws.com/restaurants?q=pizza&limit=12&sort=rating,77,0,0
1777593309649,74,03 - POST /restaurants/20/reviews,401,Unauthorized,Virtual Users [500 threads] 1-12,text,false,"Review submission returned unexpected status (401 = bad token, 5xx = server error)",255,447,5,5,http://k8s-forkfind-forkfind-8e65d48af1-1990260306.us-east-1.elb.amazonaws.com/restaurants/20/reviews,74,0,0
1777593309604,142,01 - POST /auth/user/login,503,Service Temporarily Unavailable,Virtual Users [500 threads] 1-15,text,false,Login failed — check credentials in users.csv,337,362,5,5,http://k8s-forkfind-forkfind-8e65d48af1-1990260306.us-east-1.elb.amazonaws.com/auth/user/login,142,0,71
1777593309686,77,02 - GET /restaurants (search),200,OK,Virtual Users [500 threads] 1-14,text,true,,790,311,5,5,http://k8s-forkfind-forkfind-8e65d48af1-1990260306.us-east-1.elb.amazonaws.com/restaurants?q=pizza&limit=12&sort=rating,77,0,0
1777593309713,74,03 - POST /restaurants/20/reviews,401,Unauthorized,Virtual Users [500 threads] 1-13,text,false,"Review submission returned unexpected status (401 = bad token, 5xx = server error)",255,447,6,6,http://k8s-forkfind-forkfind-8e65d48af1-1990260306.us-east-1.elb.amazonaws.com/restaurants/20/reviews,74,0,0
1777593309665,143,01 - POST /auth/user/login,503,Service Temporarily Unavailable,Virtual Users [500 threads] 1-16,text,false,Login failed — check credentials in users.csv,337,361,5,5,http://k8s-forkfind-forkfind-8e65d48af1-1990260306.us-east-1.elb.amazonaws.com/auth/user/login,143,0,72
1777593309746,81,02 - GET /restaurants (search),200,OK,Virtual Users [500 threads] 1-15,text,true,,790,311,5,5,http://k8s-forkfind-forkfind-8e65d48af1-1990260306.us-east-1.elb.amazonaws.com/restaurants?q=pizza&limit=12&sort=rating,80,0,0
1777593309764,72,03 - POST /restaurants/20/reviews,401,Unauthorized,Virtual Users [500 threads] 1-14,text,false,"Review submission returned unexpected status (401 = bad token, 5xx = server error)",255,447,5,5,http://k8s-forkfind-forkfind-8e65d48af1-1990260306.us-east-1.elb.amazonaws.com/restaurants/20/reviews,72,0,0
1777593309725,141,01 - POST /auth/user/login,503,Service Temporarily Unavailable,Virtual Users [500 threads] 1-17,text,false,Login failed — check credentials in users.csv,337,361,5,5,http://k8s-forkfind-forkfind-8e65d48af1-1990260306.us-east-1.elb.amazonaws.com/auth/user/login,141,0,71
1777593309808,81,02 - GET /restaurants (search),200,OK,Virtual Users [500 threads] 1-16,text,true,,790,311,5,5,http://k8s-forkfind-forkfind-8e65d48af1-1990260306.us-east-1.elb.amazonaws.com/restaurants?q=pizza&limit=12&sort=rating,81,0,0
1777593309827,74,03 - POST /restaurants/20/reviews,401,Unauthorized,Virtual Users [500 threads] 1-15,text,false,"Review submission returned unexpected status (401 = bad token, 5xx = server error)",255,447,5,5,http://k8s-forkfind-forkfind-8e65d48af1-1990260306.us-east-1.elb.amazonaws.com/restaurants/20/reviews,74,0,0
1777593309782,150,01 - POST /auth/user/login,503,Service Temporarily Unavailable,Virtual Users [500 threads] 1-18,text,false,Login failed — check credentials in users.csv,337,362,5,5,http://k8s-forkfind-forkfind-8e65d48af1-1990260306.us-east-1.elb.amazonaws.com/auth/user/login,150,0,73
1777593309867,77,02 - GET /restaurants (search),200,OK,Virtual Users [500 threads] 1-17,text,true,,790,311,5,5,http://k8s-forkfind-forkfind-8e65d48af1-1990260306.us-east-1.elb.amazonaws.com/restaurants?q=pizza&limit=12&sort=rating,77,0,0
1777593309889,73,03 - POST /restaurants/20/reviews,401,Unauthorized,Virtual Users [500 threads] 1-16,text,false,"Review submission returned unexpected status (401 = bad token, 5xx = server error)",255,447,5,5,http://k8s-forkfind-forkfind-8e65d48af1-1990260306.us-east-1.elb.amazonaws.com/restaurants/20/reviews,73,0,0
1777593309847,143,01 - POST /auth/user/login,503,Service Temporarily Unavailable,Virtual Users [500 threads] 1-19,text,false,Login failed — check credentials in users.csv,337,359,5,5,http://k8s-forkfind-forkfind-8e65d48af1-1990260306.us-east-1.elb.amazonaws.com/auth/user/login,143,0,71
1777593309933,76,02 - GET /restaurants (search),200,OK,Virtual Users [500 threads] 1-18,text,true,,790,311,5,5,http://k8s-forkfind-forkfind-8e65d48af1-1990260306.us-east-1.elb.amazonaws.com/restaurants?q=pizza&limit=12&sort=rating,76,0,0
1777593309944,74,03 - POST /restaurants/20/reviews,401,Unauthorized,Virtual Users [500 threads] 1-17,text,false,"Review submission returned unexpected status (401 = bad token, 5xx = server error)",255,447,5,5,http://k8s-forkfind-forkfind-8e65d48af1-1990260306.us-east-1.elb.amazonaws.com/restaurants/20/reviews,74,0,0
1777593309903,149,01 - POST /auth/user/login,503,Service Temporarily Unavailable,Virtual Users [500 threads] 1-20,text,false,Login failed — check credentials in users.csv,337,360,5,5,http://k8s-forkfind-forkfind-8e65d48af1-1990260306.us-east-1.elb.amazonaws.com/auth/user/login,149,0,70
1777593309990,85,02 - GET /restaurants (search),200,OK,Virtual Users [500 threads] 1-19,text,true,,790,311,5,5,http://k8s-forkfind-forkfind-8e65d48af1-1990260306.us-east-1.elb.amazonaws.com/restaurants?q=pizza&limit=12&sort=rating,85,0,0
1777593310010,78,03 - POST /restaurants/20/reviews,401,Unauthorized,Virtual Users [500 threads] 1-18,text,false,"Review submission returned unexpected status (401 = bad token, 5xx = server error)",255,447,6,6,http://k8s-forkfind-forkfind-8e65d48af1-1990260306.us-east-1.elb.amazonaws.com/restaurants/20/reviews,78,0,0
1777593309963,142,01 - POST /auth/user/login,503,Service Temporarily Unavailable,Virtual Users [500 threads] 1-21,text,false,Login failed — check credentials in users.csv,337,363,5,5,http://k8s-forkfind-forkfind-8e65d48af1-1990260306.us-east-1.elb.amazonaws.com/auth/user/login,142,0,71
1777593310054,87,02 - GET /restaurants (search),200,OK,Virtual Users [500 threads] 1-20,text,true,,790,311,6,6,http://k8s-forkfind-forkfind-8e65d48af1-1990260306.us-east-1.elb.amazonaws.com/restaurants?q=pizza&limit=12&sort=rating,87,0,0
1777593310077,74,03 - POST /restaurants/20/reviews,401,Unauthorized,Virtual Users [500 threads] 1-19,text,false,"Review submission returned unexpected status (401 = bad token, 5xx = server error)",255,447,6,6,http://k8s-forkfind-forkfind-8e65d48af1-1990260306.us-east-1.elb.amazonaws.com/restaurants/20/reviews,74,0,0
1777593310025,143,01 - POST /auth/user/login,503,Service Temporarily Unavailable,Virtual Users [500 threads] 1-22,text,false,Login failed — check credentials in users.csv,337,363,5,5,http://k8s-forkfind-forkfind-8e65d48af1-1990260306.us-east-1.elb.amazonaws.com/auth/user/login,143,0,71
1777593310106,76,02 - GET /restaurants (search),200,OK,Virtual Users [500 threads] 1-21,text,true,,790,311,5,5,http://k8s-forkfind-forkfind-8e65d48af1-1990260306.us-east-1.elb.amazonaws.com/restaurants?q=pizza&limit=12&sort=rating,76,0,0
1777593310142,82,03 - POST /restaurants/20/reviews,401,Unauthorized,Virtual Users [500 threads] 1-20,text,false,"Review submission returned unexpected status (401 = bad token, 5xx = server error)",255,447,6,6,http://k8s-forkfind-forkfind-8e65d48af1-1990260306.us-east-1.elb.amazonaws.com/restaurants/20/reviews,82,0,0
1777593310083,148,01 - POST /auth/user/login,503,Service Temporarily Unavailable,Virtual Users [500 threads] 1-23,text,false,Login failed — check credentials in users.csv,337,363,5,5,http://k8s-forkfind-forkfind-8e65d48af1-1990260306.us-east-1.elb.amazonaws.com/auth/user/login,148,0,77
1777593310170,76,02 - GET /restaurants (search),200,OK,Virtual Users [500 threads] 1-22,text,true,,790,311,5,5,http://k8s-forkfind-forkfind-8e65d48af1-1990260306.us-east-1.elb.amazonaws.com/restaurants?q=pizza&limit=12&sort=rating,76,0,0
1777593310184,87,03 - POST /restaurants/20/reviews,401,Unauthorized,Virtual Users [500 threads] 1-21,text,false,"Review submission returned unexpected status (401 = bad token, 5xx = server error)",255,447,6,6,http://k8s-forkfind-forkfind-8e65d48af1-1990260306.us-east-1.elb.amazonaws.com/restaurants/20/reviews,87,0,0
1777593310141,150,01 - POST /auth/user/login,503,Service Temporarily Unavailable,Virtual Users [500 threads] 1-24,text,false,Login failed — check credentials in users.csv,337,363,5,5,http://k8s-forkfind-forkfind-8e65d48af1-1990260306.us-east-1.elb.amazonaws.com/auth/user/login,150,0,73
1777593310232,80,02 - GET /restaurants (search),200,OK,Virtual Users [500 threads] 1-23,text,true,,790,311,5,5,http://k8s-forkfind-forkfind-8e65d48af1-1990260306.us-east-1.elb.amazonaws.com/restaurants?q=pizza&limit=12&sort=rating,80,0,0
1777593310248,90,03 - POST /restaurants/20/reviews,401,Unauthorized,Virtual Users [500 threads] 1-22,text,false,"Review submission returned unexpected status (401 = bad token, 5xx = server error)",255,447,6,6,http://k8s-forkfind-forkfind-8e65d48af1-1990260306.us-east-1.elb.amazonaws.com/restaurants/20/reviews,90,0,0
1777593310208,147,01 - POST /auth/user/login,503,Service Temporarily Unavailable,Virtual Users [500 threads] 1-25,text,false,Login failed — check credentials in users.csv,337,363,5,5,http://k8s-forkfind-forkfind-8e65d48af1-1990260306.us-east-1.elb.amazonaws.com/auth/user/login,147,0,72
1777593310293,78,02 - GET /restaurants (search),200,OK,Virtual Users [500 threads] 1-24,text,true,,790,311,5,5,http://k8s-forkfind-forkfind-8e65d48af1-1990260306.us-east-1.elb.amazonaws.com/restaurants?q=pizza&limit=12&sort=rating,78,0,0
1777593310313,75,03 - POST /restaurants/20/reviews,401,Unauthorized,Virtual Users [500 threads] 1-23,text,false,"Review submission returned unexpected status (401 = bad token, 5xx = server error)",255,447,6,6,http://k8s-forkfind-forkfind-8e65d48af1-1990260306.us-east-1.elb.amazonaws.com/restaurants/20/reviews,75,0,0
1777593310264,150,01 - POST /auth/user/login,503,Service Temporarily Unavailable,Virtual Users [500 threads] 1-26,text,false,Login failed — check credentials in users.csv,337,363,5,5,http://k8s-forkfind-forkfind-8e65d48af1-1990260306.us-east-1.elb.amazonaws.com/auth/user/login,150,0,74
1777593310356,79,02 - GET /restaurants (search),200,OK,Virtual Users [500 threads] 1-25,text,true,,790,311,5,5,http://k8s-forkfind-forkfind-8e65d48af1-1990260306.us-east-1.elb.amazonaws.com/restaurants?q=pizza&limit=12&sort=rating,79,0,0
1777593310372,74,03 - POST /restaurants/20/reviews,401,Unauthorized,Virtual Users [500 threads] 1-24,text,false,"Review submission returned unexpected status (401 = bad token, 5xx = server error)",255,447,6,6,http://k8s-forkfind-forkfind-8e65d48af1-1990260306.us-east-1.elb.amazonaws.com/restaurants/20/reviews,74,0,0
1777593310325,144,01 - POST /auth/user/login,503,Service Temporarily Unavailable,Virtual Users [500 threads] 1-27,text,false,Login failed — check credentials in users.csv,337,363,5,5,http://k8s-forkfind-forkfind-8e65d48af1-1990260306.us-east-1.elb.amazonaws.com/auth/user/login,144,0,73
1777593310416,84,02 - GET /restaurants (search),200,OK,Virtual Users [500 threads] 1-26,text,true,,790,311,5,5,http://k8s-forkfind-forkfind-8e65d48af1-1990260306.us-east-1.elb.amazonaws.com/restaurants?q=pizza&limit=12&sort=rating,84,0,0
1777593310437,75,03 - POST /restaurants/20/reviews,401,Unauthorized,Virtual Users [500 threads] 1-25,text,false,"Review submission returned unexpected status (401 = bad token, 5xx = server error)",255,447,6,6,http://k8s-forkfind-forkfind-8e65d48af1-1990260306.us-east-1.elb.amazonaws.com/restaurants/20/reviews,75,0,0
1777593310386,143,01 - POST /auth/user/login,503,Service Temporarily Unavailable,Virtual Users [500 threads] 1-28,text,false,Login failed — check credentials in users.csv,337,363,5,5,http://k8s-forkfind-forkfind-8e65d48af1-1990260306.us-east-1.elb.amazonaws.com/auth/user/login,143,0,72
1777593310471,77,02 - GET /restaurants (search),200,OK,Virtual Users [500 threads] 1-27,text,true,,790,311,5,5,http://k8s-forkfind-forkfind-8e65d48af1-1990260306.us-east-1.elb.amazonaws.com/restaurants?q=pizza&limit=12&sort=rating,77,0,0
1777593310502,80,03 - POST /restaurants/20/reviews,401,Unauthorized,Virtual Users [500 threads] 1-26,text,false,"Review submission returned unexpected status (401 = bad token, 5xx = server error)",255,447,6,6,http://k8s-forkfind-forkfind-8e65d48af1-1990260306.us-east-1.elb.amazonaws.com/restaurants/20/reviews,80,0,0
1777593310445,149,01 - POST /auth/user/login,503,Service Temporarily Unavailable,Virtual Users [500 threads] 1-29,text,false,Login failed — check credentials in users.csv,337,363,5,5,http://k8s-forkfind-forkfind-8e65d48af1-1990260306.us-east-1.elb.amazonaws.com/auth/user/login,149,0,71
1777593310531,82,02 - GET /restaurants (search),200,OK,Virtual Users [500 threads] 1-28,text,true,,790,311,5,5,http://k8s-forkfind-forkfind-8e65d48af1-1990260306.us-east-1.elb.amazonaws.com/restaurants?q=pizza&limit=12&sort=rating,82,0,0
1777593310549,74,03 - POST /restaurants/20/reviews,401,Unauthorized,Virtual Users [500 threads] 1-27,text,false,"Review submission returned unexpected status (401 = bad token, 5xx = server error)",255,447,6,6,http://k8s-forkfind-forkfind-8e65d48af1-1990260306.us-east-1.elb.amazonaws.com/restaurants/20/reviews,74,0,0
1777593310507,145,01 - POST /auth/user/login,503,Service Temporarily Unavailable,Virtual Users [500 threads] 1-30,text,false,Login failed — check credentials in users.csv,337,363,5,5,http://k8s-forkfind-forkfind-8e65d48af1-1990260306.us-east-1.elb.amazonaws.com/auth/user/login,145,0,74
1777593310595,91,02 - GET /restaurants (search),200,OK,Virtual Users [500 threads] 1-29,text,true,,790,311,6,6,http://k8s-forkfind-forkfind-8e65d48af1-1990260306.us-east-1.elb.amazonaws.com/restaurants?q=pizza&limit=12&sort=rating,91,0,0
1777593310614,76,03 - POST /restaurants/20/reviews,401,Unauthorized,Virtual Users [500 threads] 1-28,text,false,"Review submission returned unexpected status (401 = bad token, 5xx = server error)",255,447,6,6,http://k8s-forkfind-forkfind-8e65d48af1-1990260306.us-east-1.elb.amazonaws.com/restaurants/20/reviews,75,0,0
1777593310562,144,01 - POST /auth/user/login,503,Service Temporarily Unavailable,Virtual Users [500 threads] 1-31,text,false,Login failed — check credentials in users.csv,337,363,5,5,http://k8s-forkfind-forkfind-8e65d48af1-1990260306.us-east-1.elb.amazonaws.com/auth/user/login,144,0,73
1777593310655,77,02 - GET /restaurants (search),200,OK,Virtual Users [500 threads] 1-30,text,true,,790,311,5,5,http://k8s-forkfind-forkfind-8e65d48af1-1990260306.us-east-1.elb.amazonaws.com/restaurants?q=pizza&limit=12&sort=rating,77,0,0
1777593310687,80,03 - POST /restaurants/20/reviews,401,Unauthorized,Virtual Users [500 threads] 1-29,text,false,"Review submission returned unexpected status (401 = bad token, 5xx = server error)",255,447,6,6,http://k8s-forkfind-forkfind-8e65d48af1-1990260306.us-east-1.elb.amazonaws.com/restaurants/20/reviews,80,0,0
1777593310621,146,01 - POST /auth/user/login,503,Service Temporarily Unavailable,Virtual Users [500 threads] 1-32,text,false,Login failed — check credentials in users.csv,337,363,6,6,http://k8s-forkfind-forkfind-8e65d48af1-1990260306.us-east-1.elb.amazonaws.com/auth/user/login,146,0,72
1777593310708,80,02 - GET /restaurants (search),200,OK,Virtual Users [500 threads] 1-31,text,true,,790,311,5,5,http://k8s-forkfind-forkfind-8e65d48af1-1990260306.us-east-1.elb.amazonaws.com/restaurants?q=pizza&limit=12&sort=rating,80,0,0
1777593310733,73,03 - POST /restaurants/20/reviews,401,Unauthorized,Virtual Users [500 threads] 1-30,text,false,"Review submission returned unexpected status (401 = bad token, 5xx = server error)",255,447,6,6,http://k8s-forkfind-forkfind-8e65d48af1-1990260306.us-east-1.elb.amazonaws.com/restaurants/20/reviews,73,0,0
1777593310686,143,01 - POST /auth/user/login,503,Service Temporarily Unavailable,Virtual Users [500 threads] 1-33,text,false,Login failed — check credentials in users.csv,337,363,5,5,http://k8s-forkfind-forkfind-8e65d48af1-1990260306.us-east-1.elb.amazonaws.com/auth/user/login,143,0,72
1777593310768,77,02 - GET /restaurants (search),200,OK,Virtual Users [500 threads] 1-32,text,true,,790,311,5,5,http://k8s-forkfind-forkfind-8e65d48af1-1990260306.us-east-1.elb.amazonaws.com/restaurants?q=pizza&limit=12&sort=rating,77,0,0
1777593310789,74,03 - POST /restaurants/20/reviews,401,Unauthorized,Virtual Users [500 threads] 1-31,text,false,"Review submission returned unexpected status (401 = bad token, 5xx = server error)",255,447,5,5,http://k8s-forkfind-forkfind-8e65d48af1-1990260306.us-east-1.elb.amazonaws.com/restaurants/20/reviews,74,0,0
1777593310744,149,01 - POST /auth/user/login,503,Service Temporarily Unavailable,Virtual Users [500 threads] 1-34,text,false,Login failed — check credentials in users.csv,337,363,5,5,http://k8s-forkfind-forkfind-8e65d48af1-1990260306.us-east-1.elb.amazonaws.com/auth/user/login,149,0,73
1777593310831,85,02 - GET /restaurants (search),200,OK,Virtual Users [500 threads] 1-33,text,true,,790,311,5,5,http://k8s-forkfind-forkfind-8e65d48af1-1990260306.us-east-1.elb.amazonaws.com/restaurants?q=pizza&limit=12&sort=rating,85,0,0
1777593310846,74,03 - POST /restaurants/20/reviews,401,Unauthorized,Virtual Users [500 threads] 1-32,text,false,"Review submission returned unexpected status (401 = bad token, 5xx = server error)",255,447,6,6,http://k8s-forkfind-forkfind-8e65d48af1-1990260306.us-east-1.elb.amazonaws.com/restaurants/20/reviews,74,0,0
1777593310800,145,01 - POST /auth/user/login,503,Service Temporarily Unavailable,Virtual Users [500 threads] 1-35,text,false,Login failed — check credentials in users.csv,337,363,5,5,http://k8s-forkfind-forkfind-8e65d48af1-1990260306.us-east-1.elb.amazonaws.com/auth/user/login,145,0,71
1777593310895,78,02 - GET /restaurants (search),200,OK,Virtual Users [500 threads] 1-34,text,true,,790,311,5,5,http://k8s-forkfind-forkfind-8e65d48af1-1990260306.us-east-1.elb.amazonaws.com/restaurants?q=pizza&limit=12&sort=rating,78,0,0
1777593310917,75,03 - POST /restaurants/20/reviews,401,Unauthorized,Virtual Users [500 threads] 1-33,text,false,"Review submission returned unexpected status (401 = bad token, 5xx = server error)",255,447,6,6,http://k8s-forkfind-forkfind-8e65d48af1-1990260306.us-east-1.elb.amazonaws.com/restaurants/20/reviews,75,0,0
1777593310865,144,01 - POST /auth/user/login,503,Service Temporarily Unavailable,Virtual Users [500 threads] 1-36,text,false,Login failed — check credentials in users.csv,337,363,5,5,http://k8s-forkfind-forkfind-8e65d48af1-1990260306.us-east-1.elb.amazonaws.com/auth/user/login,144,0,71
1777593310946,79,02 - GET /restaurants (search),200,OK,Virtual Users [500 threads] 1-35,text,true,,790,311,5,5,http://k8s-forkfind-forkfind-8e65d48af1-1990260306.us-east-1.elb.amazonaws.com/restaurants?q=pizza&limit=12&sort=rating,79,0,0
1777593310975,74,03 - POST /restaurants/20/reviews,401,Unauthorized,Virtual Users [500 threads] 1-34,text,false,"Review submission returned unexpected status (401 = bad token, 5xx = server error)",255,447,6,6,http://k8s-forkfind-forkfind-8e65d48af1-1990260306.us-east-1.elb.amazonaws.com/restaurants/20/reviews,74,0,0
1777593310920,142,01 - POST /auth/user/login,503,Service Temporarily Unavailable,Virtual Users [500 threads] 1-37,text,false,Login failed — check credentials in users.csv,337,363,5,5,http://k8s-forkfind-forkfind-8e65d48af1-1990260306.us-east-1.elb.amazonaws.com/auth/user/login,142,0,72
1777593311011,76,02 - GET /restaurants (search),200,OK,Virtual Users [500 threads] 1-36,text,true,,790,311,5,5,http://k8s-forkfind-forkfind-8e65d48af1-1990260306.us-east-1.elb.amazonaws.com/restaurants?q=pizza&limit=12&sort=rating,76,0,0
1777593311026,75,03 - POST /restaurants/20/reviews,401,Unauthorized,Virtual Users [500 threads] 1-35,text,false,"Review submission returned unexpected status (401 = bad token, 5xx = server error)",255,447,6,6,http://k8s-forkfind-forkfind-8e65d48af1-1990260306.us-east-1.elb.amazonaws.com/restaurants/20/reviews,75,0,0
1777593310985,143,01 - POST /auth/user/login,503,Service Temporarily Unavailable,Virtual Users [500 threads] 1-38,text,false,Login failed — check credentials in users.csv,337,363,5,5,http://k8s-forkfind-forkfind-8e65d48af1-1990260306.us-east-1.elb.amazonaws.com/auth/user/login,143,0,72
1777593311063,78,02 - GET /restaurants (search),200,OK,Virtual Users [500 threads] 1-37,text,true,,790,311,5,5,http://k8s-forkfind-forkfind-8e65d48af1-1990260306.us-east-1.elb.amazonaws.com/restaurants?q=pizza&limit=12&sort=rating,78,0,0
1777593311087,76,03 - POST /restaurants/20/reviews,401,Unauthorized,Virtual Users [500 threads] 1-36,text,false,"Review submission returned unexpected status (401 = bad token, 5xx = server error)",255,447,6,6,http://k8s-forkfind-forkfind-8e65d48af1-1990260306.us-east-1.elb.amazonaws.com/restaurants/20/reviews,76,0,0
1777593311042,142,01 - POST /auth/user/login,503,Service Temporarily Unavailable,Virtual Users [500 threads] 1-39,text,false,Login failed — check credentials in users.csv,337,363,5,5,http://k8s-forkfind-forkfind-8e65d48af1-1990260306.us-east-1.elb.amazonaws.com/auth/user/login,142,0,71
1777593311128,77,02 - GET /restaurants (search),200,OK,Virtual Users [500 threads] 1-38,text,true,,790,311,5,5,http://k8s-forkfind-forkfind-8e65d48af1-1990260306.us-east-1.elb.amazonaws.com/restaurants?q=pizza&limit=12&sort=rating,77,0,0
1777593311141,75,03 - POST /restaurants/20/reviews,401,Unauthorized,Virtual Users [500 threads] 1-37,text,false,"Review submission returned unexpected status (401 = bad token, 5xx = server error)",255,447,5,5,http://k8s-forkfind-forkfind-8e65d48af1-1990260306.us-east-1.elb.amazonaws.com/restaurants/20/reviews,75,0,0
1777593311097,143,01 - POST /auth/user/login,503,Service Temporarily Unavailable,Virtual Users [500 threads] 1-40,text,false,Login failed — check credentials in users.csv,337,363,5,5,http://k8s-forkfind-forkfind-8e65d48af1-1990260306.us-east-1.elb.amazonaws.com/auth/user/login,143,0,73
1777593311184,76,02 - GET /restaurants (search),200,OK,Virtual Users [500 threads] 1-39,text,true,,790,311,5,5,http://k8s-forkfind-forkfind-8e65d48af1-1990260306.us-east-1.elb.amazonaws.com/restaurants?q=pizza&limit=12&sort=rating,76,0,0
1777593311205,73,03 - POST /restaurants/20/reviews,401,Unauthorized,Virtual Users [500 threads] 1-38,text,false,"Review submission returned unexpected status (401 = bad token, 5xx = server error)",255,447,6,6,http://k8s-forkfind-forkfind-8e65d48af1-1990260306.us-east-1.elb.amazonaws.com/restaurants/20/reviews,73,0,0
1777593311160,142,01 - POST /auth/user/login,503,Service Temporarily Unavailable,Virtual Users [500 threads] 1-41,text,false,Login failed — check credentials in users.csv,337,363,5,5,http://k8s-forkfind-forkfind-8e65d48af1-1990260306.us-east-1.elb.amazonaws.com/auth/user/login,142,0,72
1777593311240,78,02 - GET /restaurants (search),200,OK,Virtual Users [500 threads] 1-40,text,true,,790,311,5,5,http://k8s-forkfind-forkfind-8e65d48af1-1990260306.us-east-1.elb.amazonaws.com/restaurants?q=pizza&limit=12&sort=rating,78,0,0
1777593311260,76,03 - POST /restaurants/20/reviews,401,Unauthorized,Virtual Users [500 threads] 1-39,text,false,"Review submission returned unexpected status (401 = bad token, 5xx = server error)",255,447,5,5,http://k8s-forkfind-forkfind-8e65d48af1-1990260306.us-east-1.elb.amazonaws.com/restaurants/20/reviews,76,0,0
1777593311318,94,03 - POST /restaurants/20/reviews,401,Unauthorized,Virtual Users [500 threads] 1-40,text,false,"Review submission returned unexpected status (401 = bad token, 5xx = server error)",255,447,6,6,http://k8s-forkfind-forkfind-8e65d48af1-1990260306.us-east-1.elb.amazonaws.com/restaurants/20/reviews,94,0,0
1777593311218,194,01 - POST /auth/user/login,503,Service Temporarily Unavailable,Virtual Users [500 threads] 1-42,text,false,Login failed — check credentials in users.csv,337,363,6,6,http://k8s-forkfind-forkfind-8e65d48af1-1990260306.us-east-1.elb.amazonaws.com/auth/user/login,194,0,77
1777593311303,123,02 - GET /restaurants (search),200,OK,Virtual Users [500 threads] 1-41,text,true,,790,311,5,5,http://k8s-forkfind-forkfind-8e65d48af1-1990260306.us-east-1.elb.amazonaws.com/restaurants?q=pizza&limit=12&sort=rating,122,0,0
1777593311278,148,01 - POST /auth/user/login,503,Service Temporarily Unavailable,Virtual Users [500 threads] 1-43,text,false,Login failed — check credentials in users.csv,337,363,5,5,http://k8s-forkfind-forkfind-8e65d48af1-1990260306.us-east-1.elb.amazonaws.com/auth/user/login,147,0,70
1777593311413,83,02 - GET /restaurants (search),200,OK,Virtual Users [500 threads] 1-42,text,true,,790,311,6,6,http://k8s-forkfind-forkfind-8e65d48af1-1990260306.us-east-1.elb.amazonaws.com/restaurants?q=pizza&limit=12&sort=rating,83,0,0
1777593311342,154,01 - POST /auth/user/login,503,Service Temporarily Unavailable,Virtual Users [500 threads] 1-44,text,false,Login failed — check credentials in users.csv,337,363,6,6,http://k8s-forkfind-forkfind-8e65d48af1-1990260306.us-east-1.elb.amazonaws.com/auth/user/login,154,0,83
1777593311426,76,03 - POST /restaurants/20/reviews,401,Unauthorized,Virtual Users [500 threads] 1-41,text,false,"Review submission returned unexpected status (401 = bad token, 5xx = server error)",255,447,6,6,http://k8s-forkfind-forkfind-8e65d48af1-1990260306.us-east-1.elb.amazonaws.com/restaurants/20/reviews,76,0,0
1777593311427,77,02 - GET /restaurants (search),200,OK,Virtual Users [500 threads] 1-43,text,true,,790,311,5,5,http://k8s-forkfind-forkfind-8e65d48af1-1990260306.us-east-1.elb.amazonaws.com/restaurants?q=pizza&limit=12&sort=rating,77,0,0
1777593311402,163,01 - POST /auth/user/login,503,Service Temporarily Unavailable,Virtual Users [500 threads] 1-45,text,false,Login failed — check credentials in users.csv,337,363,6,6,http://k8s-forkfind-forkfind-8e65d48af1-1990260306.us-east-1.elb.amazonaws.com/auth/user/login,163,0,92
1777593311497,77,03 - POST /restaurants/20/reviews,401,Unauthorized,Virtual Users [500 threads] 1-42,text,false,"Review submission returned unexpected status (401 = bad token, 5xx = server error)",255,447,6,6,http://k8s-forkfind-forkfind-8e65d48af1-1990260306.us-east-1.elb.amazonaws.com/restaurants/20/reviews,77,0,0
1777593311497,79,02 - GET /restaurants (search),200,OK,Virtual Users [500 threads] 1-44,text,true,,790,311,6,6,http://k8s-forkfind-forkfind-8e65d48af1-1990260306.us-east-1.elb.amazonaws.com/restaurants?q=pizza&limit=12&sort=rating,79,0,0
1777593311504,73,03 - POST /restaurants/20/reviews,401,Unauthorized,Virtual Users [500 threads] 1-43,text,false,"Review submission returned unexpected status (401 = bad token, 5xx = server error)",255,447,6,6,http://k8s-forkfind-forkfind-8e65d48af1-1990260306.us-east-1.elb.amazonaws.com/restaurants/20/reviews,73,0,0
1777593311459,149,01 - POST /auth/user/login,503,Service Temporarily Unavailable,Virtual Users [500 threads] 1-46,text,false,Login failed — check credentials in users.csv,337,363,5,5,http://k8s-forkfind-forkfind-8e65d48af1-1990260306.us-east-1.elb.amazonaws.com/auth/user/login,149,0,78
1777593311566,84,02 - GET /restaurants (search),200,OK,Virtual Users [500 threads] 1-45,text,true,,790,311,6,6,http://k8s-forkfind-forkfind-8e65d48af1-1990260306.us-east-1.elb.amazonaws.com/restaurants?q=pizza&limit=12&sort=rating,84,0,0
1777593311576,74,03 - POST /restaurants/20/reviews,401,Unauthorized,Virtual Users [500 threads] 1-44,text,false,"Review submission returned unexpected status (401 = bad token, 5xx = server error)",255,447,6,6,http://k8s-forkfind-forkfind-8e65d48af1-1990260306.us-east-1.elb.amazonaws.com/restaurants/20/reviews,74,0,0
1777593311520,147,01 - POST /auth/user/login,503,Service Temporarily Unavailable,Virtual Users [500 threads] 1-47,text,false,Login failed — check credentials in users.csv,337,363,5,5,http://k8s-forkfind-forkfind-8e65d48af1-1990260306.us-east-1.elb.amazonaws.com/auth/user/login,147,0,73
1777593311609,76,02 - GET /restaurants (search),200,OK,Virtual Users [500 threads] 1-46,text,true,,790,311,5,5,http://k8s-forkfind-forkfind-8e65d48af1-1990260306.us-east-1.elb.amazonaws.com/restaurants?q=pizza&limit=12&sort=rating,76,0,0
1777593311651,72,03 - POST /restaurants/20/reviews,401,Unauthorized,Virtual Users [500 threads] 1-45,text,false,"Review submission returned unexpected status (401 = bad token, 5xx = server error)",255,447,6,6,http://k8s-forkfind-forkfind-8e65d48af1-1990260306.us-east-1.elb.amazonaws.com/restaurants/20/reviews,72,0,0
1777593311575,148,01 - POST /auth/user/login,503,Service Temporarily Unavailable,Virtual Users [500 threads] 1-48,text,false,Login failed — check credentials in users.csv,337,363,6,6,http://k8s-forkfind-forkfind-8e65d48af1-1990260306.us-east-1.elb.amazonaws.com/auth/user/login,148,0,75
1777593311668,78,02 - GET /restaurants (search),200,OK,Virtual Users [500 threads] 1-47,text,true,,790,311,5,5,http://k8s-forkfind-forkfind-8e65d48af1-1990260306.us-east-1.elb.amazonaws.com/restaurants?q=pizza&limit=12&sort=rating,78,0,0
1777593311686,75,03 - POST /restaurants/20/reviews,401,Unauthorized,Virtual Users [500 threads] 1-46,text,false,"Review submission returned unexpected status (401 = bad token, 5xx = server error)",255,447,6,6,http://k8s-forkfind-forkfind-8e65d48af1-1990260306.us-east-1.elb.amazonaws.com/restaurants/20/reviews,75,0,0
1777593311636,143,01 - POST /auth/user/login,503,Service Temporarily Unavailable,Virtual Users [500 threads] 1-49,text,false,Login failed — check credentials in users.csv,337,363,5,5,http://k8s-forkfind-forkfind-8e65d48af1-1990260306.us-east-1.elb.amazonaws.com/auth/user/login,143,0,71
1777593311724,79,02 - GET /restaurants (search),200,OK,Virtual Users [500 threads] 1-48,text,true,,790,311,5,5,http://k8s-forkfind-forkfind-8e65d48af1-1990260306.us-east-1.elb.amazonaws.com/restaurants?q=pizza&limit=12&sort=rating,79,0,0
1777593311747,73,03 - POST /restaurants/20/reviews,401,Unauthorized,Virtual Users [500 threads] 1-47,text,false,"Review submission returned unexpected status (401 = bad token, 5xx = server error)",255,447,6,6,http://k8s-forkfind-forkfind-8e65d48af1-1990260306.us-east-1.elb.amazonaws.com/restaurants/20/reviews,73,0,0
1777593311695,144,01 - POST /auth/user/login,503,Service Temporarily Unavailable,Virtual Users [500 threads] 1-50,text,false,Login failed — check credentials in users.csv,337,363,5,5,http://k8s-forkfind-forkfind-8e65d48af1-1990260306.us-east-1.elb.amazonaws.com/auth/user/login,144,0,73
1777593311781,77,02 - GET /restaurants (search),200,OK,Virtual Users [500 threads] 1-49,text,true,,790,311,5,5,http://k8s-forkfind-forkfind-8e65d48af1-1990260306.us-east-1.elb.amazonaws.com/restaurants?q=pizza&limit=12&sort=rating,77,0,0
1777593311804,78,03 - POST /restaurants/20/reviews,401,Unauthorized,Virtual Users [500 threads] 1-48,text,false,"Review submission returned unexpected status (401 = bad token, 5xx = server error)",255,447,6,6,http://k8s-forkfind-forkfind-8e65d48af1-1990260306.us-east-1.elb.amazonaws.com/restaurants/20/reviews,78,0,0
1777593311758,143,01 - POST /auth/user/login,503,Service Temporarily Unavailable,Virtual Users [500 threads] 1-51,text,false,Login failed — check credentials in users.csv,337,363,5,5,http://k8s-forkfind-forkfind-8e65d48af1-1990260306.us-east-1.elb.amazonaws.com/auth/user/login,143,0,71
1777593311840,80,02 - GET /restaurants (search),200,OK,Virtual Users [500 threads] 1-50,text,true,,790,311,5,5,http://k8s-forkfind-forkfind-8e65d48af1-1990260306.us-east-1.elb.amazonaws.com/restaurants?q=pizza&limit=12&sort=rating,80,0,0
1777593311859,73,03 - POST /restaurants/20/reviews,401,Unauthorized,Virtual Users [500 threads] 1-49,text,false,"Review submission returned unexpected status (401 = bad token, 5xx = server error)",255,447,5,5,http://k8s-forkfind-forkfind-8e65d48af1-1990260306.us-east-1.elb.amazonaws.com/restaurants/20/reviews,73,0,0
1777593311816,150,01 - POST /auth/user/login,503,Service Temporarily Unavailable,Virtual Users [500 threads] 1-52,text,false,Login failed — check credentials in users.csv,337,363,5,5,http://k8s-forkfind-forkfind-8e65d48af1-1990260306.us-east-1.elb.amazonaws.com/auth/user/login,150,0,76
1777593311902,78,02 - GET /restaurants (search),200,OK,Virtual Users [500 threads] 1-51,text,true,,790,311,5,5,http://k8s-forkfind-forkfind-8e65d48af1-1990260306.us-east-1.elb.amazonaws.com/restaurants?q=pizza&limit=12&sort=rating,77,0,0
1777593311921,74,03 - POST /restaurants/20/reviews,401,Unauthorized,Virtual Users [500 threads] 1-50,text,false,"Review submission returned unexpected status (401 = bad token, 5xx = server error)",255,447,6,6,http://k8s-forkfind-forkfind-8e65d48af1-1990260306.us-east-1.elb.amazonaws.com/restaurants/20/reviews,74,0,0
1777593311870,156,01 - POST /auth/user/login,503,Service Temporarily Unavailable,Virtual Users [500 threads] 1-53,text,false,Login failed — check credentials in users.csv,337,363,5,5,http://k8s-forkfind-forkfind-8e65d48af1-1990260306.us-east-1.elb.amazonaws.com/auth/user/login,155,0,71
1777593311967,77,02 - GET /restaurants (search),200,OK,Virtual Users [500 threads] 1-52,text,true,,790,311,5,5,http://k8s-forkfind-forkfind-8e65d48af1-1990260306.us-east-1.elb.amazonaws.com/restaurants?q=pizza&limit=12&sort=rating,77,0,0
1777593311981,79,03 - POST /restaurants/20/reviews,401,Unauthorized,Virtual Users [500 threads] 1-51,text,false,"Review submission returned unexpected status (401 = bad token, 5xx = server error)",255,447,6,6,http://k8s-forkfind-forkfind-8e65d48af1-1990260306.us-east-1.elb.amazonaws.com/restaurants/20/reviews,79,0,0
1777593311934,144,01 - POST /auth/user/login,503,Service Temporarily Unavailable,Virtual Users [500 threads] 1-54,text,false,Login failed — check credentials in users.csv,337,363,5,5,http://k8s-forkfind-forkfind-8e65d48af1-1990260306.us-east-1.elb.amazonaws.com/auth/user/login,144,0,72
1777593312027,81,02 - GET /restaurants (search),200,OK,Virtual Users [500 threads] 1-53,text,true,,790,311,5,5,http://k8s-forkfind-forkfind-8e65d48af1-1990260306.us-east-1.elb.amazonaws.com/restaurants?q=pizza&limit=12&sort=rating,81,0,0
1777593312045,75,03 - POST /restaurants/20/reviews,401,Unauthorized,Virtual Users [500 threads] 1-52,text,false,"Review submission returned unexpected status (401 = bad token, 5xx = server error)",255,447,6,6,http://k8s-forkfind-forkfind-8e65d48af1-1990260306.us-east-1.elb.amazonaws.com/restaurants/20/reviews,75,0,0
1777593311995,143,01 - POST /auth/user/login,503,Service Temporarily Unavailable,Virtual Users [500 threads] 1-55,text,false,Login failed — check credentials in users.csv,337,363,5,5,http://k8s-forkfind-forkfind-8e65d48af1-1990260306.us-east-1.elb.amazonaws.com/auth/user/login,142,0,72
1777593312079,76,02 - GET /restaurants (search),200,OK,Virtual Users [500 threads] 1-54,text,true,,790,311,5,5,http://k8s-forkfind-forkfind-8e65d48af1-1990260306.us-east-1.elb.amazonaws.com/restaurants?q=pizza&limit=12&sort=rating,76,0,0
1777593312109,74,03 - POST /restaurants/20/reviews,401,Unauthorized,Virtual Users [500 threads] 1-53,text,false,"Review submission returned unexpected status (401 = bad token, 5xx = server error)",255,447,6,6,http://k8s-forkfind-forkfind-8e65d48af1-1990260306.us-east-1.elb.amazonaws.com/restaurants/20/reviews,74,0,0
1777593312053,144,01 - POST /auth/user/login,503,Service Temporarily Unavailable,Virtual Users [500 threads] 1-56,text,false,Login failed — check credentials in users.csv,337,363,5,5,http://k8s-forkfind-forkfind-8e65d48af1-1990260306.us-east-1.elb.amazonaws.com/auth/user/login,144,0,71
1777593312138,76,02 - GET /restaurants (search),200,OK,Virtual Users [500 threads] 1-55,text,true,,790,311,5,5,http://k8s-forkfind-forkfind-8e65d48af1-1990260306.us-east-1.elb.amazonaws.com/restaurants?q=pizza&limit=12&sort=rating,76,0,0
1777593312155,77,03 - POST /restaurants/20/reviews,401,Unauthorized,Virtual Users [500 threads] 1-54,text,false,"Review submission returned unexpected status (401 = bad token, 5xx = server error)",255,447,5,5,http://k8s-forkfind-forkfind-8e65d48af1-1990260306.us-east-1.elb.amazonaws.com/restaurants/20/reviews,77,0,0
1777593312112,141,01 - POST /auth/user/login,503,Service Temporarily Unavailable,Virtual Users [500 threads] 1-57,text,false,Login failed — check credentials in users.csv,337,363,5,5,http://k8s-forkfind-forkfind-8e65d48af1-1990260306.us-east-1.elb.amazonaws.com/auth/user/login,141,0,70
1777593312198,76,02 - GET /restaurants (search),200,OK,Virtual Users [500 threads] 1-56,text,true,,790,311,5,5,http://k8s-forkfind-forkfind-8e65d48af1-1990260306.us-east-1.elb.amazonaws.com/restaurants?q=pizza&limit=12&sort=rating,76,0,0
1777593312215,73,03 - POST /restaurants/20/reviews,401,Unauthorized,Virtual Users [500 threads] 1-55,text,false,"Review submission returned unexpected status (401 = bad token, 5xx = server error)",255,447,5,5,http://k8s-forkfind-forkfind-8e65d48af1-1990260306.us-east-1.elb.amazonaws.com/restaurants/20/reviews,73,0,0
1777593312178,144,01 - POST /auth/user/login,503,Service Temporarily Unavailable,Virtual Users [500 threads] 1-58,text,false,Login failed — check credentials in users.csv,337,363,5,5,http://k8s-forkfind-forkfind-8e65d48af1-1990260306.us-east-1.elb.amazonaws.com/auth/user/login,144,0,73
1777593312254,76,02 - GET /restaurants (search),200,OK,Virtual Users [500 threads] 1-57,text,true,,790,311,5,5,http://k8s-forkfind-forkfind-8e65d48af1-1990260306.us-east-1.elb.amazonaws.com/restaurants?q=pizza&limit=12&sort=rating,76,0,0
1777593312275,75,03 - POST /restaurants/20/reviews,401,Unauthorized,Virtual Users [500 threads] 1-56,text,false,"Review submission returned unexpected status (401 = bad token, 5xx = server error)",255,447,5,5,http://k8s-forkfind-forkfind-8e65d48af1-1990260306.us-east-1.elb.amazonaws.com/restaurants/20/reviews,75,0,0
1777593312235,145,01 - POST /auth/user/login,503,Service Temporarily Unavailable,Virtual Users [500 threads] 1-59,text,false,Login failed — check credentials in users.csv,337,363,5,5,http://k8s-forkfind-forkfind-8e65d48af1-1990260306.us-east-1.elb.amazonaws.com/auth/user/login,145,0,74
1777593312323,82,02 - GET /restaurants (search),200,OK,Virtual Users [500 threads] 1-58,text,true,,790,311,5,5,http://k8s-forkfind-forkfind-8e65d48af1-1990260306.us-east-1.elb.amazonaws.com/restaurants?q=pizza&limit=12&sort=rating,82,0,0
1777593312331,74,03 - POST /restaurants/20/reviews,401,Unauthorized,Virtual Users [500 threads] 1-57,text,false,"Review submission returned unexpected status (401 = bad token, 5xx = server error)",255,447,5,5,http://k8s-forkfind-forkfind-8e65d48af1-1990260306.us-east-1.elb.amazonaws.com/restaurants/20/reviews,74,0,0
1777593312297,143,01 - POST /auth/user/login,503,Service Temporarily Unavailable,Virtual Users [500 threads] 1-60,text,false,Login failed — check credentials in users.csv,337,363,5,5,http://k8s-forkfind-forkfind-8e65d48af1-1990260306.us-east-1.elb.amazonaws.com/auth/user/login,143,0,71
1777593312382,80,02 - GET /restaurants (search),200,OK,Virtual Users [500 threads] 1-59,text,true,,790,311,5,5,http://k8s-forkfind-forkfind-8e65d48af1-1990260306.us-east-1.elb.amazonaws.com/restaurants?q=pizza&limit=12&sort=rating,80,0,0
1777593312405,78,03 - POST /restaurants/20/reviews,401,Unauthorized,Virtual Users [500 threads] 1-58,text,false,"Review submission returned unexpected status (401 = bad token, 5xx = server error)",255,447,6,6,http://k8s-forkfind-forkfind-8e65d48af1-1990260306.us-east-1.elb.amazonaws.com/restaurants/20/reviews,78,0,0
1777593312356,143,01 - POST /auth/user/login,503,Service Temporarily Unavailable,Virtual Users [500 threads] 1-61,text,false,Login failed — check credentials in users.csv,337,363,5,5,http://k8s-forkfind-forkfind-8e65d48af1-1990260306.us-east-1.elb.amazonaws.com/auth/user/login,143,0,71
1777593312442,76,02 - GET /restaurants (search),200,OK,Virtual Users [500 threads] 1-60,text,true,,790,311,5,5,http://k8s-forkfind-forkfind-8e65d48af1-1990260306.us-east-1.elb.amazonaws.com/restaurants?q=pizza&limit=12&sort=rating,76,0,0
1777593312463,73,03 - POST /restaurants/20/reviews,401,Unauthorized,Virtual Users [500 threads] 1-59,text,false,"Review submission returned unexpected status (401 = bad token, 5xx = server error)",255,447,6,6,http://k8s-forkfind-forkfind-8e65d48af1-1990260306.us-east-1.elb.amazonaws.com/restaurants/20/reviews,73,0,0
1777593312417,144,01 - POST /auth/user/login,503,Service Temporarily Unavailable,Virtual Users [500 threads] 1-62,text,false,Login failed — check credentials in users.csv,337,363,5,5,http://k8s-forkfind-forkfind-8e65d48af1-1990260306.us-east-1.elb.amazonaws.com/auth/user/login,144,0,73
1777593312500,80,02 - GET /restaurants (search),200,OK,Virtual Users [500 threads] 1-61,text,true,,790,311,5,5,http://k8s-forkfind-forkfind-8e65d48af1-1990260306.us-east-1.elb.amazonaws.com/restaurants?q=pizza&limit=12&sort=rating,80,0,0
1777593312518,74,03 - POST /restaurants/20/reviews,401,Unauthorized,Virtual Users [500 threads] 1-60,text,false,"Review submission returned unexpected status (401 = bad token, 5xx = server error)",255,447,5,5,http://k8s-forkfind-forkfind-8e65d48af1-1990260306.us-east-1.elb.amazonaws.com/restaurants/20/reviews,74,0,0
1777593312476,146,01 - POST /auth/user/login,503,Service Temporarily Unavailable,Virtual Users [500 threads] 1-63,text,false,Login failed — check credentials in users.csv,337,363,5,5,http://k8s-forkfind-forkfind-8e65d48af1-1990260306.us-east-1.elb.amazonaws.com/auth/user/login,146,0,72
1777593312563,84,02 - GET /restaurants (search),200,OK,Virtual Users [500 threads] 1-62,text,true,,790,311,5,5,http://k8s-forkfind-forkfind-8e65d48af1-1990260306.us-east-1.elb.amazonaws.com/restaurants?q=pizza&limit=12&sort=rating,84,0,0
1777593312580,73,03 - POST /restaurants/20/reviews,401,Unauthorized,Virtual Users [500 threads] 1-61,text,false,"Review submission returned unexpected status (401 = bad token, 5xx = server error)",255,447,5,5,http://k8s-forkfind-forkfind-8e65d48af1-1990260306.us-east-1.elb.amazonaws.com/restaurants/20/reviews,73,0,0
1777593312536,143,01 - POST /auth/user/login,503,Service Temporarily Unavailable,Virtual Users [500 threads] 1-64,text,false,Login failed — check credentials in users.csv,337,363,5,5,http://k8s-forkfind-forkfind-8e65d48af1-1990260306.us-east-1.elb.amazonaws.com/auth/user/login,143,0,72
1777593312623,88,02 - GET /restaurants (search),200,OK,Virtual Users [500 threads] 1-63,text,true,,790,311,5,5,http://k8s-forkfind-forkfind-8e65d48af1-1990260306.us-east-1.elb.amazonaws.com/restaurants?q=pizza&limit=12&sort=rating,88,0,0
1777593312648,81,03 - POST /restaurants/20/reviews,401,Unauthorized,Virtual Users [500 threads] 1-62,text,false,"Review submission returned unexpected status (401 = bad token, 5xx = server error)",255,447,6,6,http://k8s-forkfind-forkfind-8e65d48af1-1990260306.us-east-1.elb.amazonaws.com/restaurants/20/reviews,81,0,0
1777593312597,149,01 - POST /auth/user/login,503,Service Temporarily Unavailable,Virtual Users [500 threads] 1-65,text,false,Login failed — check credentials in users.csv,337,363,5,5,http://k8s-forkfind-forkfind-8e65d48af1-1990260306.us-east-1.elb.amazonaws.com/auth/user/login,149,0,74
1777593312681,78,02 - GET /restaurants (search),200,OK,Virtual Users [500 threads] 1-64,text,true,,790,311,5,5,http://k8s-forkfind-forkfind-8e65d48af1-1990260306.us-east-1.elb.amazonaws.com/restaurants?q=pizza&limit=12&sort=rating,78,0,0
1777593312712,75,03 - POST /restaurants/20/reviews,401,Unauthorized,Virtual Users [500 threads] 1-63,text,false,"Review submission returned unexpected status (401 = bad token, 5xx = server error)",255,447,6,6,http://k8s-forkfind-forkfind-8e65d48af1-1990260306.us-east-1.elb.amazonaws.com/restaurants/20/reviews,75,0,0
1777593312656,154,01 - POST /auth/user/login,503,Service Temporarily Unavailable,Virtual Users [500 threads] 1-66,text,false,Login failed — check credentials in users.csv,337,363,5,5,http://k8s-forkfind-forkfind-8e65d48af1-1990260306.us-east-1.elb.amazonaws.com/auth/user/login,154,0,79
1777593312748,79,02 - GET /restaurants (search),200,OK,Virtual Users [500 threads] 1-65,text,true,,790,311,5,5,http://k8s-forkfind-forkfind-8e65d48af1-1990260306.us-east-1.elb.amazonaws.com/restaurants?q=pizza&limit=12&sort=rating,79,0,0
1777593312760,75,03 - POST /restaurants/20/reviews,401,Unauthorized,Virtual Users [500 threads] 1-64,text,false,"Review submission returned unexpected status (401 = bad token, 5xx = server error)",255,447,6,6,http://k8s-forkfind-forkfind-8e65d48af1-1990260306.us-east-1.elb.amazonaws.com/restaurants/20/reviews,75,0,0
1777593312715,148,01 - POST /auth/user/login,503,Service Temporarily Unavailable,Virtual Users [500 threads] 1-67,text,false,Login failed — check credentials in users.csv,337,363,5,5,http://k8s-forkfind-forkfind-8e65d48af1-1990260306.us-east-1.elb.amazonaws.com/auth/user/login,148,0,71
1777593312812,77,02 - GET /restaurants (search),200,OK,Virtual Users [500 threads] 1-66,text,true,,790,311,5,5,http://k8s-forkfind-forkfind-8e65d48af1-1990260306.us-east-1.elb.amazonaws.com/restaurants?q=pizza&limit=12&sort=rating,77,0,0
1777593312828,73,03 - POST /restaurants/20/reviews,401,Unauthorized,Virtual Users [500 threads] 1-65,text,false,"Review submission returned unexpected status (401 = bad token, 5xx = server error)",255,447,6,6,http://k8s-forkfind-forkfind-8e65d48af1-1990260306.us-east-1.elb.amazonaws.com/restaurants/20/reviews,73,0,0
1777593312776,145,01 - POST /auth/user/login,503,Service Temporarily Unavailable,Virtual Users [500 threads] 1-68,text,false,Login failed — check credentials in users.csv,337,363,5,5,http://k8s-forkfind-forkfind-8e65d48af1-1990260306.us-east-1.elb.amazonaws.com/auth/user/login,145,0,73
1777593312865,80,02 - GET /restaurants (search),200,OK,Virtual Users [500 threads] 1-67,text,true,,790,311,5,5,http://k8s-forkfind-forkfind-8e65d48af1-1990260306.us-east-1.elb.amazonaws.com/restaurants?q=pizza&limit=12&sort=rating,80,0,0
1777593312890,74,03 - POST /restaurants/20/reviews,401,Unauthorized,Virtual Users [500 threads] 1-66,text,false,"Review submission returned unexpected status (401 = bad token, 5xx = server error)",255,447,6,6,http://k8s-forkfind-forkfind-8e65d48af1-1990260306.us-east-1.elb.amazonaws.com/restaurants/20/reviews,74,0,0
1777593312922,79,02 - GET /restaurants (search),200,OK,Virtual Users [500 threads] 1-68,text,true,,790,311,5,5,http://k8s-forkfind-forkfind-8e65d48af1-1990260306.us-east-1.elb.amazonaws.com/restaurants?q=pizza&limit=12&sort=rating,79,0,0
1777593312946,77,03 - POST /restaurants/20/reviews,401,Unauthorized,Virtual Users [500 threads] 1-67,text,false,"Review submission returned unexpected status (401 = bad token, 5xx = server error)",255,447,6,6,http://k8s-forkfind-forkfind-8e65d48af1-1990260306.us-east-1.elb.amazonaws.com/restaurants/20/reviews,77,0,0
1777593313002,74,03 - POST /restaurants/20/reviews,401,Unauthorized,Virtual Users [500 threads] 1-68,text,false,"Review submission returned unexpected status (401 = bad token, 5xx = server error)",255,447,6,6,http://k8s-forkfind-forkfind-8e65d48af1-1990260306.us-east-1.elb.amazonaws.com/restaurants/20/reviews,74,0,0
1777593312834,23860,01 - POST /auth/user/login,200,OK,Virtual Users [500 threads] 1-69,text,true,,406,363,398,398,http://k8s-forkfind-forkfind-8e65d48af1-1990260306.us-east-1.elb.amazonaws.com/auth/user/login,23860,0,70
1777593336696,82,02 - GET /restaurants (search),200,OK,Virtual Users [500 threads] 1-69,text,true,,790,436,400,400,http://k8s-forkfind-forkfind-8e65d48af1-1990260306.us-east-1.elb.amazonaws.com/restaurants?q=pizza&limit=12&sort=rating,82,0,0
1777593312894,23904,01 - POST /auth/user/login,200,OK,Virtual Users [500 threads] 1-70,text,true,,406,363,400,400,http://k8s-forkfind-forkfind-8e65d48af1-1990260306.us-east-1.elb.amazonaws.com/auth/user/login,23904,0,71
1777593313015,23783,01 - POST /auth/user/login,200,OK,Virtual Users [500 threads] 1-72,text,true,,406,363,400,400,http://k8s-forkfind-forkfind-8e65d48af1-1990260306.us-east-1.elb.amazonaws.com/auth/user/login,23783,0,71
1777593336779,91,03 - POST /restaurants/20/reviews,201,Created,Virtual Users [500 threads] 1-69,text,true,,567,572,401,401,http://k8s-forkfind-forkfind-8e65d48af1-1990260306.us-east-1.elb.amazonaws.com/restaurants/20/reviews,91,0,0
1777593336799,104,02 - GET /restaurants (search),200,OK,Virtual Users [500 threads] 1-72,text,true,,790,436,401,401,http://k8s-forkfind-forkfind-8e65d48af1-1990260306.us-east-1.elb.amazonaws.com/restaurants?q=pizza&limit=12&sort=rating,104,0,0
1777593336799,104,02 - GET /restaurants (search),200,OK,Virtual Users [500 threads] 1-70,text,true,,790,436,401,401,http://k8s-forkfind-forkfind-8e65d48af1-1990260306.us-east-1.elb.amazonaws.com/restaurants?q=pizza&limit=12&sort=rating,104,0,0
1777593313076,23830,01 - POST /auth/user/login,200,OK,Virtual Users [500 threads] 1-73,text,true,,406,363,401,401,http://k8s-forkfind-forkfind-8e65d48af1-1990260306.us-east-1.elb.amazonaws.com/auth/user/login,23830,0,71
1777593336904,116,03 - POST /restaurants/20/reviews,201,Created,Virtual Users [500 threads] 1-72,text,true,,567,572,403,403,http://k8s-forkfind-forkfind-8e65d48af1-1990260306.us-east-1.elb.amazonaws.com/restaurants/20/reviews,116,0,0
1777593336907,113,02 - GET /restaurants (search),200,OK,Virtual Users [500 threads] 1-73,text,true,,790,436,403,403,http://k8s-forkfind-forkfind-8e65d48af1-1990260306.us-east-1.elb.amazonaws.com/restaurants?q=pizza&limit=12&sort=rating,113,0,0
1777593336904,116,03 - POST /restaurants/20/reviews,201,Created,Virtual Users [500 threads] 1-70,text,true,,567,572,403,403,http://k8s-forkfind-forkfind-8e65d48af1-1990260306.us-east-1.elb.amazonaws.com/restaurants/20/reviews,116,0,0
1777593337020,93,03 - POST /restaurants/20/reviews,201,Created,Virtual Users [500 threads] 1-73,text,true,,568,572,402,402,http://k8s-forkfind-forkfind-8e65d48af1-1990260306.us-east-1.elb.amazonaws.com/restaurants/20/reviews,93,0,0
1777593313255,24265,01 - POST /auth/user/login,200,OK,Virtual Users [500 threads] 1-76,text,true,,406,363,408,408,http://k8s-forkfind-forkfind-8e65d48af1-1990260306.us-east-1.elb.amazonaws.com/auth/user/login,24265,0,71
1777593313192,24328,01 - POST /auth/user/login,200,OK,Virtual Users [500 threads] 1-75,text,true,,406,363,408,408,http://k8s-forkfind-forkfind-8e65d48af1-1990260306.us-east-1.elb.amazonaws.com/auth/user/login,24328,0,75
1777593312956,24564,01 - POST /auth/user/login,200,OK,Virtual Users [500 threads] 1-71,text,true,,406,363,408,408,http://k8s-forkfind-forkfind-8e65d48af1-1990260306.us-east-1.elb.amazonaws.com/auth/user/login,24564,0,75
1777593337522,101,02 - GET /restaurants (search),200,OK,Virtual Users [500 threads] 1-76,text,true,,790,436,410,410,http://k8s-forkfind-forkfind-8e65d48af1-1990260306.us-east-1.elb.amazonaws.com/restaurants?q=pizza&limit=12&sort=rating,101,0,0
1777593337522,101,02 - GET /restaurants (search),200,OK,Virtual Users [500 threads] 1-75,text,true,,790,436,410,410,http://k8s-forkfind-forkfind-8e65d48af1-1990260306.us-east-1.elb.amazonaws.com/restaurants?q=pizza&limit=12&sort=rating,101,0,0
1777593337522,101,02 - GET /restaurants (search),200,OK,Virtual Users [500 threads] 1-71,text,true,,790,436,410,410,http://k8s-forkfind-forkfind-8e65d48af1-1990260306.us-east-1.elb.amazonaws.com/restaurants?q=pizza&limit=12&sort=rating,101,0,0
1777593337623,145,03 - POST /restaurants/20/reviews,201,Created,Virtual Users [500 threads] 1-76,text,true,,568,572,412,412,http://k8s-forkfind-forkfind-8e65d48af1-1990260306.us-east-1.elb.amazonaws.com/restaurants/20/reviews,145,0,0
1777593337623,145,03 - POST /restaurants/20/reviews,201,Created,Virtual Users [500 threads] 1-75,text,true,,568,572,412,412,http://k8s-forkfind-forkfind-8e65d48af1-1990260306.us-east-1.elb.amazonaws.com/restaurants/20/reviews,145,0,0
1777593337623,145,03 - POST /restaurants/20/reviews,201,Created,Virtual Users [500 threads] 1-71,text,true,,568,572,412,412,http://k8s-forkfind-forkfind-8e65d48af1-1990260306.us-east-1.elb.amazonaws.com/restaurants/20/reviews,145,0,0
1777593313310,24481,01 - POST /auth/user/login,200,OK,Virtual Users [500 threads] 1-77,text,true,,406,363,410,410,http://k8s-forkfind-forkfind-8e65d48af1-1990260306.us-east-1.elb.amazonaws.com/auth/user/login,24481,0,72
1777593337792,85,02 - GET /restaurants (search),200,OK,Virtual Users [500 threads] 1-77,text,true,,790,436,411,411,http://k8s-forkfind-forkfind-8e65d48af1-1990260306.us-east-1.elb.amazonaws.com/restaurants?q=pizza&limit=12&sort=rating,85,0,0
1777593337877,146,03 - POST /restaurants/20/reviews,201,Created,Virtual Users [500 threads] 1-77,text,true,,568,572,414,414,http://k8s-forkfind-forkfind-8e65d48af1-1990260306.us-east-1.elb.amazonaws.com/restaurants/20/reviews,146,0,0
1777593313373,27316,01 - POST /auth/user/login,200,OK,Virtual Users [500 threads] 1-78,text,true,,406,363,424,424,http://k8s-forkfind-forkfind-8e65d48af1-1990260306.us-east-1.elb.amazonaws.com/auth/user/login,27316,0,74
1777593340692,85,02 - GET /restaurants (search),200,OK,Virtual Users [500 threads] 1-78,text,true,,790,436,424,424,http://k8s-forkfind-forkfind-8e65d48af1-1990260306.us-east-1.elb.amazonaws.com/restaurants?q=pizza&limit=12&sort=rating,85,0,0
1777593340779,87,03 - POST /restaurants/20/reviews,201,Created,Virtual Users [500 threads] 1-78,text,true,,569,572,424,424,http://k8s-forkfind-forkfind-8e65d48af1-1990260306.us-east-1.elb.amazonaws.com/restaurants/20/reviews,86,0,0
1777593313132,30075,01 - POST /auth/user/login,Non HTTP response code: java.net.SocketTimeoutException,Non HTTP response message: Read timed out,Virtual Users [500 threads] 1-74,text,false,Login failed — check credentials in users.csv,2679,0,423,423,http://k8s-forkfind-forkfind-8e65d48af1-1990260306.us-east-1.elb.amazonaws.com/auth/user/login,0,0,72
1777593343210,174,02 - GET /restaurants (search),200,OK,Virtual Users [500 threads] 1-74,text,true,,790,311,423,423,http://k8s-forkfind-forkfind-8e65d48af1-1990260306.us-east-1.elb.amazonaws.com/restaurants?q=pizza&limit=12&sort=rating,174,0,95
1777593343385,73,03 - POST /restaurants/20/reviews,401,Unauthorized,Virtual Users [500 threads] 1-74,text,false,"Review submission returned unexpected status (401 = bad token, 5xx = server error)",255,447,423,423,http://k8s-forkfind-forkfind-8e65d48af1-1990260306.us-east-1.elb.amazonaws.com/restaurants/20/reviews,73,0,0
1777593313434,30087,01 - POST /auth/user/login,Non HTTP response code: java.net.SocketTimeoutException,Non HTTP response message: Read timed out,Virtual Users [500 threads] 1-79,text,false,Login failed — check credentials in users.csv,2679,0,422,422,http://k8s-forkfind-forkfind-8e65d48af1-1990260306.us-east-1.elb.amazonaws.com/auth/user/login,0,0,85
1777593313492,30072,01 - POST /auth/user/login,Non HTTP response code: java.net.SocketTimeoutException,Non HTTP response message: Read timed out,Virtual Users [500 threads] 1-80,text,false,Login failed — check credentials in users.csv,2679,0,422,422,http://k8s-forkfind-forkfind-8e65d48af1-1990260306.us-east-1.elb.amazonaws.com/auth/user/login,0,0,71
1777593313552,30074,01 - POST /auth/user/login,Non HTTP response code: java.net.SocketTimeoutException,Non HTTP response message: Read timed out,Virtual Users [500 threads] 1-81,text,false,Login failed — check credentials in users.csv,2679,0,422,422,http://k8s-forkfind-forkfind-8e65d48af1-1990260306.us-east-1.elb.amazonaws.com/auth/user/login,0,0,72
1777593313613,30074,01 - POST /auth/user/login,Non HTTP response code: java.net.SocketTimeoutException,Non HTTP response message: Read timed out,Virtual Users [500 threads] 1-82,text,false,Login failed — check credentials in users.csv,2679,0,422,422,http://k8s-forkfind-forkfind-8e65d48af1-1990260306.us-east-1.elb.amazonaws.com/auth/user/login,0,0,72
1777593343524,176,02 - GET /restaurants (search),200,OK,Virtual Users [500 threads] 1-79,text,true,,790,311,422,422,http://k8s-forkfind-forkfind-8e65d48af1-1990260306.us-east-1.elb.amazonaws.com/restaurants?q=pizza&limit=12&sort=rating,176,0,82
1777593343567,157,02 - GET /restaurants (search),200,OK,Virtual Users [500 threads] 1-80,text,true,,790,311,422,422,http://k8s-forkfind-forkfind-8e65d48af1-1990260306.us-east-1.elb.amazonaws.com/restaurants?q=pizza&limit=12&sort=rating,156,0,74
1777593313669,30076,01 - POST /auth/user/login,Non HTTP response code: java.net.SocketTimeoutException,Non HTTP response message: Read timed out,Virtual Users [500 threads] 1-83,text,false,Login failed — check credentials in users.csv,2679,0,422,422,http://k8s-forkfind-forkfind-8e65d48af1-1990260306.us-east-1.elb.amazonaws.com/auth/user/login,0,0,74
1777593343700,75,03 - POST /restaurants/20/reviews,401,Unauthorized,Virtual Users [500 threads] 1-79,text,false,"Review submission returned unexpected status (401 = bad token, 5xx = server error)",255,447,422,422,http://k8s-forkfind-forkfind-8e65d48af1-1990260306.us-east-1.elb.amazonaws.com/restaurants/20/reviews,75,0,0
1777593343630,161,02 - GET /restaurants (search),200,OK,Virtual Users [500 threads] 1-81,text,true,,790,311,421,421,http://k8s-forkfind-forkfind-8e65d48af1-1990260306.us-east-1.elb.amazonaws.com/restaurants?q=pizza&limit=12&sort=rating,161,0,75
1777593343724,76,03 - POST /restaurants/20/reviews,401,Unauthorized,Virtual Users [500 threads] 1-80,text,false,"Review submission returned unexpected status (401 = bad token, 5xx = server error)",255,447,421,421,http://k8s-forkfind-forkfind-8e65d48af1-1990260306.us-east-1.elb.amazonaws.com/restaurants/20/reviews,76,0,0
1777593313732,30073,01 - POST /auth/user/login,Non HTTP response code: java.net.SocketTimeoutException,Non HTTP response message: Read timed out,Virtual Users [500 threads] 1-84,text,false,Login failed — check credentials in users.csv,2679,0,420,420,http://k8s-forkfind-forkfind-8e65d48af1-1990260306.us-east-1.elb.amazonaws.com/auth/user/login,0,0,72
1777593343690,156,02 - GET /restaurants (search),200,OK,Virtual Users [500 threads] 1-82,text,true,,790,311,420,420,http://k8s-forkfind-forkfind-8e65d48af1-1990260306.us-east-1.elb.amazonaws.com/restaurants?q=pizza&limit=12&sort=rating,156,0,72
1777593313789,30076,01 - POST /auth/user/login,Non HTTP response code: java.net.SocketTimeoutException,Non HTTP response message: Read timed out,Virtual Users [500 threads] 1-85,text,false,Login failed — check credentials in users.csv,2679,0,420,420,http://k8s-forkfind-forkfind-8e65d48af1-1990260306.us-east-1.elb.amazonaws.com/auth/user/login,0,0,74
1777593343792,75,03 - POST /restaurants/20/reviews,401,Unauthorized,Virtual Users [500 threads] 1-81,text,false,"Review submission returned unexpected status (401 = bad token, 5xx = server error)",255,447,420,420,http://k8s-forkfind-forkfind-8e65d48af1-1990260306.us-east-1.elb.amazonaws.com/restaurants/20/reviews,75,0,0
1777593343748,162,02 - GET /restaurants (search),200,OK,Virtual Users [500 threads] 1-83,text,true,,790,311,419,419,http://k8s-forkfind-forkfind-8e65d48af1-1990260306.us-east-1.elb.amazonaws.com/restaurants?q=pizza&limit=12&sort=rating,162,0,72
1777593343847,76,03 - POST /restaurants/20/reviews,401,Unauthorized,Virtual Users [500 threads] 1-82,text,false,"Review submission returned unexpected status (401 = bad token, 5xx = server error)",255,447,419,419,http://k8s-forkfind-forkfind-8e65d48af1-1990260306.us-east-1.elb.amazonaws.com/restaurants/20/reviews,76,0,0
1777593313853,30076,01 - POST /auth/user/login,Non HTTP response code: java.net.SocketTimeoutException,Non HTTP response message: Read timed out,Virtual Users [500 threads] 1-86,text,false,Login failed — check credentials in users.csv,2679,0,418,418,http://k8s-forkfind-forkfind-8e65d48af1-1990260306.us-east-1.elb.amazonaws.com/auth/user/login,0,0,74
1777593343910,74,03 - POST /restaurants/20/reviews,401,Unauthorized,Virtual Users [500 threads] 1-83,text,false,"Review submission returned unexpected status (401 = bad token, 5xx = server error)",255,447,418,418,http://k8s-forkfind-forkfind-8e65d48af1-1990260306.us-east-1.elb.amazonaws.com/restaurants/20/reviews,74,0,0
1777593313910,30073,01 - POST /auth/user/login,Non HTTP response code: java.net.SocketTimeoutException,Non HTTP response message: Read timed out,Virtual Users [500 threads] 1-87,text,false,Login failed — check credentials in users.csv,2679,0,418,418,http://k8s-forkfind-forkfind-8e65d48af1-1990260306.us-east-1.elb.amazonaws.com/auth/user/login,0,0,71
1777593343808,194,02 - GET /restaurants (search),200,OK,Virtual Users [500 threads] 1-84,text,true,,790,311,417,417,http://k8s-forkfind-forkfind-8e65d48af1-1990260306.us-east-1.elb.amazonaws.com/restaurants?q=pizza&limit=12&sort=rating,194,0,71
1777593343866,151,02 - GET /restaurants (search),200,OK,Virtual Users [500 threads] 1-85,text,true,,790,311,417,417,http://k8s-forkfind-forkfind-8e65d48af1-1990260306.us-east-1.elb.amazonaws.com/restaurants?q=pizza&limit=12&sort=rating,151,0,71
1777593313966,30081,01 - POST /auth/user/login,Non HTTP response code: java.net.SocketTimeoutException,Non HTTP response message: Read timed out,Virtual Users [500 threads] 1-88,text,false,Login failed — check credentials in users.csv,2679,0,417,417,http://k8s-forkfind-forkfind-8e65d48af1-1990260306.us-east-1.elb.amazonaws.com/auth/user/login,0,0,79
1777593344001,76,03 - POST /restaurants/20/reviews,401,Unauthorized,Virtual Users [500 threads] 1-84,text,false,"Review submission returned unexpected status (401 = bad token, 5xx = server error)",255,447,417,417,http://k8s-forkfind-forkfind-8e65d48af1-1990260306.us-east-1.elb.amazonaws.com/restaurants/20/reviews,75,0,0
1777593344018,75,03 - POST /restaurants/20/reviews,401,Unauthorized,Virtual Users [500 threads] 1-85,text,false,"Review submission returned unexpected status (401 = bad token, 5xx = server error)",255,447,416,416,http://k8s-forkfind-forkfind-8e65d48af1-1990260306.us-east-1.elb.amazonaws.com/restaurants/20/reviews,75,0,0
1777593314029,30074,01 - POST /auth/user/login,Non HTTP response code: java.net.SocketTimeoutException,Non HTTP response message: Read timed out,Virtual Users [500 threads] 1-89,text,false,Login failed — check credentials in users.csv,2679,0,415,415,http://k8s-forkfind-forkfind-8e65d48af1-1990260306.us-east-1.elb.amazonaws.com/auth/user/login,0,0,73
1777593343931,180,02 - GET /restaurants (search),200,OK,Virtual Users [500 threads] 1-86,text,true,,790,311,415,415,http://k8s-forkfind-forkfind-8e65d48af1-1990260306.us-east-1.elb.amazonaws.com/restaurants?q=pizza&limit=12&sort=rating,180,0,71
1777593343986,155,02 - GET /restaurants (search),200,OK,Virtual Users [500 threads] 1-87,text,true,,790,311,415,415,http://k8s-forkfind-forkfind-8e65d48af1-1990260306.us-east-1.elb.amazonaws.com/restaurants?q=pizza&limit=12&sort=rating,155,0,72
1777593314090,30073,01 - POST /auth/user/login,Non HTTP response code: java.net.SocketTimeoutException,Non HTTP response message: Read timed out,Virtual Users [500 threads] 1-90,text,false,Login failed — check credentials in users.csv,2679,0,415,415,http://k8s-forkfind-forkfind-8e65d48af1-1990260306.us-east-1.elb.amazonaws.com/auth/user/login,0,0,71
1777593344112,78,03 - POST /restaurants/20/reviews,401,Unauthorized,Virtual Users [500 threads] 1-86,text,false,"Review submission returned unexpected status (401 = bad token, 5xx = server error)",255,447,415,415,http://k8s-forkfind-forkfind-8e65d48af1-1990260306.us-east-1.elb.amazonaws.com/restaurants/20/reviews,78,0,0
1777593344048,162,02 - GET /restaurants (search),200,OK,Virtual Users [500 threads] 1-88,text,true,,790,311,414,414,http://k8s-forkfind-forkfind-8e65d48af1-1990260306.us-east-1.elb.amazonaws.com/restaurants?q=pizza&limit=12&sort=rating,162,0,85
1777593344142,73,03 - POST /restaurants/20/reviews,401,Unauthorized,Virtual Users [500 threads] 1-87,text,false,"Review submission returned unexpected status (401 = bad token, 5xx = server error)",255,447,414,414,http://k8s-forkfind-forkfind-8e65d48af1-1990260306.us-east-1.elb.amazonaws.com/restaurants/20/reviews,73,0,0
1777593314150,30075,01 - POST /auth/user/login,Non HTTP response code: java.net.SocketTimeoutException,Non HTTP response message: Read timed out,Virtual Users [500 threads] 1-91,text,false,Login failed — check credentials in users.csv,2679,0,413,413,http://k8s-forkfind-forkfind-8e65d48af1-1990260306.us-east-1.elb.amazonaws.com/auth/user/login,0,0,73
1777593344211,76,03 - POST /restaurants/20/reviews,401,Unauthorized,Virtual Users [500 threads] 1-88,text,false,"Review submission returned unexpected status (401 = bad token, 5xx = server error)",255,447,413,413,http://k8s-forkfind-forkfind-8e65d48af1-1990260306.us-east-1.elb.amazonaws.com/restaurants/20/reviews,76,0,0
1777593314211,30075,01 - POST /auth/user/login,Non HTTP response code: java.net.SocketTimeoutException,Non HTTP response message: Read timed out,Virtual Users [500 threads] 1-92,text,false,Login failed — check credentials in users.csv,2679,0,413,413,http://k8s-forkfind-forkfind-8e65d48af1-1990260306.us-east-1.elb.amazonaws.com/auth/user/login,0,0,73
1777593344105,200,02 - GET /restaurants (search),200,OK,Virtual Users [500 threads] 1-89,text,true,,790,311,412,412,http://k8s-forkfind-forkfind-8e65d48af1-1990260306.us-east-1.elb.amazonaws.com/restaurants?q=pizza&limit=12&sort=rating,200,0,71
1777593344165,168,02 - GET /restaurants (search),200,OK,Virtual Users [500 threads] 1-90,text,true,,790,311,412,412,http://k8s-forkfind-forkfind-8e65d48af1-1990260306.us-east-1.elb.amazonaws.com/restaurants?q=pizza&limit=12&sort=rating,167,0,73
1777593314269,30074,01 - POST /auth/user/login,Non HTTP response code: java.net.SocketTimeoutException,Non HTTP response message: Read timed out,Virtual Users [500 threads] 1-93,text,false,Login failed — check credentials in users.csv,2679,0,412,412,http://k8s-forkfind-forkfind-8e65d48af1-1990260306.us-east-1.elb.amazonaws.com/auth/user/login,0,0,72
1777593344305,73,03 - POST /restaurants/20/reviews,401,Unauthorized,Virtual Users [500 threads] 1-89,text,false,"Review submission returned unexpected status (401 = bad token, 5xx = server error)",255,447,412,412,http://k8s-forkfind-forkfind-8e65d48af1-1990260306.us-east-1.elb.amazonaws.com/restaurants/20/reviews,73,0,0
1777593314325,30083,01 - POST /auth/user/login,Non HTTP response code: java.net.SocketTimeoutException,Non HTTP response message: Read timed out,Virtual Users [500 threads] 1-94,text,false,Login failed — check credentials in users.csv,2679,0,411,411,http://k8s-forkfind-forkfind-8e65d48af1-1990260306.us-east-1.elb.amazonaws.com/auth/user/login,0,0,81
1777593344333,81,03 - POST /restaurants/20/reviews,401,Unauthorized,Virtual Users [500 threads] 1-90,text,false,"Review submission returned unexpected status (401 = bad token, 5xx = server error)",255,447,411,411,http://k8s-forkfind-forkfind-8e65d48af1-1990260306.us-east-1.elb.amazonaws.com/restaurants/20/reviews,81,0,0
1777593314384,30095,01 - POST /auth/user/login,Non HTTP response code: java.net.SocketTimeoutException,Non HTTP response message: Read timed out,Virtual Users [500 threads] 1-95,text,false,Login failed — check credentials in users.csv,2679,0,410,410,http://k8s-forkfind-forkfind-8e65d48af1-1990260306.us-east-1.elb.amazonaws.com/auth/user/login,0,0,93
1777593344227,274,02 - GET /restaurants (search),200,OK,Virtual Users [500 threads] 1-91,text,true,,790,311,410,410,http://k8s-forkfind-forkfind-8e65d48af1-1990260306.us-east-1.elb.amazonaws.com/restaurants?q=pizza&limit=12&sort=rating,274,0,71
1777593314448,30073,01 - POST /auth/user/login,Non HTTP response code: java.net.SocketTimeoutException,Non HTTP response message: Read timed out,Virtual Users [500 threads] 1-96,text,false,Login failed — check credentials in users.csv,2679,0,410,410,http://k8s-forkfind-forkfind-8e65d48af1-1990260306.us-east-1.elb.amazonaws.com/auth/user/login,0,0,72
1777593344288,236,02 - GET /restaurants (search),200,OK,Virtual Users [500 threads] 1-92,text,true,,790,311,410,410,http://k8s-forkfind-forkfind-8e65d48af1-1990260306.us-east-1.elb.amazonaws.com/restaurants?q=pizza&limit=12&sort=rating,236,0,69
1777593344344,180,02 - GET /restaurants (search),200,OK,Virtual Users [500 threads] 1-93,text,true,,790,311,410,410,http://k8s-forkfind-forkfind-8e65d48af1-1990260306.us-east-1.elb.amazonaws.com/restaurants?q=pizza&limit=12&sort=rating,180,0,71
1777593344501,75,03 - POST /restaurants/20/reviews,401,Unauthorized,Virtual Users [500 threads] 1-91,text,false,"Review submission returned unexpected status (401 = bad token, 5xx = server error)",255,447,410,410,http://k8s-forkfind-forkfind-8e65d48af1-1990260306.us-east-1.elb.amazonaws.com/restaurants/20/reviews,75,0,0
1777593314508,30080,01 - POST /auth/user/login,Non HTTP response code: java.net.SocketTimeoutException,Non HTTP response message: Read timed out,Virtual Users [500 threads] 1-97,text,false,Login failed — check credentials in users.csv,2679,0,409,409,http://k8s-forkfind-forkfind-8e65d48af1-1990260306.us-east-1.elb.amazonaws.com/auth/user/login,0,0,78
1777593344524,80,03 - POST /restaurants/20/reviews,401,Unauthorized,Virtual Users [500 threads] 1-92,text,false,"Review submission returned unexpected status (401 = bad token, 5xx = server error)",255,447,409,409,http://k8s-forkfind-forkfind-8e65d48af1-1990260306.us-east-1.elb.amazonaws.com/restaurants/20/reviews,80,0,0
1777593344524,80,03 - POST /restaurants/20/reviews,401,Unauthorized,Virtual Users [500 threads] 1-93,text,false,"Review submission returned unexpected status (401 = bad token, 5xx = server error)",255,447,409,409,http://k8s-forkfind-forkfind-8e65d48af1-1990260306.us-east-1.elb.amazonaws.com/restaurants/20/reviews,80,0,0
1777593344410,208,02 - GET /restaurants (search),200,OK,Virtual Users [500 threads] 1-94,text,true,,790,311,407,407,http://k8s-forkfind-forkfind-8e65d48af1-1990260306.us-east-1.elb.amazonaws.com/restaurants?q=pizza&limit=12&sort=rating,208,0,74
1777593344481,152,02 - GET /restaurants (search),200,OK,Virtual Users [500 threads] 1-95,text,true,,790,311,407,407,http://k8s-forkfind-forkfind-8e65d48af1-1990260306.us-east-1.elb.amazonaws.com/restaurants?q=pizza&limit=12&sort=rating,152,0,72
1777593314570,30073,01 - POST /auth/user/login,Non HTTP response code: java.net.SocketTimeoutException,Non HTTP response message: Read timed out,Virtual Users [500 threads] 1-98,text,false,Login failed — check credentials in users.csv,2679,0,407,407,http://k8s-forkfind-forkfind-8e65d48af1-1990260306.us-east-1.elb.amazonaws.com/auth/user/login,0,0,71
1777593344619,74,03 - POST /restaurants/20/reviews,401,Unauthorized,Virtual Users [500 threads] 1-94,text,false,"Review submission returned unexpected status (401 = bad token, 5xx = server error)",255,447,407,407,http://k8s-forkfind-forkfind-8e65d48af1-1990260306.us-east-1.elb.amazonaws.com/restaurants/20/reviews,73,0,0
1777593314625,30074,01 - POST /auth/user/login,Non HTTP response code: java.net.SocketTimeoutException,Non HTTP response message: Read timed out,Virtual Users [500 threads] 1-99,text,false,Login failed — check credentials in users.csv,2679,0,406,406,http://k8s-forkfind-forkfind-8e65d48af1-1990260306.us-east-1.elb.amazonaws.com/auth/user/login,0,0,72
1777593344634,74,03 - POST /restaurants/20/reviews,401,Unauthorized,Virtual Users [500 threads] 1-95,text,false,"Review submission returned unexpected status (401 = bad token, 5xx = server error)",255,447,406,406,http://k8s-forkfind-forkfind-8e65d48af1-1990260306.us-east-1.elb.amazonaws.com/restaurants/20/reviews,74,0,0
1777593344523,188,02 - GET /restaurants (search),200,OK,Virtual Users [500 threads] 1-96,text,true,,790,311,405,405,http://k8s-forkfind-forkfind-8e65d48af1-1990260306.us-east-1.elb.amazonaws.com/restaurants?q=pizza&limit=12&sort=rating,188,0,71
1777593314688,30082,01 - POST /auth/user/login,Non HTTP response code: java.net.SocketTimeoutException,Non HTTP response message: Read timed out,Virtual Users [500 threads] 1-100,text,false,Login failed — check credentials in users.csv,2679,0,405,405,http://k8s-forkfind-forkfind-8e65d48af1-1990260306.us-east-1.elb.amazonaws.com/auth/user/login,0,0,80
1777593344711,74,03 - POST /restaurants/20/reviews,401,Unauthorized,Virtual Users [500 threads] 1-96,text,false,"Review submission returned unexpected status (401 = bad token, 5xx = server error)",255,447,405,405,http://k8s-forkfind-forkfind-8e65d48af1-1990260306.us-east-1.elb.amazonaws.com/restaurants/20/reviews,74,0,0
1777593344644,165,02 - GET /restaurants (search),200,OK,Virtual Users [500 threads] 1-98,text,true,,790,311,404,404,http://k8s-forkfind-forkfind-8e65d48af1-1990260306.us-east-1.elb.amazonaws.com/restaurants?q=pizza&limit=12&sort=rating,165,0,81
1777593344589,225,02 - GET /restaurants (search),200,OK,Virtual Users [500 threads] 1-97,text,true,,790,311,404,404,http://k8s-forkfind-forkfind-8e65d48af1-1990260306.us-east-1.elb.amazonaws.com/restaurants?q=pizza&limit=12&sort=rating,224,0,74
1777593314747,30074,01 - POST /auth/user/login,Non HTTP response code: java.net.SocketTimeoutException,Non HTTP response message: Read timed out,Virtual Users [500 threads] 1-101,text,false,Login failed — check credentials in users.csv,2679,0,404,404,http://k8s-forkfind-forkfind-8e65d48af1-1990260306.us-east-1.elb.amazonaws.com/auth/user/login,0,0,72
1777593314804,30075,01 - POST /auth/user/login,Non HTTP response code: java.net.SocketTimeoutException,Non HTTP response message: Read timed out,Virtual Users [500 threads] 1-102,text,false,Login failed — check credentials in users.csv,2679,0,404,404,http://k8s-forkfind-forkfind-8e65d48af1-1990260306.us-east-1.elb.amazonaws.com/auth/user/login,0,0,73
1777593344809,79,03 - POST /restaurants/20/reviews,401,Unauthorized,Virtual Users [500 threads] 1-98,text,false,"Review submission returned unexpected status (401 = bad token, 5xx = server error)",255,447,404,404,http://k8s-forkfind-forkfind-8e65d48af1-1990260306.us-east-1.elb.amazonaws.com/restaurants/20/reviews,79,0,0
1777593344814,74,03 - POST /restaurants/20/reviews,401,Unauthorized,Virtual Users [500 threads] 1-97,text,false,"Review submission returned unexpected status (401 = bad token, 5xx = server error)",255,447,404,404,http://k8s-forkfind-forkfind-8e65d48af1-1990260306.us-east-1.elb.amazonaws.com/restaurants/20/reviews,74,0,0
1777593344700,214,02 - GET /restaurants (search),200,OK,Virtual Users [500 threads] 1-99,text,true,,790,311,402,402,http://k8s-forkfind-forkfind-8e65d48af1-1990260306.us-east-1.elb.amazonaws.com/restaurants?q=pizza&limit=12&sort=rating,214,0,73
1777593344771,151,02 - GET /restaurants (search),200,OK,Virtual Users [500 threads] 1-100,text,true,,790,311,402,402,http://k8s-forkfind-forkfind-8e65d48af1-1990260306.us-east-1.elb.amazonaws.com/restaurants?q=pizza&limit=12&sort=rating,151,0,73
1777593314869,30074,01 - POST /auth/user/login,Non HTTP response code: java.net.SocketTimeoutException,Non HTTP response message: Read timed out,Virtual Users [500 threads] 1-103,text,false,Login failed — check credentials in users.csv,2679,0,402,402,http://k8s-forkfind-forkfind-8e65d48af1-1990260306.us-east-1.elb.amazonaws.com/auth/user/login,0,0,72
1777593314923,30073,01 - POST /auth/user/login,Non HTTP response code: java.net.SocketTimeoutException,Non HTTP response message: Read timed out,Virtual Users [500 threads] 1-104,text,false,Login failed — check credentials in users.csv,2679,0,402,402,http://k8s-forkfind-forkfind-8e65d48af1-1990260306.us-east-1.elb.amazonaws.com/auth/user/login,0,0,71
1777593344822,176,02 - GET /restaurants (search),200,OK,Virtual Users [500 threads] 1-101,text,true,,790,311,402,402,http://k8s-forkfind-forkfind-8e65d48af1-1990260306.us-east-1.elb.amazonaws.com/restaurants?q=pizza&limit=12&sort=rating,176,0,72
1777593344914,84,03 - POST /restaurants/20/reviews,401,Unauthorized,Virtual Users [500 threads] 1-99,text,false,"Review submission returned unexpected status (401 = bad token, 5xx = server error)",255,447,402,402,http://k8s-forkfind-forkfind-8e65d48af1-1990260306.us-east-1.elb.amazonaws.com/restaurants/20/reviews,84,0,0
1777593344922,76,03 - POST /restaurants/20/reviews,401,Unauthorized,Virtual Users [500 threads] 1-100,text,false,"Review submission returned unexpected status (401 = bad token, 5xx = server error)",255,448,402,402,http://k8s-forkfind-forkfind-8e65d48af1-1990260306.us-east-1.elb.amazonaws.com/restaurants/20/reviews,76,0,0
1777593344881,153,02 - GET /restaurants (search),200,OK,Virtual Users [500 threads] 1-102,text,true,,790,311,400,400,http://k8s-forkfind-forkfind-8e65d48af1-1990260306.us-east-1.elb.amazonaws.com/restaurants?q=pizza&limit=12&sort=rating,153,0,71
1777593314988,30081,01 - POST /auth/user/login,Non HTTP response code: java.net.SocketTimeoutException,Non HTTP response message: Read timed out,Virtual Users [500 threads] 1-105,text,false,Login failed — check credentials in users.csv,2679,0,400,400,http://k8s-forkfind-forkfind-8e65d48af1-1990260306.us-east-1.elb.amazonaws.com/auth/user/login,0,0,80
1777593344998,82,03 - POST /restaurants/20/reviews,401,Unauthorized,Virtual Users [500 threads] 1-101,text,false,"Review submission returned unexpected status (401 = bad token, 5xx = server error)",255,448,400,400,http://k8s-forkfind-forkfind-8e65d48af1-1990260306.us-east-1.elb.amazonaws.com/restaurants/20/reviews,82,0,0
1777593344946,179,02 - GET /restaurants (search),200,OK,Virtual Users [500 threads] 1-103,text,true,,790,311,399,399,http://k8s-forkfind-forkfind-8e65d48af1-1990260306.us-east-1.elb.amazonaws.com/restaurants?q=pizza&limit=12&sort=rating,179,0,74
1777593345034,91,03 - POST /restaurants/20/reviews,401,Unauthorized,Virtual Users [500 threads] 1-102,text,false,"Review submission returned unexpected status (401 = bad token, 5xx = server error)",255,448,399,399,http://k8s-forkfind-forkfind-8e65d48af1-1990260306.us-east-1.elb.amazonaws.com/restaurants/20/reviews,91,0,0
1777593315048,30081,01 - POST /auth/user/login,Non HTTP response code: java.net.SocketTimeoutException,Non HTTP response message: Read timed out,Virtual Users [500 threads] 1-106,text,false,Login failed — check credentials in users.csv,2679,0,398,398,http://k8s-forkfind-forkfind-8e65d48af1-1990260306.us-east-1.elb.amazonaws.com/auth/user/login,0,0,79
1777593315109,30074,01 - POST /auth/user/login,Non HTTP response code: java.net.SocketTimeoutException,Non HTTP response message: Read timed out,Virtual Users [500 threads] 1-107,text,false,Login failed — check credentials in users.csv,2679,0,398,398,http://k8s-forkfind-forkfind-8e65d48af1-1990260306.us-east-1.elb.amazonaws.com/auth/user/login,0,0,72
1777593345126,83,03 - POST /restaurants/20/reviews,401,Unauthorized,Virtual Users [500 threads] 1-103,text,false,"Review submission returned unexpected status (401 = bad token, 5xx = server error)",255,448,398,398,http://k8s-forkfind-forkfind-8e65d48af1-1990260306.us-east-1.elb.amazonaws.com/restaurants/20/reviews,83,0,0
1777593344998,212,02 - GET /restaurants (search),200,OK,Virtual Users [500 threads] 1-104,text,true,,790,311,398,398,http://k8s-forkfind-forkfind-8e65d48af1-1990260306.us-east-1.elb.amazonaws.com/restaurants?q=pizza&limit=12&sort=rating,212,0,81
1777593345071,159,02 - GET /restaurants (search),200,OK,Virtual Users [500 threads] 1-105,text,true,,790,311,397,397,http://k8s-forkfind-forkfind-8e65d48af1-1990260306.us-east-1.elb.amazonaws.com/restaurants?q=pizza&limit=12&sort=rating,159,0,78
1777593315169,30074,01 - POST /auth/user/login,Non HTTP response code: java.net.SocketTimeoutException,Non HTTP response message: Read timed out,Virtual Users [500 threads] 1-108,text,false,Login failed — check credentials in users.csv,2679,0,397,397,http://k8s-forkfind-forkfind-8e65d48af1-1990260306.us-east-1.elb.amazonaws.com/auth/user/login,0,0,73
1777593345211,76,03 - POST /restaurants/20/reviews,401,Unauthorized,Virtual Users [500 threads] 1-104,text,false,"Review submission returned unexpected status (401 = bad token, 5xx = server error)",255,448,397,397,http://k8s-forkfind-forkfind-8e65d48af1-1990260306.us-east-1.elb.amazonaws.com/restaurants/20/reviews,76,0,0
1777593315227,30073,01 - POST /auth/user/login,Non HTTP response code: java.net.SocketTimeoutException,Non HTTP response message: Read timed out,Virtual Users [500 threads] 1-109,text,false,Login failed — check credentials in users.csv,2679,0,396,396,http://k8s-forkfind-forkfind-8e65d48af1-1990260306.us-east-1.elb.amazonaws.com/auth/user/login,0,0,71
1777593345130,180,02 - GET /restaurants (search),200,OK,Virtual Users [500 threads] 1-106,text,true,,790,311,396,396,http://k8s-forkfind-forkfind-8e65d48af1-1990260306.us-east-1.elb.amazonaws.com/restaurants?q=pizza&limit=12&sort=rating,180,0,79
1777593345230,80,03 - POST /restaurants/20/reviews,401,Unauthorized,Virtual Users [500 threads] 1-105,text,false,"Review submission returned unexpected status (401 = bad token, 5xx = server error)",255,448,396,396,http://k8s-forkfind-forkfind-8e65d48af1-1990260306.us-east-1.elb.amazonaws.com/restaurants/20/reviews,80,0,0
1777593345185,150,02 - GET /restaurants (search),200,OK,Virtual Users [500 threads] 1-107,text,true,,790,311,395,395,http://k8s-forkfind-forkfind-8e65d48af1-1990260306.us-east-1.elb.amazonaws.com/restaurants?q=pizza&limit=12&sort=rating,150,0,74
1777593315292,30073,01 - POST /auth/user/login,Non HTTP response code: java.net.SocketTimeoutException,Non HTTP response message: Read timed out,Virtual Users [500 threads] 1-110,text,false,Login failed — check credentials in users.csv,2679,0,395,395,http://k8s-forkfind-forkfind-8e65d48af1-1990260306.us-east-1.elb.amazonaws.com/auth/user/login,0,0,72
1777593345311,75,03 - POST /restaurants/20/reviews,401,Unauthorized,Virtual Users [500 threads] 1-106,text,false,"Review submission returned unexpected status (401 = bad token, 5xx = server error)",255,448,395,395,http://k8s-forkfind-forkfind-8e65d48af1-1990260306.us-east-1.elb.amazonaws.com/restaurants/20/reviews,74,0,0
1777593345245,154,02 - GET /restaurants (search),200,OK,Virtual Users [500 threads] 1-108,text,true,,790,311,394,394,http://k8s-forkfind-forkfind-8e65d48af1-1990260306.us-east-1.elb.amazonaws.com/restaurants?q=pizza&limit=12&sort=rating,154,0,71
1777593345336,72,03 - POST /restaurants/20/reviews,401,Unauthorized,Virtual Users [500 threads] 1-107,text,false,"Review submission returned unexpected status (401 = bad token, 5xx = server error)",255,448,394,394,http://k8s-forkfind-forkfind-8e65d48af1-1990260306.us-east-1.elb.amazonaws.com/restaurants/20/reviews,72,0,0
1777593315346,30076,01 - POST /auth/user/login,Non HTTP response code: java.net.SocketTimeoutException,Non HTTP response message: Read timed out,Virtual Users [500 threads] 1-111,text,false,Login failed — check credentials in users.csv,2679,0,393,393,http://k8s-forkfind-forkfind-8e65d48af1-1990260306.us-east-1.elb.amazonaws.com/auth/user/login,0,0,74
1777593345302,147,02 - GET /restaurants (search),200,OK,Virtual Users [500 threads] 1-109,text,true,,790,311,393,393,http://k8s-forkfind-forkfind-8e65d48af1-1990260306.us-east-1.elb.amazonaws.com/restaurants?q=pizza&limit=12&sort=rating,147,0,70
1777593345399,73,03 - POST /restaurants/20/reviews,401,Unauthorized,Virtual Users [500 threads] 1-108,text,false,"Review submission returned unexpected status (401 = bad token, 5xx = server error)",255,448,393,393,http://k8s-forkfind-forkfind-8e65d48af1-1990260306.us-east-1.elb.amazonaws.com/restaurants/20/reviews,73,0,0
1777593315408,30082,01 - POST /auth/user/login,Non HTTP response code: java.net.SocketTimeoutException,Non HTTP response message: Read timed out,Virtual Users [500 threads] 1-112,text,false,Login failed — check credentials in users.csv,2679,0,392,392,http://k8s-forkfind-forkfind-8e65d48af1-1990260306.us-east-1.elb.amazonaws.com/auth/user/login,0,0,79
1777593345366,154,02 - GET /restaurants (search),200,OK,Virtual Users [500 threads] 1-110,text,true,,790,311,392,392,http://k8s-forkfind-forkfind-8e65d48af1-1990260306.us-east-1.elb.amazonaws.com/restaurants?q=pizza&limit=12&sort=rating,154,0,75
1777593345449,74,03 - POST /restaurants/20/reviews,Non HTTP response code: java.net.SocketException,Non HTTP response message: Connection reset,Virtual Users [500 threads] 1-109,text,false,"Review submission returned unexpected status (401 = bad token, 5xx = server error)",2601,0,392,392,http://k8s-forkfind-forkfind-8e65d48af1-1990260306.us-east-1.elb.amazonaws.com/restaurants/20/reviews,0,0,0
1777593315466,30077,01 - POST /auth/user/login,Non HTTP response code: java.net.SocketTimeoutException,Non HTTP response message: Read timed out,Virtual Users [500 threads] 1-113,text,false,Login failed — check credentials in users.csv,2679,0,391,391,http://k8s-forkfind-forkfind-8e65d48af1-1990260306.us-east-1.elb.amazonaws.com/auth/user/login,0,0,75
1777593345424,150,02 - GET /restaurants (search),200,OK,Virtual Users [500 threads] 1-111,text,true,,790,311,391,391,http://k8s-forkfind-forkfind-8e65d48af1-1990260306.us-east-1.elb.amazonaws.com/restaurants?q=pizza&limit=12&sort=rating,150,0,73
1777593345520,84,03 - POST /restaurants/20/reviews,Non HTTP response code: java.net.SocketException,Non HTTP response message: Connection reset,Virtual Users [500 threads] 1-110,text,false,"Review submission returned unexpected status (401 = bad token, 5xx = server error)",2601,0,391,391,http://k8s-forkfind-forkfind-8e65d48af1-1990260306.us-east-1.elb.amazonaws.com/restaurants/20/reviews,0,0,0
1777593315529,30078,01 - POST /auth/user/login,Non HTTP response code: java.net.SocketTimeoutException,Non HTTP response message: Read timed out,Virtual Users [500 threads] 1-114,text,false,Login failed — check credentials in users.csv,2679,0,390,390,http://k8s-forkfind-forkfind-8e65d48af1-1990260306.us-east-1.elb.amazonaws.com/auth/user/login,0,0,76
1777593345491,153,02 - GET /restaurants (search),200,OK,Virtual Users [500 threads] 1-112,text,true,,790,311,390,390,http://k8s-forkfind-forkfind-8e65d48af1-1990260306.us-east-1.elb.amazonaws.com/restaurants?q=pizza&limit=12&sort=rating,153,0,75
1777593345575,79,03 - POST /restaurants/20/reviews,Non HTTP response code: java.net.SocketException,Non HTTP response message: Connection reset,Virtual Users [500 threads] 1-111,text,false,"Review submission returned unexpected status (401 = bad token, 5xx = server error)",2601,0,390,390,http://k8s-forkfind-forkfind-8e65d48af1-1990260306.us-east-1.elb.amazonaws.com/restaurants/20/reviews,0,0,0
1777593315589,30080,01 - POST /auth/user/login,Non HTTP response code: java.net.SocketTimeoutException,Non HTTP response message: Read timed out,Virtual Users [500 threads] 1-115,text,false,Login failed — check credentials in users.csv,2679,0,389,389,http://k8s-forkfind-forkfind-8e65d48af1-1990260306.us-east-1.elb.amazonaws.com/auth/user/login,0,0,78
1777593345544,159,02 - GET /restaurants (search),200,OK,Virtual Users [500 threads] 1-113,text,true,,790,311,389,389,http://k8s-forkfind-forkfind-8e65d48af1-1990260306.us-east-1.elb.amazonaws.com/restaurants?q=pizza&limit=12&sort=rating,159,0,74
1777593345645,73,03 - POST /restaurants/20/reviews,Non HTTP response code: java.net.SocketException,Non HTTP response message: Connection reset,Virtual Users [500 threads] 1-112,text,false,"Review submission returned unexpected status (401 = bad token, 5xx = server error)",2601,0,389,389,http://k8s-forkfind-forkfind-8e65d48af1-1990260306.us-east-1.elb.amazonaws.com/restaurants/20/reviews,0,0,0
1777593315649,30080,01 - POST /auth/user/login,Non HTTP response code: java.net.SocketTimeoutException,Non HTTP response message: Read timed out,Virtual Users [500 threads] 1-116,text,false,Login failed — check credentials in users.csv,2679,0,388,388,http://k8s-forkfind-forkfind-8e65d48af1-1990260306.us-east-1.elb.amazonaws.com/auth/user/login,0,0,77
1777593345609,153,02 - GET /restaurants (search),200,OK,Virtual Users [500 threads] 1-114,text,true,,790,311,388,388,http://k8s-forkfind-forkfind-8e65d48af1-1990260306.us-east-1.elb.amazonaws.com/restaurants?q=pizza&limit=12&sort=rating,153,0,74
1777593345703,74,03 - POST /restaurants/20/reviews,Non HTTP response code: java.net.SocketException,Non HTTP response message: Connection reset,Virtual Users [500 threads] 1-113,text,false,"Review submission returned unexpected status (401 = bad token, 5xx = server error)",2601,0,388,388,http://k8s-forkfind-forkfind-8e65d48af1-1990260306.us-east-1.elb.amazonaws.com/restaurants/20/reviews,0,0,0
1777593315708,30074,01 - POST /auth/user/login,Non HTTP response code: java.net.SocketTimeoutException,Non HTTP response message: Read timed out,Virtual Users [500 threads] 1-117,text,false,Login failed — check credentials in users.csv,2679,0,387,387,http://k8s-forkfind-forkfind-8e65d48af1-1990260306.us-east-1.elb.amazonaws.com/auth/user/login,0,0,72
1777593345671,147,02 - GET /restaurants (search),200,OK,Virtual Users [500 threads] 1-115,text,true,,790,311,387,387,http://k8s-forkfind-forkfind-8e65d48af1-1990260306.us-east-1.elb.amazonaws.com/restaurants?q=pizza&limit=12&sort=rating,147,0,70
1777593345762,73,03 - POST /restaurants/20/reviews,Non HTTP response code: java.net.SocketException,Non HTTP response message: Connection reset,Virtual Users [500 threads] 1-114,text,false,"Review submission returned unexpected status (401 = bad token, 5xx = server error)",2601,0,387,387,http://k8s-forkfind-forkfind-8e65d48af1-1990260306.us-east-1.elb.amazonaws.com/restaurants/20/reviews,0,0,0
1777593315765,30073,01 - POST /auth/user/login,Non HTTP response code: java.net.SocketTimeoutException,Non HTTP response message: Read timed out,Virtual Users [500 threads] 1-118,text,false,Login failed — check credentials in users.csv,2679,0,386,386,http://k8s-forkfind-forkfind-8e65d48af1-1990260306.us-east-1.elb.amazonaws.com/auth/user/login,0,0,72
1777593345730,151,02 - GET /restaurants (search),200,OK,Virtual Users [500 threads] 1-116,text,true,,790,311,386,386,http://k8s-forkfind-forkfind-8e65d48af1-1990260306.us-east-1.elb.amazonaws.com/restaurants?q=pizza&limit=12&sort=rating,151,0,72
1777593345819,81,03 - POST /restaurants/20/reviews,Non HTTP response code: java.net.SocketException,Non HTTP response message: Connection reset,Virtual Users [500 threads] 1-115,text,false,"Review submission returned unexpected status (401 = bad token, 5xx = server error)",2601,0,386,386,http://k8s-forkfind-forkfind-8e65d48af1-1990260306.us-east-1.elb.amazonaws.com/restaurants/20/reviews,0,0,0
1777593315825,30078,01 - POST /auth/user/login,Non HTTP response code: java.net.SocketTimeoutException,Non HTTP response message: Read timed out,Virtual Users [500 threads] 1-119,text,false,Login failed — check credentials in users.csv,2679,0,385,385,http://k8s-forkfind-forkfind-8e65d48af1-1990260306.us-east-1.elb.amazonaws.com/auth/user/login,0,0,76
1777593345783,148,02 - GET /restaurants (search),200,OK,Virtual Users [500 threads] 1-117,text,true,,790,311,385,385,http://k8s-forkfind-forkfind-8e65d48af1-1990260306.us-east-1.elb.amazonaws.com/restaurants?q=pizza&limit=12&sort=rating,148,0,70
1777593315880,30074,01 - POST /auth/user/login,Non HTTP response code: java.net.SocketTimeoutException,Non HTTP response message: Read timed out,Virtual Users [500 threads] 1-120,text,false,Login failed — check credentials in users.csv,2679,0,385,385,http://k8s-forkfind-forkfind-8e65d48af1-1990260306.us-east-1.elb.amazonaws.com/auth/user/login,0,0,72
1777593345882,74,03 - POST /restaurants/20/reviews,Non HTTP response code: java.net.SocketException,Non HTTP response message: Connection reset,Virtual Users [500 threads] 1-116,text,false,"Review submission returned unexpected status (401 = bad token, 5xx = server error)",2601,0,385,385,http://k8s-forkfind-forkfind-8e65d48af1-1990260306.us-east-1.elb.amazonaws.com/restaurants/20/reviews,0,0,0
1777593345839,157,02 - GET /restaurants (search),200,OK,Virtual Users [500 threads] 1-118,text,true,,790,311,384,384,http://k8s-forkfind-forkfind-8e65d48af1-1990260306.us-east-1.elb.amazonaws.com/restaurants?q=pizza&limit=12&sort=rating,157,0,73
1777593315939,30075,01 - POST /auth/user/login,Non HTTP response code: java.net.SocketTimeoutException,Non HTTP response message: Read timed out,Virtual Users [500 threads] 1-121,text,false,Login failed — check credentials in users.csv,2679,0,384,384,http://k8s-forkfind-forkfind-8e65d48af1-1990260306.us-east-1.elb.amazonaws.com/auth/user/login,0,0,73
1777593345931,91,03 - POST /restaurants/20/reviews,Non HTTP response code: java.net.SocketException,Non HTTP response message: Connection reset,Virtual Users [500 threads] 1-117,text,false,"Review submission returned unexpected status (401 = bad token, 5xx = server error)",2601,0,384,384,http://k8s-forkfind-forkfind-8e65d48af1-1990260306.us-east-1.elb.amazonaws.com/restaurants/20/reviews,0,0,0
1777593345904,149,02 - GET /restaurants (search),200,OK,Virtual Users [500 threads] 1-119,text,true,,790,311,383,383,http://k8s-forkfind-forkfind-8e65d48af1-1990260306.us-east-1.elb.amazonaws.com/restaurants?q=pizza&limit=12&sort=rating,149,0,71
1777593345997,76,03 - POST /restaurants/20/reviews,Non HTTP response code: java.net.SocketException,Non HTTP response message: Connection reset,Virtual Users [500 threads] 1-118,text,false,"Review submission returned unexpected status (401 = bad token, 5xx = server error)",2601,0,383,383,http://k8s-forkfind-forkfind-8e65d48af1-1990260306.us-east-1.elb.amazonaws.com/restaurants/20/reviews,0,0,0
1777593316003,30074,01 - POST /auth/user/login,Non HTTP response code: java.net.SocketTimeoutException,Non HTTP response message: Read timed out,Virtual Users [500 threads] 1-122,text,false,Login failed — check credentials in users.csv,2679,0,382,382,http://k8s-forkfind-forkfind-8e65d48af1-1990260306.us-east-1.elb.amazonaws.com/auth/user/login,0,0,72
1777593345955,157,02 - GET /restaurants (search),200,OK,Virtual Users [500 threads] 1-120,text,true,,790,311,382,382,http://k8s-forkfind-forkfind-8e65d48af1-1990260306.us-east-1.elb.amazonaws.com/restaurants?q=pizza&limit=12&sort=rating,156,0,75
1777593346054,74,03 - POST /restaurants/20/reviews,Non HTTP response code: java.net.SocketException,Non HTTP response message: Connection reset,Virtual Users [500 threads] 1-119,text,false,"Review submission returned unexpected status (401 = bad token, 5xx = server error)",2601,0,382,382,http://k8s-forkfind-forkfind-8e65d48af1-1990260306.us-east-1.elb.amazonaws.com/restaurants/20/reviews,0,0,0
1777593316062,30075,01 - POST /auth/user/login,Non HTTP response code: java.net.SocketTimeoutException,Non HTTP response message: Read timed out,Virtual Users [500 threads] 1-123,text,false,Login failed — check credentials in users.csv,2679,0,381,381,http://k8s-forkfind-forkfind-8e65d48af1-1990260306.us-east-1.elb.amazonaws.com/auth/user/login,0,0,73
1777593346015,151,02 - GET /restaurants (search),200,OK,Virtual Users [500 threads] 1-121,text,true,,790,311,381,381,http://k8s-forkfind-forkfind-8e65d48af1-1990260306.us-east-1.elb.amazonaws.com/restaurants?q=pizza&limit=12&sort=rating,151,0,72
1777593346112,75,03 - POST /restaurants/20/reviews,Non HTTP response code: java.net.SocketException,Non HTTP response message: Connection reset,Virtual Users [500 threads] 1-120,text,false,"Review submission returned unexpected status (401 = bad token, 5xx = server error)",2601,0,381,381,http://k8s-forkfind-forkfind-8e65d48af1-1990260306.us-east-1.elb.amazonaws.com/restaurants/20/reviews,0,0,0
1777593316124,30073,01 - POST /auth/user/login,Non HTTP response code: java.net.SocketTimeoutException,Non HTTP response message: Read timed out,Virtual Users [500 threads] 1-124,text,false,Login failed — check credentials in users.csv,2679,0,380,380,http://k8s-forkfind-forkfind-8e65d48af1-1990260306.us-east-1.elb.amazonaws.com/auth/user/login,0,0,71
1777593346079,154,02 - GET /restaurants (search),200,OK,Virtual Users [500 threads] 1-122,text,true,,790,311,380,380,http://k8s-forkfind-forkfind-8e65d48af1-1990260306.us-east-1.elb.amazonaws.com/restaurants?q=pizza&limit=12&sort=rating,154,0,73
1777593346167,76,03 - POST /restaurants/20/reviews,Non HTTP response code: java.net.SocketException,Non HTTP response message: Connection reset,Virtual Users [500 threads] 1-121,text,false,"Review submission returned unexpected status (401 = bad token, 5xx = server error)",2601,0,380,380,http://k8s-forkfind-forkfind-8e65d48af1-1990260306.us-east-1.elb.amazonaws.com/restaurants/20/reviews,0,0,0
1777593316180,30078,01 - POST /auth/user/login,Non HTTP response code: java.net.SocketTimeoutException,Non HTTP response message: Read timed out,Virtual Users [500 threads] 1-125,text,false,Login failed — check credentials in users.csv,2679,0,379,379,http://k8s-forkfind-forkfind-8e65d48af1-1990260306.us-east-1.elb.amazonaws.com/auth/user/login,0,0,76
1777593346233,81,03 - POST /restaurants/20/reviews,Non HTTP response code: java.net.SocketException,Non HTTP response message: Connection reset,Virtual Users [500 threads] 1-122,text,false,"Review submission returned unexpected status (401 = bad token, 5xx = server error)",2601,0,379,379,http://k8s-forkfind-forkfind-8e65d48af1-1990260306.us-east-1.elb.amazonaws.com/restaurants/20/reviews,0,0,0
1777593316239,30076,01 - POST /auth/user/login,Non HTTP response code: java.net.SocketTimeoutException,Non HTTP response message: Read timed out,Virtual Users [500 threads] 1-126,text,false,Login failed — check credentials in users.csv,2679,0,379,379,http://k8s-forkfind-forkfind-8e65d48af1-1990260306.us-east-1.elb.amazonaws.com/auth/user/login,0,0,74
1777593346139,181,02 - GET /restaurants (search),200,OK,Virtual Users [500 threads] 1-123,text,true,,790,311,378,378,http://k8s-forkfind-forkfind-8e65d48af1-1990260306.us-east-1.elb.amazonaws.com/restaurants?q=pizza&limit=12&sort=rating,181,0,93
1777593346199,150,02 - GET /restaurants (search),200,OK,Virtual Users [500 threads] 1-124,text,true,,790,311,378,378,http://k8s-forkfind-forkfind-8e65d48af1-1990260306.us-east-1.elb.amazonaws.com/restaurants?q=pizza&limit=12&sort=rating,150,0,74
1777593316302,30074,01 - POST /auth/user/login,Non HTTP response code: java.net.SocketTimeoutException,Non HTTP response message: Read timed out,Virtual Users [500 threads] 1-127,text,false,Login failed — check credentials in users.csv,2679,0,378,378,http://k8s-forkfind-forkfind-8e65d48af1-1990260306.us-east-1.elb.amazonaws.com/auth/user/login,0,0,72
1777593346320,83,03 - POST /restaurants/20/reviews,Non HTTP response code: java.net.SocketException,Non HTTP response message: Connection reset,Virtual Users [500 threads] 1-123,text,false,"Review submission returned unexpected status (401 = bad token, 5xx = server error)",2601,0,378,378,http://k8s-forkfind-forkfind-8e65d48af1-1990260306.us-east-1.elb.amazonaws.com/restaurants/20/reviews,0,0,0
1777593346260,149,02 - GET /restaurants (search),200,OK,Virtual Users [500 threads] 1-125,text,true,,790,311,377,377,http://k8s-forkfind-forkfind-8e65d48af1-1990260306.us-east-1.elb.amazonaws.com/restaurants?q=pizza&limit=12&sort=rating,149,0,71
1777593346350,73,03 - POST /restaurants/20/reviews,Non HTTP response code: java.net.SocketException,Non HTTP response message: Connection reset,Virtual Users [500 threads] 1-124,text,false,"Review submission returned unexpected status (401 = bad token, 5xx = server error)",2601,0,377,377,http://k8s-forkfind-forkfind-8e65d48af1-1990260306.us-east-1.elb.amazonaws.com/restaurants/20/reviews,0,0,0
1777593316362,30075,01 - POST /auth/user/login,Non HTTP response code: java.net.SocketTimeoutException,Non HTTP response message: Read timed out,Virtual Users [500 threads] 1-128,text,false,Login failed — check credentials in users.csv,2679,0,376,376,http://k8s-forkfind-forkfind-8e65d48af1-1990260306.us-east-1.elb.amazonaws.com/auth/user/login,0,0,73
1777593346316,155,02 - GET /restaurants (search),200,OK,Virtual Users [500 threads] 1-126,text,true,,790,311,376,376,http://k8s-forkfind-forkfind-8e65d48af1-1990260306.us-east-1.elb.amazonaws.com/restaurants?q=pizza&limit=12&sort=rating,155,0,77
1777593346409,80,03 - POST /restaurants/20/reviews,Non HTTP response code: java.net.SocketException,Non HTTP response message: Connection reset,Virtual Users [500 threads] 1-125,text,false,"Review submission returned unexpected status (401 = bad token, 5xx = server error)",2601,0,376,376,http://k8s-forkfind-forkfind-8e65d48af1-1990260306.us-east-1.elb.amazonaws.com/restaurants/20/reviews,0,0,0
1777593316422,30073,01 - POST /auth/user/login,Non HTTP response code: java.net.SocketTimeoutException,Non HTTP response message: Read timed out,Virtual Users [500 threads] 1-129,text,false,Login failed — check credentials in users.csv,2679,0,375,375,http://k8s-forkfind-forkfind-8e65d48af1-1990260306.us-east-1.elb.amazonaws.com/auth/user/login,0,0,71
1777593346378,151,02 - GET /restaurants (search),200,OK,Virtual Users [500 threads] 1-127,text,true,,790,311,375,375,http://k8s-forkfind-forkfind-8e65d48af1-1990260306.us-east-1.elb.amazonaws.com/restaurants?q=pizza&limit=12&sort=rating,151,0,72
1777593346472,73,03 - POST /restaurants/20/reviews,Non HTTP response code: java.net.SocketException,Non HTTP response message: Connection reset,Virtual Users [500 threads] 1-126,text,false,"Review submission returned unexpected status (401 = bad token, 5xx = server error)",2601,0,375,375,http://k8s-forkfind-forkfind-8e65d48af1-1990260306.us-east-1.elb.amazonaws.com/restaurants/20/reviews,0,0,0
1777593316482,30074,01 - POST /auth/user/login,Non HTTP response code: java.net.SocketTimeoutException,Non HTTP response message: Read timed out,Virtual Users [500 threads] 1-130,text,false,Login failed — check credentials in users.csv,2679,0,374,374,http://k8s-forkfind-forkfind-8e65d48af1-1990260306.us-east-1.elb.amazonaws.com/auth/user/login,0,0,72
1777593346438,158,02 - GET /restaurants (search),200,OK,Virtual Users [500 threads] 1-128,text,true,,790,311,374,374,http://k8s-forkfind-forkfind-8e65d48af1-1990260306.us-east-1.elb.amazonaws.com/restaurants?q=pizza&limit=12&sort=rating,158,0,79
1777593346529,78,03 - POST /restaurants/20/reviews,Non HTTP response code: java.net.SocketException,Non HTTP response message: Connection reset,Virtual Users [500 threads] 1-127,text,false,"Review submission returned unexpected status (401 = bad token, 5xx = server error)",2601,0,374,374,http://k8s-forkfind-forkfind-8e65d48af1-1990260306.us-east-1.elb.amazonaws.com/restaurants/20/reviews,0,0,0
1777593316536,30073,01 - POST /auth/user/login,Non HTTP response code: java.net.SocketTimeoutException,Non HTTP response message: Read timed out,Virtual Users [500 threads] 1-131,text,false,Login failed — check credentials in users.csv,2679,0,373,373,http://k8s-forkfind-forkfind-8e65d48af1-1990260306.us-east-1.elb.amazonaws.com/auth/user/login,0,0,72
1777593346496,162,02 - GET /restaurants (search),200,OK,Virtual Users [500 threads] 1-129,text,true,,790,311,373,373,http://k8s-forkfind-forkfind-8e65d48af1-1990260306.us-east-1.elb.amazonaws.com/restaurants?q=pizza&limit=12&sort=rating,162,0,76
1777593346597,86,03 - POST /restaurants/20/reviews,Non HTTP response code: java.net.SocketException,Non HTTP response message: Connection reset,Virtual Users [500 threads] 1-128,text,false,"Review submission returned unexpected status (401 = bad token, 5xx = server error)",2601,0,373,373,http://k8s-forkfind-forkfind-8e65d48af1-1990260306.us-east-1.elb.amazonaws.com/restaurants/20/reviews,0,0,0
1777593316601,30082,01 - POST /auth/user/login,Non HTTP response code: java.net.SocketTimeoutException,Non HTTP response message: Read timed out,Virtual Users [500 threads] 1-132,text,false,Login failed — check credentials in users.csv,2679,0,373,373,http://k8s-forkfind-forkfind-8e65d48af1-1990260306.us-east-1.elb.amazonaws.com/auth/user/login,0,0,79
1777593346557,157,02 - GET /restaurants (search),200,OK,Virtual Users [500 threads] 1-130,text,true,,790,311,372,372,http://k8s-forkfind-forkfind-8e65d48af1-1990260306.us-east-1.elb.amazonaws.com/restaurants?q=pizza&limit=12&sort=rating,157,0,71
1777593346659,74,03 - POST /restaurants/20/reviews,Non HTTP response code: java.net.SocketException,Non HTTP response message: Connection reset,Virtual Users [500 threads] 1-129,text,false,"Review submission returned unexpected status (401 = bad token, 5xx = server error)",2601,0,372,372,http://k8s-forkfind-forkfind-8e65d48af1-1990260306.us-east-1.elb.amazonaws.com/restaurants/20/reviews,0,0,0
1777593316662,30076,01 - POST /auth/user/login,Non HTTP response code: java.net.SocketTimeoutException,Non HTTP response message: Read timed out,Virtual Users [500 threads] 1-133,text,false,Login failed — check credentials in users.csv,2679,0,371,371,http://k8s-forkfind-forkfind-8e65d48af1-1990260306.us-east-1.elb.amazonaws.com/auth/user/login,0,0,74
1777593346611,174,02 - GET /restaurants (search),200,OK,Virtual Users [500 threads] 1-131,text,true,,790,311,371,371,http://k8s-forkfind-forkfind-8e65d48af1-1990260306.us-east-1.elb.amazonaws.com/restaurants?q=pizza&limit=12&sort=rating,174,0,88
1777593316722,30074,01 - POST /auth/user/login,Non HTTP response code: java.net.SocketTimeoutException,Non HTTP response message: Read timed out,Virtual Users [500 threads] 1-134,text,false,Login failed — check credentials in users.csv,2679,0,371,371,http://k8s-forkfind-forkfind-8e65d48af1-1990260306.us-east-1.elb.amazonaws.com/auth/user/login,0,0,71
1777593346715,84,03 - POST /restaurants/20/reviews,Non HTTP response code: java.net.SocketException,Non HTTP response message: Connection reset,Virtual Users [500 threads] 1-130,text,false,"Review submission returned unexpected status (401 = bad token, 5xx = server error)",2601,0,371,371,http://k8s-forkfind-forkfind-8e65d48af1-1990260306.us-east-1.elb.amazonaws.com/restaurants/20/reviews,0,0,0
1777593346684,150,02 - GET /restaurants (search),200,OK,Virtual Users [500 threads] 1-132,text,true,,790,311,370,370,http://k8s-forkfind-forkfind-8e65d48af1-1990260306.us-east-1.elb.amazonaws.com/restaurants?q=pizza&limit=12&sort=rating,150,0,72
1777593346786,74,03 - POST /restaurants/20/reviews,Non HTTP response code: java.net.SocketException,Non HTTP response message: Connection reset,Virtual Users [500 threads] 1-131,text,false,"Review submission returned unexpected status (401 = bad token, 5xx = server error)",2601,0,370,370,http://k8s-forkfind-forkfind-8e65d48af1-1990260306.us-east-1.elb.amazonaws.com/restaurants/20/reviews,0,0,0
1777593316782,30087,01 - POST /auth/user/login,Non HTTP response code: java.net.SocketTimeoutException,Non HTTP response message: Read timed out,Virtual Users [500 threads] 1-135,text,false,Login failed — check credentials in users.csv,2679,0,369,369,http://k8s-forkfind-forkfind-8e65d48af1-1990260306.us-east-1.elb.amazonaws.com/auth/user/login,0,0,83
1777593316837,30076,01 - POST /auth/user/login,Non HTTP response code: java.net.SocketTimeoutException,Non HTTP response message: Read timed out,Virtual Users [500 threads] 1-136,text,false,Login failed — check credentials in users.csv,2679,0,369,369,http://k8s-forkfind-forkfind-8e65d48af1-1990260306.us-east-1.elb.amazonaws.com/auth/user/login,0,0,74
1777593346739,179,02 - GET /restaurants (search),200,OK,Virtual Users [500 threads] 1-133,text,true,,790,311,369,369,http://k8s-forkfind-forkfind-8e65d48af1-1990260306.us-east-1.elb.amazonaws.com/restaurants?q=pizza&limit=12&sort=rating,179,0,87
1777593346834,84,03 - POST /restaurants/20/reviews,Non HTTP response code: java.net.SocketException,Non HTTP response message: Connection reset,Virtual Users [500 threads] 1-132,text,false,"Review submission returned unexpected status (401 = bad token, 5xx = server error)",2601,0,369,369,http://k8s-forkfind-forkfind-8e65d48af1-1990260306.us-east-1.elb.amazonaws.com/restaurants/20/reviews,0,0,0
1777593346797,147,02 - GET /restaurants (search),200,OK,Virtual Users [500 threads] 1-134,text,true,,790,311,368,368,http://k8s-forkfind-forkfind-8e65d48af1-1990260306.us-east-1.elb.amazonaws.com/restaurants?q=pizza&limit=12&sort=rating,147,0,72
1777593316902,30075,01 - POST /auth/user/login,Non HTTP response code: java.net.SocketTimeoutException,Non HTTP response message: Read timed out,Virtual Users [500 threads] 1-137,text,false,Login failed — check credentials in users.csv,2679,0,368,368,http://k8s-forkfind-forkfind-8e65d48af1-1990260306.us-east-1.elb.amazonaws.com/auth/user/login,0,0,73
1777593346919,78,03 - POST /restaurants/20/reviews,Non HTTP response code: java.net.SocketException,Non HTTP response message: Connection reset,Virtual Users [500 threads] 1-133,text,false,"Review submission returned unexpected status (401 = bad token, 5xx = server error)",2601,0,368,368,http://k8s-forkfind-forkfind-8e65d48af1-1990260306.us-east-1.elb.amazonaws.com/restaurants/20/reviews,0,0,0
1777593346945,77,03 - POST /restaurants/20/reviews,Non HTTP response code: java.net.SocketException,Non HTTP response message: Connection reset,Virtual Users [500 threads] 1-134,text,false,"Review submission returned unexpected status (401 = bad token, 5xx = server error)",2601,0,367,367,http://k8s-forkfind-forkfind-8e65d48af1-1990260306.us-east-1.elb.amazonaws.com/restaurants/20/reviews,0,0,0
1777593346870,158,02 - GET /restaurants (search),200,OK,Virtual Users [500 threads] 1-135,text,true,,790,311,366,366,http://k8s-forkfind-forkfind-8e65d48af1-1990260306.us-east-1.elb.amazonaws.com/restaurants?q=pizza&limit=12&sort=rating,158,0,82
1777593316961,30075,01 - POST /auth/user/login,Non HTTP response code: java.net.SocketTimeoutException,Non HTTP response message: Read timed out,Virtual Users [500 threads] 1-138,text,false,Login failed — check credentials in users.csv,2679,0,366,366,http://k8s-forkfind-forkfind-8e65d48af1-1990260306.us-east-1.elb.amazonaws.com/auth/user/login,0,0,73
1777593346915,154,02 - GET /restaurants (search),200,OK,Virtual Users [500 threads] 1-136,text,true,,790,311,366,366,http://k8s-forkfind-forkfind-8e65d48af1-1990260306.us-east-1.elb.amazonaws.com/restaurants?q=pizza&limit=12&sort=rating,154,0,76
1777593317021,30073,01 - POST /auth/user/login,Non HTTP response code: java.net.SocketTimeoutException,Non HTTP response message: Read timed out,Virtual Users [500 threads] 1-139,text,false,Login failed — check credentials in users.csv,2679,0,366,366,http://k8s-forkfind-forkfind-8e65d48af1-1990260306.us-east-1.elb.amazonaws.com/auth/user/login,0,0,71
1777593347029,75,03 - POST /restaurants/20/reviews,Non HTTP response code: java.net.SocketException,Non HTTP response message: Connection reset,Virtual Users [500 threads] 1-135,text,false,"Review submission returned unexpected status (401 = bad token, 5xx = server error)",2601,0,366,366,http://k8s-forkfind-forkfind-8e65d48af1-1990260306.us-east-1.elb.amazonaws.com/restaurants/20/reviews,0,0,0
1777593346979,161,02 - GET /restaurants (search),200,OK,Virtual Users [500 threads] 1-137,text,true,,790,311,365,365,http://k8s-forkfind-forkfind-8e65d48af1-1990260306.us-east-1.elb.amazonaws.com/restaurants?q=pizza&limit=12&sort=rating,161,0,72
1777593347070,74,03 - POST /restaurants/20/reviews,Non HTTP response code: java.net.SocketException,Non HTTP response message: Connection reset,Virtual Users [500 threads] 1-136,text,false,"Review submission returned unexpected status (401 = bad token, 5xx = server error)",2601,0,365,365,http://k8s-forkfind-forkfind-8e65d48af1-1990260306.us-east-1.elb.amazonaws.com/restaurants/20/reviews,0,0,0
1777593317081,30073,01 - POST /auth/user/login,Non HTTP response code: java.net.SocketTimeoutException,Non HTTP response message: Read timed out,Virtual Users [500 threads] 1-140,text,false,Login failed — check credentials in users.csv,2679,0,364,364,http://k8s-forkfind-forkfind-8e65d48af1-1990260306.us-east-1.elb.amazonaws.com/auth/user/login,0,0,71
1777593347037,159,02 - GET /restaurants (search),200,OK,Virtual Users [500 threads] 1-138,text,true,,790,311,364,364,http://k8s-forkfind-forkfind-8e65d48af1-1990260306.us-east-1.elb.amazonaws.com/restaurants?q=pizza&limit=12&sort=rating,159,0,71
1777593317140,30073,01 - POST /auth/user/login,Non HTTP response code: java.net.SocketTimeoutException,Non HTTP response message: Read timed out,Virtual Users [500 threads] 1-141,text,false,Login failed — check credentials in users.csv,2679,0,364,364,http://k8s-forkfind-forkfind-8e65d48af1-1990260306.us-east-1.elb.amazonaws.com/auth/user/login,0,0,71
1777593347140,74,03 - POST /restaurants/20/reviews,Non HTTP response code: java.net.SocketException,Non HTTP response message: Connection reset,Virtual Users [500 threads] 1-137,text,false,"Review submission returned unexpected status (401 = bad token, 5xx = server error)",2601,0,364,364,http://k8s-forkfind-forkfind-8e65d48af1-1990260306.us-east-1.elb.amazonaws.com/restaurants/20/reviews,0,0,0
1777593347096,151,02 - GET /restaurants (search),200,OK,Virtual Users [500 threads] 1-139,text,true,,790,311,363,363,http://k8s-forkfind-forkfind-8e65d48af1-1990260306.us-east-1.elb.amazonaws.com/restaurants?q=pizza&limit=12&sort=rating,151,0,71
1777593347197,73,03 - POST /restaurants/20/reviews,Non HTTP response code: java.net.SocketException,Non HTTP response message: Connection reset,Virtual Users [500 threads] 1-138,text,false,"Review submission returned unexpected status (401 = bad token, 5xx = server error)",2601,0,363,363,http://k8s-forkfind-forkfind-8e65d48af1-1990260306.us-east-1.elb.amazonaws.com/restaurants/20/reviews,0,0,0
1777593317201,30073,01 - POST /auth/user/login,Non HTTP response code: java.net.SocketTimeoutException,Non HTTP response message: Read timed out,Virtual Users [500 threads] 1-142,text,false,Login failed — check credentials in users.csv,2679,0,362,362,http://k8s-forkfind-forkfind-8e65d48af1-1990260306.us-east-1.elb.amazonaws.com/auth/user/login,0,0,71
1777593347155,152,02 - GET /restaurants (search),200,OK,Virtual Users [500 threads] 1-140,text,true,,790,311,362,362,http://k8s-forkfind-forkfind-8e65d48af1-1990260306.us-east-1.elb.amazonaws.com/restaurants?q=pizza&limit=12&sort=rating,152,0,73
1777593347248,76,03 - POST /restaurants/20/reviews,Non HTTP response code: java.net.SocketException,Non HTTP response message: Connection reset,Virtual Users [500 threads] 1-139,text,false,"Review submission returned unexpected status (401 = bad token, 5xx = server error)",2601,0,362,362,http://k8s-forkfind-forkfind-8e65d48af1-1990260306.us-east-1.elb.amazonaws.com/restaurants/20/reviews,0,0,0
1777593317262,30073,01 - POST /auth/user/login,Non HTTP response code: java.net.SocketTimeoutException,Non HTTP response message: Read timed out,Virtual Users [500 threads] 1-143,text,false,Login failed — check credentials in users.csv,2679,0,361,361,http://k8s-forkfind-forkfind-8e65d48af1-1990260306.us-east-1.elb.amazonaws.com/auth/user/login,0,0,71
1777593347215,153,02 - GET /restaurants (search),200,OK,Virtual Users [500 threads] 1-141,text,true,,790,311,361,361,http://k8s-forkfind-forkfind-8e65d48af1-1990260306.us-east-1.elb.amazonaws.com/restaurants?q=pizza&limit=12&sort=rating,153,0,75
1777593347308,77,03 - POST /restaurants/20/reviews,Non HTTP response code: java.net.SocketException,Non HTTP response message: Connection reset,Virtual Users [500 threads] 1-140,text,false,"Review submission returned unexpected status (401 = bad token, 5xx = server error)",2601,0,361,361,http://k8s-forkfind-forkfind-8e65d48af1-1990260306.us-east-1.elb.amazonaws.com/restaurants/20/reviews,0,0,0
1777593317318,30073,01 - POST /auth/user/login,Non HTTP response code: java.net.SocketTimeoutException,Non HTTP response message: Read timed out,Virtual Users [500 threads] 1-144,text,false,Login failed — check credentials in users.csv,2679,0,360,360,http://k8s-forkfind-forkfind-8e65d48af1-1990260306.us-east-1.elb.amazonaws.com/auth/user/login,0,0,71
1777593347275,151,02 - GET /restaurants (search),200,OK,Virtual Users [500 threads] 1-142,text,true,,790,311,360,360,http://k8s-forkfind-forkfind-8e65d48af1-1990260306.us-east-1.elb.amazonaws.com/restaurants?q=pizza&limit=12&sort=rating,151,0,72
1777593347369,75,03 - POST /restaurants/20/reviews,Non HTTP response code: java.net.SocketException,Non HTTP response message: Connection reset,Virtual Users [500 threads] 1-141,text,false,"Review submission returned unexpected status (401 = bad token, 5xx = server error)",2601,0,360,360,http://k8s-forkfind-forkfind-8e65d48af1-1990260306.us-east-1.elb.amazonaws.com/restaurants/20/reviews,0,0,0
1777593317382,30074,01 - POST /auth/user/login,Non HTTP response code: java.net.SocketTimeoutException,Non HTTP response message: Read timed out,Virtual Users [500 threads] 1-145,text,false,Login failed — check credentials in users.csv,2679,0,359,359,http://k8s-forkfind-forkfind-8e65d48af1-1990260306.us-east-1.elb.amazonaws.com/auth/user/login,0,0,73
1777593347336,164,02 - GET /restaurants (search),200,OK,Virtual Users [500 threads] 1-143,text,true,,790,311,359,359,http://k8s-forkfind-forkfind-8e65d48af1-1990260306.us-east-1.elb.amazonaws.com/restaurants?q=pizza&limit=12&sort=rating,164,0,77
1777593347427,73,03 - POST /restaurants/20/reviews,Non HTTP response code: java.net.SocketException,Non HTTP response message: Connection reset,Virtual Users [500 threads] 1-142,text,false,"Review submission returned unexpected status (401 = bad token, 5xx = server error)",2601,0,359,359,http://k8s-forkfind-forkfind-8e65d48af1-1990260306.us-east-1.elb.amazonaws.com/restaurants/20/reviews,0,0,0
1777593317442,30074,01 - POST /auth/user/login,Non HTTP response code: java.net.SocketTimeoutException,Non HTTP response message: Read timed out,Virtual Users [500 threads] 1-146,text,false,Login failed — check credentials in users.csv,2679,0,358,358,http://k8s-forkfind-forkfind-8e65d48af1-1990260306.us-east-1.elb.amazonaws.com/auth/user/login,0,0,72
1777593347392,154,02 - GET /restaurants (search),200,OK,Virtual Users [500 threads] 1-144,text,true,,790,311,358,358,http://k8s-forkfind-forkfind-8e65d48af1-1990260306.us-east-1.elb.amazonaws.com/restaurants?q=pizza&limit=12&sort=rating,154,0,73
1777593347500,74,03 - POST /restaurants/20/reviews,Non HTTP response code: java.net.SocketException,Non HTTP response message: Connection reset,Virtual Users [500 threads] 1-143,text,false,"Review submission returned unexpected status (401 = bad token, 5xx = server error)",2601,0,358,358,http://k8s-forkfind-forkfind-8e65d48af1-1990260306.us-east-1.elb.amazonaws.com/restaurants/20/reviews,0,0,0
1777593317501,30077,01 - POST /auth/user/login,Non HTTP response code: java.net.SocketTimeoutException,Non HTTP response message: Read timed out,Virtual Users [500 threads] 1-147,text,false,Login failed — check credentials in users.csv,2679,0,357,357,http://k8s-forkfind-forkfind-8e65d48af1-1990260306.us-east-1.elb.amazonaws.com/auth/user/login,0,0,75
1777593347458,151,02 - GET /restaurants (search),200,OK,Virtual Users [500 threads] 1-145,text,true,,790,311,357,357,http://k8s-forkfind-forkfind-8e65d48af1-1990260306.us-east-1.elb.amazonaws.com/restaurants?q=pizza&limit=12&sort=rating,151,0,71
1777593347547,73,03 - POST /restaurants/20/reviews,Non HTTP response code: java.net.SocketException,Non HTTP response message: Connection reset,Virtual Users [500 threads] 1-144,text,false,"Review submission returned unexpected status (401 = bad token, 5xx = server error)",2601,0,357,357,http://k8s-forkfind-forkfind-8e65d48af1-1990260306.us-east-1.elb.amazonaws.com/restaurants/20/reviews,0,0,0
1777593317561,30083,01 - POST /auth/user/login,Non HTTP response code: java.net.SocketTimeoutException,Non HTTP response message: Read timed out,Virtual Users [500 threads] 1-148,text,false,Login failed — check credentials in users.csv,2679,0,356,356,http://k8s-forkfind-forkfind-8e65d48af1-1990260306.us-east-1.elb.amazonaws.com/auth/user/login,0,0,81
1777593347517,154,02 - GET /restaurants (search),200,OK,Virtual Users [500 threads] 1-146,text,true,,790,311,356,356,http://k8s-forkfind-forkfind-8e65d48af1-1990260306.us-east-1.elb.amazonaws.com/restaurants?q=pizza&limit=12&sort=rating,154,0,77
1777593347610,76,03 - POST /restaurants/20/reviews,Non HTTP response code: java.net.SocketException,Non HTTP response message: Connection reset,Virtual Users [500 threads] 1-145,text,false,"Review submission returned unexpected status (401 = bad token, 5xx = server error)",2601,0,356,356,http://k8s-forkfind-forkfind-8e65d48af1-1990260306.us-east-1.elb.amazonaws.com/restaurants/20/reviews,0,0,0
1777593317623,30074,01 - POST /auth/user/login,Non HTTP response code: java.net.SocketTimeoutException,Non HTTP response message: Read timed out,Virtual Users [500 threads] 1-149,text,false,Login failed — check credentials in users.csv,2679,0,355,355,http://k8s-forkfind-forkfind-8e65d48af1-1990260306.us-east-1.elb.amazonaws.com/auth/user/login,0,0,72
1777593347580,163,02 - GET /restaurants (search),200,OK,Virtual Users [500 threads] 1-147,text,true,,790,311,355,355,http://k8s-forkfind-forkfind-8e65d48af1-1990260306.us-east-1.elb.amazonaws.com/restaurants?q=pizza&limit=12&sort=rating,163,0,74
1777593347672,72,03 - POST /restaurants/20/reviews,Non HTTP response code: java.net.SocketException,Non HTTP response message: Connection reset,Virtual Users [500 threads] 1-146,text,false,"Review submission returned unexpected status (401 = bad token, 5xx = server error)",2601,0,355,355,http://k8s-forkfind-forkfind-8e65d48af1-1990260306.us-east-1.elb.amazonaws.com/restaurants/20/reviews,0,0,0
1777593317683,30075,01 - POST /auth/user/login,Non HTTP response code: java.net.SocketTimeoutException,Non HTTP response message: Read timed out,Virtual Users [500 threads] 1-150,text,false,Login failed — check credentials in users.csv,2679,0,354,354,http://k8s-forkfind-forkfind-8e65d48af1-1990260306.us-east-1.elb.amazonaws.com/auth/user/login,0,0,72
1777593347645,167,02 - GET /restaurants (search),200,OK,Virtual Users [500 threads] 1-148,text,true,,790,311,354,354,http://k8s-forkfind-forkfind-8e65d48af1-1990260306.us-east-1.elb.amazonaws.com/restaurants?q=pizza&limit=12&sort=rating,167,0,74
1777593347744,73,03 - POST /restaurants/20/reviews,Non HTTP response code: java.net.SocketException,Non HTTP response message: Connection reset,Virtual Users [500 threads] 1-147,text,false,"Review submission returned unexpected status (401 = bad token, 5xx = server error)",2601,0,354,354,http://k8s-forkfind-forkfind-8e65d48af1-1990260306.us-east-1.elb.amazonaws.com/restaurants/20/reviews,0,0,0
1777593317738,30085,01 - POST /auth/user/login,Non HTTP response code: java.net.SocketTimeoutException,Non HTTP response message: Read timed out,Virtual Users [500 threads] 1-151,text,false,Login failed — check credentials in users.csv,2679,0,353,353,http://k8s-forkfind-forkfind-8e65d48af1-1990260306.us-east-1.elb.amazonaws.com/auth/user/login,0,0,83
1777593347698,178,02 - GET /restaurants (search),200,OK,Virtual Users [500 threads] 1-149,text,true,,790,311,353,353,http://k8s-forkfind-forkfind-8e65d48af1-1990260306.us-east-1.elb.amazonaws.com/restaurants?q=pizza&limit=12&sort=rating,178,0,73
1777593317801,30089,01 - POST /auth/user/login,Non HTTP response code: java.net.SocketTimeoutException,Non HTTP response message: Read timed out,Virtual Users [500 threads] 1-152,text,false,Login failed — check credentials in users.csv,2679,0,353,353,http://k8s-forkfind-forkfind-8e65d48af1-1990260306.us-east-1.elb.amazonaws.com/auth/user/login,0,0,86
1777593347813,82,03 - POST /restaurants/20/reviews,Non HTTP response code: java.net.SocketException,Non HTTP response message: Connection reset,Virtual Users [500 threads] 1-148,text,false,"Review submission returned unexpected status (401 = bad token, 5xx = server error)",2601,0,353,353,http://k8s-forkfind-forkfind-8e65d48af1-1990260306.us-east-1.elb.amazonaws.com/restaurants/20/reviews,0,0,0
1777593317862,30076,01 - POST /auth/user/login,Non HTTP response code: java.net.SocketTimeoutException,Non HTTP response message: Read timed out,Virtual Users [500 threads] 1-153,text,false,Login failed — check credentials in users.csv,2679,0,352,352,http://k8s-forkfind-forkfind-8e65d48af1-1990260306.us-east-1.elb.amazonaws.com/auth/user/login,0,0,74
1777593347876,74,03 - POST /restaurants/20/reviews,Non HTTP response code: java.net.SocketException,Non HTTP response message: Connection reset,Virtual Users [500 threads] 1-149,text,false,"Review submission returned unexpected status (401 = bad token, 5xx = server error)",2601,0,352,352,http://k8s-forkfind-forkfind-8e65d48af1-1990260306.us-east-1.elb.amazonaws.com/restaurants/20/reviews,0,0,0
1777593317921,30074,01 - POST /auth/user/login,Non HTTP response code: java.net.SocketTimeoutException,Non HTTP response message: Read timed out,Virtual Users [500 threads] 1-154,text,false,Login failed — check credentials in users.csv,2679,0,351,351,http://k8s-forkfind-forkfind-8e65d48af1-1990260306.us-east-1.elb.amazonaws.com/auth/user/login,0,0,72
1777593347759,248,02 - GET /restaurants (search),200,OK,Virtual Users [500 threads] 1-150,text,true,,790,311,351,351,http://k8s-forkfind-forkfind-8e65d48af1-1990260306.us-east-1.elb.amazonaws.com/restaurants?q=pizza&limit=12&sort=rating,248,0,116
1777593347824,185,02 - GET /restaurants (search),200,OK,Virtual Users [500 threads] 1-151,text,true,,790,311,351,351,http://k8s-forkfind-forkfind-8e65d48af1-1990260306.us-east-1.elb.amazonaws.com/restaurants?q=pizza&limit=12&sort=rating,185,0,104
1777593317983,30074,01 - POST /auth/user/login,Non HTTP response code: java.net.SocketTimeoutException,Non HTTP response message: Read timed out,Virtual Users [500 threads] 1-155,text,false,Login failed — check credentials in users.csv,2679,0,351,351,http://k8s-forkfind-forkfind-8e65d48af1-1990260306.us-east-1.elb.amazonaws.com/auth/user/login,0,0,72
1777593348007,96,03 - POST /restaurants/20/reviews,Non HTTP response code: java.net.SocketException,Non HTTP response message: Connection reset,Virtual Users [500 threads] 1-150,text,false,"Review submission returned unexpected status (401 = bad token, 5xx = server error)",2601,0,351,351,http://k8s-forkfind-forkfind-8e65d48af1-1990260306.us-east-1.elb.amazonaws.com/restaurants/20/reviews,0,0,0
1777593348010,93,03 - POST /restaurants/20/reviews,Non HTTP response code: java.net.SocketException,Non HTTP response message: Connection reset,Virtual Users [500 threads] 1-151,text,false,"Review submission returned unexpected status (401 = bad token, 5xx = server error)",2601,0,351,351,http://k8s-forkfind-forkfind-8e65d48af1-1990260306.us-east-1.elb.amazonaws.com/restaurants/20/reviews,0,0,0
1777593347940,172,02 - GET /restaurants (search),200,OK,Virtual Users [500 threads] 1-153,text,true,,790,311,349,349,http://k8s-forkfind-forkfind-8e65d48af1-1990260306.us-east-1.elb.amazonaws.com/restaurants?q=pizza&limit=12&sort=rating,172,0,76
1777593347891,221,02 - GET /restaurants (search),200,OK,Virtual Users [500 threads] 1-152,text,true,,790,311,349,349,http://k8s-forkfind-forkfind-8e65d48af1-1990260306.us-east-1.elb.amazonaws.com/restaurants?q=pizza&limit=12&sort=rating,221,0,116
1777593318042,30074,01 - POST /auth/user/login,Non HTTP response code: java.net.SocketTimeoutException,Non HTTP response message: Read timed out,Virtual Users [500 threads] 1-156,text,false,Login failed — check credentials in users.csv,2679,0,349,349,http://k8s-forkfind-forkfind-8e65d48af1-1990260306.us-east-1.elb.amazonaws.com/auth/user/login,0,0,73
1777593347997,153,02 - GET /restaurants (search),200,OK,Virtual Users [500 threads] 1-154,text,true,,790,311,349,349,http://k8s-forkfind-forkfind-8e65d48af1-1990260306.us-east-1.elb.amazonaws.com/restaurants?q=pizza&limit=12&sort=rating,153,0,74
1777593318102,30078,01 - POST /auth/user/login,Non HTTP response code: java.net.SocketTimeoutException,Non HTTP response message: Read timed out,Virtual Users [500 threads] 1-157,text,false,Login failed — check credentials in users.csv,2679,0,349,349,http://k8s-forkfind-forkfind-8e65d48af1-1990260306.us-east-1.elb.amazonaws.com/auth/user/login,0,0,75
1777593348113,79,03 - POST /restaurants/20/reviews,Non HTTP response code: java.net.SocketException,Non HTTP response message: Connection reset,Virtual Users [500 threads] 1-152,text,false,"Review submission returned unexpected status (401 = bad token, 5xx = server error)",2601,0,349,349,http://k8s-forkfind-forkfind-8e65d48af1-1990260306.us-east-1.elb.amazonaws.com/restaurants/20/reviews,0,0,0
1777593348113,79,03 - POST /restaurants/20/reviews,Non HTTP response code: java.net.SocketException,Non HTTP response message: Connection reset,Virtual Users [500 threads] 1-153,text,false,"Review submission returned unexpected status (401 = bad token, 5xx = server error)",2601,0,349,349,http://k8s-forkfind-forkfind-8e65d48af1-1990260306.us-east-1.elb.amazonaws.com/restaurants/20/reviews,0,0,0
1777593348059,153,02 - GET /restaurants (search),200,OK,Virtual Users [500 threads] 1-155,text,true,,790,311,347,347,http://k8s-forkfind-forkfind-8e65d48af1-1990260306.us-east-1.elb.amazonaws.com/restaurants?q=pizza&limit=12&sort=rating,152,0,71
1777593348150,74,03 - POST /restaurants/20/reviews,Non HTTP response code: java.net.SocketException,Non HTTP response message: Connection reset,Virtual Users [500 threads] 1-154,text,false,"Review submission returned unexpected status (401 = bad token, 5xx = server error)",2601,0,347,347,http://k8s-forkfind-forkfind-8e65d48af1-1990260306.us-east-1.elb.amazonaws.com/restaurants/20/reviews,0,0,0
1777593318161,30083,01 - POST /auth/user/login,Non HTTP response code: java.net.SocketTimeoutException,Non HTTP response message: Read timed out,Virtual Users [500 threads] 1-158,text,false,Login failed — check credentials in users.csv,2679,0,346,346,http://k8s-forkfind-forkfind-8e65d48af1-1990260306.us-east-1.elb.amazonaws.com/auth/user/login,0,0,81
1777593348117,151,02 - GET /restaurants (search),200,OK,Virtual Users [500 threads] 1-156,text,true,,790,311,346,346,http://k8s-forkfind-forkfind-8e65d48af1-1990260306.us-east-1.elb.amazonaws.com/restaurants?q=pizza&limit=12&sort=rating,151,0,75
1777593348212,73,03 - POST /restaurants/20/reviews,Non HTTP response code: java.net.SocketException,Non HTTP response message: Connection reset,Virtual Users [500 threads] 1-155,text,false,"Review submission returned unexpected status (401 = bad token, 5xx = server error)",2601,0,346,346,http://k8s-forkfind-forkfind-8e65d48af1-1990260306.us-east-1.elb.amazonaws.com/restaurants/20/reviews,0,0,0
1777593318222,30099,01 - POST /auth/user/login,Non HTTP response code: java.net.SocketTimeoutException,Non HTTP response message: Read timed out,Virtual Users [500 threads] 1-159,text,false,Login failed — check credentials in users.csv,2679,0,345,345,http://k8s-forkfind-forkfind-8e65d48af1-1990260306.us-east-1.elb.amazonaws.com/auth/user/login,0,0,97
1777593348181,148,02 - GET /restaurants (search),200,OK,Virtual Users [500 threads] 1-157,text,true,,790,311,345,345,http://k8s-forkfind-forkfind-8e65d48af1-1990260306.us-east-1.elb.amazonaws.com/restaurants?q=pizza&limit=12&sort=rating,148,0,71
1777593348268,75,03 - POST /restaurants/20/reviews,Non HTTP response code: java.net.SocketException,Non HTTP response message: Connection reset,Virtual Users [500 threads] 1-156,text,false,"Review submission returned unexpected status (401 = bad token, 5xx = server error)",2601,0,345,345,http://k8s-forkfind-forkfind-8e65d48af1-1990260306.us-east-1.elb.amazonaws.com/restaurants/20/reviews,0,0,0
1777593318277,30087,01 - POST /auth/user/login,Non HTTP response code: java.net.SocketTimeoutException,Non HTTP response message: Read timed out,Virtual Users [500 threads] 1-160,text,false,Login failed — check credentials in users.csv,2679,0,344,344,http://k8s-forkfind-forkfind-8e65d48af1-1990260306.us-east-1.elb.amazonaws.com/auth/user/login,0,0,85
1777593348245,152,02 - GET /restaurants (search),200,OK,Virtual Users [500 threads] 1-158,text,true,,790,311,344,344,http://k8s-forkfind-forkfind-8e65d48af1-1990260306.us-east-1.elb.amazonaws.com/restaurants?q=pizza&limit=12&sort=rating,152,0,72
1777593348330,74,03 - POST /restaurants/20/reviews,Non HTTP response code: java.net.SocketException,Non HTTP response message: Connection reset,Virtual Users [500 threads] 1-157,text,false,"Review submission returned unexpected status (401 = bad token, 5xx = server error)",2601,0,344,344,http://k8s-forkfind-forkfind-8e65d48af1-1990260306.us-east-1.elb.amazonaws.com/restaurants/20/reviews,0,0,0
1777593318342,30075,01 - POST /auth/user/login,Non HTTP response code: java.net.SocketTimeoutException,Non HTTP response message: Read timed out,Virtual Users [500 threads] 1-161,text,false,Login failed — check credentials in users.csv,2679,0,343,343,http://k8s-forkfind-forkfind-8e65d48af1-1990260306.us-east-1.elb.amazonaws.com/auth/user/login,0,0,73
1777593348322,155,02 - GET /restaurants (search),200,OK,Virtual Users [500 threads] 1-159,text,true,,790,311,343,343,http://k8s-forkfind-forkfind-8e65d48af1-1990260306.us-east-1.elb.amazonaws.com/restaurants?q=pizza&limit=12&sort=rating,155,0,73
1777593348397,80,03 - POST /restaurants/20/reviews,Non HTTP response code: java.net.SocketException,Non HTTP response message: Connection reset,Virtual Users [500 threads] 1-158,text,false,"Review submission returned unexpected status (401 = bad token, 5xx = server error)",2601,0,343,343,http://k8s-forkfind-forkfind-8e65d48af1-1990260306.us-east-1.elb.amazonaws.com/restaurants/20/reviews,0,0,0
1777593318401,30082,01 - POST /auth/user/login,Non HTTP response code: java.net.SocketTimeoutException,Non HTTP response message: Read timed out,Virtual Users [500 threads] 1-162,text,false,Login failed — check credentials in users.csv,2679,0,342,342,http://k8s-forkfind-forkfind-8e65d48af1-1990260306.us-east-1.elb.amazonaws.com/auth/user/login,0,0,80
1777593348365,149,02 - GET /restaurants (search),200,OK,Virtual Users [500 threads] 1-160,text,true,,790,311,342,342,http://k8s-forkfind-forkfind-8e65d48af1-1990260306.us-east-1.elb.amazonaws.com/restaurants?q=pizza&limit=12&sort=rating,149,0,73
1777593318462,30074,01 - POST /auth/user/login,Non HTTP response code: java.net.SocketTimeoutException,Non HTTP response message: Read timed out,Virtual Users [500 threads] 1-163,text,false,Login failed — check credentials in users.csv,2679,0,342,342,http://k8s-forkfind-forkfind-8e65d48af1-1990260306.us-east-1.elb.amazonaws.com/auth/user/login,0,0,72
1777593348479,75,03 - POST /restaurants/20/reviews,Non HTTP response code: java.net.SocketException,Non HTTP response message: Connection reset,Virtual Users [500 threads] 1-159,text,false,"Review submission returned unexpected status (401 = bad token, 5xx = server error)",2601,0,342,342,http://k8s-forkfind-forkfind-8e65d48af1-1990260306.us-east-1.elb.amazonaws.com/restaurants/20/reviews,0,0,0
1777593348418,149,02 - GET /restaurants (search),200,OK,Virtual Users [500 threads] 1-161,text,true,,790,311,341,341,http://k8s-forkfind-forkfind-8e65d48af1-1990260306.us-east-1.elb.amazonaws.com/restaurants?q=pizza&limit=12&sort=rating,149,0,72
1777593348514,75,03 - POST /restaurants/20/reviews,Non HTTP response code: java.net.SocketException,Non HTTP response message: Connection reset,Virtual Users [500 threads] 1-160,text,false,"Review submission returned unexpected status (401 = bad token, 5xx = server error)",2601,0,341,341,http://k8s-forkfind-forkfind-8e65d48af1-1990260306.us-east-1.elb.amazonaws.com/restaurants/20/reviews,0,0,0
1777593318523,30074,01 - POST /auth/user/login,Non HTTP response code: java.net.SocketTimeoutException,Non HTTP response message: Read timed out,Virtual Users [500 threads] 1-164,text,false,Login failed — check credentials in users.csv,2679,0,340,340,http://k8s-forkfind-forkfind-8e65d48af1-1990260306.us-east-1.elb.amazonaws.com/auth/user/login,0,0,72
1777593348484,150,02 - GET /restaurants (search),200,OK,Virtual Users [500 threads] 1-162,text,true,,790,311,340,340,http://k8s-forkfind-forkfind-8e65d48af1-1990260306.us-east-1.elb.amazonaws.com/restaurants?q=pizza&limit=12&sort=rating,150,0,73
1777593348568,73,03 - POST /restaurants/20/reviews,Non HTTP response code: java.net.SocketException,Non HTTP response message: Connection reset,Virtual Users [500 threads] 1-161,text,false,"Review submission returned unexpected status (401 = bad token, 5xx = server error)",2601,0,340,340,http://k8s-forkfind-forkfind-8e65d48af1-1990260306.us-east-1.elb.amazonaws.com/restaurants/20/reviews,0,0,0
1777593318581,30074,01 - POST /auth/user/login,Non HTTP response code: java.net.SocketTimeoutException,Non HTTP response message: Read timed out,Virtual Users [500 threads] 1-165,text,false,Login failed — check credentials in users.csv,2679,0,339,339,http://k8s-forkfind-forkfind-8e65d48af1-1990260306.us-east-1.elb.amazonaws.com/auth/user/login,0,0,72
1777593348537,147,02 - GET /restaurants (search),200,OK,Virtual Users [500 threads] 1-163,text,true,,790,311,339,339,http://k8s-forkfind-forkfind-8e65d48af1-1990260306.us-east-1.elb.amazonaws.com/restaurants?q=pizza&limit=12&sort=rating,147,0,71
1777593348635,73,03 - POST /restaurants/20/reviews,Non HTTP response code: java.net.SocketException,Non HTTP response message: Connection reset,Virtual Users [500 threads] 1-162,text,false,"Review submission returned unexpected status (401 = bad token, 5xx = server error)",2601,0,339,339,http://k8s-forkfind-forkfind-8e65d48af1-1990260306.us-east-1.elb.amazonaws.com/restaurants/20/reviews,0,0,0
1777593318641,30077,01 - POST /auth/user/login,Non HTTP response code: java.net.SocketTimeoutException,Non HTTP response message: Read timed out,Virtual Users [500 threads] 1-166,text,false,Login failed — check credentials in users.csv,2679,0,338,338,http://k8s-forkfind-forkfind-8e65d48af1-1990260306.us-east-1.elb.amazonaws.com/auth/user/login,0,0,75
1777593348598,157,02 - GET /restaurants (search),200,OK,Virtual Users [500 threads] 1-164,text,true,,790,311,338,338,http://k8s-forkfind-forkfind-8e65d48af1-1990260306.us-east-1.elb.amazonaws.com/restaurants?q=pizza&limit=12&sort=rating,157,0,79
1777593348685,73,03 - POST /restaurants/20/reviews,Non HTTP response code: java.net.SocketException,Non HTTP response message: Connection reset,Virtual Users [500 threads] 1-163,text,false,"Review submission returned unexpected status (401 = bad token, 5xx = server error)",2601,0,338,338,http://k8s-forkfind-forkfind-8e65d48af1-1990260306.us-east-1.elb.amazonaws.com/restaurants/20/reviews,0,0,0
1777593318700,30077,01 - POST /auth/user/login,Non HTTP response code: java.net.SocketTimeoutException,Non HTTP response message: Read timed out,Virtual Users [500 threads] 1-167,text,false,Login failed — check credentials in users.csv,2679,0,337,337,http://k8s-forkfind-forkfind-8e65d48af1-1990260306.us-east-1.elb.amazonaws.com/auth/user/login,0,0,75
1777593348656,154,02 - GET /restaurants (search),200,OK,Virtual Users [500 threads] 1-165,text,true,,790,311,337,337,http://k8s-forkfind-forkfind-8e65d48af1-1990260306.us-east-1.elb.amazonaws.com/restaurants?q=pizza&limit=12&sort=rating,154,0,75
1777593348756,79,03 - POST /restaurants/20/reviews,Non HTTP response code: java.net.SocketException,Non HTTP response message: Connection reset,Virtual Users [500 threads] 1-164,text,false,"Review submission returned unexpected status (401 = bad token, 5xx = server error)",2601,0,337,337,http://k8s-forkfind-forkfind-8e65d48af1-1990260306.us-east-1.elb.amazonaws.com/restaurants/20/reviews,0,0,0
1777593318761,30075,01 - POST /auth/user/login,Non HTTP response code: java.net.SocketTimeoutException,Non HTTP response message: Read timed out,Virtual Users [500 threads] 1-168,text,false,Login failed — check credentials in users.csv,2679,0,336,336,http://k8s-forkfind-forkfind-8e65d48af1-1990260306.us-east-1.elb.amazonaws.com/auth/user/login,0,0,73
1777593348719,151,02 - GET /restaurants (search),200,OK,Virtual Users [500 threads] 1-166,text,true,,790,311,336,336,http://k8s-forkfind-forkfind-8e65d48af1-1990260306.us-east-1.elb.amazonaws.com/restaurants?q=pizza&limit=12&sort=rating,151,0,72
1777593348811,78,03 - POST /restaurants/20/reviews,Non HTTP response code: java.net.SocketException,Non HTTP response message: Connection reset,Virtual Users [500 threads] 1-165,text,false,"Review submission returned unexpected status (401 = bad token, 5xx = server error)",2601,0,336,336,http://k8s-forkfind-forkfind-8e65d48af1-1990260306.us-east-1.elb.amazonaws.com/restaurants/20/reviews,0,0,0
1777593318818,30077,01 - POST /auth/user/login,Non HTTP response code: java.net.SocketTimeoutException,Non HTTP response message: Read timed out,Virtual Users [500 threads] 1-169,text,false,Login failed — check credentials in users.csv,2679,0,335,335,http://k8s-forkfind-forkfind-8e65d48af1-1990260306.us-east-1.elb.amazonaws.com/auth/user/login,0,0,75
1777593348778,153,02 - GET /restaurants (search),200,OK,Virtual Users [500 threads] 1-167,text,true,,790,311,335,335,http://k8s-forkfind-forkfind-8e65d48af1-1990260306.us-east-1.elb.amazonaws.com/restaurants?q=pizza&limit=12&sort=rating,153,0,73
1777593348871,74,03 - POST /restaurants/20/reviews,Non HTTP response code: java.net.SocketException,Non HTTP response message: Connection reset,Virtual Users [500 threads] 1-166,text,false,"Review submission returned unexpected status (401 = bad token, 5xx = server error)",2601,0,335,335,http://k8s-forkfind-forkfind-8e65d48af1-1990260306.us-east-1.elb.amazonaws.com/restaurants/20/reviews,0,0,0
1777593318881,30080,01 - POST /auth/user/login,Non HTTP response code: java.net.SocketTimeoutException,Non HTTP response message: Read timed out,Virtual Users [500 threads] 1-170,text,false,Login failed — check credentials in users.csv,2679,0,334,334,http://k8s-forkfind-forkfind-8e65d48af1-1990260306.us-east-1.elb.amazonaws.com/auth/user/login,0,0,78
1777593348837,169,02 - GET /restaurants (search),200,OK,Virtual Users [500 threads] 1-168,text,true,,790,311,334,334,http://k8s-forkfind-forkfind-8e65d48af1-1990260306.us-east-1.elb.amazonaws.com/restaurants?q=pizza&limit=12&sort=rating,169,0,72
1777593348932,75,03 - POST /restaurants/20/reviews,Non HTTP response code: java.net.SocketException,Non HTTP response message: Connection reset,Virtual Users [500 threads] 1-167,text,false,"Review submission returned unexpected status (401 = bad token, 5xx = server error)",2601,0,334,334,http://k8s-forkfind-forkfind-8e65d48af1-1990260306.us-east-1.elb.amazonaws.com/restaurants/20/reviews,0,0,0
1777593318940,30078,01 - POST /auth/user/login,Non HTTP response code: java.net.SocketTimeoutException,Non HTTP response message: Read timed out,Virtual Users [500 threads] 1-171,text,false,Login failed — check credentials in users.csv,2679,0,333,333,http://k8s-forkfind-forkfind-8e65d48af1-1990260306.us-east-1.elb.amazonaws.com/auth/user/login,0,0,76
1777593348896,153,02 - GET /restaurants (search),200,OK,Virtual Users [500 threads] 1-169,text,true,,790,311,333,333,http://k8s-forkfind-forkfind-8e65d48af1-1990260306.us-east-1.elb.amazonaws.com/restaurants?q=pizza&limit=12&sort=rating,153,0,75
1777593349007,73,03 - POST /restaurants/20/reviews,Non HTTP response code: java.net.SocketException,Non HTTP response message: Connection reset,Virtual Users [500 threads] 1-168,text,false,"Review submission returned unexpected status (401 = bad token, 5xx = server error)",2601,0,333,333,http://k8s-forkfind-forkfind-8e65d48af1-1990260306.us-east-1.elb.amazonaws.com/restaurants/20/reviews,0,0,0
1777593319000,30100,01 - POST /auth/user/login,Non HTTP response code: java.net.SocketTimeoutException,Non HTTP response message: Read timed out,Virtual Users [500 threads] 1-172,text,false,Login failed — check credentials in users.csv,2679,0,332,332,http://k8s-forkfind-forkfind-8e65d48af1-1990260306.us-east-1.elb.amazonaws.com/auth/user/login,0,0,98
1777593348964,153,02 - GET /restaurants (search),200,OK,Virtual Users [500 threads] 1-170,text,true,,790,311,332,332,http://k8s-forkfind-forkfind-8e65d48af1-1990260306.us-east-1.elb.amazonaws.com/restaurants?q=pizza&limit=12&sort=rating,153,0,73
1777593349050,78,03 - POST /restaurants/20/reviews,Non HTTP response code: java.net.SocketException,Non HTTP response message: Connection reset,Virtual Users [500 threads] 1-169,text,false,"Review submission returned unexpected status (401 = bad token, 5xx = server error)",2601,0,332,332,http://k8s-forkfind-forkfind-8e65d48af1-1990260306.us-east-1.elb.amazonaws.com/restaurants/20/reviews,0,0,0
1777593319061,30074,01 - POST /auth/user/login,Non HTTP response code: java.net.SocketTimeoutException,Non HTTP response message: Read timed out,Virtual Users [500 threads] 1-173,text,false,Login failed — check credentials in users.csv,2679,0,331,331,http://k8s-forkfind-forkfind-8e65d48af1-1990260306.us-east-1.elb.amazonaws.com/auth/user/login,0,0,72
1777593349019,153,02 - GET /restaurants (search),200,OK,Virtual Users [500 threads] 1-171,text,true,,790,311,331,331,http://k8s-forkfind-forkfind-8e65d48af1-1990260306.us-east-1.elb.amazonaws.com/restaurants?q=pizza&limit=12&sort=rating,153,0,71
1777593319118,30074,01 - POST /auth/user/login,Non HTTP response code: java.net.SocketTimeoutException,Non HTTP response message: Read timed out,Virtual Users [500 threads] 1-174,text,false,Login failed — check credentials in users.csv,2679,0,331,331,http://k8s-forkfind-forkfind-8e65d48af1-1990260306.us-east-1.elb.amazonaws.com/auth/user/login,0,0,72
1777593349117,83,03 - POST /restaurants/20/reviews,Non HTTP response code: java.net.SocketException,Non HTTP response message: Connection reset,Virtual Users [500 threads] 1-170,text,false,"Review submission returned unexpected status (401 = bad token, 5xx = server error)",2601,0,331,331,http://k8s-forkfind-forkfind-8e65d48af1-1990260306.us-east-1.elb.amazonaws.com/restaurants/20/reviews,0,0,0
1777593349173,73,03 - POST /restaurants/20/reviews,Non HTTP response code: java.net.SocketException,Non HTTP response message: Connection reset,Virtual Users [500 threads] 1-171,text,false,"Review submission returned unexpected status (401 = bad token, 5xx = server error)",2601,0,330,330,http://k8s-forkfind-forkfind-8e65d48af1-1990260306.us-east-1.elb.amazonaws.com/restaurants/20/reviews,0,0,0
1777593349102,150,02 - GET /restaurants (search),200,OK,Virtual Users [500 threads] 1-172,text,true,,790,311,329,329,http://k8s-forkfind-forkfind-8e65d48af1-1990260306.us-east-1.elb.amazonaws.com/restaurants?q=pizza&limit=12&sort=rating,149,0,72
1777593319181,30083,01 - POST /auth/user/login,Non HTTP response code: java.net.SocketTimeoutException,Non HTTP response message: Read timed out,Virtual Users [500 threads] 1-175,text,false,Login failed — check credentials in users.csv,2679,0,329,329,http://k8s-forkfind-forkfind-8e65d48af1-1990260306.us-east-1.elb.amazonaws.com/auth/user/login,0,0,82
1777593349136,161,02 - GET /restaurants (search),200,OK,Virtual Users [500 threads] 1-173,text,true,,790,311,329,329,http://k8s-forkfind-forkfind-8e65d48af1-1990260306.us-east-1.elb.amazonaws.com/restaurants?q=pizza&limit=12&sort=rating,161,0,72
1777593319241,30075,01 - POST /auth/user/login,Non HTTP response code: java.net.SocketTimeoutException,Non HTTP response message: Read timed out,Virtual Users [500 threads] 1-176,text,false,Login failed — check credentials in users.csv,2679,0,329,329,http://k8s-forkfind-forkfind-8e65d48af1-1990260306.us-east-1.elb.amazonaws.com/auth/user/login,0,0,73
1777593349252,73,03 - POST /restaurants/20/reviews,Non HTTP response code: java.net.SocketException,Non HTTP response message: Connection reset,Virtual Users [500 threads] 1-172,text,false,"Review submission returned unexpected status (401 = bad token, 5xx = server error)",2601,0,329,329,http://k8s-forkfind-forkfind-8e65d48af1-1990260306.us-east-1.elb.amazonaws.com/restaurants/20/reviews,0,0,0
1777593349193,153,02 - GET /restaurants (search),200,OK,Virtual Users [500 threads] 1-174,text,true,,790,311,328,328,http://k8s-forkfind-forkfind-8e65d48af1-1990260306.us-east-1.elb.amazonaws.com/restaurants?q=pizza&limit=12&sort=rating,153,0,74
1777593349298,73,03 - POST /restaurants/20/reviews,Non HTTP response code: java.net.SocketException,Non HTTP response message: Connection reset,Virtual Users [500 threads] 1-173,text,false,"Review submission returned unexpected status (401 = bad token, 5xx = server error)",2601,0,328,328,http://k8s-forkfind-forkfind-8e65d48af1-1990260306.us-east-1.elb.amazonaws.com/restaurants/20/reviews,0,0,0
1777593319298,30076,01 - POST /auth/user/login,Non HTTP response code: java.net.SocketTimeoutException,Non HTTP response message: Read timed out,Virtual Users [500 threads] 1-177,text,false,Login failed — check credentials in users.csv,2679,0,327,327,http://k8s-forkfind-forkfind-8e65d48af1-1990260306.us-east-1.elb.amazonaws.com/auth/user/login,0,0,75
1777593349266,157,02 - GET /restaurants (search),200,OK,Virtual Users [500 threads] 1-175,text,true,,790,311,327,327,http://k8s-forkfind-forkfind-8e65d48af1-1990260306.us-east-1.elb.amazonaws.com/restaurants?q=pizza&limit=12&sort=rating,157,0,74
1777593349347,77,03 - POST /restaurants/20/reviews,Non HTTP response code: java.net.SocketException,Non HTTP response message: Connection reset,Virtual Users [500 threads] 1-174,text,false,"Review submission returned unexpected status (401 = bad token, 5xx = server error)",2601,0,327,327,http://k8s-forkfind-forkfind-8e65d48af1-1990260306.us-east-1.elb.amazonaws.com/restaurants/20/reviews,0,0,0
1777593319362,30074,01 - POST /auth/user/login,Non HTTP response code: java.net.SocketTimeoutException,Non HTTP response message: Read timed out,Virtual Users [500 threads] 1-178,text,false,Login failed — check credentials in users.csv,2679,0,326,326,http://k8s-forkfind-forkfind-8e65d48af1-1990260306.us-east-1.elb.amazonaws.com/auth/user/login,0,0,73
1777593349319,160,02 - GET /restaurants (search),200,OK,Virtual Users [500 threads] 1-176,text,true,,790,311,326,326,http://k8s-forkfind-forkfind-8e65d48af1-1990260306.us-east-1.elb.amazonaws.com/restaurants?q=pizza&limit=12&sort=rating,160,0,78
1777593349424,74,03 - POST /restaurants/20/reviews,Non HTTP response code: java.net.SocketException,Non HTTP response message: Connection reset,Virtual Users [500 threads] 1-175,text,false,"Review submission returned unexpected status (401 = bad token, 5xx = server error)",2601,0,326,326,http://k8s-forkfind-forkfind-8e65d48af1-1990260306.us-east-1.elb.amazonaws.com/restaurants/20/reviews,0,0,0
1777593319421,30078,01 - POST /auth/user/login,Non HTTP response code: java.net.SocketTimeoutException,Non HTTP response message: Read timed out,Virtual Users [500 threads] 1-179,text,false,Login failed — check credentials in users.csv,2679,0,326,326,http://k8s-forkfind-forkfind-8e65d48af1-1990260306.us-east-1.elb.amazonaws.com/auth/user/login,0,0,76
1777593349375,153,02 - GET /restaurants (search),200,OK,Virtual Users [500 threads] 1-177,text,true,,790,311,325,325,http://k8s-forkfind-forkfind-8e65d48af1-1990260306.us-east-1.elb.amazonaws.com/restaurants?q=pizza&limit=12&sort=rating,153,0,76
1777593349480,74,03 - POST /restaurants/20/reviews,Non HTTP response code: java.net.SocketException,Non HTTP response message: Connection reset,Virtual Users [500 threads] 1-176,text,false,"Review submission returned unexpected status (401 = bad token, 5xx = server error)",2601,0,325,325,http://k8s-forkfind-forkfind-8e65d48af1-1990260306.us-east-1.elb.amazonaws.com/restaurants/20/reviews,0,0,0
1777593319481,30073,01 - POST /auth/user/login,Non HTTP response code: java.net.SocketTimeoutException,Non HTTP response message: Read timed out,Virtual Users [500 threads] 1-180,text,false,Login failed — check credentials in users.csv,2679,0,325,325,http://k8s-forkfind-forkfind-8e65d48af1-1990260306.us-east-1.elb.amazonaws.com/auth/user/login,0,0,71
1777593349438,147,02 - GET /restaurants (search),200,OK,Virtual Users [500 threads] 1-178,text,true,,790,311,324,324,http://k8s-forkfind-forkfind-8e65d48af1-1990260306.us-east-1.elb.amazonaws.com/restaurants?q=pizza&limit=12&sort=rating,146,0,69
1777593349529,75,03 - POST /restaurants/20/reviews,Non HTTP response code: java.net.SocketException,Non HTTP response message: Connection reset,Virtual Users [500 threads] 1-177,text,false,"Review submission returned unexpected status (401 = bad token, 5xx = server error)",2601,0,324,324,http://k8s-forkfind-forkfind-8e65d48af1-1990260306.us-east-1.elb.amazonaws.com/restaurants/20/reviews,0,0,0
1777593319541,30073,01 - POST /auth/user/login,Non HTTP response code: java.net.SocketTimeoutException,Non HTTP response message: Read timed out,Virtual Users [500 threads] 1-181,text,false,Login failed — check credentials in users.csv,2679,0,323,323,http://k8s-forkfind-forkfind-8e65d48af1-1990260306.us-east-1.elb.amazonaws.com/auth/user/login,0,0,73
1777593349500,147,02 - GET /restaurants (search),200,OK,Virtual Users [500 threads] 1-179,text,true,,790,311,323,323,http://k8s-forkfind-forkfind-8e65d48af1-1990260306.us-east-1.elb.amazonaws.com/restaurants?q=pizza&limit=12&sort=rating,147,0,71
1777593349585,73,03 - POST /restaurants/20/reviews,Non HTTP response code: java.net.SocketException,Non HTTP response message: Connection reset,Virtual Users [500 threads] 1-178,text,false,"Review submission returned unexpected status (401 = bad token, 5xx = server error)",2601,0,323,323,http://k8s-forkfind-forkfind-8e65d48af1-1990260306.us-east-1.elb.amazonaws.com/restaurants/20/reviews,0,0,0
1777593319602,30073,01 - POST /auth/user/login,Non HTTP response code: java.net.SocketTimeoutException,Non HTTP response message: Read timed out,Virtual Users [500 threads] 1-182,text,false,Login failed — check credentials in users.csv,2679,0,322,322,http://k8s-forkfind-forkfind-8e65d48af1-1990260306.us-east-1.elb.amazonaws.com/auth/user/login,0,0,71
1777593349555,154,02 - GET /restaurants (search),200,OK,Virtual Users [500 threads] 1-180,text,true,,790,311,322,322,http://k8s-forkfind-forkfind-8e65d48af1-1990260306.us-east-1.elb.amazonaws.com/restaurants?q=pizza&limit=12&sort=rating,154,0,72
1777593349647,77,03 - POST /restaurants/20/reviews,Non HTTP response code: java.net.SocketException,Non HTTP response message: Connection reset,Virtual Users [500 threads] 1-179,text,false,"Review submission returned unexpected status (401 = bad token, 5xx = server error)",2601,0,322,322,http://k8s-forkfind-forkfind-8e65d48af1-1990260306.us-east-1.elb.amazonaws.com/restaurants/20/reviews,0,0,0
1777593319662,30074,01 - POST /auth/user/login,Non HTTP response code: java.net.SocketTimeoutException,Non HTTP response message: Read timed out,Virtual Users [500 threads] 1-183,text,false,Login failed — check credentials in users.csv,2679,0,321,321,http://k8s-forkfind-forkfind-8e65d48af1-1990260306.us-east-1.elb.amazonaws.com/auth/user/login,0,0,72
1777593349615,150,02 - GET /restaurants (search),200,OK,Virtual Users [500 threads] 1-181,text,true,,790,311,321,321,http://k8s-forkfind-forkfind-8e65d48af1-1990260306.us-east-1.elb.amazonaws.com/restaurants?q=pizza&limit=12&sort=rating,150,0,70
1777593349710,76,03 - POST /restaurants/20/reviews,Non HTTP response code: java.net.SocketException,Non HTTP response message: Connection reset,Virtual Users [500 threads] 1-180,text,false,"Review submission returned unexpected status (401 = bad token, 5xx = server error)",2601,0,321,321,http://k8s-forkfind-forkfind-8e65d48af1-1990260306.us-east-1.elb.amazonaws.com/restaurants/20/reviews,0,0,0
1777593319719,30077,01 - POST /auth/user/login,Non HTTP response code: java.net.SocketTimeoutException,Non HTTP response message: Read timed out,Virtual Users [500 threads] 1-184,text,false,Login failed — check credentials in users.csv,2679,0,320,320,http://k8s-forkfind-forkfind-8e65d48af1-1990260306.us-east-1.elb.amazonaws.com/auth/user/login,0,0,76
1777593349676,150,02 - GET /restaurants (search),200,OK,Virtual Users [500 threads] 1-182,text,true,,790,311,320,320,http://k8s-forkfind-forkfind-8e65d48af1-1990260306.us-east-1.elb.amazonaws.com/restaurants?q=pizza&limit=12&sort=rating,150,0,71
1777593349765,73,03 - POST /restaurants/20/reviews,Non HTTP response code: java.net.SocketException,Non HTTP response message: Connection reset,Virtual Users [500 threads] 1-181,text,false,"Review submission returned unexpected status (401 = bad token, 5xx = server error)",2601,0,320,320,http://k8s-forkfind-forkfind-8e65d48af1-1990260306.us-east-1.elb.amazonaws.com/restaurants/20/reviews,0,0,0
1777593319782,30074,01 - POST /auth/user/login,Non HTTP response code: java.net.SocketTimeoutException,Non HTTP response message: Read timed out,Virtual Users [500 threads] 1-185,text,false,Login failed — check credentials in users.csv,2679,0,319,319,http://k8s-forkfind-forkfind-8e65d48af1-1990260306.us-east-1.elb.amazonaws.com/auth/user/login,0,0,73
1777593349737,158,02 - GET /restaurants (search),200,OK,Virtual Users [500 threads] 1-183,text,true,,790,311,319,319,http://k8s-forkfind-forkfind-8e65d48af1-1990260306.us-east-1.elb.amazonaws.com/restaurants?q=pizza&limit=12&sort=rating,158,0,71
1777593349826,73,03 - POST /restaurants/20/reviews,Non HTTP response code: java.net.SocketException,Non HTTP response message: Connection reset,Virtual Users [500 threads] 1-182,text,false,"Review submission returned unexpected status (401 = bad token, 5xx = server error)",2601,0,319,319,http://k8s-forkfind-forkfind-8e65d48af1-1990260306.us-east-1.elb.amazonaws.com/restaurants/20/reviews,0,0,0
1777593319840,30074,01 - POST /auth/user/login,Non HTTP response code: java.net.SocketTimeoutException,Non HTTP response message: Read timed out,Virtual Users [500 threads] 1-186,text,false,Login failed — check credentials in users.csv,2679,0,318,318,http://k8s-forkfind-forkfind-8e65d48af1-1990260306.us-east-1.elb.amazonaws.com/auth/user/login,0,0,73
1777593349797,165,02 - GET /restaurants (search),200,OK,Virtual Users [500 threads] 1-184,text,true,,790,311,318,318,http://k8s-forkfind-forkfind-8e65d48af1-1990260306.us-east-1.elb.amazonaws.com/restaurants?q=pizza&limit=12&sort=rating,165,0,81
1777593349895,77,03 - POST /restaurants/20/reviews,Non HTTP response code: java.net.SocketException,Non HTTP response message: Connection reset,Virtual Users [500 threads] 1-183,text,false,"Review submission returned unexpected status (401 = bad token, 5xx = server error)",2601,0,318,318,http://k8s-forkfind-forkfind-8e65d48af1-1990260306.us-east-1.elb.amazonaws.com/restaurants/20/reviews,0,0,0
1777593319900,30072,01 - POST /auth/user/login,Non HTTP response code: java.net.SocketTimeoutException,Non HTTP response message: Read timed out,Virtual Users [500 threads] 1-187,text,false,Login failed — check credentials in users.csv,2679,0,317,317,http://k8s-forkfind-forkfind-8e65d48af1-1990260306.us-east-1.elb.amazonaws.com/auth/user/login,0,0,71
1777593349857,157,02 - GET /restaurants (search),200,OK,Virtual Users [500 threads] 1-185,text,true,,790,311,317,317,http://k8s-forkfind-forkfind-8e65d48af1-1990260306.us-east-1.elb.amazonaws.com/restaurants?q=pizza&limit=12&sort=rating,157,0,73
1777593319962,30074,01 - POST /auth/user/login,Non HTTP response code: java.net.SocketTimeoutException,Non HTTP response message: Read timed out,Virtual Users [500 threads] 1-188,text,false,Login failed — check credentials in users.csv,2679,0,317,317,http://k8s-forkfind-forkfind-8e65d48af1-1990260306.us-east-1.elb.amazonaws.com/auth/user/login,0,0,72
1777593349962,74,03 - POST /restaurants/20/reviews,Non HTTP response code: java.net.SocketException,Non HTTP response message: Connection reset,Virtual Users [500 threads] 1-184,text,false,"Review submission returned unexpected status (401 = bad token, 5xx = server error)",2601,0,317,317,http://k8s-forkfind-forkfind-8e65d48af1-1990260306.us-east-1.elb.amazonaws.com/restaurants/20/reviews,0,0,0
1777593349915,157,02 - GET /restaurants (search),200,OK,Virtual Users [500 threads] 1-186,text,true,,790,311,316,316,http://k8s-forkfind-forkfind-8e65d48af1-1990260306.us-east-1.elb.amazonaws.com/restaurants?q=pizza&limit=12&sort=rating,157,0,81
1777593350014,79,03 - POST /restaurants/20/reviews,Non HTTP response code: java.net.SocketException,Non HTTP response message: Connection reset,Virtual Users [500 threads] 1-185,text,false,"Review submission returned unexpected status (401 = bad token, 5xx = server error)",2601,0,316,316,http://k8s-forkfind-forkfind-8e65d48af1-1990260306.us-east-1.elb.amazonaws.com/restaurants/20/reviews,0,0,0
1777593320021,30086,01 - POST /auth/user/login,Non HTTP response code: java.net.SocketTimeoutException,Non HTTP response message: Read timed out,Virtual Users [500 threads] 1-189,text,false,Login failed — check credentials in users.csv,2679,0,315,315,http://k8s-forkfind-forkfind-8e65d48af1-1990260306.us-east-1.elb.amazonaws.com/auth/user/login,0,0,85
1777593349973,150,02 - GET /restaurants (search),200,OK,Virtual Users [500 threads] 1-187,text,true,,790,311,315,315,http://k8s-forkfind-forkfind-8e65d48af1-1990260306.us-east-1.elb.amazonaws.com/restaurants?q=pizza&limit=12&sort=rating,150,0,72
1777593350073,76,03 - POST /restaurants/20/reviews,Non HTTP response code: java.net.SocketException,Non HTTP response message: Connection reset,Virtual Users [500 threads] 1-186,text,false,"Review submission returned unexpected status (401 = bad token, 5xx = server error)",2601,0,315,315,http://k8s-forkfind-forkfind-8e65d48af1-1990260306.us-east-1.elb.amazonaws.com/restaurants/20/reviews,0,0,0
1777593320081,30075,01 - POST /auth/user/login,Non HTTP response code: java.net.SocketTimeoutException,Non HTTP response message: Read timed out,Virtual Users [500 threads] 1-190,text,false,Login failed — check credentials in users.csv,2679,0,314,314,http://k8s-forkfind-forkfind-8e65d48af1-1990260306.us-east-1.elb.amazonaws.com/auth/user/login,0,0,73
1777593350124,74,03 - POST /restaurants/20/reviews,Non HTTP response code: java.net.SocketException,Non HTTP response message: Connection reset,Virtual Users [500 threads] 1-187,text,false,"Review submission returned unexpected status (401 = bad token, 5xx = server error)",2601,0,314,314,http://k8s-forkfind-forkfind-8e65d48af1-1990260306.us-east-1.elb.amazonaws.com/restaurants/20/reviews,0,0,0
1777593350036,171,02 - GET /restaurants (search),200,OK,Virtual Users [500 threads] 1-188,text,true,,790,311,313,313,http://k8s-forkfind-forkfind-8e65d48af1-1990260306.us-east-1.elb.amazonaws.com/restaurants?q=pizza&limit=12&sort=rating,171,0,82
1777593320141,30074,01 - POST /auth/user/login,Non HTTP response code: java.net.SocketTimeoutException,Non HTTP response message: Read timed out,Virtual Users [500 threads] 1-191,text,false,Login failed — check credentials in users.csv,2679,0,313,313,http://k8s-forkfind-forkfind-8e65d48af1-1990260306.us-east-1.elb.amazonaws.com/auth/user/login,0,0,72
1777593350108,152,02 - GET /restaurants (search),200,OK,Virtual Users [500 threads] 1-189,text,true,,790,311,313,313,http://k8s-forkfind-forkfind-8e65d48af1-1990260306.us-east-1.elb.amazonaws.com/restaurants?q=pizza&limit=12&sort=rating,152,0,72
1777593320201,30075,01 - POST /auth/user/login,Non HTTP response code: java.net.SocketTimeoutException,Non HTTP response message: Read timed out,Virtual Users [500 threads] 1-192,text,false,Login failed — check credentials in users.csv,2679,0,313,313,http://k8s-forkfind-forkfind-8e65d48af1-1990260306.us-east-1.elb.amazonaws.com/auth/user/login,0,0,73
1777593350207,86,03 - POST /restaurants/20/reviews,Non HTTP response code: java.net.SocketException,Non HTTP response message: Connection reset,Virtual Users [500 threads] 1-188,text,false,"Review submission returned unexpected status (401 = bad token, 5xx = server error)",2601,0,313,313,http://k8s-forkfind-forkfind-8e65d48af1-1990260306.us-east-1.elb.amazonaws.com/restaurants/20/reviews,0,0,0
1777593350157,149,02 - GET /restaurants (search),200,OK,Virtual Users [500 threads] 1-190,text,true,,790,311,312,312,http://k8s-forkfind-forkfind-8e65d48af1-1990260306.us-east-1.elb.amazonaws.com/restaurants?q=pizza&limit=12&sort=rating,149,0,72
1777593350260,74,03 - POST /restaurants/20/reviews,Non HTTP response code: java.net.SocketException,Non HTTP response message: Connection reset,Virtual Users [500 threads] 1-189,text,false,"Review submission returned unexpected status (401 = bad token, 5xx = server error)",2601,0,312,312,http://k8s-forkfind-forkfind-8e65d48af1-1990260306.us-east-1.elb.amazonaws.com/restaurants/20/reviews,0,0,0
1777593320262,30075,01 - POST /auth/user/login,Non HTTP response code: java.net.SocketTimeoutException,Non HTTP response message: Read timed out,Virtual Users [500 threads] 1-193,text,false,Login failed — check credentials in users.csv,2679,0,311,311,http://k8s-forkfind-forkfind-8e65d48af1-1990260306.us-east-1.elb.amazonaws.com/auth/user/login,0,0,73
1777593350216,147,02 - GET /restaurants (search),200,OK,Virtual Users [500 threads] 1-191,text,true,,790,311,311,311,http://k8s-forkfind-forkfind-8e65d48af1-1990260306.us-east-1.elb.amazonaws.com/restaurants?q=pizza&limit=12&sort=rating,147,0,70
1777593350307,83,03 - POST /restaurants/20/reviews,Non HTTP response code: java.net.SocketException,Non HTTP response message: Connection reset,Virtual Users [500 threads] 1-190,text,false,"Review submission returned unexpected status (401 = bad token, 5xx = server error)",2601,0,311,311,http://k8s-forkfind-forkfind-8e65d48af1-1990260306.us-east-1.elb.amazonaws.com/restaurants/20/reviews,0,0,0
1777593320322,30081,01 - POST /auth/user/login,Non HTTP response code: java.net.SocketTimeoutException,Non HTTP response message: Read timed out,Virtual Users [500 threads] 1-194,text,false,Login failed — check credentials in users.csv,2679,0,310,310,http://k8s-forkfind-forkfind-8e65d48af1-1990260306.us-east-1.elb.amazonaws.com/auth/user/login,0,0,79
1777593350278,147,02 - GET /restaurants (search),200,OK,Virtual Users [500 threads] 1-192,text,true,,790,311,310,310,http://k8s-forkfind-forkfind-8e65d48af1-1990260306.us-east-1.elb.amazonaws.com/restaurants?q=pizza&limit=12&sort=rating,147,0,70
1777593350364,75,03 - POST /restaurants/20/reviews,Non HTTP response code: java.net.SocketException,Non HTTP response message: Connection reset,Virtual Users [500 threads] 1-191,text,false,"Review submission returned unexpected status (401 = bad token, 5xx = server error)",2601,0,310,310,http://k8s-forkfind-forkfind-8e65d48af1-1990260306.us-east-1.elb.amazonaws.com/restaurants/20/reviews,0,0,0
1777593320381,30074,01 - POST /auth/user/login,Non HTTP response code: java.net.SocketTimeoutException,Non HTTP response message: Read timed out,Virtual Users [500 threads] 1-195,text,false,Login failed — check credentials in users.csv,2679,0,309,309,http://k8s-forkfind-forkfind-8e65d48af1-1990260306.us-east-1.elb.amazonaws.com/auth/user/login,0,0,72
1777593350338,149,02 - GET /restaurants (search),200,OK,Virtual Users [500 threads] 1-193,text,true,,790,311,309,309,http://k8s-forkfind-forkfind-8e65d48af1-1990260306.us-east-1.elb.amazonaws.com/restaurants?q=pizza&limit=12&sort=rating,149,0,71
1777593350425,83,03 - POST /restaurants/20/reviews,Non HTTP response code: java.net.SocketException,Non HTTP response message: Connection reset,Virtual Users [500 threads] 1-192,text,false,"Review submission returned unexpected status (401 = bad token, 5xx = server error)",2601,0,309,309,http://k8s-forkfind-forkfind-8e65d48af1-1990260306.us-east-1.elb.amazonaws.com/restaurants/20/reviews,0,0,0
1777593320441,30074,01 - POST /auth/user/login,Non HTTP response code: java.net.SocketTimeoutException,Non HTTP response message: Read timed out,Virtual Users [500 threads] 1-196,text,false,Login failed — check credentials in users.csv,2679,0,308,308,http://k8s-forkfind-forkfind-8e65d48af1-1990260306.us-east-1.elb.amazonaws.com/auth/user/login,0,0,72
1777593350404,149,02 - GET /restaurants (search),200,OK,Virtual Users [500 threads] 1-194,text,true,,790,311,308,308,http://k8s-forkfind-forkfind-8e65d48af1-1990260306.us-east-1.elb.amazonaws.com/restaurants?q=pizza&limit=12&sort=rating,149,0,71
1777593350488,78,03 - POST /restaurants/20/reviews,Non HTTP response code: java.net.SocketException,Non HTTP response message: Connection reset,Virtual Users [500 threads] 1-193,text,false,"Review submission returned unexpected status (401 = bad token, 5xx = server error)",2601,0,308,308,http://k8s-forkfind-forkfind-8e65d48af1-1990260306.us-east-1.elb.amazonaws.com/restaurants/20/reviews,0,0,0
1777593320501,30075,01 - POST /auth/user/login,Non HTTP response code: java.net.SocketTimeoutException,Non HTTP response message: Read timed out,Virtual Users [500 threads] 1-197,text,false,Login failed — check credentials in users.csv,2679,0,307,307,http://k8s-forkfind-forkfind-8e65d48af1-1990260306.us-east-1.elb.amazonaws.com/auth/user/login,0,0,73
1777593350456,154,02 - GET /restaurants (search),200,OK,Virtual Users [500 threads] 1-195,text,true,,790,311,307,307,http://k8s-forkfind-forkfind-8e65d48af1-1990260306.us-east-1.elb.amazonaws.com/restaurants?q=pizza&limit=12&sort=rating,154,0,70
1777593350553,74,03 - POST /restaurants/20/reviews,Non HTTP response code: java.net.SocketException,Non HTTP response message: Connection reset,Virtual Users [500 threads] 1-194,text,false,"Review submission returned unexpected status (401 = bad token, 5xx = server error)",2601,0,307,307,http://k8s-forkfind-forkfind-8e65d48af1-1990260306.us-east-1.elb.amazonaws.com/restaurants/20/reviews,0,0,0
1777593320561,30073,01 - POST /auth/user/login,Non HTTP response code: java.net.SocketTimeoutException,Non HTTP response message: Read timed out,Virtual Users [500 threads] 1-198,text,false,Login failed — check credentials in users.csv,2679,0,306,306,http://k8s-forkfind-forkfind-8e65d48af1-1990260306.us-east-1.elb.amazonaws.com/auth/user/login,0,0,71
1777593350516,148,02 - GET /restaurants (search),200,OK,Virtual Users [500 threads] 1-196,text,true,,790,311,306,306,http://k8s-forkfind-forkfind-8e65d48af1-1990260306.us-east-1.elb.amazonaws.com/restaurants?q=pizza&limit=12&sort=rating,148,0,71
1777593350610,78,03 - POST /restaurants/20/reviews,Non HTTP response code: java.net.SocketException,Non HTTP response message: Connection reset,Virtual Users [500 threads] 1-195,text,false,"Review submission returned unexpected status (401 = bad token, 5xx = server error)",2601,0,306,306,http://k8s-forkfind-forkfind-8e65d48af1-1990260306.us-east-1.elb.amazonaws.com/restaurants/20/reviews,0,0,0
1777593320621,30084,01 - POST /auth/user/login,Non HTTP response code: java.net.SocketTimeoutException,Non HTTP response message: Read timed out,Virtual Users [500 threads] 1-199,text,false,Login failed — check credentials in users.csv,2679,0,305,305,http://k8s-forkfind-forkfind-8e65d48af1-1990260306.us-east-1.elb.amazonaws.com/auth/user/login,0,0,83
1777593350578,154,02 - GET /restaurants (search),200,OK,Virtual Users [500 threads] 1-197,text,true,,790,311,305,305,http://k8s-forkfind-forkfind-8e65d48af1-1990260306.us-east-1.elb.amazonaws.com/restaurants?q=pizza&limit=12&sort=rating,154,0,76
1777593350664,77,03 - POST /restaurants/20/reviews,Non HTTP response code: java.net.SocketException,Non HTTP response message: Connection reset,Virtual Users [500 threads] 1-196,text,false,"Review submission returned unexpected status (401 = bad token, 5xx = server error)",2601,0,305,305,http://k8s-forkfind-forkfind-8e65d48af1-1990260306.us-east-1.elb.amazonaws.com/restaurants/20/reviews,0,0,0
1777593320681,30076,01 - POST /auth/user/login,Non HTTP response code: java.net.SocketTimeoutException,Non HTTP response message: Read timed out,Virtual Users [500 threads] 1-200,text,false,Login failed — check credentials in users.csv,2679,0,304,304,http://k8s-forkfind-forkfind-8e65d48af1-1990260306.us-east-1.elb.amazonaws.com/auth/user/login,0,0,74
1777593350635,165,02 - GET /restaurants (search),200,OK,Virtual Users [500 threads] 1-198,text,true,,790,311,304,304,http://k8s-forkfind-forkfind-8e65d48af1-1990260306.us-east-1.elb.amazonaws.com/restaurants?q=pizza&limit=12&sort=rating,165,0,70
1777593350732,73,03 - POST /restaurants/20/reviews,Non HTTP response code: java.net.SocketException,Non HTTP response message: Connection reset,Virtual Users [500 threads] 1-197,text,false,"Review submission returned unexpected status (401 = bad token, 5xx = server error)",2601,0,304,304,http://k8s-forkfind-forkfind-8e65d48af1-1990260306.us-east-1.elb.amazonaws.com/restaurants/20/reviews,0,0,0
1777593320738,30075,01 - POST /auth/user/login,Non HTTP response code: java.net.SocketTimeoutException,Non HTTP response message: Read timed out,Virtual Users [500 threads] 1-201,text,false,Login failed — check credentials in users.csv,2679,0,303,303,http://k8s-forkfind-forkfind-8e65d48af1-1990260306.us-east-1.elb.amazonaws.com/auth/user/login,0,0,73
1777593350706,158,02 - GET /restaurants (search),200,OK,Virtual Users [500 threads] 1-199,text,true,,790,311,303,303,http://k8s-forkfind-forkfind-8e65d48af1-1990260306.us-east-1.elb.amazonaws.com/restaurants?q=pizza&limit=12&sort=rating,158,0,77
1777593350800,76,03 - POST /restaurants/20/reviews,Non HTTP response code: java.net.SocketException,Non HTTP response message: Connection reset,Virtual Users [500 threads] 1-198,text,false,"Review submission returned unexpected status (401 = bad token, 5xx = server error)",2601,0,303,303,http://k8s-forkfind-forkfind-8e65d48af1-1990260306.us-east-1.elb.amazonaws.com/restaurants/20/reviews,0,0,0
1777593320803,30073,01 - POST /auth/user/login,Non HTTP response code: java.net.SocketTimeoutException,Non HTTP response message: Read timed out,Virtual Users [500 threads] 1-202,text,false,Login failed — check credentials in users.csv,2679,0,303,303,http://k8s-forkfind-forkfind-8e65d48af1-1990260306.us-east-1.elb.amazonaws.com/auth/user/login,0,0,71
1777593350758,154,02 - GET /restaurants (search),200,OK,Virtual Users [500 threads] 1-200,text,true,,790,311,302,302,http://k8s-forkfind-forkfind-8e65d48af1-1990260306.us-east-1.elb.amazonaws.com/restaurants?q=pizza&limit=12&sort=rating,154,0,71
1777593320859,30075,01 - POST /auth/user/login,Non HTTP response code: java.net.SocketTimeoutException,Non HTTP response message: Read timed out,Virtual Users [500 threads] 1-203,text,false,Login failed — check credentials in users.csv,2679,0,302,302,http://k8s-forkfind-forkfind-8e65d48af1-1990260306.us-east-1.elb.amazonaws.com/auth/user/login,0,0,72
1777593350864,73,03 - POST /restaurants/20/reviews,Non HTTP response code: java.net.SocketException,Non HTTP response message: Connection reset,Virtual Users [500 threads] 1-199,text,false,"Review submission returned unexpected status (401 = bad token, 5xx = server error)",2601,0,302,302,http://k8s-forkfind-forkfind-8e65d48af1-1990260306.us-east-1.elb.amazonaws.com/restaurants/20/reviews,0,0,0
1777593350814,147,02 - GET /restaurants (search),200,OK,Virtual Users [500 threads] 1-201,text,true,,790,311,301,301,http://k8s-forkfind-forkfind-8e65d48af1-1990260306.us-east-1.elb.amazonaws.com/restaurants?q=pizza&limit=12&sort=rating,147,0,71
1777593350913,75,03 - POST /restaurants/20/reviews,Non HTTP response code: java.net.SocketException,Non HTTP response message: Connection reset,Virtual Users [500 threads] 1-200,text,false,"Review submission returned unexpected status (401 = bad token, 5xx = server error)",2601,0,301,301,http://k8s-forkfind-forkfind-8e65d48af1-1990260306.us-east-1.elb.amazonaws.com/restaurants/20/reviews,0,0,0
1777593320916,30074,01 - POST /auth/user/login,Non HTTP response code: java.net.SocketTimeoutException,Non HTTP response message: Read timed out,Virtual Users [500 threads] 1-204,text,false,Login failed — check credentials in users.csv,2679,0,300,300,http://k8s-forkfind-forkfind-8e65d48af1-1990260306.us-east-1.elb.amazonaws.com/auth/user/login,0,0,72
1777593350877,157,02 - GET /restaurants (search),200,OK,Virtual Users [500 threads] 1-202,text,true,,790,311,300,300,http://k8s-forkfind-forkfind-8e65d48af1-1990260306.us-east-1.elb.amazonaws.com/restaurants?q=pizza&limit=12&sort=rating,157,0,79
1777593350962,73,03 - POST /restaurants/20/reviews,Non HTTP response code: java.net.SocketException,Non HTTP response message: Connection reset,Virtual Users [500 threads] 1-201,text,false,"Review submission returned unexpected status (401 = bad token, 5xx = server error)",2601,0,300,300,http://k8s-forkfind-forkfind-8e65d48af1-1990260306.us-east-1.elb.amazonaws.com/restaurants/20/reviews,0,0,0
1777593320981,30079,01 - POST /auth/user/login,Non HTTP response code: java.net.SocketTimeoutException,Non HTTP response message: Read timed out,Virtual Users [500 threads] 1-205,text,false,Login failed — check credentials in users.csv,2679,0,299,299,http://k8s-forkfind-forkfind-8e65d48af1-1990260306.us-east-1.elb.amazonaws.com/auth/user/login,0,0,78
1777593350935,158,02 - GET /restaurants (search),200,OK,Virtual Users [500 threads] 1-203,text,true,,790,311,299,299,http://k8s-forkfind-forkfind-8e65d48af1-1990260306.us-east-1.elb.amazonaws.com/restaurants?q=pizza&limit=12&sort=rating,158,0,70
1777593351034,74,03 - POST /restaurants/20/reviews,Non HTTP response code: java.net.SocketException,Non HTTP response message: Connection reset,Virtual Users [500 threads] 1-202,text,false,"Review submission returned unexpected status (401 = bad token, 5xx = server error)",2601,0,299,299,http://k8s-forkfind-forkfind-8e65d48af1-1990260306.us-east-1.elb.amazonaws.com/restaurants/20/reviews,0,0,0
1777593321039,30076,01 - POST /auth/user/login,Non HTTP response code: java.net.SocketTimeoutException,Non HTTP response message: Read timed out,Virtual Users [500 threads] 1-206,text,false,Login failed — check credentials in users.csv,2679,0,298,298,http://k8s-forkfind-forkfind-8e65d48af1-1990260306.us-east-1.elb.amazonaws.com/auth/user/login,0,0,75
1777593350991,149,02 - GET /restaurants (search),200,OK,Virtual Users [500 threads] 1-204,text,true,,790,311,298,298,http://k8s-forkfind-forkfind-8e65d48af1-1990260306.us-east-1.elb.amazonaws.com/restaurants?q=pizza&limit=12&sort=rating,149,0,72
1777593321100,30075,01 - POST /auth/user/login,Non HTTP response code: java.net.SocketTimeoutException,Non HTTP response message: Read timed out,Virtual Users [500 threads] 1-207,text,false,Login failed — check credentials in users.csv,2679,0,298,298,http://k8s-forkfind-forkfind-8e65d48af1-1990260306.us-east-1.elb.amazonaws.com/auth/user/login,0,0,73
1777593351093,84,03 - POST /restaurants/20/reviews,Non HTTP response code: java.net.SocketException,Non HTTP response message: Connection reset,Virtual Users [500 threads] 1-203,text,false,"Review submission returned unexpected status (401 = bad token, 5xx = server error)",2601,0,298,298,http://k8s-forkfind-forkfind-8e65d48af1-1990260306.us-east-1.elb.amazonaws.com/restaurants/20/reviews,0,0,0
1777593351061,156,02 - GET /restaurants (search),200,OK,Virtual Users [500 threads] 1-205,text,true,,790,311,297,297,http://k8s-forkfind-forkfind-8e65d48af1-1990260306.us-east-1.elb.amazonaws.com/restaurants?q=pizza&limit=12&sort=rating,156,0,70
1777593351141,76,03 - POST /restaurants/20/reviews,Non HTTP response code: java.net.SocketException,Non HTTP response message: Connection reset,Virtual Users [500 threads] 1-204,text,false,"Review submission returned unexpected status (401 = bad token, 5xx = server error)",2601,0,297,297,http://k8s-forkfind-forkfind-8e65d48af1-1990260306.us-east-1.elb.amazonaws.com/restaurants/20/reviews,0,0,0
1777593321161,30074,01 - POST /auth/user/login,Non HTTP response code: java.net.SocketTimeoutException,Non HTTP response message: Read timed out,Virtual Users [500 threads] 1-208,text,false,Login failed — check credentials in users.csv,2679,0,296,296,http://k8s-forkfind-forkfind-8e65d48af1-1990260306.us-east-1.elb.amazonaws.com/auth/user/login,0,0,72
1777593351116,148,02 - GET /restaurants (search),200,OK,Virtual Users [500 threads] 1-206,text,true,,790,311,296,296,http://k8s-forkfind-forkfind-8e65d48af1-1990260306.us-east-1.elb.amazonaws.com/restaurants?q=pizza&limit=12&sort=rating,148,0,71
1777593351218,82,03 - POST /restaurants/20/reviews,Non HTTP response code: java.net.SocketException,Non HTTP response message: Connection reset,Virtual Users [500 threads] 1-205,text,false,"Review submission returned unexpected status (401 = bad token, 5xx = server error)",2601,0,296,296,http://k8s-forkfind-forkfind-8e65d48af1-1990260306.us-east-1.elb.amazonaws.com/restaurants/20/reviews,0,0,0
1777593321222,30090,01 - POST /auth/user/login,Non HTTP response code: java.net.SocketTimeoutException,Non HTTP response message: Read timed out,Virtual Users [500 threads] 1-209,text,false,Login failed — check credentials in users.csv,2679,0,295,295,http://k8s-forkfind-forkfind-8e65d48af1-1990260306.us-east-1.elb.amazonaws.com/auth/user/login,0,0,88
1777593351176,154,02 - GET /restaurants (search),200,OK,Virtual Users [500 threads] 1-207,text,true,,790,311,295,295,http://k8s-forkfind-forkfind-8e65d48af1-1990260306.us-east-1.elb.amazonaws.com/restaurants?q=pizza&limit=12&sort=rating,154,0,71
1777593351264,77,03 - POST /restaurants/20/reviews,Non HTTP response code: java.net.SocketException,Non HTTP response message: Connection reset,Virtual Users [500 threads] 1-206,text,false,"Review submission returned unexpected status (401 = bad token, 5xx = server error)",2601,0,295,295,http://k8s-forkfind-forkfind-8e65d48af1-1990260306.us-east-1.elb.amazonaws.com/restaurants/20/reviews,0,0,0
1777593321281,30075,01 - POST /auth/user/login,Non HTTP response code: java.net.SocketTimeoutException,Non HTTP response message: Read timed out,Virtual Users [500 threads] 1-210,text,false,Login failed — check credentials in users.csv,2679,0,294,294,http://k8s-forkfind-forkfind-8e65d48af1-1990260306.us-east-1.elb.amazonaws.com/auth/user/login,0,0,73
1777593351236,165,02 - GET /restaurants (search),200,OK,Virtual Users [500 threads] 1-208,text,true,,790,311,294,294,http://k8s-forkfind-forkfind-8e65d48af1-1990260306.us-east-1.elb.amazonaws.com/restaurants?q=pizza&limit=12&sort=rating,165,0,85
1777593351331,75,03 - POST /restaurants/20/reviews,Non HTTP response code: java.net.SocketException,Non HTTP response message: Connection reset,Virtual Users [500 threads] 1-207,text,false,"Review submission returned unexpected status (401 = bad token, 5xx = server error)",2601,0,294,294,http://k8s-forkfind-forkfind-8e65d48af1-1990260306.us-east-1.elb.amazonaws.com/restaurants/20/reviews,0,0,0
1777593321342,30078,01 - POST /auth/user/login,Non HTTP response code: java.net.SocketTimeoutException,Non HTTP response message: Read timed out,Virtual Users [500 threads] 1-211,text,false,Login failed — check credentials in users.csv,2679,0,293,293,http://k8s-forkfind-forkfind-8e65d48af1-1990260306.us-east-1.elb.amazonaws.com/auth/user/login,0,0,76
1777593351313,150,02 - GET /restaurants (search),200,OK,Virtual Users [500 threads] 1-209,text,true,,790,311,293,293,http://k8s-forkfind-forkfind-8e65d48af1-1990260306.us-east-1.elb.amazonaws.com/restaurants?q=pizza&limit=12&sort=rating,150,0,72
1777593351401,79,03 - POST /restaurants/20/reviews,Non HTTP response code: java.net.SocketException,Non HTTP response message: Connection reset,Virtual Users [500 threads] 1-208,text,false,"Review submission returned unexpected status (401 = bad token, 5xx = server error)",2601,0,293,293,http://k8s-forkfind-forkfind-8e65d48af1-1990260306.us-east-1.elb.amazonaws.com/restaurants/20/reviews,0,0,0
1777593351357,174,02 - GET /restaurants (search),200,OK,Virtual Users [500 threads] 1-210,text,true,,790,311,292,292,http://k8s-forkfind-forkfind-8e65d48af1-1990260306.us-east-1.elb.amazonaws.com/restaurants?q=pizza&limit=12&sort=rating,174,0,72
1777593351464,73,03 - POST /restaurants/20/reviews,Non HTTP response code: java.net.SocketException,Non HTTP response message: Connection reset,Virtual Users [500 threads] 1-209,text,false,"Review submission returned unexpected status (401 = bad token, 5xx = server error)",2601,0,292,292,http://k8s-forkfind-forkfind-8e65d48af1-1990260306.us-east-1.elb.amazonaws.com/restaurants/20/reviews,0,0,0
1777593321462,30103,01 - POST /auth/user/login,Non HTTP response code: java.net.SocketTimeoutException,Non HTTP response message: Read timed out,Virtual Users [500 threads] 1-213,text,false,Login failed — check credentials in users.csv,2679,0,291,291,http://k8s-forkfind-forkfind-8e65d48af1-1990260306.us-east-1.elb.amazonaws.com/auth/user/login,0,0,101
1777593321402,30163,01 - POST /auth/user/login,Non HTTP response code: java.net.SocketTimeoutException,Non HTTP response message: Read timed out,Virtual Users [500 threads] 1-212,text,false,Login failed — check credentials in users.csv,2679,0,291,291,http://k8s-forkfind-forkfind-8e65d48af1-1990260306.us-east-1.elb.amazonaws.com/auth/user/login,0,0,161
1777593351421,151,02 - GET /restaurants (search),200,OK,Virtual Users [500 threads] 1-211,text,true,,790,311,291,291,http://k8s-forkfind-forkfind-8e65d48af1-1990260306.us-east-1.elb.amazonaws.com/restaurants?q=pizza&limit=12&sort=rating,151,0,74
1777593351531,79,03 - POST /restaurants/20/reviews,Non HTTP response code: java.net.SocketException,Non HTTP response message: Connection reset,Virtual Users [500 threads] 1-210,text,false,"Review submission returned unexpected status (401 = bad token, 5xx = server error)",2601,0,291,291,http://k8s-forkfind-forkfind-8e65d48af1-1990260306.us-east-1.elb.amazonaws.com/restaurants/20/reviews,0,0,0
1777593321520,30093,01 - POST /auth/user/login,Non HTTP response code: java.net.SocketTimeoutException,Non HTTP response message: Read timed out,Virtual Users [500 threads] 1-214,text,false,Login failed — check credentials in users.csv,2679,0,290,290,http://k8s-forkfind-forkfind-8e65d48af1-1990260306.us-east-1.elb.amazonaws.com/auth/user/login,0,0,91
1777593351573,73,03 - POST /restaurants/20/reviews,Non HTTP response code: java.net.SocketException,Non HTTP response message: Connection reset,Virtual Users [500 threads] 1-211,text,false,"Review submission returned unexpected status (401 = bad token, 5xx = server error)",2601,0,290,290,http://k8s-forkfind-forkfind-8e65d48af1-1990260306.us-east-1.elb.amazonaws.com/restaurants/20/reviews,0,0,0
1777593321581,30074,01 - POST /auth/user/login,Non HTTP response code: java.net.SocketTimeoutException,Non HTTP response message: Read timed out,Virtual Users [500 threads] 1-215,text,false,Login failed — check credentials in users.csv,2679,0,289,289,http://k8s-forkfind-forkfind-8e65d48af1-1990260306.us-east-1.elb.amazonaws.com/auth/user/login,0,0,72
1777593321641,30073,01 - POST /auth/user/login,Non HTTP response code: java.net.SocketTimeoutException,Non HTTP response message: Read timed out,Virtual Users [500 threads] 1-216,text,false,Login failed — check credentials in users.csv,2679,0,289,289,http://k8s-forkfind-forkfind-8e65d48af1-1990260306.us-east-1.elb.amazonaws.com/auth/user/login,0,0,72
1777593351566,156,02 - GET /restaurants (search),200,OK,Virtual Users [500 threads] 1-213,text,true,,790,311,289,289,http://k8s-forkfind-forkfind-8e65d48af1-1990260306.us-east-1.elb.amazonaws.com/restaurants?q=pizza&limit=12&sort=rating,156,0,73
1777593351566,159,02 - GET /restaurants (search),200,OK,Virtual Users [500 threads] 1-212,text,true,,790,311,289,289,http://k8s-forkfind-forkfind-8e65d48af1-1990260306.us-east-1.elb.amazonaws.com/restaurants?q=pizza&limit=12&sort=rating,159,0,73
1777593351615,152,02 - GET /restaurants (search),200,OK,Virtual Users [500 threads] 1-214,text,true,,790,311,289,289,http://k8s-forkfind-forkfind-8e65d48af1-1990260306.us-east-1.elb.amazonaws.com/restaurants?q=pizza&limit=12&sort=rating,152,0,71
1777593321701,30076,01 - POST /auth/user/login,Non HTTP response code: java.net.SocketTimeoutException,Non HTTP response message: Read timed out,Virtual Users [500 threads] 1-217,text,false,Login failed — check credentials in users.csv,2679,0,289,289,http://k8s-forkfind-forkfind-8e65d48af1-1990260306.us-east-1.elb.amazonaws.com/auth/user/login,0,0,75
1777593351722,84,03 - POST /restaurants/20/reviews,Non HTTP response code: java.net.SocketException,Non HTTP response message: Connection reset,Virtual Users [500 threads] 1-213,text,false,"Review submission returned unexpected status (401 = bad token, 5xx = server error)",2601,0,289,289,http://k8s-forkfind-forkfind-8e65d48af1-1990260306.us-east-1.elb.amazonaws.com/restaurants/20/reviews,0,0,0
1777593351725,81,03 - POST /restaurants/20/reviews,Non HTTP response code: java.net.SocketException,Non HTTP response message: Connection reset,Virtual Users [500 threads] 1-212,text,false,"Review submission returned unexpected status (401 = bad token, 5xx = server error)",2601,0,289,289,http://k8s-forkfind-forkfind-8e65d48af1-1990260306.us-east-1.elb.amazonaws.com/restaurants/20/reviews,0,0,0
1777593351656,161,02 - GET /restaurants (search),200,OK,Virtual Users [500 threads] 1-215,text,true,,790,311,287,287,http://k8s-forkfind-forkfind-8e65d48af1-1990260306.us-east-1.elb.amazonaws.com/restaurants?q=pizza&limit=12&sort=rating,161,0,73
1777593321757,30079,01 - POST /auth/user/login,Non HTTP response code: java.net.SocketTimeoutException,Non HTTP response message: Read timed out,Virtual Users [500 threads] 1-218,text,false,Login failed — check credentials in users.csv,2679,0,287,287,http://k8s-forkfind-forkfind-8e65d48af1-1990260306.us-east-1.elb.amazonaws.com/auth/user/login,0,0,77
1777593351768,81,03 - POST /restaurants/20/reviews,Non HTTP response code: java.net.SocketException,Non HTTP response message: Connection reset,Virtual Users [500 threads] 1-214,text,false,"Review submission returned unexpected status (401 = bad token, 5xx = server error)",2601,0,287,287,http://k8s-forkfind-forkfind-8e65d48af1-1990260306.us-east-1.elb.amazonaws.com/restaurants/20/reviews,0,0,0
1777593351716,153,02 - GET /restaurants (search),200,OK,Virtual Users [500 threads] 1-216,text,true,,790,311,286,286,http://k8s-forkfind-forkfind-8e65d48af1-1990260306.us-east-1.elb.amazonaws.com/restaurants?q=pizza&limit=12&sort=rating,153,0,75
1777593321822,30074,01 - POST /auth/user/login,Non HTTP response code: java.net.SocketTimeoutException,Non HTTP response message: Read timed out,Virtual Users [500 threads] 1-219,text,false,Login failed — check credentials in users.csv,2679,0,286,286,http://k8s-forkfind-forkfind-8e65d48af1-1990260306.us-east-1.elb.amazonaws.com/auth/user/login,0,0,72
1777593351817,81,03 - POST /restaurants/20/reviews,Non HTTP response code: java.net.SocketException,Non HTTP response message: Connection reset,Virtual Users [500 threads] 1-215,text,false,"Review submission returned unexpected status (401 = bad token, 5xx = server error)",2601,0,286,286,http://k8s-forkfind-forkfind-8e65d48af1-1990260306.us-east-1.elb.amazonaws.com/restaurants/20/reviews,0,0,0
1777593351779,149,02 - GET /restaurants (search),200,OK,Virtual Users [500 threads] 1-217,text,true,,790,311,285,285,http://k8s-forkfind-forkfind-8e65d48af1-1990260306.us-east-1.elb.amazonaws.com/restaurants?q=pizza&limit=12&sort=rating,149,0,71
1777593351870,74,03 - POST /restaurants/20/reviews,Non HTTP response code: java.net.SocketException,Non HTTP response message: Connection reset,Virtual Users [500 threads] 1-216,text,false,"Review submission returned unexpected status (401 = bad token, 5xx = server error)",2601,0,285,285,http://k8s-forkfind-forkfind-8e65d48af1-1990260306.us-east-1.elb.amazonaws.com/restaurants/20/reviews,0,0,0
1777593321882,30080,01 - POST /auth/user/login,Non HTTP response code: java.net.SocketTimeoutException,Non HTTP response message: Read timed out,Virtual Users [500 threads] 1-220,text,false,Login failed — check credentials in users.csv,2679,0,284,284,http://k8s-forkfind-forkfind-8e65d48af1-1990260306.us-east-1.elb.amazonaws.com/auth/user/login,0,0,79
1777593351838,150,02 - GET /restaurants (search),200,OK,Virtual Users [500 threads] 1-218,text,true,,790,311,284,284,http://k8s-forkfind-forkfind-8e65d48af1-1990260306.us-east-1.elb.amazonaws.com/restaurants?q=pizza&limit=12&sort=rating,150,0,72
1777593351929,78,03 - POST /restaurants/20/reviews,Non HTTP response code: java.net.SocketException,Non HTTP response message: Connection reset,Virtual Users [500 threads] 1-217,text,false,"Review submission returned unexpected status (401 = bad token, 5xx = server error)",2601,0,284,284,http://k8s-forkfind-forkfind-8e65d48af1-1990260306.us-east-1.elb.amazonaws.com/restaurants/20/reviews,0,0,0
1777593321941,30084,01 - POST /auth/user/login,Non HTTP response code: java.net.SocketTimeoutException,Non HTTP response message: Read timed out,Virtual Users [500 threads] 1-221,text,false,Login failed — check credentials in users.csv,2679,0,283,283,http://k8s-forkfind-forkfind-8e65d48af1-1990260306.us-east-1.elb.amazonaws.com/auth/user/login,0,0,82
1777593351897,155,02 - GET /restaurants (search),200,OK,Virtual Users [500 threads] 1-219,text,true,,790,311,283,283,http://k8s-forkfind-forkfind-8e65d48af1-1990260306.us-east-1.elb.amazonaws.com/restaurants?q=pizza&limit=12&sort=rating,155,0,72
1777593351988,77,03 - POST /restaurants/20/reviews,Non HTTP response code: java.net.SocketException,Non HTTP response message: Connection reset,Virtual Users [500 threads] 1-218,text,false,"Review submission returned unexpected status (401 = bad token, 5xx = server error)",2601,0,283,283,http://k8s-forkfind-forkfind-8e65d48af1-1990260306.us-east-1.elb.amazonaws.com/restaurants/20/reviews,0,0,0
1777593322000,30077,01 - POST /auth/user/login,Non HTTP response code: java.net.SocketTimeoutException,Non HTTP response message: Read timed out,Virtual Users [500 threads] 1-222,text,false,Login failed — check credentials in users.csv,2679,0,282,282,http://k8s-forkfind-forkfind-8e65d48af1-1990260306.us-east-1.elb.amazonaws.com/auth/user/login,0,0,75
1777593351963,153,02 - GET /restaurants (search),200,OK,Virtual Users [500 threads] 1-220,text,true,,790,311,282,282,http://k8s-forkfind-forkfind-8e65d48af1-1990260306.us-east-1.elb.amazonaws.com/restaurants?q=pizza&limit=12&sort=rating,153,0,72
1777593352053,74,03 - POST /restaurants/20/reviews,Non HTTP response code: java.net.SocketException,Non HTTP response message: Connection reset,Virtual Users [500 threads] 1-219,text,false,"Review submission returned unexpected status (401 = bad token, 5xx = server error)",2601,0,282,282,http://k8s-forkfind-forkfind-8e65d48af1-1990260306.us-east-1.elb.amazonaws.com/restaurants/20/reviews,0,0,0
1777593322061,30074,01 - POST /auth/user/login,Non HTTP response code: java.net.SocketTimeoutException,Non HTTP response message: Read timed out,Virtual Users [500 threads] 1-223,text,false,Login failed — check credentials in users.csv,2679,0,281,281,http://k8s-forkfind-forkfind-8e65d48af1-1990260306.us-east-1.elb.amazonaws.com/auth/user/login,0,0,72
1777593352026,150,02 - GET /restaurants (search),200,OK,Virtual Users [500 threads] 1-221,text,true,,790,311,281,281,http://k8s-forkfind-forkfind-8e65d48af1-1990260306.us-east-1.elb.amazonaws.com/restaurants?q=pizza&limit=12&sort=rating,150,0,72
1777593352117,79,03 - POST /restaurants/20/reviews,Non HTTP response code: java.net.SocketException,Non HTTP response message: Connection reset,Virtual Users [500 threads] 1-220,text,false,"Review submission returned unexpected status (401 = bad token, 5xx = server error)",2601,0,281,281,http://k8s-forkfind-forkfind-8e65d48af1-1990260306.us-east-1.elb.amazonaws.com/restaurants/20/reviews,0,0,0
1777593322121,30076,01 - POST /auth/user/login,Non HTTP response code: java.net.SocketTimeoutException,Non HTTP response message: Read timed out,Virtual Users [500 threads] 1-224,text,false,Login failed — check credentials in users.csv,2679,0,281,281,http://k8s-forkfind-forkfind-8e65d48af1-1990260306.us-east-1.elb.amazonaws.com/auth/user/login,0,0,74
1777593352078,168,02 - GET /restaurants (search),200,OK,Virtual Users [500 threads] 1-222,text,true,,790,311,280,280,http://k8s-forkfind-forkfind-8e65d48af1-1990260306.us-east-1.elb.amazonaws.com/restaurants?q=pizza&limit=12&sort=rating,168,0,73
1777593352177,76,03 - POST /restaurants/20/reviews,Non HTTP response code: java.net.SocketException,Non HTTP response message: Connection reset,Virtual Users [500 threads] 1-221,text,false,"Review submission returned unexpected status (401 = bad token, 5xx = server error)",2601,0,280,280,http://k8s-forkfind-forkfind-8e65d48af1-1990260306.us-east-1.elb.amazonaws.com/restaurants/20/reviews,0,0,0
1777593322181,30073,01 - POST /auth/user/login,Non HTTP response code: java.net.SocketTimeoutException,Non HTTP response message: Read timed out,Virtual Users [500 threads] 1-225,text,false,Login failed — check credentials in users.csv,2679,0,279,279,http://k8s-forkfind-forkfind-8e65d48af1-1990260306.us-east-1.elb.amazonaws.com/auth/user/login,0,0,72
1777593352136,151,02 - GET /restaurants (search),200,OK,Virtual Users [500 threads] 1-223,text,true,,790,311,279,279,http://k8s-forkfind-forkfind-8e65d48af1-1990260306.us-east-1.elb.amazonaws.com/restaurants?q=pizza&limit=12&sort=rating,151,0,71
1777593322239,30075,01 - POST /auth/user/login,Non HTTP response code: java.net.SocketTimeoutException,Non HTTP response message: Read timed out,Virtual Users [500 threads] 1-226,text,false,Login failed — check credentials in users.csv,2679,0,279,279,http://k8s-forkfind-forkfind-8e65d48af1-1990260306.us-east-1.elb.amazonaws.com/auth/user/login,0,0,73
1777593352247,73,03 - POST /restaurants/20/reviews,Non HTTP response code: java.net.SocketException,Non HTTP response message: Connection reset,Virtual Users [500 threads] 1-222,text,false,"Review submission returned unexpected status (401 = bad token, 5xx = server error)",2601,0,279,279,http://k8s-forkfind-forkfind-8e65d48af1-1990260306.us-east-1.elb.amazonaws.com/restaurants/20/reviews,0,0,0
1777593352198,151,02 - GET /restaurants (search),200,OK,Virtual Users [500 threads] 1-224,text,true,,790,311,278,278,http://k8s-forkfind-forkfind-8e65d48af1-1990260306.us-east-1.elb.amazonaws.com/restaurants?q=pizza&limit=12&sort=rating,151,0,72
1777593352288,74,03 - POST /restaurants/20/reviews,Non HTTP response code: java.net.SocketException,Non HTTP response message: Connection reset,Virtual Users [500 threads] 1-223,text,false,"Review submission returned unexpected status (401 = bad token, 5xx = server error)",2601,0,278,278,http://k8s-forkfind-forkfind-8e65d48af1-1990260306.us-east-1.elb.amazonaws.com/restaurants/20/reviews,0,0,0
1777593322297,30074,01 - POST /auth/user/login,Non HTTP response code: java.net.SocketTimeoutException,Non HTTP response message: Read timed out,Virtual Users [500 threads] 1-227,text,false,Login failed — check credentials in users.csv,2679,0,277,277,http://k8s-forkfind-forkfind-8e65d48af1-1990260306.us-east-1.elb.amazonaws.com/auth/user/login,0,0,72
1777593352256,166,02 - GET /restaurants (search),200,OK,Virtual Users [500 threads] 1-225,text,true,,790,311,277,277,http://k8s-forkfind-forkfind-8e65d48af1-1990260306.us-east-1.elb.amazonaws.com/restaurants?q=pizza&limit=12&sort=rating,166,0,80
1777593352350,73,03 - POST /restaurants/20/reviews,Non HTTP response code: java.net.SocketException,Non HTTP response message: Connection reset,Virtual Users [500 threads] 1-224,text,false,"Review submission returned unexpected status (401 = bad token, 5xx = server error)",2601,0,277,277,http://k8s-forkfind-forkfind-8e65d48af1-1990260306.us-east-1.elb.amazonaws.com/restaurants/20/reviews,0,0,0
1777593322362,30081,01 - POST /auth/user/login,Non HTTP response code: java.net.SocketTimeoutException,Non HTTP response message: Read timed out,Virtual Users [500 threads] 1-228,text,false,Login failed — check credentials in users.csv,2679,0,276,276,http://k8s-forkfind-forkfind-8e65d48af1-1990260306.us-east-1.elb.amazonaws.com/auth/user/login,0,0,80
1777593352316,151,02 - GET /restaurants (search),200,OK,Virtual Users [500 threads] 1-226,text,true,,790,311,276,276,http://k8s-forkfind-forkfind-8e65d48af1-1990260306.us-east-1.elb.amazonaws.com/restaurants?q=pizza&limit=12&sort=rating,151,0,71
1777593322422,30073,01 - POST /auth/user/login,Non HTTP response code: java.net.SocketTimeoutException,Non HTTP response message: Read timed out,Virtual Users [500 threads] 1-229,text,false,Login failed — check credentials in users.csv,2679,0,276,276,http://k8s-forkfind-forkfind-8e65d48af1-1990260306.us-east-1.elb.amazonaws.com/auth/user/login,0,0,72
1777593352422,84,03 - POST /restaurants/20/reviews,Non HTTP response code: java.net.SocketException,Non HTTP response message: Connection reset,Virtual Users [500 threads] 1-225,text,false,"Review submission returned unexpected status (401 = bad token, 5xx = server error)",2601,0,276,276,http://k8s-forkfind-forkfind-8e65d48af1-1990260306.us-east-1.elb.amazonaws.com/restaurants/20/reviews,0,0,0
1777593352371,149,02 - GET /restaurants (search),200,OK,Virtual Users [500 threads] 1-227,text,true,,790,311,275,275,http://k8s-forkfind-forkfind-8e65d48af1-1990260306.us-east-1.elb.amazonaws.com/restaurants?q=pizza&limit=12&sort=rating,149,0,71
1777593352467,76,03 - POST /restaurants/20/reviews,Non HTTP response code: java.net.SocketException,Non HTTP response message: Connection reset,Virtual Users [500 threads] 1-226,text,false,"Review submission returned unexpected status (401 = bad token, 5xx = server error)",2601,0,275,275,http://k8s-forkfind-forkfind-8e65d48af1-1990260306.us-east-1.elb.amazonaws.com/restaurants/20/reviews,0,0,0
1777593322481,30074,01 - POST /auth/user/login,Non HTTP response code: java.net.SocketTimeoutException,Non HTTP response message: Read timed out,Virtual Users [500 threads] 1-230,text,false,Login failed — check credentials in users.csv,2679,0,274,274,http://k8s-forkfind-forkfind-8e65d48af1-1990260306.us-east-1.elb.amazonaws.com/auth/user/login,0,0,72
1777593352444,154,02 - GET /restaurants (search),200,OK,Virtual Users [500 threads] 1-228,text,true,,790,311,274,274,http://k8s-forkfind-forkfind-8e65d48af1-1990260306.us-east-1.elb.amazonaws.com/restaurants?q=pizza&limit=12&sort=rating,154,0,70
1777593352521,77,03 - POST /restaurants/20/reviews,Non HTTP response code: java.net.SocketException,Non HTTP response message: Connection reset,Virtual Users [500 threads] 1-227,text,false,"Review submission returned unexpected status (401 = bad token, 5xx = server error)",2601,0,274,274,http://k8s-forkfind-forkfind-8e65d48af1-1990260306.us-east-1.elb.amazonaws.com/restaurants/20/reviews,0,0,0
1777593322541,30074,01 - POST /auth/user/login,Non HTTP response code: java.net.SocketTimeoutException,Non HTTP response message: Read timed out,Virtual Users [500 threads] 1-231,text,false,Login failed — check credentials in users.csv,2679,0,273,273,http://k8s-forkfind-forkfind-8e65d48af1-1990260306.us-east-1.elb.amazonaws.com/auth/user/login,0,0,72
1777593352496,149,02 - GET /restaurants (search),200,OK,Virtual Users [500 threads] 1-229,text,true,,790,311,273,273,http://k8s-forkfind-forkfind-8e65d48af1-1990260306.us-east-1.elb.amazonaws.com/restaurants?q=pizza&limit=12&sort=rating,149,0,73
1777593352599,73,03 - POST /restaurants/20/reviews,Non HTTP response code: java.net.SocketException,Non HTTP response message: Connection reset,Virtual Users [500 threads] 1-228,text,false,"Review submission returned unexpected status (401 = bad token, 5xx = server error)",2601,0,273,273,http://k8s-forkfind-forkfind-8e65d48af1-1990260306.us-east-1.elb.amazonaws.com/restaurants/20/reviews,0,0,0
1777593322601,30074,01 - POST /auth/user/login,Non HTTP response code: java.net.SocketTimeoutException,Non HTTP response message: Read timed out,Virtual Users [500 threads] 1-232,text,false,Login failed — check credentials in users.csv,2679,0,272,272,http://k8s-forkfind-forkfind-8e65d48af1-1990260306.us-east-1.elb.amazonaws.com/auth/user/login,0,0,73
1777593352556,155,02 - GET /restaurants (search),200,OK,Virtual Users [500 threads] 1-230,text,true,,790,311,272,272,http://k8s-forkfind-forkfind-8e65d48af1-1990260306.us-east-1.elb.amazonaws.com/restaurants?q=pizza&limit=12&sort=rating,155,0,73
1777593352646,75,03 - POST /restaurants/20/reviews,Non HTTP response code: java.net.SocketException,Non HTTP response message: Connection reset,Virtual Users [500 threads] 1-229,text,false,"Review submission returned unexpected status (401 = bad token, 5xx = server error)",2601,0,272,272,http://k8s-forkfind-forkfind-8e65d48af1-1990260306.us-east-1.elb.amazonaws.com/restaurants/20/reviews,0,0,0
1777593322657,30076,01 - POST /auth/user/login,Non HTTP response code: java.net.SocketTimeoutException,Non HTTP response message: Read timed out,Virtual Users [500 threads] 1-233,text,false,Login failed — check credentials in users.csv,2679,0,271,271,http://k8s-forkfind-forkfind-8e65d48af1-1990260306.us-east-1.elb.amazonaws.com/auth/user/login,0,0,74
1777593352617,149,02 - GET /restaurants (search),200,OK,Virtual Users [500 threads] 1-231,text,true,,790,311,271,271,http://k8s-forkfind-forkfind-8e65d48af1-1990260306.us-east-1.elb.amazonaws.com/restaurants?q=pizza&limit=12&sort=rating,149,0,71
1777593352712,74,03 - POST /restaurants/20/reviews,Non HTTP response code: java.net.SocketException,Non HTTP response message: Connection reset,Virtual Users [500 threads] 1-230,text,false,"Review submission returned unexpected status (401 = bad token, 5xx = server error)",2601,0,271,271,http://k8s-forkfind-forkfind-8e65d48af1-1990260306.us-east-1.elb.amazonaws.com/restaurants/20/reviews,0,0,0
1777593322720,30077,01 - POST /auth/user/login,Non HTTP response code: java.net.SocketTimeoutException,Non HTTP response message: Read timed out,Virtual Users [500 threads] 1-234,text,false,Login failed — check credentials in users.csv,2679,0,270,270,http://k8s-forkfind-forkfind-8e65d48af1-1990260306.us-east-1.elb.amazonaws.com/auth/user/login,0,0,75
1777593352676,152,02 - GET /restaurants (search),200,OK,Virtual Users [500 threads] 1-232,text,true,,790,311,270,270,http://k8s-forkfind-forkfind-8e65d48af1-1990260306.us-east-1.elb.amazonaws.com/restaurants?q=pizza&limit=12&sort=rating,152,0,72
1777593352766,74,03 - POST /restaurants/20/reviews,Non HTTP response code: java.net.SocketException,Non HTTP response message: Connection reset,Virtual Users [500 threads] 1-231,text,false,"Review submission returned unexpected status (401 = bad token, 5xx = server error)",2601,0,270,270,http://k8s-forkfind-forkfind-8e65d48af1-1990260306.us-east-1.elb.amazonaws.com/restaurants/20/reviews,0,0,0
1777593322781,30087,01 - POST /auth/user/login,Non HTTP response code: java.net.SocketTimeoutException,Non HTTP response message: Read timed out,Virtual Users [500 threads] 1-235,text,false,Login failed — check credentials in users.csv,2679,0,269,269,http://k8s-forkfind-forkfind-8e65d48af1-1990260306.us-east-1.elb.amazonaws.com/auth/user/login,0,0,85
1777593352735,161,02 - GET /restaurants (search),200,OK,Virtual Users [500 threads] 1-233,text,true,,790,311,269,269,http://k8s-forkfind-forkfind-8e65d48af1-1990260306.us-east-1.elb.amazonaws.com/restaurants?q=pizza&limit=12&sort=rating,161,0,72
1777593352829,73,03 - POST /restaurants/20/reviews,Non HTTP response code: java.net.SocketException,Non HTTP response message: Connection reset,Virtual Users [500 threads] 1-232,text,false,"Review submission returned unexpected status (401 = bad token, 5xx = server error)",2601,0,269,269,http://k8s-forkfind-forkfind-8e65d48af1-1990260306.us-east-1.elb.amazonaws.com/restaurants/20/reviews,0,0,0
1777593322838,30076,01 - POST /auth/user/login,Non HTTP response code: java.net.SocketTimeoutException,Non HTTP response message: Read timed out,Virtual Users [500 threads] 1-236,text,false,Login failed — check credentials in users.csv,2679,0,268,268,http://k8s-forkfind-forkfind-8e65d48af1-1990260306.us-east-1.elb.amazonaws.com/auth/user/login,0,0,74
1777593352798,149,02 - GET /restaurants (search),200,OK,Virtual Users [500 threads] 1-234,text,true,,790,311,268,268,http://k8s-forkfind-forkfind-8e65d48af1-1990260306.us-east-1.elb.amazonaws.com/restaurants?q=pizza&limit=12&sort=rating,149,0,73
1777593322899,30080,01 - POST /auth/user/login,Non HTTP response code: java.net.SocketTimeoutException,Non HTTP response message: Read timed out,Virtual Users [500 threads] 1-237,text,false,Login failed — check credentials in users.csv,2679,0,268,268,http://k8s-forkfind-forkfind-8e65d48af1-1990260306.us-east-1.elb.amazonaws.com/auth/user/login,0,0,78
1777593352897,84,03 - POST /restaurants/20/reviews,Non HTTP response code: java.net.SocketException,Non HTTP response message: Connection reset,Virtual Users [500 threads] 1-233,text,false,"Review submission returned unexpected status (401 = bad token, 5xx = server error)",2601,0,268,268,http://k8s-forkfind-forkfind-8e65d48af1-1990260306.us-east-1.elb.amazonaws.com/restaurants/20/reviews,0,0,0
1777593322962,30076,01 - POST /auth/user/login,Non HTTP response code: java.net.SocketTimeoutException,Non HTTP response message: Read timed out,Virtual Users [500 threads] 1-238,text,false,Login failed — check credentials in users.csv,2679,0,267,267,http://k8s-forkfind-forkfind-8e65d48af1-1990260306.us-east-1.elb.amazonaws.com/auth/user/login,0,0,74
1777593352870,173,02 - GET /restaurants (search),200,OK,Virtual Users [500 threads] 1-235,text,true,,790,311,267,267,http://k8s-forkfind-forkfind-8e65d48af1-1990260306.us-east-1.elb.amazonaws.com/restaurants?q=pizza&limit=12&sort=rating,173,0,72
1777593352947,96,03 - POST /restaurants/20/reviews,Non HTTP response code: java.net.SocketException,Non HTTP response message: Connection reset,Virtual Users [500 threads] 1-234,text,false,"Review submission returned unexpected status (401 = bad token, 5xx = server error)",2601,0,267,267,http://k8s-forkfind-forkfind-8e65d48af1-1990260306.us-east-1.elb.amazonaws.com/restaurants/20/reviews,0,0,0
1777593323021,30077,01 - POST /auth/user/login,Non HTTP response code: java.net.SocketTimeoutException,Non HTTP response message: Read timed out,Virtual Users [500 threads] 1-239,text,false,Login failed — check credentials in users.csv,2679,0,266,266,http://k8s-forkfind-forkfind-8e65d48af1-1990260306.us-east-1.elb.amazonaws.com/auth/user/login,0,0,74
1777593352914,198,02 - GET /restaurants (search),200,OK,Virtual Users [500 threads] 1-236,text,true,,790,311,266,266,http://k8s-forkfind-forkfind-8e65d48af1-1990260306.us-east-1.elb.amazonaws.com/restaurants?q=pizza&limit=12&sort=rating,198,0,106
1777593353043,76,03 - POST /restaurants/20/reviews,Non HTTP response code: java.net.SocketException,Non HTTP response message: Connection reset,Virtual Users [500 threads] 1-235,text,false,"Review submission returned unexpected status (401 = bad token, 5xx = server error)",2601,0,266,266,http://k8s-forkfind-forkfind-8e65d48af1-1990260306.us-east-1.elb.amazonaws.com/restaurants/20/reviews,0,0,0
1777593323081,30074,01 - POST /auth/user/login,Non HTTP response code: java.net.SocketTimeoutException,Non HTTP response message: Read timed out,Virtual Users [500 threads] 1-240,text,false,Login failed — check credentials in users.csv,2679,0,265,265,http://k8s-forkfind-forkfind-8e65d48af1-1990260306.us-east-1.elb.amazonaws.com/auth/user/login,0,0,72
1777593352980,182,02 - GET /restaurants (search),200,OK,Virtual Users [500 threads] 1-237,text,true,,790,311,265,265,http://k8s-forkfind-forkfind-8e65d48af1-1990260306.us-east-1.elb.amazonaws.com/restaurants?q=pizza&limit=12&sort=rating,182,0,101
1777593353113,84,03 - POST /restaurants/20/reviews,Non HTTP response code: java.net.SocketException,Non HTTP response message: Connection reset,Virtual Users [500 threads] 1-236,text,false,"Review submission returned unexpected status (401 = bad token, 5xx = server error)",2601,0,265,265,http://k8s-forkfind-forkfind-8e65d48af1-1990260306.us-east-1.elb.amazonaws.com/restaurants/20/reviews,0,0,0
1777593323138,30075,01 - POST /auth/user/login,Non HTTP response code: java.net.SocketTimeoutException,Non HTTP response message: Read timed out,Virtual Users [500 threads] 1-241,text,false,Login failed — check credentials in users.csv,2679,0,264,264,http://k8s-forkfind-forkfind-8e65d48af1-1990260306.us-east-1.elb.amazonaws.com/auth/user/login,0,0,73
1777593353040,174,02 - GET /restaurants (search),200,OK,Virtual Users [500 threads] 1-238,text,true,,790,311,264,264,http://k8s-forkfind-forkfind-8e65d48af1-1990260306.us-east-1.elb.amazonaws.com/restaurants?q=pizza&limit=12&sort=rating,174,0,79
1777593353162,74,03 - POST /restaurants/20/reviews,Non HTTP response code: java.net.SocketException,Non HTTP response message: Connection reset,Virtual Users [500 threads] 1-237,text,false,"Review submission returned unexpected status (401 = bad token, 5xx = server error)",2601,0,264,264,http://k8s-forkfind-forkfind-8e65d48af1-1990260306.us-east-1.elb.amazonaws.com/restaurants/20/reviews,0,0,0
1777593353099,158,02 - GET /restaurants (search),200,OK,Virtual Users [500 threads] 1-239,text,true,,790,311,263,263,http://k8s-forkfind-forkfind-8e65d48af1-1990260306.us-east-1.elb.amazonaws.com/restaurants?q=pizza&limit=12&sort=rating,158,0,81
1777593323201,30076,01 - POST /auth/user/login,Non HTTP response code: java.net.SocketTimeoutException,Non HTTP response message: Read timed out,Virtual Users [500 threads] 1-242,text,false,Login failed — check credentials in users.csv,2679,0,263,263,http://k8s-forkfind-forkfind-8e65d48af1-1990260306.us-east-1.elb.amazonaws.com/auth/user/login,0,0,74
1777593353215,95,03 - POST /restaurants/20/reviews,Non HTTP response code: java.net.SocketException,Non HTTP response message: Connection reset,Virtual Users [500 threads] 1-238,text,false,"Review submission returned unexpected status (401 = bad token, 5xx = server error)",2601,0,263,263,http://k8s-forkfind-forkfind-8e65d48af1-1990260306.us-east-1.elb.amazonaws.com/restaurants/20/reviews,0,0,0
1777593353156,170,02 - GET /restaurants (search),200,OK,Virtual Users [500 threads] 1-240,text,true,,790,311,262,262,http://k8s-forkfind-forkfind-8e65d48af1-1990260306.us-east-1.elb.amazonaws.com/restaurants?q=pizza&limit=12&sort=rating,169,0,75
1777593353258,77,03 - POST /restaurants/20/reviews,Non HTTP response code: java.net.SocketException,Non HTTP response message: Connection reset,Virtual Users [500 threads] 1-239,text,false,"Review submission returned unexpected status (401 = bad token, 5xx = server error)",2601,0,262,262,http://k8s-forkfind-forkfind-8e65d48af1-1990260306.us-east-1.elb.amazonaws.com/restaurants/20/reviews,0,0,0
1777593323261,30084,01 - POST /auth/user/login,Non HTTP response code: java.net.SocketTimeoutException,Non HTTP response message: Read timed out,Virtual Users [500 threads] 1-243,text,false,Login failed — check credentials in users.csv,2679,0,261,261,http://k8s-forkfind-forkfind-8e65d48af1-1990260306.us-east-1.elb.amazonaws.com/auth/user/login,0,0,83
1777593353214,163,02 - GET /restaurants (search),200,OK,Virtual Users [500 threads] 1-241,text,true,,790,311,261,261,http://k8s-forkfind-forkfind-8e65d48af1-1990260306.us-east-1.elb.amazonaws.com/restaurants?q=pizza&limit=12&sort=rating,163,0,82
1777593323321,30075,01 - POST /auth/user/login,Non HTTP response code: java.net.SocketTimeoutException,Non HTTP response message: Read timed out,Virtual Users [500 threads] 1-244,text,false,Login failed — check credentials in users.csv,2679,0,261,261,http://k8s-forkfind-forkfind-8e65d48af1-1990260306.us-east-1.elb.amazonaws.com/auth/user/login,0,0,73
1777593353326,74,03 - POST /restaurants/20/reviews,Non HTTP response code: java.net.SocketException,Non HTTP response message: Connection reset,Virtual Users [500 threads] 1-240,text,false,"Review submission returned unexpected status (401 = bad token, 5xx = server error)",2601,0,261,261,http://k8s-forkfind-forkfind-8e65d48af1-1990260306.us-east-1.elb.amazonaws.com/restaurants/20/reviews,0,0,0
1777593353279,166,02 - GET /restaurants (search),200,OK,Virtual Users [500 threads] 1-242,text,true,,790,311,260,260,http://k8s-forkfind-forkfind-8e65d48af1-1990260306.us-east-1.elb.amazonaws.com/restaurants?q=pizza&limit=12&sort=rating,166,0,85
1777593353378,73,03 - POST /restaurants/20/reviews,Non HTTP response code: java.net.SocketException,Non HTTP response message: Connection reset,Virtual Users [500 threads] 1-241,text,false,"Review submission returned unexpected status (401 = bad token, 5xx = server error)",2601,0,260,260,http://k8s-forkfind-forkfind-8e65d48af1-1990260306.us-east-1.elb.amazonaws.com/restaurants/20/reviews,0,0,0
1777593323381,30074,01 - POST /auth/user/login,Non HTTP response code: java.net.SocketTimeoutException,Non HTTP response message: Read timed out,Virtual Users [500 threads] 1-245,text,false,Login failed — check credentials in users.csv,2679,0,259,259,http://k8s-forkfind-forkfind-8e65d48af1-1990260306.us-east-1.elb.amazonaws.com/auth/user/login,0,0,72
1777593353346,167,02 - GET /restaurants (search),200,OK,Virtual Users [500 threads] 1-243,text,true,,790,311,259,259,http://k8s-forkfind-forkfind-8e65d48af1-1990260306.us-east-1.elb.amazonaws.com/restaurants?q=pizza&limit=12&sort=rating,167,0,76
1777593353445,75,03 - POST /restaurants/20/reviews,Non HTTP response code: java.net.SocketException,Non HTTP response message: Connection reset,Virtual Users [500 threads] 1-242,text,false,"Review submission returned unexpected status (401 = bad token, 5xx = server error)",2601,0,259,259,http://k8s-forkfind-forkfind-8e65d48af1-1990260306.us-east-1.elb.amazonaws.com/restaurants/20/reviews,0,0,0
1777593323442,30082,01 - POST /auth/user/login,Non HTTP response code: java.net.SocketTimeoutException,Non HTTP response message: Read timed out,Virtual Users [500 threads] 1-246,text,false,Login failed — check credentials in users.csv,2679,0,258,258,http://k8s-forkfind-forkfind-8e65d48af1-1990260306.us-east-1.elb.amazonaws.com/auth/user/login,0,0,80
1777593353397,155,02 - GET /restaurants (search),200,OK,Virtual Users [500 threads] 1-244,text,true,,790,311,258,258,http://k8s-forkfind-forkfind-8e65d48af1-1990260306.us-east-1.elb.amazonaws.com/restaurants?q=pizza&limit=12&sort=rating,155,0,73
1777593323502,30075,01 - POST /auth/user/login,Non HTTP response code: java.net.SocketTimeoutException,Non HTTP response message: Read timed out,Virtual Users [500 threads] 1-247,text,false,Login failed — check credentials in users.csv,2679,0,258,258,http://k8s-forkfind-forkfind-8e65d48af1-1990260306.us-east-1.elb.amazonaws.com/auth/user/login,0,0,73
1777593353514,73,03 - POST /restaurants/20/reviews,Non HTTP response code: java.net.SocketException,Non HTTP response message: Connection reset,Virtual Users [500 threads] 1-243,text,false,"Review submission returned unexpected status (401 = bad token, 5xx = server error)",2601,0,258,258,http://k8s-forkfind-forkfind-8e65d48af1-1990260306.us-east-1.elb.amazonaws.com/restaurants/20/reviews,0,0,0
1777593353455,152,02 - GET /restaurants (search),200,OK,Virtual Users [500 threads] 1-245,text,true,,790,311,257,257,http://k8s-forkfind-forkfind-8e65d48af1-1990260306.us-east-1.elb.amazonaws.com/restaurants?q=pizza&limit=12&sort=rating,152,0,70
1777593353552,79,03 - POST /restaurants/20/reviews,Non HTTP response code: java.net.SocketException,Non HTTP response message: Connection reset,Virtual Users [500 threads] 1-244,text,false,"Review submission returned unexpected status (401 = bad token, 5xx = server error)",2601,0,257,257,http://k8s-forkfind-forkfind-8e65d48af1-1990260306.us-east-1.elb.amazonaws.com/restaurants/20/reviews,0,0,0
1777593323561,30077,01 - POST /auth/user/login,Non HTTP response code: java.net.SocketTimeoutException,Non HTTP response message: Read timed out,Virtual Users [500 threads] 1-248,text,false,Login failed — check credentials in users.csv,2679,0,256,256,http://k8s-forkfind-forkfind-8e65d48af1-1990260306.us-east-1.elb.amazonaws.com/auth/user/login,0,0,75
1777593353526,148,02 - GET /restaurants (search),200,OK,Virtual Users [500 threads] 1-246,text,true,,790,311,256,256,http://k8s-forkfind-forkfind-8e65d48af1-1990260306.us-east-1.elb.amazonaws.com/restaurants?q=pizza&limit=12&sort=rating,148,0,69
1777593353608,81,03 - POST /restaurants/20/reviews,Non HTTP response code: java.net.SocketException,Non HTTP response message: Connection reset,Virtual Users [500 threads] 1-245,text,false,"Review submission returned unexpected status (401 = bad token, 5xx = server error)",2601,0,256,256,http://k8s-forkfind-forkfind-8e65d48af1-1990260306.us-east-1.elb.amazonaws.com/restaurants/20/reviews,0,0,0
1777593323621,30074,01 - POST /auth/user/login,Non HTTP response code: java.net.SocketTimeoutException,Non HTTP response message: Read timed out,Virtual Users [500 threads] 1-249,text,false,Login failed — check credentials in users.csv,2679,0,255,255,http://k8s-forkfind-forkfind-8e65d48af1-1990260306.us-east-1.elb.amazonaws.com/auth/user/login,0,0,72
1777593353578,152,02 - GET /restaurants (search),200,OK,Virtual Users [500 threads] 1-247,text,true,,790,311,255,255,http://k8s-forkfind-forkfind-8e65d48af1-1990260306.us-east-1.elb.amazonaws.com/restaurants?q=pizza&limit=12&sort=rating,152,0,71
1777593353674,75,03 - POST /restaurants/20/reviews,Non HTTP response code: java.net.SocketException,Non HTTP response message: Connection reset,Virtual Users [500 threads] 1-246,text,false,"Review submission returned unexpected status (401 = bad token, 5xx = server error)",2601,0,255,255,http://k8s-forkfind-forkfind-8e65d48af1-1990260306.us-east-1.elb.amazonaws.com/restaurants/20/reviews,0,0,0
1777593323681,30094,01 - POST /auth/user/login,Non HTTP response code: java.net.SocketTimeoutException,Non HTTP response message: Read timed out,Virtual Users [500 threads] 1-250,text,false,Login failed — check credentials in users.csv,2679,0,254,254,http://k8s-forkfind-forkfind-8e65d48af1-1990260306.us-east-1.elb.amazonaws.com/auth/user/login,0,0,92
1777593353639,170,02 - GET /restaurants (search),200,OK,Virtual Users [500 threads] 1-248,text,true,,790,311,254,254,http://k8s-forkfind-forkfind-8e65d48af1-1990260306.us-east-1.elb.amazonaws.com/restaurants?q=pizza&limit=12&sort=rating,170,0,72
1777593353730,79,03 - POST /restaurants/20/reviews,Non HTTP response code: java.net.SocketException,Non HTTP response message: Connection reset,Virtual Users [500 threads] 1-247,text,false,"Review submission returned unexpected status (401 = bad token, 5xx = server error)",2601,0,254,254,http://k8s-forkfind-forkfind-8e65d48af1-1990260306.us-east-1.elb.amazonaws.com/restaurants/20/reviews,0,0,0
1777593323741,30075,01 - POST /auth/user/login,Non HTTP response code: java.net.SocketTimeoutException,Non HTTP response message: Read timed out,Virtual Users [500 threads] 1-251,text,false,Login failed — check credentials in users.csv,2679,0,253,253,http://k8s-forkfind-forkfind-8e65d48af1-1990260306.us-east-1.elb.amazonaws.com/auth/user/login,0,0,73
1777593323801,30091,01 - POST /auth/user/login,Non HTTP response code: java.net.SocketTimeoutException,Non HTTP response message: Read timed out,Virtual Users [500 threads] 1-252,text,false,Login failed — check credentials in users.csv,2679,0,253,253,http://k8s-forkfind-forkfind-8e65d48af1-1990260306.us-east-1.elb.amazonaws.com/auth/user/login,0,0,72
1777593353809,93,03 - POST /restaurants/20/reviews,Non HTTP response code: java.net.SocketException,Non HTTP response message: Connection reset,Virtual Users [500 threads] 1-248,text,false,"Review submission returned unexpected status (401 = bad token, 5xx = server error)",2601,0,253,253,http://k8s-forkfind-forkfind-8e65d48af1-1990260306.us-east-1.elb.amazonaws.com/restaurants/20/reviews,0,0,0
1777593353696,222,02 - GET /restaurants (search),200,OK,Virtual Users [500 threads] 1-249,text,true,,790,311,252,252,http://k8s-forkfind-forkfind-8e65d48af1-1990260306.us-east-1.elb.amazonaws.com/restaurants?q=pizza&limit=12&sort=rating,222,0,75
1777593353776,155,02 - GET /restaurants (search),200,OK,Virtual Users [500 threads] 1-250,text,true,,790,311,252,252,http://k8s-forkfind-forkfind-8e65d48af1-1990260306.us-east-1.elb.amazonaws.com/restaurants?q=pizza&limit=12&sort=rating,155,0,73
1777593323860,30080,01 - POST /auth/user/login,Non HTTP response code: java.net.SocketTimeoutException,Non HTTP response message: Read timed out,Virtual Users [500 threads] 1-253,text,false,Login failed — check credentials in users.csv,2679,0,252,252,http://k8s-forkfind-forkfind-8e65d48af1-1990260306.us-east-1.elb.amazonaws.com/auth/user/login,0,0,78
1777593323918,30074,01 - POST /auth/user/login,Non HTTP response code: java.net.SocketTimeoutException,Non HTTP response message: Read timed out,Virtual Users [500 threads] 1-254,text,false,Login failed — check credentials in users.csv,2679,0,252,252,http://k8s-forkfind-forkfind-8e65d48af1-1990260306.us-east-1.elb.amazonaws.com/auth/user/login,0,0,72
1777593353918,87,03 - POST /restaurants/20/reviews,Non HTTP response code: java.net.SocketException,Non HTTP response message: Connection reset,Virtual Users [500 threads] 1-249,text,false,"Review submission returned unexpected status (401 = bad token, 5xx = server error)",2601,0,252,252,http://k8s-forkfind-forkfind-8e65d48af1-1990260306.us-east-1.elb.amazonaws.com/restaurants/20/reviews,0,0,0
1777593353931,74,03 - POST /restaurants/20/reviews,Non HTTP response code: java.net.SocketException,Non HTTP response message: Connection reset,Virtual Users [500 threads] 1-250,text,false,"Review submission returned unexpected status (401 = bad token, 5xx = server error)",2601,0,252,252,http://k8s-forkfind-forkfind-8e65d48af1-1990260306.us-east-1.elb.amazonaws.com/restaurants/20/reviews,0,0,0
1777593353817,192,02 - GET /restaurants (search),200,OK,Virtual Users [500 threads] 1-251,text,true,,790,311,250,250,http://k8s-forkfind-forkfind-8e65d48af1-1990260306.us-east-1.elb.amazonaws.com/restaurants?q=pizza&limit=12&sort=rating,192,0,84
1777593323981,30080,01 - POST /auth/user/login,Non HTTP response code: java.net.SocketTimeoutException,Non HTTP response message: Read timed out,Virtual Users [500 threads] 1-255,text,false,Login failed — check credentials in users.csv,2679,0,250,250,http://k8s-forkfind-forkfind-8e65d48af1-1990260306.us-east-1.elb.amazonaws.com/auth/user/login,0,0,78
1777593354010,82,03 - POST /restaurants/20/reviews,Non HTTP response code: java.net.SocketException,Non HTTP response message: Connection reset,Virtual Users [500 threads] 1-251,text,false,"Review submission returned unexpected status (401 = bad token, 5xx = server error)",2601,0,250,250,http://k8s-forkfind-forkfind-8e65d48af1-1990260306.us-east-1.elb.amazonaws.com/restaurants/20/reviews,0,0,0
1777593353893,218,02 - GET /restaurants (search),200,OK,Virtual Users [500 threads] 1-252,text,true,,790,311,249,249,http://k8s-forkfind-forkfind-8e65d48af1-1990260306.us-east-1.elb.amazonaws.com/restaurants?q=pizza&limit=12&sort=rating,218,0,75
1777593353941,170,02 - GET /restaurants (search),200,OK,Virtual Users [500 threads] 1-253,text,true,,790,311,249,249,http://k8s-forkfind-forkfind-8e65d48af1-1990260306.us-east-1.elb.amazonaws.com/restaurants?q=pizza&limit=12&sort=rating,170,0,73
1777593324042,30074,01 - POST /auth/user/login,Non HTTP response code: java.net.SocketTimeoutException,Non HTTP response message: Read timed out,Virtual Users [500 threads] 1-256,text,false,Login failed — check credentials in users.csv,2679,0,249,249,http://k8s-forkfind-forkfind-8e65d48af1-1990260306.us-east-1.elb.amazonaws.com/auth/user/login,0,0,72
1777593353994,149,02 - GET /restaurants (search),200,OK,Virtual Users [500 threads] 1-254,text,true,,790,311,249,249,http://k8s-forkfind-forkfind-8e65d48af1-1990260306.us-east-1.elb.amazonaws.com/restaurants?q=pizza&limit=12&sort=rating,149,0,71
1777593324099,30082,01 - POST /auth/user/login,Non HTTP response code: java.net.SocketTimeoutException,Non HTTP response message: Read timed out,Virtual Users [500 threads] 1-257,text,false,Login failed — check credentials in users.csv,2679,0,249,249,http://k8s-forkfind-forkfind-8e65d48af1-1990260306.us-east-1.elb.amazonaws.com/auth/user/login,0,0,80
1777593354111,74,03 - POST /restaurants/20/reviews,Non HTTP response code: java.net.SocketException,Non HTTP response message: Connection reset,Virtual Users [500 threads] 1-252,text,false,"Review submission returned unexpected status (401 = bad token, 5xx = server error)",2601,0,249,249,http://k8s-forkfind-forkfind-8e65d48af1-1990260306.us-east-1.elb.amazonaws.com/restaurants/20/reviews,0,0,0
1777593354111,74,03 - POST /restaurants/20/reviews,Non HTTP response code: java.net.SocketException,Non HTTP response message: Connection reset,Virtual Users [500 threads] 1-253,text,false,"Review submission returned unexpected status (401 = bad token, 5xx = server error)",2601,0,249,249,http://k8s-forkfind-forkfind-8e65d48af1-1990260306.us-east-1.elb.amazonaws.com/restaurants/20/reviews,0,0,0
1777593354063,150,02 - GET /restaurants (search),200,OK,Virtual Users [500 threads] 1-255,text,true,,790,311,247,247,http://k8s-forkfind-forkfind-8e65d48af1-1990260306.us-east-1.elb.amazonaws.com/restaurants?q=pizza&limit=12&sort=rating,150,0,71
1777593354144,86,03 - POST /restaurants/20/reviews,Non HTTP response code: java.net.SocketException,Non HTTP response message: Connection reset,Virtual Users [500 threads] 1-254,text,false,"Review submission returned unexpected status (401 = bad token, 5xx = server error)",2601,0,247,247,http://k8s-forkfind-forkfind-8e65d48af1-1990260306.us-east-1.elb.amazonaws.com/restaurants/20/reviews,0,0,0
1777593324160,30074,01 - POST /auth/user/login,Non HTTP response code: java.net.SocketTimeoutException,Non HTTP response message: Read timed out,Virtual Users [500 threads] 1-258,text,false,Login failed — check credentials in users.csv,2679,0,246,246,http://k8s-forkfind-forkfind-8e65d48af1-1990260306.us-east-1.elb.amazonaws.com/auth/user/login,0,0,72
1777593324221,30074,01 - POST /auth/user/login,Non HTTP response code: java.net.SocketTimeoutException,Non HTTP response message: Read timed out,Virtual Users [500 threads] 1-259,text,false,Login failed — check credentials in users.csv,2679,0,246,246,http://k8s-forkfind-forkfind-8e65d48af1-1990260306.us-east-1.elb.amazonaws.com/auth/user/login,0,0,72
1777593354213,85,03 - POST /restaurants/20/reviews,Non HTTP response code: java.net.SocketException,Non HTTP response message: Connection reset,Virtual Users [500 threads] 1-255,text,false,"Review submission returned unexpected status (401 = bad token, 5xx = server error)",2601,0,246,246,http://k8s-forkfind-forkfind-8e65d48af1-1990260306.us-east-1.elb.amazonaws.com/restaurants/20/reviews,0,0,0
1777593354117,197,02 - GET /restaurants (search),200,OK,Virtual Users [500 threads] 1-256,text,true,,790,311,245,245,http://k8s-forkfind-forkfind-8e65d48af1-1990260306.us-east-1.elb.amazonaws.com/restaurants?q=pizza&limit=12&sort=rating,197,0,77
1777593354182,156,02 - GET /restaurants (search),200,OK,Virtual Users [500 threads] 1-257,text,true,,790,311,245,245,http://k8s-forkfind-forkfind-8e65d48af1-1990260306.us-east-1.elb.amazonaws.com/restaurants?q=pizza&limit=12&sort=rating,156,0,73
1777593324277,30073,01 - POST /auth/user/login,Non HTTP response code: java.net.SocketTimeoutException,Non HTTP response message: Read timed out,Virtual Users [500 threads] 1-260,text,false,Login failed — check credentials in users.csv,2679,0,245,245,http://k8s-forkfind-forkfind-8e65d48af1-1990260306.us-east-1.elb.amazonaws.com/auth/user/login,0,0,72
1777593354315,88,03 - POST /restaurants/20/reviews,Non HTTP response code: java.net.SocketException,Non HTTP response message: Connection reset,Virtual Users [500 threads] 1-256,text,false,"Review submission returned unexpected status (401 = bad token, 5xx = server error)",2601,0,245,245,http://k8s-forkfind-forkfind-8e65d48af1-1990260306.us-east-1.elb.amazonaws.com/restaurants/20/reviews,0,0,0
1777593354339,79,03 - POST /restaurants/20/reviews,Non HTTP response code: java.net.SocketException,Non HTTP response message: Connection reset,Virtual Users [500 threads] 1-257,text,false,"Review submission returned unexpected status (401 = bad token, 5xx = server error)",2601,0,244,244,http://k8s-forkfind-forkfind-8e65d48af1-1990260306.us-east-1.elb.amazonaws.com/restaurants/20/reviews,0,0,0
1777593324341,30080,01 - POST /auth/user/login,Non HTTP response code: java.net.SocketTimeoutException,Non HTTP response message: Read timed out,Virtual Users [500 threads] 1-261,text,false,Login failed — check credentials in users.csv,2679,0,243,243,http://k8s-forkfind-forkfind-8e65d48af1-1990260306.us-east-1.elb.amazonaws.com/auth/user/login,0,0,78
1777593354235,187,02 - GET /restaurants (search),200,OK,Virtual Users [500 threads] 1-258,text,true,,790,311,243,243,http://k8s-forkfind-forkfind-8e65d48af1-1990260306.us-east-1.elb.amazonaws.com/restaurants?q=pizza&limit=12&sort=rating,187,0,71
1777593324398,30088,01 - POST /auth/user/login,Non HTTP response code: java.net.SocketTimeoutException,Non HTTP response message: Read timed out,Virtual Users [500 threads] 1-262,text,false,Login failed — check credentials in users.csv,2679,0,243,243,http://k8s-forkfind-forkfind-8e65d48af1-1990260306.us-east-1.elb.amazonaws.com/auth/user/login,0,0,86
1777593354423,84,03 - POST /restaurants/20/reviews,Non HTTP response code: java.net.SocketException,Non HTTP response message: Connection reset,Virtual Users [500 threads] 1-258,text,false,"Review submission returned unexpected status (401 = bad token, 5xx = server error)",2601,0,243,243,http://k8s-forkfind-forkfind-8e65d48af1-1990260306.us-east-1.elb.amazonaws.com/restaurants/20/reviews,0,0,0
1777593354352,163,02 - GET /restaurants (search),200,OK,Virtual Users [500 threads] 1-260,text,true,,790,311,242,242,http://k8s-forkfind-forkfind-8e65d48af1-1990260306.us-east-1.elb.amazonaws.com/restaurants?q=pizza&limit=12&sort=rating,163,0,70
1777593354297,218,02 - GET /restaurants (search),200,OK,Virtual Users [500 threads] 1-259,text,true,,790,311,242,242,http://k8s-forkfind-forkfind-8e65d48af1-1990260306.us-east-1.elb.amazonaws.com/restaurants?q=pizza&limit=12&sort=rating,218,0,73
1777593324461,30075,01 - POST /auth/user/login,Non HTTP response code: java.net.SocketTimeoutException,Non HTTP response message: Read timed out,Virtual Users [500 threads] 1-263,text,false,Login failed — check credentials in users.csv,2679,0,242,242,http://k8s-forkfind-forkfind-8e65d48af1-1990260306.us-east-1.elb.amazonaws.com/auth/user/login,0,0,73
1777593324517,30078,01 - POST /auth/user/login,Non HTTP response code: java.net.SocketTimeoutException,Non HTTP response message: Read timed out,Virtual Users [500 threads] 1-264,text,false,Login failed — check credentials in users.csv,2679,0,242,242,http://k8s-forkfind-forkfind-8e65d48af1-1990260306.us-east-1.elb.amazonaws.com/auth/user/login,0,0,76
1777593354515,86,03 - POST /restaurants/20/reviews,Non HTTP response code: java.net.SocketException,Non HTTP response message: Connection reset,Virtual Users [500 threads] 1-260,text,false,"Review submission returned unexpected status (401 = bad token, 5xx = server error)",2601,0,242,242,http://k8s-forkfind-forkfind-8e65d48af1-1990260306.us-east-1.elb.amazonaws.com/restaurants/20/reviews,0,0,0
1777593354515,86,03 - POST /restaurants/20/reviews,Non HTTP response code: java.net.SocketException,Non HTTP response message: Connection reset,Virtual Users [500 threads] 1-259,text,false,"Review submission returned unexpected status (401 = bad token, 5xx = server error)",2601,0,242,242,http://k8s-forkfind-forkfind-8e65d48af1-1990260306.us-east-1.elb.amazonaws.com/restaurants/20/reviews,0,0,0
1777593354422,187,02 - GET /restaurants (search),200,OK,Virtual Users [500 threads] 1-261,text,true,,790,311,240,240,http://k8s-forkfind-forkfind-8e65d48af1-1990260306.us-east-1.elb.amazonaws.com/restaurants?q=pizza&limit=12&sort=rating,187,0,71
1777593354489,150,02 - GET /restaurants (search),200,OK,Virtual Users [500 threads] 1-262,text,true,,790,311,240,240,http://k8s-forkfind-forkfind-8e65d48af1-1990260306.us-east-1.elb.amazonaws.com/restaurants?q=pizza&limit=12&sort=rating,150,0,71
1777593324581,30081,01 - POST /auth/user/login,Non HTTP response code: java.net.SocketTimeoutException,Non HTTP response message: Read timed out,Virtual Users [500 threads] 1-265,text,false,Login failed — check credentials in users.csv,2679,0,240,240,http://k8s-forkfind-forkfind-8e65d48af1-1990260306.us-east-1.elb.amazonaws.com/auth/user/login,0,0,79
1777593354609,79,03 - POST /restaurants/20/reviews,Non HTTP response code: java.net.SocketException,Non HTTP response message: Connection reset,Virtual Users [500 threads] 1-261,text,false,"Review submission returned unexpected status (401 = bad token, 5xx = server error)",2601,0,240,240,http://k8s-forkfind-forkfind-8e65d48af1-1990260306.us-east-1.elb.amazonaws.com/restaurants/20/reviews,0,0,0
1777593354537,169,02 - GET /restaurants (search),200,OK,Virtual Users [500 threads] 1-263,text,true,,790,311,239,239,http://k8s-forkfind-forkfind-8e65d48af1-1990260306.us-east-1.elb.amazonaws.com/restaurants?q=pizza&limit=12&sort=rating,169,0,72
1777593354640,77,03 - POST /restaurants/20/reviews,Non HTTP response code: java.net.SocketException,Non HTTP response message: Connection reset,Virtual Users [500 threads] 1-262,text,false,"Review submission returned unexpected status (401 = bad token, 5xx = server error)",2601,0,239,239,http://k8s-forkfind-forkfind-8e65d48af1-1990260306.us-east-1.elb.amazonaws.com/restaurants/20/reviews,0,0,0
1777593324642,30082,01 - POST /auth/user/login,Non HTTP response code: java.net.SocketTimeoutException,Non HTTP response message: Read timed out,Virtual Users [500 threads] 1-266,text,false,Login failed — check credentials in users.csv,2679,0,238,238,http://k8s-forkfind-forkfind-8e65d48af1-1990260306.us-east-1.elb.amazonaws.com/auth/user/login,0,0,80
1777593354597,152,02 - GET /restaurants (search),200,OK,Virtual Users [500 threads] 1-264,text,true,,790,311,238,238,http://k8s-forkfind-forkfind-8e65d48af1-1990260306.us-east-1.elb.amazonaws.com/restaurants?q=pizza&limit=12&sort=rating,152,0,74
1777593354707,74,03 - POST /restaurants/20/reviews,Non HTTP response code: java.net.SocketException,Non HTTP response message: Connection reset,Virtual Users [500 threads] 1-263,text,false,"Review submission returned unexpected status (401 = bad token, 5xx = server error)",2601,0,238,238,http://k8s-forkfind-forkfind-8e65d48af1-1990260306.us-east-1.elb.amazonaws.com/restaurants/20/reviews,0,0,0
1777593324700,30085,01 - POST /auth/user/login,Non HTTP response code: java.net.SocketTimeoutException,Non HTTP response message: Read timed out,Virtual Users [500 threads] 1-267,text,false,Login failed — check credentials in users.csv,2679,0,237,237,http://k8s-forkfind-forkfind-8e65d48af1-1990260306.us-east-1.elb.amazonaws.com/auth/user/login,0,0,83
1777593354663,156,02 - GET /restaurants (search),200,OK,Virtual Users [500 threads] 1-265,text,true,,790,311,237,237,http://k8s-forkfind-forkfind-8e65d48af1-1990260306.us-east-1.elb.amazonaws.com/restaurants?q=pizza&limit=12&sort=rating,156,0,72
1777593354749,78,03 - POST /restaurants/20/reviews,Non HTTP response code: java.net.SocketException,Non HTTP response message: Connection reset,Virtual Users [500 threads] 1-264,text,false,"Review submission returned unexpected status (401 = bad token, 5xx = server error)",2601,0,237,237,http://k8s-forkfind-forkfind-8e65d48af1-1990260306.us-east-1.elb.amazonaws.com/restaurants/20/reviews,0,0,0
1777593324761,30076,01 - POST /auth/user/login,Non HTTP response code: java.net.SocketTimeoutException,Non HTTP response message: Read timed out,Virtual Users [500 threads] 1-268,text,false,Login failed — check credentials in users.csv,2679,0,236,236,http://k8s-forkfind-forkfind-8e65d48af1-1990260306.us-east-1.elb.amazonaws.com/auth/user/login,0,0,74
1777593354820,78,03 - POST /restaurants/20/reviews,Non HTTP response code: java.net.SocketException,Non HTTP response message: Connection reset,Virtual Users [500 threads] 1-265,text,false,"Review submission returned unexpected status (401 = bad token, 5xx = server error)",2601,0,236,236,http://k8s-forkfind-forkfind-8e65d48af1-1990260306.us-east-1.elb.amazonaws.com/restaurants/20/reviews,0,0,0
1777593324822,30079,01 - POST /auth/user/login,Non HTTP response code: java.net.SocketTimeoutException,Non HTTP response message: Read timed out,Virtual Users [500 threads] 1-269,text,false,Login failed — check credentials in users.csv,2679,0,235,235,http://k8s-forkfind-forkfind-8e65d48af1-1990260306.us-east-1.elb.amazonaws.com/auth/user/login,0,0,77
1777593354725,180,02 - GET /restaurants (search),200,OK,Virtual Users [500 threads] 1-266,text,true,,790,311,235,235,http://k8s-forkfind-forkfind-8e65d48af1-1990260306.us-east-1.elb.amazonaws.com/restaurants?q=pizza&limit=12&sort=rating,180,0,71
1777593354786,161,02 - GET /restaurants (search),200,OK,Virtual Users [500 threads] 1-267,text,true,,790,311,235,235,http://k8s-forkfind-forkfind-8e65d48af1-1990260306.us-east-1.elb.amazonaws.com/restaurants?q=pizza&limit=12&sort=rating,161,0,71
1777593324881,30074,01 - POST /auth/user/login,Non HTTP response code: java.net.SocketTimeoutException,Non HTTP response message: Read timed out,Virtual Users [500 threads] 1-270,text,false,Login failed — check credentials in users.csv,2679,0,235,235,http://k8s-forkfind-forkfind-8e65d48af1-1990260306.us-east-1.elb.amazonaws.com/auth/user/login,0,0,71
1777593354905,77,03 - POST /restaurants/20/reviews,Non HTTP response code: java.net.SocketException,Non HTTP response message: Connection reset,Virtual Users [500 threads] 1-266,text,false,"Review submission returned unexpected status (401 = bad token, 5xx = server error)",2601,0,235,235,http://k8s-forkfind-forkfind-8e65d48af1-1990260306.us-east-1.elb.amazonaws.com/restaurants/20/reviews,0,0,0
1777593324941,30075,01 - POST /auth/user/login,Non HTTP response code: java.net.SocketTimeoutException,Non HTTP response message: Read timed out,Virtual Users [500 threads] 1-271,text,false,Login failed — check credentials in users.csv,2679,0,234,234,http://k8s-forkfind-forkfind-8e65d48af1-1990260306.us-east-1.elb.amazonaws.com/auth/user/login,0,0,73
1777593354838,180,02 - GET /restaurants (search),200,OK,Virtual Users [500 threads] 1-268,text,true,,790,311,234,234,http://k8s-forkfind-forkfind-8e65d48af1-1990260306.us-east-1.elb.amazonaws.com/restaurants?q=pizza&limit=12&sort=rating,180,0,91
1777593354948,78,03 - POST /restaurants/20/reviews,Non HTTP response code: java.net.SocketException,Non HTTP response message: Connection reset,Virtual Users [500 threads] 1-267,text,false,"Review submission returned unexpected status (401 = bad token, 5xx = server error)",2601,0,234,234,http://k8s-forkfind-forkfind-8e65d48af1-1990260306.us-east-1.elb.amazonaws.com/restaurants/20/reviews,0,0,0
1777593354902,154,02 - GET /restaurants (search),200,OK,Virtual Users [500 threads] 1-269,text,true,,790,311,233,233,http://k8s-forkfind-forkfind-8e65d48af1-1990260306.us-east-1.elb.amazonaws.com/restaurants?q=pizza&limit=12&sort=rating,154,0,75
1777593325001,30073,01 - POST /auth/user/login,Non HTTP response code: java.net.SocketTimeoutException,Non HTTP response message: Read timed out,Virtual Users [500 threads] 1-272,text,false,Login failed — check credentials in users.csv,2679,0,233,233,http://k8s-forkfind-forkfind-8e65d48af1-1990260306.us-east-1.elb.amazonaws.com/auth/user/login,0,0,71
1777593355018,83,03 - POST /restaurants/20/reviews,Non HTTP response code: java.net.SocketException,Non HTTP response message: Connection reset,Virtual Users [500 threads] 1-268,text,false,"Review submission returned unexpected status (401 = bad token, 5xx = server error)",2601,0,233,233,http://k8s-forkfind-forkfind-8e65d48af1-1990260306.us-east-1.elb.amazonaws.com/restaurants/20/reviews,0,0,0
1777593354956,160,02 - GET /restaurants (search),200,OK,Virtual Users [500 threads] 1-270,text,true,,790,311,232,232,http://k8s-forkfind-forkfind-8e65d48af1-1990260306.us-east-1.elb.amazonaws.com/restaurants?q=pizza&limit=12&sort=rating,160,0,71
1777593355057,73,03 - POST /restaurants/20/reviews,Non HTTP response code: java.net.SocketException,Non HTTP response message: Connection reset,Virtual Users [500 threads] 1-269,text,false,"Review submission returned unexpected status (401 = bad token, 5xx = server error)",2601,0,232,232,http://k8s-forkfind-forkfind-8e65d48af1-1990260306.us-east-1.elb.amazonaws.com/restaurants/20/reviews,0,0,0
1777593325061,30074,01 - POST /auth/user/login,Non HTTP response code: java.net.SocketTimeoutException,Non HTTP response message: Read timed out,Virtual Users [500 threads] 1-273,text,false,Login failed — check credentials in users.csv,2679,0,231,231,http://k8s-forkfind-forkfind-8e65d48af1-1990260306.us-east-1.elb.amazonaws.com/auth/user/login,0,0,72
1777593325121,30073,01 - POST /auth/user/login,Non HTTP response code: java.net.SocketTimeoutException,Non HTTP response message: Read timed out,Virtual Users [500 threads] 1-274,text,false,Login failed — check credentials in users.csv,2679,0,231,231,http://k8s-forkfind-forkfind-8e65d48af1-1990260306.us-east-1.elb.amazonaws.com/auth/user/login,0,0,71
1777593355117,83,03 - POST /restaurants/20/reviews,Non HTTP response code: java.net.SocketException,Non HTTP response message: Connection reset,Virtual Users [500 threads] 1-270,text,false,"Review submission returned unexpected status (401 = bad token, 5xx = server error)",2601,0,231,231,http://k8s-forkfind-forkfind-8e65d48af1-1990260306.us-east-1.elb.amazonaws.com/restaurants/20/reviews,0,0,0
1777593355017,202,02 - GET /restaurants (search),200,OK,Virtual Users [500 threads] 1-271,text,true,,790,311,230,230,http://k8s-forkfind-forkfind-8e65d48af1-1990260306.us-east-1.elb.amazonaws.com/restaurants?q=pizza&limit=12&sort=rating,202,0,79
1777593355075,157,02 - GET /restaurants (search),200,OK,Virtual Users [500 threads] 1-272,text,true,,790,311,230,230,http://k8s-forkfind-forkfind-8e65d48af1-1990260306.us-east-1.elb.amazonaws.com/restaurants?q=pizza&limit=12&sort=rating,157,0,72
1777593325180,30079,01 - POST /auth/user/login,Non HTTP response code: java.net.SocketTimeoutException,Non HTTP response message: Read timed out,Virtual Users [500 threads] 1-275,text,false,Login failed — check credentials in users.csv,2679,0,230,230,http://k8s-forkfind-forkfind-8e65d48af1-1990260306.us-east-1.elb.amazonaws.com/auth/user/login,0,0,77
1777593355219,77,03 - POST /restaurants/20/reviews,Non HTTP response code: java.net.SocketException,Non HTTP response message: Connection reset,Virtual Users [500 threads] 1-271,text,false,"Review submission returned unexpected status (401 = bad token, 5xx = server error)",2601,0,230,230,http://k8s-forkfind-forkfind-8e65d48af1-1990260306.us-east-1.elb.amazonaws.com/restaurants/20/reviews,0,0,0
1777593355232,75,03 - POST /restaurants/20/reviews,Non HTTP response code: java.net.SocketException,Non HTTP response message: Connection reset,Virtual Users [500 threads] 1-272,text,false,"Review submission returned unexpected status (401 = bad token, 5xx = server error)",2601,0,229,229,http://k8s-forkfind-forkfind-8e65d48af1-1990260306.us-east-1.elb.amazonaws.com/restaurants/20/reviews,0,0,0
1777593355136,172,02 - GET /restaurants (search),200,OK,Virtual Users [500 threads] 1-273,text,true,,790,311,229,229,http://k8s-forkfind-forkfind-8e65d48af1-1990260306.us-east-1.elb.amazonaws.com/restaurants?q=pizza&limit=12&sort=rating,172,0,71
1777593325242,30074,01 - POST /auth/user/login,Non HTTP response code: java.net.SocketTimeoutException,Non HTTP response message: Read timed out,Virtual Users [500 threads] 1-276,text,false,Login failed — check credentials in users.csv,2679,0,228,228,http://k8s-forkfind-forkfind-8e65d48af1-1990260306.us-east-1.elb.amazonaws.com/auth/user/login,0,0,72
1777593355196,153,02 - GET /restaurants (search),200,OK,Virtual Users [500 threads] 1-274,text,true,,790,311,228,228,http://k8s-forkfind-forkfind-8e65d48af1-1990260306.us-east-1.elb.amazonaws.com/restaurants?q=pizza&limit=12&sort=rating,153,0,74
1777593325301,30072,01 - POST /auth/user/login,Non HTTP response code: java.net.SocketTimeoutException,Non HTTP response message: Read timed out,Virtual Users [500 threads] 1-277,text,false,Login failed — check credentials in users.csv,2679,0,228,228,http://k8s-forkfind-forkfind-8e65d48af1-1990260306.us-east-1.elb.amazonaws.com/auth/user/login,0,0,71
1777593355308,83,03 - POST /restaurants/20/reviews,Non HTTP response code: java.net.SocketException,Non HTTP response message: Connection reset,Virtual Users [500 threads] 1-273,text,false,"Review submission returned unexpected status (401 = bad token, 5xx = server error)",2601,0,228,228,http://k8s-forkfind-forkfind-8e65d48af1-1990260306.us-east-1.elb.amazonaws.com/restaurants/20/reviews,0,0,0
1777593355260,175,02 - GET /restaurants (search),200,OK,Virtual Users [500 threads] 1-275,text,true,,790,311,227,227,http://k8s-forkfind-forkfind-8e65d48af1-1990260306.us-east-1.elb.amazonaws.com/restaurants?q=pizza&limit=12&sort=rating,175,0,74
1777593355349,86,03 - POST /restaurants/20/reviews,Non HTTP response code: java.net.SocketException,Non HTTP response message: Connection reset,Virtual Users [500 threads] 1-274,text,false,"Review submission returned unexpected status (401 = bad token, 5xx = server error)",2601,0,227,227,http://k8s-forkfind-forkfind-8e65d48af1-1990260306.us-east-1.elb.amazonaws.com/restaurants/20/reviews,0,0,0
1777593325361,30077,01 - POST /auth/user/login,Non HTTP response code: java.net.SocketTimeoutException,Non HTTP response message: Read timed out,Virtual Users [500 threads] 1-278,text,false,Login failed — check credentials in users.csv,2679,0,226,226,http://k8s-forkfind-forkfind-8e65d48af1-1990260306.us-east-1.elb.amazonaws.com/auth/user/login,0,0,75
1777593355317,152,02 - GET /restaurants (search),200,OK,Virtual Users [500 threads] 1-276,text,true,,790,311,226,226,http://k8s-forkfind-forkfind-8e65d48af1-1990260306.us-east-1.elb.amazonaws.com/restaurants?q=pizza&limit=12&sort=rating,152,0,74
1777593325421,30074,01 - POST /auth/user/login,Non HTTP response code: java.net.SocketTimeoutException,Non HTTP response message: Read timed out,Virtual Users [500 threads] 1-279,text,false,Login failed — check credentials in users.csv,2679,0,226,226,http://k8s-forkfind-forkfind-8e65d48af1-1990260306.us-east-1.elb.amazonaws.com/auth/user/login,0,0,73
1777593355435,72,03 - POST /restaurants/20/reviews,Non HTTP response code: java.net.SocketException,Non HTTP response message: Connection reset,Virtual Users [500 threads] 1-275,text,false,"Review submission returned unexpected status (401 = bad token, 5xx = server error)",2601,0,226,226,http://k8s-forkfind-forkfind-8e65d48af1-1990260306.us-east-1.elb.amazonaws.com/restaurants/20/reviews,0,0,0
1777593355374,156,02 - GET /restaurants (search),200,OK,Virtual Users [500 threads] 1-277,text,true,,790,311,225,225,http://k8s-forkfind-forkfind-8e65d48af1-1990260306.us-east-1.elb.amazonaws.com/restaurants?q=pizza&limit=12&sort=rating,156,0,70
1777593355469,73,03 - POST /restaurants/20/reviews,Non HTTP response code: java.net.SocketException,Non HTTP response message: Connection reset,Virtual Users [500 threads] 1-276,text,false,"Review submission returned unexpected status (401 = bad token, 5xx = server error)",2601,0,225,225,http://k8s-forkfind-forkfind-8e65d48af1-1990260306.us-east-1.elb.amazonaws.com/restaurants/20/reviews,0,0,0
1777593325481,30075,01 - POST /auth/user/login,Non HTTP response code: java.net.SocketTimeoutException,Non HTTP response message: Read timed out,Virtual Users [500 threads] 1-280,text,false,Login failed — check credentials in users.csv,2679,0,224,224,http://k8s-forkfind-forkfind-8e65d48af1-1990260306.us-east-1.elb.amazonaws.com/auth/user/login,0,0,73
1777593325541,30076,01 - POST /auth/user/login,Non HTTP response code: java.net.SocketTimeoutException,Non HTTP response message: Read timed out,Virtual Users [500 threads] 1-281,text,false,Login failed — check credentials in users.csv,2679,0,224,224,http://k8s-forkfind-forkfind-8e65d48af1-1990260306.us-east-1.elb.amazonaws.com/auth/user/login,0,0,74
1777593355438,193,02 - GET /restaurants (search),200,OK,Virtual Users [500 threads] 1-278,text,true,,790,311,224,224,http://k8s-forkfind-forkfind-8e65d48af1-1990260306.us-east-1.elb.amazonaws.com/restaurants?q=pizza&limit=12&sort=rating,193,0,75
1777593355531,100,03 - POST /restaurants/20/reviews,Non HTTP response code: java.net.SocketException,Non HTTP response message: Connection reset,Virtual Users [500 threads] 1-277,text,false,"Review submission returned unexpected status (401 = bad token, 5xx = server error)",2601,0,224,224,http://k8s-forkfind-forkfind-8e65d48af1-1990260306.us-east-1.elb.amazonaws.com/restaurants/20/reviews,0,0,0
1777593355496,154,02 - GET /restaurants (search),200,OK,Virtual Users [500 threads] 1-279,text,true,,790,311,223,223,http://k8s-forkfind-forkfind-8e65d48af1-1990260306.us-east-1.elb.amazonaws.com/restaurants?q=pizza&limit=12&sort=rating,154,0,74
1777593325601,30074,01 - POST /auth/user/login,Non HTTP response code: java.net.SocketTimeoutException,Non HTTP response message: Read timed out,Virtual Users [500 threads] 1-282,text,false,Login failed — check credentials in users.csv,2679,0,223,223,http://k8s-forkfind-forkfind-8e65d48af1-1990260306.us-east-1.elb.amazonaws.com/auth/user/login,0,0,72
1777593355632,77,03 - POST /restaurants/20/reviews,Non HTTP response code: java.net.SocketException,Non HTTP response message: Connection reset,Virtual Users [500 threads] 1-278,text,false,"Review submission returned unexpected status (401 = bad token, 5xx = server error)",2601,0,223,223,http://k8s-forkfind-forkfind-8e65d48af1-1990260306.us-east-1.elb.amazonaws.com/restaurants/20/reviews,0,0,0
1777593355557,163,02 - GET /restaurants (search),200,OK,Virtual Users [500 threads] 1-280,text,true,,790,311,222,222,http://k8s-forkfind-forkfind-8e65d48af1-1990260306.us-east-1.elb.amazonaws.com/restaurants?q=pizza&limit=12&sort=rating,163,0,74
1777593355650,74,03 - POST /restaurants/20/reviews,Non HTTP response code: java.net.SocketException,Non HTTP response message: Connection reset,Virtual Users [500 threads] 1-279,text,false,"Review submission returned unexpected status (401 = bad token, 5xx = server error)",2601,0,222,222,http://k8s-forkfind-forkfind-8e65d48af1-1990260306.us-east-1.elb.amazonaws.com/restaurants/20/reviews,0,0,0
1777593325661,30084,01 - POST /auth/user/login,Non HTTP response code: java.net.SocketTimeoutException,Non HTTP response message: Read timed out,Virtual Users [500 threads] 1-283,text,false,Login failed — check credentials in users.csv,2679,0,221,221,http://k8s-forkfind-forkfind-8e65d48af1-1990260306.us-east-1.elb.amazonaws.com/auth/user/login,0,0,80
1777593355618,150,02 - GET /restaurants (search),200,OK,Virtual Users [500 threads] 1-281,text,true,,790,311,221,221,http://k8s-forkfind-forkfind-8e65d48af1-1990260306.us-east-1.elb.amazonaws.com/restaurants?q=pizza&limit=12&sort=rating,150,0,72
1777593355720,79,03 - POST /restaurants/20/reviews,Non HTTP response code: java.net.SocketException,Non HTTP response message: Connection reset,Virtual Users [500 threads] 1-280,text,false,"Review submission returned unexpected status (401 = bad token, 5xx = server error)",2601,0,221,221,http://k8s-forkfind-forkfind-8e65d48af1-1990260306.us-east-1.elb.amazonaws.com/restaurants/20/reviews,0,0,0
1777593325725,30077,01 - POST /auth/user/login,Non HTTP response code: java.net.SocketTimeoutException,Non HTTP response message: Read timed out,Virtual Users [500 threads] 1-284,text,false,Login failed — check credentials in users.csv,2679,0,220,220,http://k8s-forkfind-forkfind-8e65d48af1-1990260306.us-east-1.elb.amazonaws.com/auth/user/login,0,0,75
1777593355676,154,02 - GET /restaurants (search),200,OK,Virtual Users [500 threads] 1-282,text,true,,790,311,220,220,http://k8s-forkfind-forkfind-8e65d48af1-1990260306.us-east-1.elb.amazonaws.com/restaurants?q=pizza&limit=12&sort=rating,154,0,73
1777593355769,74,03 - POST /restaurants/20/reviews,Non HTTP response code: java.net.SocketException,Non HTTP response message: Connection reset,Virtual Users [500 threads] 1-281,text,false,"Review submission returned unexpected status (401 = bad token, 5xx = server error)",2601,0,220,220,http://k8s-forkfind-forkfind-8e65d48af1-1990260306.us-east-1.elb.amazonaws.com/restaurants/20/reviews,0,0,0
1777593325782,30075,01 - POST /auth/user/login,Non HTTP response code: java.net.SocketTimeoutException,Non HTTP response message: Read timed out,Virtual Users [500 threads] 1-285,text,false,Login failed — check credentials in users.csv,2679,0,219,219,http://k8s-forkfind-forkfind-8e65d48af1-1990260306.us-east-1.elb.amazonaws.com/auth/user/login,0,0,72
1777593355747,163,02 - GET /restaurants (search),200,OK,Virtual Users [500 threads] 1-283,text,true,,790,311,219,219,http://k8s-forkfind-forkfind-8e65d48af1-1990260306.us-east-1.elb.amazonaws.com/restaurants?q=pizza&limit=12&sort=rating,163,0,70
1777593355830,80,03 - POST /restaurants/20/reviews,Non HTTP response code: java.net.SocketException,Non HTTP response message: Connection reset,Virtual Users [500 threads] 1-282,text,false,"Review submission returned unexpected status (401 = bad token, 5xx = server error)",2601,0,219,219,http://k8s-forkfind-forkfind-8e65d48af1-1990260306.us-east-1.elb.amazonaws.com/restaurants/20/reviews,0,0,0
1777593325838,30074,01 - POST /auth/user/login,Non HTTP response code: java.net.SocketTimeoutException,Non HTTP response message: Read timed out,Virtual Users [500 threads] 1-286,text,false,Login failed — check credentials in users.csv,2679,0,218,218,http://k8s-forkfind-forkfind-8e65d48af1-1990260306.us-east-1.elb.amazonaws.com/auth/user/login,0,0,73
1777593355803,149,02 - GET /restaurants (search),200,OK,Virtual Users [500 threads] 1-284,text,true,,790,311,218,218,http://k8s-forkfind-forkfind-8e65d48af1-1990260306.us-east-1.elb.amazonaws.com/restaurants?q=pizza&limit=12&sort=rating,149,0,71
1777593325901,30074,01 - POST /auth/user/login,Non HTTP response code: java.net.SocketTimeoutException,Non HTTP response message: Read timed out,Virtual Users [500 threads] 1-287,text,false,Login failed — check credentials in users.csv,2679,0,218,218,http://k8s-forkfind-forkfind-8e65d48af1-1990260306.us-east-1.elb.amazonaws.com/auth/user/login,0,0,72
1777593355910,82,03 - POST /restaurants/20/reviews,Non HTTP response code: java.net.SocketException,Non HTTP response message: Connection reset,Virtual Users [500 threads] 1-283,text,false,"Review submission returned unexpected status (401 = bad token, 5xx = server error)",2601,0,218,218,http://k8s-forkfind-forkfind-8e65d48af1-1990260306.us-east-1.elb.amazonaws.com/restaurants/20/reviews,0,0,0
1777593355858,150,02 - GET /restaurants (search),200,OK,Virtual Users [500 threads] 1-285,text,true,,790,311,217,217,http://k8s-forkfind-forkfind-8e65d48af1-1990260306.us-east-1.elb.amazonaws.com/restaurants?q=pizza&limit=12&sort=rating,150,0,71
1777593355952,77,03 - POST /restaurants/20/reviews,Non HTTP response code: java.net.SocketException,Non HTTP response message: Connection reset,Virtual Users [500 threads] 1-284,text,false,"Review submission returned unexpected status (401 = bad token, 5xx = server error)",2601,0,217,217,http://k8s-forkfind-forkfind-8e65d48af1-1990260306.us-east-1.elb.amazonaws.com/restaurants/20/reviews,0,0,0
1777593325961,30077,01 - POST /auth/user/login,Non HTTP response code: java.net.SocketTimeoutException,Non HTTP response message: Read timed out,Virtual Users [500 threads] 1-288,text,false,Login failed — check credentials in users.csv,2679,0,216,216,http://k8s-forkfind-forkfind-8e65d48af1-1990260306.us-east-1.elb.amazonaws.com/auth/user/login,0,0,76
1777593355913,162,02 - GET /restaurants (search),200,OK,Virtual Users [500 threads] 1-286,text,true,,790,311,216,216,http://k8s-forkfind-forkfind-8e65d48af1-1990260306.us-east-1.elb.amazonaws.com/restaurants?q=pizza&limit=12&sort=rating,162,0,78
1777593356009,76,03 - POST /restaurants/20/reviews,Non HTTP response code: java.net.SocketException,Non HTTP response message: Connection reset,Virtual Users [500 threads] 1-285,text,false,"Review submission returned unexpected status (401 = bad token, 5xx = server error)",2601,0,216,216,http://k8s-forkfind-forkfind-8e65d48af1-1990260306.us-east-1.elb.amazonaws.com/restaurants/20/reviews,0,0,0
1777593326021,30073,01 - POST /auth/user/login,Non HTTP response code: java.net.SocketTimeoutException,Non HTTP response message: Read timed out,Virtual Users [500 threads] 1-289,text,false,Login failed — check credentials in users.csv,2679,0,215,215,http://k8s-forkfind-forkfind-8e65d48af1-1990260306.us-east-1.elb.amazonaws.com/auth/user/login,0,0,72
1777593355977,158,02 - GET /restaurants (search),200,OK,Virtual Users [500 threads] 1-287,text,true,,790,311,215,215,http://k8s-forkfind-forkfind-8e65d48af1-1990260306.us-east-1.elb.amazonaws.com/restaurants?q=pizza&limit=12&sort=rating,158,0,71
1777593356075,72,03 - POST /restaurants/20/reviews,Non HTTP response code: java.net.SocketException,Non HTTP response message: Connection reset,Virtual Users [500 threads] 1-286,text,false,"Review submission returned unexpected status (401 = bad token, 5xx = server error)",2601,0,215,215,http://k8s-forkfind-forkfind-8e65d48af1-1990260306.us-east-1.elb.amazonaws.com/restaurants/20/reviews,0,0,0
1777593326082,30073,01 - POST /auth/user/login,Non HTTP response code: java.net.SocketTimeoutException,Non HTTP response message: Read timed out,Virtual Users [500 threads] 1-290,text,false,Login failed — check credentials in users.csv,2679,0,214,214,http://k8s-forkfind-forkfind-8e65d48af1-1990260306.us-east-1.elb.amazonaws.com/auth/user/login,0,0,71
1777593356136,80,03 - POST /restaurants/20/reviews,Non HTTP response code: java.net.SocketException,Non HTTP response message: Connection reset,Virtual Users [500 threads] 1-287,text,false,"Review submission returned unexpected status (401 = bad token, 5xx = server error)",2601,0,214,214,http://k8s-forkfind-forkfind-8e65d48af1-1990260306.us-east-1.elb.amazonaws.com/restaurants/20/reviews,0,0,0
1777593326140,30076,01 - POST /auth/user/login,Non HTTP response code: java.net.SocketTimeoutException,Non HTTP response message: Read timed out,Virtual Users [500 threads] 1-291,text,false,Login failed — check credentials in users.csv,2679,0,214,214,http://k8s-forkfind-forkfind-8e65d48af1-1990260306.us-east-1.elb.amazonaws.com/auth/user/login,0,0,75
1777593356039,178,02 - GET /restaurants (search),200,OK,Virtual Users [500 threads] 1-288,text,true,,790,311,213,213,http://k8s-forkfind-forkfind-8e65d48af1-1990260306.us-east-1.elb.amazonaws.com/restaurants?q=pizza&limit=12&sort=rating,178,0,96
1777593356095,148,02 - GET /restaurants (search),200,OK,Virtual Users [500 threads] 1-289,text,true,,790,311,213,213,http://k8s-forkfind-forkfind-8e65d48af1-1990260306.us-east-1.elb.amazonaws.com/restaurants?q=pizza&limit=12&sort=rating,148,0,72
1777593326200,30075,01 - POST /auth/user/login,Non HTTP response code: java.net.SocketTimeoutException,Non HTTP response message: Read timed out,Virtual Users [500 threads] 1-292,text,false,Login failed — check credentials in users.csv,2679,0,213,213,http://k8s-forkfind-forkfind-8e65d48af1-1990260306.us-east-1.elb.amazonaws.com/auth/user/login,0,0,73
1777593356217,81,03 - POST /restaurants/20/reviews,Non HTTP response code: java.net.SocketException,Non HTTP response message: Connection reset,Virtual Users [500 threads] 1-288,text,false,"Review submission returned unexpected status (401 = bad token, 5xx = server error)",2601,0,213,213,http://k8s-forkfind-forkfind-8e65d48af1-1990260306.us-east-1.elb.amazonaws.com/restaurants/20/reviews,0,0,0
1777593356156,148,02 - GET /restaurants (search),200,OK,Virtual Users [500 threads] 1-290,text,true,,790,311,212,212,http://k8s-forkfind-forkfind-8e65d48af1-1990260306.us-east-1.elb.amazonaws.com/restaurants?q=pizza&limit=12&sort=rating,148,0,70
1777593356244,72,03 - POST /restaurants/20/reviews,Non HTTP response code: java.net.SocketException,Non HTTP response message: Connection reset,Virtual Users [500 threads] 1-289,text,false,"Review submission returned unexpected status (401 = bad token, 5xx = server error)",2601,0,212,212,http://k8s-forkfind-forkfind-8e65d48af1-1990260306.us-east-1.elb.amazonaws.com/restaurants/20/reviews,0,0,0
1777593326261,30074,01 - POST /auth/user/login,Non HTTP response code: java.net.SocketTimeoutException,Non HTTP response message: Read timed out,Virtual Users [500 threads] 1-293,text,false,Login failed — check credentials in users.csv,2679,0,211,211,http://k8s-forkfind-forkfind-8e65d48af1-1990260306.us-east-1.elb.amazonaws.com/auth/user/login,0,0,72
1777593356217,152,02 - GET /restaurants (search),200,OK,Virtual Users [500 threads] 1-291,text,true,,790,311,211,211,http://k8s-forkfind-forkfind-8e65d48af1-1990260306.us-east-1.elb.amazonaws.com/restaurants?q=pizza&limit=12&sort=rating,152,0,72
1777593356304,77,03 - POST /restaurants/20/reviews,Non HTTP response code: java.net.SocketException,Non HTTP response message: Connection reset,Virtual Users [500 threads] 1-290,text,false,"Review submission returned unexpected status (401 = bad token, 5xx = server error)",2601,0,211,211,http://k8s-forkfind-forkfind-8e65d48af1-1990260306.us-east-1.elb.amazonaws.com/restaurants/20/reviews,0,0,0
1777593326322,30075,01 - POST /auth/user/login,Non HTTP response code: java.net.SocketTimeoutException,Non HTTP response message: Read timed out,Virtual Users [500 threads] 1-294,text,false,Login failed — check credentials in users.csv,2679,0,210,210,http://k8s-forkfind-forkfind-8e65d48af1-1990260306.us-east-1.elb.amazonaws.com/auth/user/login,0,0,73
1777593356275,148,02 - GET /restaurants (search),200,OK,Virtual Users [500 threads] 1-292,text,true,,790,311,210,210,http://k8s-forkfind-forkfind-8e65d48af1-1990260306.us-east-1.elb.amazonaws.com/restaurants?q=pizza&limit=12&sort=rating,148,0,70
1777593356370,74,03 - POST /restaurants/20/reviews,Non HTTP response code: java.net.SocketException,Non HTTP response message: Connection reset,Virtual Users [500 threads] 1-291,text,false,"Review submission returned unexpected status (401 = bad token, 5xx = server error)",2601,0,210,210,http://k8s-forkfind-forkfind-8e65d48af1-1990260306.us-east-1.elb.amazonaws.com/restaurants/20/reviews,0,0,0
1777593326380,30074,01 - POST /auth/user/login,Non HTTP response code: java.net.SocketTimeoutException,Non HTTP response message: Read timed out,Virtual Users [500 threads] 1-295,text,false,Login failed — check credentials in users.csv,2679,0,209,209,http://k8s-forkfind-forkfind-8e65d48af1-1990260306.us-east-1.elb.amazonaws.com/auth/user/login,0,0,72
1777593356336,151,02 - GET /restaurants (search),200,OK,Virtual Users [500 threads] 1-293,text,true,,790,311,209,209,http://k8s-forkfind-forkfind-8e65d48af1-1990260306.us-east-1.elb.amazonaws.com/restaurants?q=pizza&limit=12&sort=rating,151,0,69
1777593356423,75,03 - POST /restaurants/20/reviews,Non HTTP response code: java.net.SocketException,Non HTTP response message: Connection reset,Virtual Users [500 threads] 1-292,text,false,"Review submission returned unexpected status (401 = bad token, 5xx = server error)",2601,0,209,209,http://k8s-forkfind-forkfind-8e65d48af1-1990260306.us-east-1.elb.amazonaws.com/restaurants/20/reviews,0,0,0
1777593326441,30075,01 - POST /auth/user/login,Non HTTP response code: java.net.SocketTimeoutException,Non HTTP response message: Read timed out,Virtual Users [500 threads] 1-296,text,false,Login failed — check credentials in users.csv,2679,0,208,208,http://k8s-forkfind-forkfind-8e65d48af1-1990260306.us-east-1.elb.amazonaws.com/auth/user/login,0,0,73
1777593356397,147,02 - GET /restaurants (search),200,OK,Virtual Users [500 threads] 1-294,text,true,,790,311,208,208,http://k8s-forkfind-forkfind-8e65d48af1-1990260306.us-east-1.elb.amazonaws.com/restaurants?q=pizza&limit=12&sort=rating,147,0,70
1777593356488,75,03 - POST /restaurants/20/reviews,Non HTTP response code: java.net.SocketException,Non HTTP response message: Connection reset,Virtual Users [500 threads] 1-293,text,false,"Review submission returned unexpected status (401 = bad token, 5xx = server error)",2601,0,208,208,http://k8s-forkfind-forkfind-8e65d48af1-1990260306.us-east-1.elb.amazonaws.com/restaurants/20/reviews,0,0,0
1777593326498,30074,01 - POST /auth/user/login,Non HTTP response code: java.net.SocketTimeoutException,Non HTTP response message: Read timed out,Virtual Users [500 threads] 1-297,text,false,Login failed — check credentials in users.csv,2679,0,207,207,http://k8s-forkfind-forkfind-8e65d48af1-1990260306.us-east-1.elb.amazonaws.com/auth/user/login,0,0,72
1777593356455,161,02 - GET /restaurants (search),200,OK,Virtual Users [500 threads] 1-295,text,true,,790,311,207,207,http://k8s-forkfind-forkfind-8e65d48af1-1990260306.us-east-1.elb.amazonaws.com/restaurants?q=pizza&limit=12&sort=rating,161,0,70
1777593356545,72,03 - POST /restaurants/20/reviews,Non HTTP response code: java.net.SocketException,Non HTTP response message: Connection reset,Virtual Users [500 threads] 1-294,text,false,"Review submission returned unexpected status (401 = bad token, 5xx = server error)",2601,0,207,207,http://k8s-forkfind-forkfind-8e65d48af1-1990260306.us-east-1.elb.amazonaws.com/restaurants/20/reviews,0,0,0
1777593326561,30079,01 - POST /auth/user/login,Non HTTP response code: java.net.SocketTimeoutException,Non HTTP response message: Read timed out,Virtual Users [500 threads] 1-298,text,false,Login failed — check credentials in users.csv,2679,0,206,206,http://k8s-forkfind-forkfind-8e65d48af1-1990260306.us-east-1.elb.amazonaws.com/auth/user/login,0,0,77
1777593356517,148,02 - GET /restaurants (search),200,OK,Virtual Users [500 threads] 1-296,text,true,,790,311,206,206,http://k8s-forkfind-forkfind-8e65d48af1-1990260306.us-east-1.elb.amazonaws.com/restaurants?q=pizza&limit=12&sort=rating,148,0,71
1777593356617,77,03 - POST /restaurants/20/reviews,Non HTTP response code: java.net.SocketException,Non HTTP response message: Connection reset,Virtual Users [500 threads] 1-295,text,false,"Review submission returned unexpected status (401 = bad token, 5xx = server error)",2601,0,206,206,http://k8s-forkfind-forkfind-8e65d48af1-1990260306.us-east-1.elb.amazonaws.com/restaurants/20/reviews,0,0,0
1777593326621,30074,01 - POST /auth/user/login,Non HTTP response code: java.net.SocketTimeoutException,Non HTTP response message: Read timed out,Virtual Users [500 threads] 1-299,text,false,Login failed — check credentials in users.csv,2679,0,205,205,http://k8s-forkfind-forkfind-8e65d48af1-1990260306.us-east-1.elb.amazonaws.com/auth/user/login,0,0,72
1777593356573,148,02 - GET /restaurants (search),200,OK,Virtual Users [500 threads] 1-297,text,true,,790,311,205,205,http://k8s-forkfind-forkfind-8e65d48af1-1990260306.us-east-1.elb.amazonaws.com/restaurants?q=pizza&limit=12&sort=rating,148,0,71
1777593356665,74,03 - POST /restaurants/20/reviews,Non HTTP response code: java.net.SocketException,Non HTTP response message: Connection reset,Virtual Users [500 threads] 1-296,text,false,"Review submission returned unexpected status (401 = bad token, 5xx = server error)",2601,0,205,205,http://k8s-forkfind-forkfind-8e65d48af1-1990260306.us-east-1.elb.amazonaws.com/restaurants/20/reviews,0,0,0
1777593326679,30080,01 - POST /auth/user/login,Non HTTP response code: java.net.SocketTimeoutException,Non HTTP response message: Read timed out,Virtual Users [500 threads] 1-300,text,false,Login failed — check credentials in users.csv,2679,0,204,204,http://k8s-forkfind-forkfind-8e65d48af1-1990260306.us-east-1.elb.amazonaws.com/auth/user/login,0,0,78
1777593356641,158,02 - GET /restaurants (search),200,OK,Virtual Users [500 threads] 1-298,text,true,,790,311,204,204,http://k8s-forkfind-forkfind-8e65d48af1-1990260306.us-east-1.elb.amazonaws.com/restaurants?q=pizza&limit=12&sort=rating,158,0,71
1777593356721,78,03 - POST /restaurants/20/reviews,Non HTTP response code: java.net.SocketException,Non HTTP response message: Connection reset,Virtual Users [500 threads] 1-297,text,false,"Review submission returned unexpected status (401 = bad token, 5xx = server error)",2601,0,204,204,http://k8s-forkfind-forkfind-8e65d48af1-1990260306.us-east-1.elb.amazonaws.com/restaurants/20/reviews,0,0,0
1777593326739,30076,01 - POST /auth/user/login,Non HTTP response code: java.net.SocketTimeoutException,Non HTTP response message: Read timed out,Virtual Users [500 threads] 1-301,text,false,Login failed — check credentials in users.csv,2679,0,203,203,http://k8s-forkfind-forkfind-8e65d48af1-1990260306.us-east-1.elb.amazonaws.com/auth/user/login,0,0,74
1777593356696,154,02 - GET /restaurants (search),200,OK,Virtual Users [500 threads] 1-299,text,true,,790,311,203,203,http://k8s-forkfind-forkfind-8e65d48af1-1990260306.us-east-1.elb.amazonaws.com/restaurants?q=pizza&limit=12&sort=rating,154,0,70
1777593356799,75,03 - POST /restaurants/20/reviews,Non HTTP response code: java.net.SocketException,Non HTTP response message: Connection reset,Virtual Users [500 threads] 1-298,text,false,"Review submission returned unexpected status (401 = bad token, 5xx = server error)",2601,0,203,203,http://k8s-forkfind-forkfind-8e65d48af1-1990260306.us-east-1.elb.amazonaws.com/restaurants/20/reviews,0,0,0
1777593326799,30081,01 - POST /auth/user/login,Non HTTP response code: java.net.SocketTimeoutException,Non HTTP response message: Read timed out,Virtual Users [500 threads] 1-302,text,false,Login failed — check credentials in users.csv,2679,0,202,202,http://k8s-forkfind-forkfind-8e65d48af1-1990260306.us-east-1.elb.amazonaws.com/auth/user/login,0,0,79
1777593356760,153,02 - GET /restaurants (search),200,OK,Virtual Users [500 threads] 1-300,text,true,,790,311,202,202,http://k8s-forkfind-forkfind-8e65d48af1-1990260306.us-east-1.elb.amazonaws.com/restaurants?q=pizza&limit=12&sort=rating,153,0,74
1777593356851,82,03 - POST /restaurants/20/reviews,Non HTTP response code: java.net.SocketException,Non HTTP response message: Connection reset,Virtual Users [500 threads] 1-299,text,false,"Review submission returned unexpected status (401 = bad token, 5xx = server error)",2601,0,202,202,http://k8s-forkfind-forkfind-8e65d48af1-1990260306.us-east-1.elb.amazonaws.com/restaurants/20/reviews,0,0,0
1777593326859,30074,01 - POST /auth/user/login,Non HTTP response code: java.net.SocketTimeoutException,Non HTTP response message: Read timed out,Virtual Users [500 threads] 1-303,text,false,Login failed — check credentials in users.csv,2679,0,202,202,http://k8s-forkfind-forkfind-8e65d48af1-1990260306.us-east-1.elb.amazonaws.com/auth/user/login,0,0,73
1777593356816,156,02 - GET /restaurants (search),200,OK,Virtual Users [500 threads] 1-301,text,true,,790,311,201,201,http://k8s-forkfind-forkfind-8e65d48af1-1990260306.us-east-1.elb.amazonaws.com/restaurants?q=pizza&limit=12&sort=rating,156,0,72
1777593356913,73,03 - POST /restaurants/20/reviews,Non HTTP response code: java.net.SocketException,Non HTTP response message: Connection reset,Virtual Users [500 threads] 1-300,text,false,"Review submission returned unexpected status (401 = bad token, 5xx = server error)",2601,0,201,201,http://k8s-forkfind-forkfind-8e65d48af1-1990260306.us-east-1.elb.amazonaws.com/restaurants/20/reviews,0,0,0
1777593326919,30075,01 - POST /auth/user/login,Non HTTP response code: java.net.SocketTimeoutException,Non HTTP response message: Read timed out,Virtual Users [500 threads] 1-304,text,false,Login failed — check credentials in users.csv,2679,0,200,200,http://k8s-forkfind-forkfind-8e65d48af1-1990260306.us-east-1.elb.amazonaws.com/auth/user/login,0,0,73
1777593356881,178,02 - GET /restaurants (search),200,OK,Virtual Users [500 threads] 1-302,text,true,,790,311,200,200,http://k8s-forkfind-forkfind-8e65d48af1-1990260306.us-east-1.elb.amazonaws.com/restaurants?q=pizza&limit=12&sort=rating,178,0,91
1777593356973,87,03 - POST /restaurants/20/reviews,Non HTTP response code: java.net.SocketException,Non HTTP response message: Connection reset,Virtual Users [500 threads] 1-301,text,false,"Review submission returned unexpected status (401 = bad token, 5xx = server error)",2601,0,200,200,http://k8s-forkfind-forkfind-8e65d48af1-1990260306.us-east-1.elb.amazonaws.com/restaurants/20/reviews,0,0,0
1777593326981,30079,01 - POST /auth/user/login,Non HTTP response code: java.net.SocketTimeoutException,Non HTTP response message: Read timed out,Virtual Users [500 threads] 1-305,text,false,Login failed — check credentials in users.csv,2679,0,200,200,http://k8s-forkfind-forkfind-8e65d48af1-1990260306.us-east-1.elb.amazonaws.com/auth/user/login,0,0,77
1777593356934,147,02 - GET /restaurants (search),200,OK,Virtual Users [500 threads] 1-303,text,true,,790,311,199,199,http://k8s-forkfind-forkfind-8e65d48af1-1990260306.us-east-1.elb.amazonaws.com/restaurants?q=pizza&limit=12&sort=rating,147,0,70
1777593357060,78,03 - POST /restaurants/20/reviews,Non HTTP response code: java.net.SocketException,Non HTTP response message: Connection reset,Virtual Users [500 threads] 1-302,text,false,"Review submission returned unexpected status (401 = bad token, 5xx = server error)",2601,0,199,199,http://k8s-forkfind-forkfind-8e65d48af1-1990260306.us-east-1.elb.amazonaws.com/restaurants/20/reviews,0,0,0
1777593356994,147,02 - GET /restaurants (search),200,OK,Virtual Users [500 threads] 1-304,text,true,,790,311,198,198,http://k8s-forkfind-forkfind-8e65d48af1-1990260306.us-east-1.elb.amazonaws.com/restaurants?q=pizza&limit=12&sort=rating,147,0,71
1777593357082,74,03 - POST /restaurants/20/reviews,Non HTTP response code: java.net.SocketException,Non HTTP response message: Connection reset,Virtual Users [500 threads] 1-303,text,false,"Review submission returned unexpected status (401 = bad token, 5xx = server error)",2601,0,198,198,http://k8s-forkfind-forkfind-8e65d48af1-1990260306.us-east-1.elb.amazonaws.com/restaurants/20/reviews,0,0,0
1777593327040,30116,01 - POST /auth/user/login,Non HTTP response code: java.net.SocketTimeoutException,Non HTTP response message: Read timed out,Virtual Users [500 threads] 1-306,text,false,Login failed — check credentials in users.csv,2679,0,198,198,http://k8s-forkfind-forkfind-8e65d48af1-1990260306.us-east-1.elb.amazonaws.com/auth/user/login,0,0,114
1777593327101,30076,01 - POST /auth/user/login,Non HTTP response code: java.net.SocketTimeoutException,Non HTTP response message: Read timed out,Virtual Users [500 threads] 1-307,text,false,Login failed — check credentials in users.csv,2679,0,197,197,http://k8s-forkfind-forkfind-8e65d48af1-1990260306.us-east-1.elb.amazonaws.com/auth/user/login,0,0,74
1777593357061,149,02 - GET /restaurants (search),200,OK,Virtual Users [500 threads] 1-305,text,true,,790,311,197,197,http://k8s-forkfind-forkfind-8e65d48af1-1990260306.us-east-1.elb.amazonaws.com/restaurants?q=pizza&limit=12&sort=rating,149,0,70
1777593357142,72,03 - POST /restaurants/20/reviews,Non HTTP response code: java.net.SocketException,Non HTTP response message: Connection reset,Virtual Users [500 threads] 1-304,text,false,"Review submission returned unexpected status (401 = bad token, 5xx = server error)",2601,0,197,197,http://k8s-forkfind-forkfind-8e65d48af1-1990260306.us-east-1.elb.amazonaws.com/restaurants/20/reviews,0,0,0
1777593327157,30072,01 - POST /auth/user/login,Non HTTP response code: java.net.SocketTimeoutException,Non HTTP response message: Read timed out,Virtual Users [500 threads] 1-308,text,false,Login failed — check credentials in users.csv,2679,0,196,196,http://k8s-forkfind-forkfind-8e65d48af1-1990260306.us-east-1.elb.amazonaws.com/auth/user/login,0,0,70
1777593357211,74,03 - POST /restaurants/20/reviews,Non HTTP response code: java.net.SocketException,Non HTTP response message: Connection reset,Virtual Users [500 threads] 1-305,text,false,"Review submission returned unexpected status (401 = bad token, 5xx = server error)",2601,0,196,196,http://k8s-forkfind-forkfind-8e65d48af1-1990260306.us-east-1.elb.amazonaws.com/restaurants/20/reviews,0,0,0
1777593327220,30073,01 - POST /auth/user/login,Non HTTP response code: java.net.SocketTimeoutException,Non HTTP response message: Read timed out,Virtual Users [500 threads] 1-309,text,false,Login failed — check credentials in users.csv,2679,0,195,195,http://k8s-forkfind-forkfind-8e65d48af1-1990260306.us-east-1.elb.amazonaws.com/auth/user/login,0,0,71
1777593357157,152,02 - GET /restaurants (search),200,OK,Virtual Users [500 threads] 1-306,text,true,,790,311,195,195,http://k8s-forkfind-forkfind-8e65d48af1-1990260306.us-east-1.elb.amazonaws.com/restaurants?q=pizza&limit=12&sort=rating,152,0,73
1777593357178,150,02 - GET /restaurants (search),200,OK,Virtual Users [500 threads] 1-307,text,true,,790,311,195,195,http://k8s-forkfind-forkfind-8e65d48af1-1990260306.us-east-1.elb.amazonaws.com/restaurants?q=pizza&limit=12&sort=rating,150,0,73
1777593327280,30077,01 - POST /auth/user/login,Non HTTP response code: java.net.SocketTimeoutException,Non HTTP response message: Read timed out,Virtual Users [500 threads] 1-310,text,false,Login failed — check credentials in users.csv,2679,0,195,195,http://k8s-forkfind-forkfind-8e65d48af1-1990260306.us-east-1.elb.amazonaws.com/auth/user/login,0,0,75
1777593357230,153,02 - GET /restaurants (search),200,OK,Virtual Users [500 threads] 1-308,text,true,,790,311,195,195,http://k8s-forkfind-forkfind-8e65d48af1-1990260306.us-east-1.elb.amazonaws.com/restaurants?q=pizza&limit=12&sort=rating,153,0,71
1777593357310,77,03 - POST /restaurants/20/reviews,Non HTTP response code: java.net.SocketException,Non HTTP response message: Connection reset,Virtual Users [500 threads] 1-306,text,false,"Review submission returned unexpected status (401 = bad token, 5xx = server error)",2601,0,195,195,http://k8s-forkfind-forkfind-8e65d48af1-1990260306.us-east-1.elb.amazonaws.com/restaurants/20/reviews,0,0,0
1777593357329,73,03 - POST /restaurants/20/reviews,Non HTTP response code: java.net.SocketException,Non HTTP response message: Connection reset,Virtual Users [500 threads] 1-307,text,false,"Review submission returned unexpected status (401 = bad token, 5xx = server error)",2601,0,194,194,http://k8s-forkfind-forkfind-8e65d48af1-1990260306.us-east-1.elb.amazonaws.com/restaurants/20/reviews,0,0,0
1777593327341,30079,01 - POST /auth/user/login,Non HTTP response code: java.net.SocketTimeoutException,Non HTTP response message: Read timed out,Virtual Users [500 threads] 1-311,text,false,Login failed — check credentials in users.csv,2679,0,193,193,http://k8s-forkfind-forkfind-8e65d48af1-1990260306.us-east-1.elb.amazonaws.com/auth/user/login,0,0,77
1777593357294,151,02 - GET /restaurants (search),200,OK,Virtual Users [500 threads] 1-309,text,true,,790,311,193,193,http://k8s-forkfind-forkfind-8e65d48af1-1990260306.us-east-1.elb.amazonaws.com/restaurants?q=pizza&limit=12&sort=rating,151,0,73
1777593357383,74,03 - POST /restaurants/20/reviews,Non HTTP response code: java.net.SocketException,Non HTTP response message: Connection reset,Virtual Users [500 threads] 1-308,text,false,"Review submission returned unexpected status (401 = bad token, 5xx = server error)",2601,0,193,193,http://k8s-forkfind-forkfind-8e65d48af1-1990260306.us-east-1.elb.amazonaws.com/restaurants/20/reviews,0,0,0
1777593327396,30078,01 - POST /auth/user/login,Non HTTP response code: java.net.SocketTimeoutException,Non HTTP response message: Read timed out,Virtual Users [500 threads] 1-312,text,false,Login failed — check credentials in users.csv,2679,0,192,192,http://k8s-forkfind-forkfind-8e65d48af1-1990260306.us-east-1.elb.amazonaws.com/auth/user/login,0,0,76
1777593357358,152,02 - GET /restaurants (search),200,OK,Virtual Users [500 threads] 1-310,text,true,,790,311,192,192,http://k8s-forkfind-forkfind-8e65d48af1-1990260306.us-east-1.elb.amazonaws.com/restaurants?q=pizza&limit=12&sort=rating,152,0,71
1777593357445,73,03 - POST /restaurants/20/reviews,Non HTTP response code: java.net.SocketException,Non HTTP response message: Connection reset,Virtual Users [500 threads] 1-309,text,false,"Review submission returned unexpected status (401 = bad token, 5xx = server error)",2601,0,192,192,http://k8s-forkfind-forkfind-8e65d48af1-1990260306.us-east-1.elb.amazonaws.com/restaurants/20/reviews,0,0,0
1777593327461,30084,01 - POST /auth/user/login,Non HTTP response code: java.net.SocketTimeoutException,Non HTTP response message: Read timed out,Virtual Users [500 threads] 1-313,text,false,Login failed — check credentials in users.csv,2679,0,191,191,http://k8s-forkfind-forkfind-8e65d48af1-1990260306.us-east-1.elb.amazonaws.com/auth/user/login,0,0,83
1777593357421,150,02 - GET /restaurants (search),200,OK,Virtual Users [500 threads] 1-311,text,true,,790,311,191,191,http://k8s-forkfind-forkfind-8e65d48af1-1990260306.us-east-1.elb.amazonaws.com/restaurants?q=pizza&limit=12&sort=rating,150,0,71
1777593357510,73,03 - POST /restaurants/20/reviews,Non HTTP response code: java.net.SocketException,Non HTTP response message: Connection reset,Virtual Users [500 threads] 1-310,text,false,"Review submission returned unexpected status (401 = bad token, 5xx = server error)",2601,0,191,191,http://k8s-forkfind-forkfind-8e65d48af1-1990260306.us-east-1.elb.amazonaws.com/restaurants/20/reviews,0,0,0
1777593327520,30074,01 - POST /auth/user/login,Non HTTP response code: java.net.SocketTimeoutException,Non HTTP response message: Read timed out,Virtual Users [500 threads] 1-314,text,false,Login failed — check credentials in users.csv,2679,0,190,190,http://k8s-forkfind-forkfind-8e65d48af1-1990260306.us-east-1.elb.amazonaws.com/auth/user/login,0,0,72
1777593357475,149,02 - GET /restaurants (search),200,OK,Virtual Users [500 threads] 1-312,text,true,,790,311,190,190,http://k8s-forkfind-forkfind-8e65d48af1-1990260306.us-east-1.elb.amazonaws.com/restaurants?q=pizza&limit=12&sort=rating,149,0,71
1777593357571,74,03 - POST /restaurants/20/reviews,Non HTTP response code: java.net.SocketException,Non HTTP response message: Connection reset,Virtual Users [500 threads] 1-311,text,false,"Review submission returned unexpected status (401 = bad token, 5xx = server error)",2601,0,190,190,http://k8s-forkfind-forkfind-8e65d48af1-1990260306.us-east-1.elb.amazonaws.com/restaurants/20/reviews,0,0,0
1777593327575,30073,01 - POST /auth/user/login,Non HTTP response code: java.net.SocketTimeoutException,Non HTTP response message: Read timed out,Virtual Users [500 threads] 1-315,text,false,Login failed — check credentials in users.csv,2679,0,189,189,http://k8s-forkfind-forkfind-8e65d48af1-1990260306.us-east-1.elb.amazonaws.com/auth/user/login,0,0,72
1777593357546,153,02 - GET /restaurants (search),200,OK,Virtual Users [500 threads] 1-313,text,true,,790,311,189,189,http://k8s-forkfind-forkfind-8e65d48af1-1990260306.us-east-1.elb.amazonaws.com/restaurants?q=pizza&limit=12&sort=rating,153,0,71
1777593357625,74,03 - POST /restaurants/20/reviews,Non HTTP response code: java.net.SocketException,Non HTTP response message: Connection reset,Virtual Users [500 threads] 1-312,text,false,"Review submission returned unexpected status (401 = bad token, 5xx = server error)",2601,0,189,189,http://k8s-forkfind-forkfind-8e65d48af1-1990260306.us-east-1.elb.amazonaws.com/restaurants/20/reviews,0,0,0
1777593327641,30076,01 - POST /auth/user/login,Non HTTP response code: java.net.SocketTimeoutException,Non HTTP response message: Read timed out,Virtual Users [500 threads] 1-316,text,false,Login failed — check credentials in users.csv,2679,0,188,188,http://k8s-forkfind-forkfind-8e65d48af1-1990260306.us-east-1.elb.amazonaws.com/auth/user/login,0,0,74
1777593357595,148,02 - GET /restaurants (search),200,OK,Virtual Users [500 threads] 1-314,text,true,,790,311,188,188,http://k8s-forkfind-forkfind-8e65d48af1-1990260306.us-east-1.elb.amazonaws.com/restaurants?q=pizza&limit=12&sort=rating,148,0,71
1777593357700,73,03 - POST /restaurants/20/reviews,Non HTTP response code: java.net.SocketException,Non HTTP response message: Connection reset,Virtual Users [500 threads] 1-313,text,false,"Review submission returned unexpected status (401 = bad token, 5xx = server error)",2601,0,188,188,http://k8s-forkfind-forkfind-8e65d48af1-1990260306.us-east-1.elb.amazonaws.com/restaurants/20/reviews,0,0,0
1777593327696,30085,01 - POST /auth/user/login,Non HTTP response code: java.net.SocketTimeoutException,Non HTTP response message: Read timed out,Virtual Users [500 threads] 1-317,text,false,Login failed — check credentials in users.csv,2679,0,187,187,http://k8s-forkfind-forkfind-8e65d48af1-1990260306.us-east-1.elb.amazonaws.com/auth/user/login,0,0,83
1777593357649,152,02 - GET /restaurants (search),200,OK,Virtual Users [500 threads] 1-315,text,true,,790,311,187,187,http://k8s-forkfind-forkfind-8e65d48af1-1990260306.us-east-1.elb.amazonaws.com/restaurants?q=pizza&limit=12&sort=rating,152,0,70
1777593357743,75,03 - POST /restaurants/20/reviews,Non HTTP response code: java.net.SocketException,Non HTTP response message: Connection reset,Virtual Users [500 threads] 1-314,text,false,"Review submission returned unexpected status (401 = bad token, 5xx = server error)",2601,0,187,187,http://k8s-forkfind-forkfind-8e65d48af1-1990260306.us-east-1.elb.amazonaws.com/restaurants/20/reviews,0,0,0
1777593327761,30090,01 - POST /auth/user/login,Non HTTP response code: java.net.SocketTimeoutException,Non HTTP response message: Read timed out,Virtual Users [500 threads] 1-318,text,false,Login failed — check credentials in users.csv,2679,0,186,186,http://k8s-forkfind-forkfind-8e65d48af1-1990260306.us-east-1.elb.amazonaws.com/auth/user/login,0,0,87
1777593357718,149,02 - GET /restaurants (search),200,OK,Virtual Users [500 threads] 1-316,text,true,,790,311,186,186,http://k8s-forkfind-forkfind-8e65d48af1-1990260306.us-east-1.elb.amazonaws.com/restaurants?q=pizza&limit=12&sort=rating,149,0,71
1777593357802,74,03 - POST /restaurants/20/reviews,Non HTTP response code: java.net.SocketException,Non HTTP response message: Connection reset,Virtual Users [500 threads] 1-315,text,false,"Review submission returned unexpected status (401 = bad token, 5xx = server error)",2601,0,186,186,http://k8s-forkfind-forkfind-8e65d48af1-1990260306.us-east-1.elb.amazonaws.com/restaurants/20/reviews,0,0,0
1777593327816,30074,01 - POST /auth/user/login,Non HTTP response code: java.net.SocketTimeoutException,Non HTTP response message: Read timed out,Virtual Users [500 threads] 1-319,text,false,Login failed — check credentials in users.csv,2679,0,185,185,http://k8s-forkfind-forkfind-8e65d48af1-1990260306.us-east-1.elb.amazonaws.com/auth/user/login,0,0,72
1777593357782,167,02 - GET /restaurants (search),200,OK,Virtual Users [500 threads] 1-317,text,true,,790,311,185,185,http://k8s-forkfind-forkfind-8e65d48af1-1990260306.us-east-1.elb.amazonaws.com/restaurants?q=pizza&limit=12&sort=rating,166,0,72
1777593357868,81,03 - POST /restaurants/20/reviews,Non HTTP response code: java.net.SocketException,Non HTTP response message: Connection reset,Virtual Users [500 threads] 1-316,text,false,"Review submission returned unexpected status (401 = bad token, 5xx = server error)",2601,0,185,185,http://k8s-forkfind-forkfind-8e65d48af1-1990260306.us-east-1.elb.amazonaws.com/restaurants/20/reviews,0,0,0
1777593327880,30075,01 - POST /auth/user/login,Non HTTP response code: java.net.SocketTimeoutException,Non HTTP response message: Read timed out,Virtual Users [500 threads] 1-320,text,false,Login failed — check credentials in users.csv,2679,0,184,184,http://k8s-forkfind-forkfind-8e65d48af1-1990260306.us-east-1.elb.amazonaws.com/auth/user/login,0,0,73
1777593327941,30076,01 - POST /auth/user/login,Non HTTP response code: java.net.SocketTimeoutException,Non HTTP response message: Read timed out,Virtual Users [500 threads] 1-321,text,false,Login failed — check credentials in users.csv,2679,0,184,184,http://k8s-forkfind-forkfind-8e65d48af1-1990260306.us-east-1.elb.amazonaws.com/auth/user/login,0,0,73
1777593357852,192,02 - GET /restaurants (search),200,OK,Virtual Users [500 threads] 1-318,text,true,,790,311,184,184,http://k8s-forkfind-forkfind-8e65d48af1-1990260306.us-east-1.elb.amazonaws.com/restaurants?q=pizza&limit=12&sort=rating,192,0,75
1777593357949,95,03 - POST /restaurants/20/reviews,Non HTTP response code: java.net.SocketException,Non HTTP response message: Connection reset,Virtual Users [500 threads] 1-317,text,false,"Review submission returned unexpected status (401 = bad token, 5xx = server error)",2601,0,184,184,http://k8s-forkfind-forkfind-8e65d48af1-1990260306.us-east-1.elb.amazonaws.com/restaurants/20/reviews,0,0,0
1777593357893,155,02 - GET /restaurants (search),200,OK,Virtual Users [500 threads] 1-319,text,true,,790,311,183,183,http://k8s-forkfind-forkfind-8e65d48af1-1990260306.us-east-1.elb.amazonaws.com/restaurants?q=pizza&limit=12&sort=rating,155,0,71
1777593328001,30072,01 - POST /auth/user/login,Non HTTP response code: java.net.SocketTimeoutException,Non HTTP response message: Read timed out,Virtual Users [500 threads] 1-322,text,false,Login failed — check credentials in users.csv,2679,0,183,183,http://k8s-forkfind-forkfind-8e65d48af1-1990260306.us-east-1.elb.amazonaws.com/auth/user/login,0,0,71
1777593358045,74,03 - POST /restaurants/20/reviews,Non HTTP response code: java.net.SocketException,Non HTTP response message: Connection reset,Virtual Users [500 threads] 1-318,text,false,"Review submission returned unexpected status (401 = bad token, 5xx = server error)",2601,0,183,183,http://k8s-forkfind-forkfind-8e65d48af1-1990260306.us-east-1.elb.amazonaws.com/restaurants/20/reviews,0,0,0
1777593357956,166,02 - GET /restaurants (search),200,OK,Virtual Users [500 threads] 1-320,text,true,,790,311,182,182,http://k8s-forkfind-forkfind-8e65d48af1-1990260306.us-east-1.elb.amazonaws.com/restaurants?q=pizza&limit=12&sort=rating,166,0,88
1777593358049,73,03 - POST /restaurants/20/reviews,Non HTTP response code: java.net.SocketException,Non HTTP response message: Connection reset,Virtual Users [500 threads] 1-319,text,false,"Review submission returned unexpected status (401 = bad token, 5xx = server error)",2601,0,182,182,http://k8s-forkfind-forkfind-8e65d48af1-1990260306.us-east-1.elb.amazonaws.com/restaurants/20/reviews,0,0,0
1777593328059,30075,01 - POST /auth/user/login,Non HTTP response code: java.net.SocketTimeoutException,Non HTTP response message: Read timed out,Virtual Users [500 threads] 1-323,text,false,Login failed — check credentials in users.csv,2679,0,181,181,http://k8s-forkfind-forkfind-8e65d48af1-1990260306.us-east-1.elb.amazonaws.com/auth/user/login,0,0,73
1777593358018,154,02 - GET /restaurants (search),200,OK,Virtual Users [500 threads] 1-321,text,true,,790,311,181,181,http://k8s-forkfind-forkfind-8e65d48af1-1990260306.us-east-1.elb.amazonaws.com/restaurants?q=pizza&limit=12&sort=rating,154,0,75
1777593328122,30075,01 - POST /auth/user/login,Non HTTP response code: java.net.SocketTimeoutException,Non HTTP response message: Read timed out,Virtual Users [500 threads] 1-324,text,false,Login failed — check credentials in users.csv,2679,0,181,181,http://k8s-forkfind-forkfind-8e65d48af1-1990260306.us-east-1.elb.amazonaws.com/auth/user/login,0,0,73
1777593358122,76,03 - POST /restaurants/20/reviews,Non HTTP response code: java.net.SocketException,Non HTTP response message: Connection reset,Virtual Users [500 threads] 1-320,text,false,"Review submission returned unexpected status (401 = bad token, 5xx = server error)",2601,0,181,181,http://k8s-forkfind-forkfind-8e65d48af1-1990260306.us-east-1.elb.amazonaws.com/restaurants/20/reviews,0,0,0
1777593358074,149,02 - GET /restaurants (search),200,OK,Virtual Users [500 threads] 1-322,text,true,,790,311,180,180,http://k8s-forkfind-forkfind-8e65d48af1-1990260306.us-east-1.elb.amazonaws.com/restaurants?q=pizza&limit=12&sort=rating,149,0,73
1777593358172,75,03 - POST /restaurants/20/reviews,Non HTTP response code: java.net.SocketException,Non HTTP response message: Connection reset,Virtual Users [500 threads] 1-321,text,false,"Review submission returned unexpected status (401 = bad token, 5xx = server error)",2601,0,180,180,http://k8s-forkfind-forkfind-8e65d48af1-1990260306.us-east-1.elb.amazonaws.com/restaurants/20/reviews,0,0,0
1777593328182,30076,01 - POST /auth/user/login,Non HTTP response code: java.net.SocketTimeoutException,Non HTTP response message: Read timed out,Virtual Users [500 threads] 1-325,text,false,Login failed — check credentials in users.csv,2679,0,179,179,http://k8s-forkfind-forkfind-8e65d48af1-1990260306.us-east-1.elb.amazonaws.com/auth/user/login,0,0,75
1777593358135,150,02 - GET /restaurants (search),200,OK,Virtual Users [500 threads] 1-323,text,true,,790,311,179,179,http://k8s-forkfind-forkfind-8e65d48af1-1990260306.us-east-1.elb.amazonaws.com/restaurants?q=pizza&limit=12&sort=rating,149,0,72
1777593358224,74,03 - POST /restaurants/20/reviews,Non HTTP response code: java.net.SocketException,Non HTTP response message: Connection reset,Virtual Users [500 threads] 1-322,text,false,"Review submission returned unexpected status (401 = bad token, 5xx = server error)",2601,0,179,179,http://k8s-forkfind-forkfind-8e65d48af1-1990260306.us-east-1.elb.amazonaws.com/restaurants/20/reviews,0,0,0
1777593328241,30081,01 - POST /auth/user/login,Non HTTP response code: java.net.SocketTimeoutException,Non HTTP response message: Read timed out,Virtual Users [500 threads] 1-326,text,false,Login failed — check credentials in users.csv,2679,0,178,178,http://k8s-forkfind-forkfind-8e65d48af1-1990260306.us-east-1.elb.amazonaws.com/auth/user/login,0,0,79
1777593358199,151,02 - GET /restaurants (search),200,OK,Virtual Users [500 threads] 1-324,text,true,,790,311,178,178,http://k8s-forkfind-forkfind-8e65d48af1-1990260306.us-east-1.elb.amazonaws.com/restaurants?q=pizza&limit=12&sort=rating,151,0,74
1777593358285,73,03 - POST /restaurants/20/reviews,Non HTTP response code: java.net.SocketException,Non HTTP response message: Connection reset,Virtual Users [500 threads] 1-323,text,false,"Review submission returned unexpected status (401 = bad token, 5xx = server error)",2601,0,178,178,http://k8s-forkfind-forkfind-8e65d48af1-1990260306.us-east-1.elb.amazonaws.com/restaurants/20/reviews,0,0,0
1777593328300,30075,01 - POST /auth/user/login,Non HTTP response code: java.net.SocketTimeoutException,Non HTTP response message: Read timed out,Virtual Users [500 threads] 1-327,text,false,Login failed — check credentials in users.csv,2679,0,177,177,http://k8s-forkfind-forkfind-8e65d48af1-1990260306.us-east-1.elb.amazonaws.com/auth/user/login,0,0,73
1777593358259,153,02 - GET /restaurants (search),200,OK,Virtual Users [500 threads] 1-325,text,true,,790,311,177,177,http://k8s-forkfind-forkfind-8e65d48af1-1990260306.us-east-1.elb.amazonaws.com/restaurants?q=pizza&limit=12&sort=rating,153,0,71
1777593358351,73,03 - POST /restaurants/20/reviews,Non HTTP response code: java.net.SocketException,Non HTTP response message: Connection reset,Virtual Users [500 threads] 1-324,text,false,"Review submission returned unexpected status (401 = bad token, 5xx = server error)",2601,0,177,177,http://k8s-forkfind-forkfind-8e65d48af1-1990260306.us-east-1.elb.amazonaws.com/restaurants/20/reviews,0,0,0
1777593328361,30091,01 - POST /auth/user/login,Non HTTP response code: java.net.SocketTimeoutException,Non HTTP response message: Read timed out,Virtual Users [500 threads] 1-328,text,false,Login failed — check credentials in users.csv,2679,0,176,176,http://k8s-forkfind-forkfind-8e65d48af1-1990260306.us-east-1.elb.amazonaws.com/auth/user/login,0,0,89
1777593358324,152,02 - GET /restaurants (search),200,OK,Virtual Users [500 threads] 1-326,text,true,,790,311,176,176,http://k8s-forkfind-forkfind-8e65d48af1-1990260306.us-east-1.elb.amazonaws.com/restaurants?q=pizza&limit=12&sort=rating,152,0,74
1777593358413,73,03 - POST /restaurants/20/reviews,Non HTTP response code: java.net.SocketException,Non HTTP response message: Connection reset,Virtual Users [500 threads] 1-325,text,false,"Review submission returned unexpected status (401 = bad token, 5xx = server error)",2601,0,176,176,http://k8s-forkfind-forkfind-8e65d48af1-1990260306.us-east-1.elb.amazonaws.com/restaurants/20/reviews,0,0,0
1777593328421,30074,01 - POST /auth/user/login,Non HTTP response code: java.net.SocketTimeoutException,Non HTTP response message: Read timed out,Virtual Users [500 threads] 1-329,text,false,Login failed — check credentials in users.csv,2679,0,175,175,http://k8s-forkfind-forkfind-8e65d48af1-1990260306.us-east-1.elb.amazonaws.com/auth/user/login,0,0,73
1777593358377,147,02 - GET /restaurants (search),200,OK,Virtual Users [500 threads] 1-327,text,true,,790,311,175,175,http://k8s-forkfind-forkfind-8e65d48af1-1990260306.us-east-1.elb.amazonaws.com/restaurants?q=pizza&limit=12&sort=rating,147,0,71
1777593358476,75,03 - POST /restaurants/20/reviews,Non HTTP response code: java.net.SocketException,Non HTTP response message: Connection reset,Virtual Users [500 threads] 1-326,text,false,"Review submission returned unexpected status (401 = bad token, 5xx = server error)",2601,0,175,175,http://k8s-forkfind-forkfind-8e65d48af1-1990260306.us-east-1.elb.amazonaws.com/restaurants/20/reviews,0,0,0
1777593328480,30079,01 - POST /auth/user/login,Non HTTP response code: java.net.SocketTimeoutException,Non HTTP response message: Read timed out,Virtual Users [500 threads] 1-330,text,false,Login failed — check credentials in users.csv,2679,0,174,174,http://k8s-forkfind-forkfind-8e65d48af1-1990260306.us-east-1.elb.amazonaws.com/auth/user/login,0,0,77
1777593358524,74,03 - POST /restaurants/20/reviews,Non HTTP response code: java.net.SocketException,Non HTTP response message: Connection reset,Virtual Users [500 threads] 1-327,text,false,"Review submission returned unexpected status (401 = bad token, 5xx = server error)",2601,0,174,174,http://k8s-forkfind-forkfind-8e65d48af1-1990260306.us-east-1.elb.amazonaws.com/restaurants/20/reviews,0,0,0
1777593358453,148,02 - GET /restaurants (search),200,OK,Virtual Users [500 threads] 1-328,text,true,,790,311,173,173,http://k8s-forkfind-forkfind-8e65d48af1-1990260306.us-east-1.elb.amazonaws.com/restaurants?q=pizza&limit=12&sort=rating,148,0,71
1777593328541,30072,01 - POST /auth/user/login,Non HTTP response code: java.net.SocketTimeoutException,Non HTTP response message: Read timed out,Virtual Users [500 threads] 1-331,text,false,Login failed — check credentials in users.csv,2679,0,173,173,http://k8s-forkfind-forkfind-8e65d48af1-1990260306.us-east-1.elb.amazonaws.com/auth/user/login,0,0,71
1777593358496,149,02 - GET /restaurants (search),200,OK,Virtual Users [500 threads] 1-329,text,true,,790,311,173,173,http://k8s-forkfind-forkfind-8e65d48af1-1990260306.us-east-1.elb.amazonaws.com/restaurants?q=pizza&limit=12&sort=rating,149,0,71
1777593328597,30074,01 - POST /auth/user/login,Non HTTP response code: java.net.SocketTimeoutException,Non HTTP response message: Read timed out,Virtual Users [500 threads] 1-332,text,false,Login failed — check credentials in users.csv,2679,0,173,173,http://k8s-forkfind-forkfind-8e65d48af1-1990260306.us-east-1.elb.amazonaws.com/auth/user/login,0,0,72
1777593358602,72,03 - POST /restaurants/20/reviews,Non HTTP response code: java.net.SocketException,Non HTTP response message: Connection reset,Virtual Users [500 threads] 1-328,text,false,"Review submission returned unexpected status (401 = bad token, 5xx = server error)",2601,0,173,173,http://k8s-forkfind-forkfind-8e65d48af1-1990260306.us-east-1.elb.amazonaws.com/restaurants/20/reviews,0,0,0
1777593358559,153,02 - GET /restaurants (search),200,OK,Virtual Users [500 threads] 1-330,text,true,,790,311,172,172,http://k8s-forkfind-forkfind-8e65d48af1-1990260306.us-east-1.elb.amazonaws.com/restaurants?q=pizza&limit=12&sort=rating,153,0,71
1777593358645,74,03 - POST /restaurants/20/reviews,Non HTTP response code: java.net.SocketException,Non HTTP response message: Connection reset,Virtual Users [500 threads] 1-329,text,false,"Review submission returned unexpected status (401 = bad token, 5xx = server error)",2601,0,172,172,http://k8s-forkfind-forkfind-8e65d48af1-1990260306.us-east-1.elb.amazonaws.com/restaurants/20/reviews,0,0,0
1777593328661,30073,01 - POST /auth/user/login,Non HTTP response code: java.net.SocketTimeoutException,Non HTTP response message: Read timed out,Virtual Users [500 threads] 1-333,text,false,Login failed — check credentials in users.csv,2679,0,171,171,http://k8s-forkfind-forkfind-8e65d48af1-1990260306.us-east-1.elb.amazonaws.com/auth/user/login,0,0,71
1777593358614,153,02 - GET /restaurants (search),200,OK,Virtual Users [500 threads] 1-331,text,true,,790,311,171,171,http://k8s-forkfind-forkfind-8e65d48af1-1990260306.us-east-1.elb.amazonaws.com/restaurants?q=pizza&limit=12&sort=rating,153,0,72
1777593358713,82,03 - POST /restaurants/20/reviews,Non HTTP response code: java.net.SocketException,Non HTTP response message: Connection reset,Virtual Users [500 threads] 1-330,text,false,"Review submission returned unexpected status (401 = bad token, 5xx = server error)",2601,0,171,171,http://k8s-forkfind-forkfind-8e65d48af1-1990260306.us-east-1.elb.amazonaws.com/restaurants/20/reviews,0,0,0
1777593328721,30078,01 - POST /auth/user/login,Non HTTP response code: java.net.SocketTimeoutException,Non HTTP response message: Read timed out,Virtual Users [500 threads] 1-334,text,false,Login failed — check credentials in users.csv,2679,0,170,170,http://k8s-forkfind-forkfind-8e65d48af1-1990260306.us-east-1.elb.amazonaws.com/auth/user/login,0,0,76
1777593358672,148,02 - GET /restaurants (search),200,OK,Virtual Users [500 threads] 1-332,text,true,,790,311,170,170,http://k8s-forkfind-forkfind-8e65d48af1-1990260306.us-east-1.elb.amazonaws.com/restaurants?q=pizza&limit=12&sort=rating,148,0,70
1777593358767,74,03 - POST /restaurants/20/reviews,Non HTTP response code: java.net.SocketException,Non HTTP response message: Connection reset,Virtual Users [500 threads] 1-331,text,false,"Review submission returned unexpected status (401 = bad token, 5xx = server error)",2601,0,170,170,http://k8s-forkfind-forkfind-8e65d48af1-1990260306.us-east-1.elb.amazonaws.com/restaurants/20/reviews,0,0,0
1777593328780,30074,01 - POST /auth/user/login,Non HTTP response code: java.net.SocketTimeoutException,Non HTTP response message: Read timed out,Virtual Users [500 threads] 1-335,text,false,Login failed — check credentials in users.csv,2679,0,169,169,http://k8s-forkfind-forkfind-8e65d48af1-1990260306.us-east-1.elb.amazonaws.com/auth/user/login,0,0,72
1777593358735,171,02 - GET /restaurants (search),200,OK,Virtual Users [500 threads] 1-333,text,true,,790,311,169,169,http://k8s-forkfind-forkfind-8e65d48af1-1990260306.us-east-1.elb.amazonaws.com/restaurants?q=pizza&limit=12&sort=rating,171,0,73
1777593358820,86,03 - POST /restaurants/20/reviews,Non HTTP response code: java.net.SocketException,Non HTTP response message: Connection reset,Virtual Users [500 threads] 1-332,text,false,"Review submission returned unexpected status (401 = bad token, 5xx = server error)",2601,0,169,169,http://k8s-forkfind-forkfind-8e65d48af1-1990260306.us-east-1.elb.amazonaws.com/restaurants/20/reviews,0,0,0
1777593328840,30083,01 - POST /auth/user/login,Non HTTP response code: java.net.SocketTimeoutException,Non HTTP response message: Read timed out,Virtual Users [500 threads] 1-336,text,false,Login failed — check credentials in users.csv,2679,0,168,168,http://k8s-forkfind-forkfind-8e65d48af1-1990260306.us-east-1.elb.amazonaws.com/auth/user/login,0,0,81
1777593358800,151,02 - GET /restaurants (search),200,OK,Virtual Users [500 threads] 1-334,text,true,,790,311,168,168,http://k8s-forkfind-forkfind-8e65d48af1-1990260306.us-east-1.elb.amazonaws.com/restaurants?q=pizza&limit=12&sort=rating,151,0,71
1777593328899,30081,01 - POST /auth/user/login,Non HTTP response code: java.net.SocketTimeoutException,Non HTTP response message: Read timed out,Virtual Users [500 threads] 1-337,text,false,Login failed — check credentials in users.csv,2679,0,168,168,http://k8s-forkfind-forkfind-8e65d48af1-1990260306.us-east-1.elb.amazonaws.com/auth/user/login,0,0,79
1777593358906,76,03 - POST /restaurants/20/reviews,Non HTTP response code: java.net.SocketException,Non HTTP response message: Connection reset,Virtual Users [500 threads] 1-333,text,false,"Review submission returned unexpected status (401 = bad token, 5xx = server error)",2601,0,168,168,http://k8s-forkfind-forkfind-8e65d48af1-1990260306.us-east-1.elb.amazonaws.com/restaurants/20/reviews,0,0,0
1777593358855,159,02 - GET /restaurants (search),200,OK,Virtual Users [500 threads] 1-335,text,true,,790,311,167,167,http://k8s-forkfind-forkfind-8e65d48af1-1990260306.us-east-1.elb.amazonaws.com/restaurants?q=pizza&limit=12&sort=rating,159,0,73
1777593358952,76,03 - POST /restaurants/20/reviews,Non HTTP response code: java.net.SocketException,Non HTTP response message: Connection reset,Virtual Users [500 threads] 1-334,text,false,"Review submission returned unexpected status (401 = bad token, 5xx = server error)",2601,0,167,167,http://k8s-forkfind-forkfind-8e65d48af1-1990260306.us-east-1.elb.amazonaws.com/restaurants/20/reviews,0,0,0
1777593328958,30077,01 - POST /auth/user/login,Non HTTP response code: java.net.SocketTimeoutException,Non HTTP response message: Read timed out,Virtual Users [500 threads] 1-338,text,false,Login failed — check credentials in users.csv,2679,0,166,166,http://k8s-forkfind-forkfind-8e65d48af1-1990260306.us-east-1.elb.amazonaws.com/auth/user/login,0,0,75
1777593358924,153,02 - GET /restaurants (search),200,OK,Virtual Users [500 threads] 1-336,text,true,,790,311,166,166,http://k8s-forkfind-forkfind-8e65d48af1-1990260306.us-east-1.elb.amazonaws.com/restaurants?q=pizza&limit=12&sort=rating,153,0,75
1777593359014,73,03 - POST /restaurants/20/reviews,Non HTTP response code: java.net.SocketException,Non HTTP response message: Connection reset,Virtual Users [500 threads] 1-335,text,false,"Review submission returned unexpected status (401 = bad token, 5xx = server error)",2601,0,166,166,http://k8s-forkfind-forkfind-8e65d48af1-1990260306.us-east-1.elb.amazonaws.com/restaurants/20/reviews,0,0,0
1777593329020,30083,01 - POST /auth/user/login,Non HTTP response code: java.net.SocketTimeoutException,Non HTTP response message: Read timed out,Virtual Users [500 threads] 1-339,text,false,Login failed — check credentials in users.csv,2679,0,165,165,http://k8s-forkfind-forkfind-8e65d48af1-1990260306.us-east-1.elb.amazonaws.com/auth/user/login,0,0,81
1777593358981,154,02 - GET /restaurants (search),200,OK,Virtual Users [500 threads] 1-337,text,true,,790,311,165,165,http://k8s-forkfind-forkfind-8e65d48af1-1990260306.us-east-1.elb.amazonaws.com/restaurants?q=pizza&limit=12&sort=rating,154,0,74
1777593359077,73,03 - POST /restaurants/20/reviews,Non HTTP response code: java.net.SocketException,Non HTTP response message: Connection reset,Virtual Users [500 threads] 1-336,text,false,"Review submission returned unexpected status (401 = bad token, 5xx = server error)",2601,0,165,165,http://k8s-forkfind-forkfind-8e65d48af1-1990260306.us-east-1.elb.amazonaws.com/restaurants/20/reviews,0,0,0
1777593329076,30106,01 - POST /auth/user/login,Non HTTP response code: java.net.SocketTimeoutException,Non HTTP response message: Read timed out,Virtual Users [500 threads] 1-340,text,false,Login failed — check credentials in users.csv,2679,0,164,164,http://k8s-forkfind-forkfind-8e65d48af1-1990260306.us-east-1.elb.amazonaws.com/auth/user/login,0,0,104
1777593359036,150,02 - GET /restaurants (search),200,OK,Virtual Users [500 threads] 1-338,text,true,,790,311,164,164,http://k8s-forkfind-forkfind-8e65d48af1-1990260306.us-east-1.elb.amazonaws.com/restaurants?q=pizza&limit=12&sort=rating,150,0,71
1777593329136,30073,01 - POST /auth/user/login,Non HTTP response code: java.net.SocketTimeoutException,Non HTTP response message: Read timed out,Virtual Users [500 threads] 1-341,text,false,Login failed — check credentials in users.csv,2679,0,164,164,http://k8s-forkfind-forkfind-8e65d48af1-1990260306.us-east-1.elb.amazonaws.com/auth/user/login,0,0,72
1777593359135,83,03 - POST /restaurants/20/reviews,Non HTTP response code: java.net.SocketException,Non HTTP response message: Connection reset,Virtual Users [500 threads] 1-337,text,false,"Review submission returned unexpected status (401 = bad token, 5xx = server error)",2601,0,164,164,http://k8s-forkfind-forkfind-8e65d48af1-1990260306.us-east-1.elb.amazonaws.com/restaurants/20/reviews,0,0,0
1777593359104,161,02 - GET /restaurants (search),200,OK,Virtual Users [500 threads] 1-339,text,true,,790,311,163,163,http://k8s-forkfind-forkfind-8e65d48af1-1990260306.us-east-1.elb.amazonaws.com/restaurants?q=pizza&limit=12&sort=rating,161,0,70
1777593359186,79,03 - POST /restaurants/20/reviews,Non HTTP response code: java.net.SocketException,Non HTTP response message: Connection reset,Virtual Users [500 threads] 1-338,text,false,"Review submission returned unexpected status (401 = bad token, 5xx = server error)",2601,0,163,163,http://k8s-forkfind-forkfind-8e65d48af1-1990260306.us-east-1.elb.amazonaws.com/restaurants/20/reviews,0,0,0
1777593329199,30072,01 - POST /auth/user/login,Non HTTP response code: java.net.SocketTimeoutException,Non HTTP response message: Read timed out,Virtual Users [500 threads] 1-342,text,false,Login failed — check credentials in users.csv,2679,0,162,162,http://k8s-forkfind-forkfind-8e65d48af1-1990260306.us-east-1.elb.amazonaws.com/auth/user/login,0,0,71
1777593329256,30075,01 - POST /auth/user/login,Non HTTP response code: java.net.SocketTimeoutException,Non HTTP response message: Read timed out,Virtual Users [500 threads] 1-343,text,false,Login failed — check credentials in users.csv,2679,0,162,162,http://k8s-forkfind-forkfind-8e65d48af1-1990260306.us-east-1.elb.amazonaws.com/auth/user/login,0,0,73
1777593359182,164,02 - GET /restaurants (search),200,OK,Virtual Users [500 threads] 1-340,text,true,,790,311,162,162,http://k8s-forkfind-forkfind-8e65d48af1-1990260306.us-east-1.elb.amazonaws.com/restaurants?q=pizza&limit=12&sort=rating,164,0,83
1777593359265,81,03 - POST /restaurants/20/reviews,Non HTTP response code: java.net.SocketException,Non HTTP response message: Connection reset,Virtual Users [500 threads] 1-339,text,false,"Review submission returned unexpected status (401 = bad token, 5xx = server error)",2601,0,162,162,http://k8s-forkfind-forkfind-8e65d48af1-1990260306.us-east-1.elb.amazonaws.com/restaurants/20/reviews,0,0,0
1777593359211,160,02 - GET /restaurants (search),200,OK,Virtual Users [500 threads] 1-341,text,true,,790,311,161,161,http://k8s-forkfind-forkfind-8e65d48af1-1990260306.us-east-1.elb.amazonaws.com/restaurants?q=pizza&limit=12&sort=rating,160,0,77
1777593329318,30075,01 - POST /auth/user/login,Non HTTP response code: java.net.SocketTimeoutException,Non HTTP response message: Read timed out,Virtual Users [500 threads] 1-344,text,false,Login failed — check credentials in users.csv,2679,0,161,161,http://k8s-forkfind-forkfind-8e65d48af1-1990260306.us-east-1.elb.amazonaws.com/auth/user/login,0,0,73
1777593359347,72,03 - POST /restaurants/20/reviews,Non HTTP response code: java.net.SocketException,Non HTTP response message: Connection reset,Virtual Users [500 threads] 1-340,text,false,"Review submission returned unexpected status (401 = bad token, 5xx = server error)",2601,0,161,161,http://k8s-forkfind-forkfind-8e65d48af1-1990260306.us-east-1.elb.amazonaws.com/restaurants/20/reviews,0,0,0
1777593359272,156,02 - GET /restaurants (search),200,OK,Virtual Users [500 threads] 1-342,text,true,,790,311,160,160,http://k8s-forkfind-forkfind-8e65d48af1-1990260306.us-east-1.elb.amazonaws.com/restaurants?q=pizza&limit=12&sort=rating,156,0,74
1777593359371,74,03 - POST /restaurants/20/reviews,Non HTTP response code: java.net.SocketException,Non HTTP response message: Connection reset,Virtual Users [500 threads] 1-341,text,false,"Review submission returned unexpected status (401 = bad token, 5xx = server error)",2601,0,160,160,http://k8s-forkfind-forkfind-8e65d48af1-1990260306.us-east-1.elb.amazonaws.com/restaurants/20/reviews,0,0,0
1777593329382,30075,01 - POST /auth/user/login,Non HTTP response code: java.net.SocketTimeoutException,Non HTTP response message: Read timed out,Virtual Users [500 threads] 1-345,text,false,Login failed — check credentials in users.csv,2679,0,159,159,http://k8s-forkfind-forkfind-8e65d48af1-1990260306.us-east-1.elb.amazonaws.com/auth/user/login,0,0,73
1777593359332,161,02 - GET /restaurants (search),200,OK,Virtual Users [500 threads] 1-343,text,true,,790,311,159,159,http://k8s-forkfind-forkfind-8e65d48af1-1990260306.us-east-1.elb.amazonaws.com/restaurants?q=pizza&limit=12&sort=rating,161,0,78
1777593359428,80,03 - POST /restaurants/20/reviews,Non HTTP response code: java.net.SocketException,Non HTTP response message: Connection reset,Virtual Users [500 threads] 1-342,text,false,"Review submission returned unexpected status (401 = bad token, 5xx = server error)",2601,0,159,159,http://k8s-forkfind-forkfind-8e65d48af1-1990260306.us-east-1.elb.amazonaws.com/restaurants/20/reviews,0,0,0
1777593329442,30075,01 - POST /auth/user/login,Non HTTP response code: java.net.SocketTimeoutException,Non HTTP response message: Read timed out,Virtual Users [500 threads] 1-346,text,false,Login failed — check credentials in users.csv,2679,0,158,158,http://k8s-forkfind-forkfind-8e65d48af1-1990260306.us-east-1.elb.amazonaws.com/auth/user/login,0,0,73
1777593359394,152,02 - GET /restaurants (search),200,OK,Virtual Users [500 threads] 1-344,text,true,,790,311,158,158,http://k8s-forkfind-forkfind-8e65d48af1-1990260306.us-east-1.elb.amazonaws.com/restaurants?q=pizza&limit=12&sort=rating,151,0,73
1777593359493,73,03 - POST /restaurants/20/reviews,Non HTTP response code: java.net.SocketException,Non HTTP response message: Connection reset,Virtual Users [500 threads] 1-343,text,false,"Review submission returned unexpected status (401 = bad token, 5xx = server error)",2601,0,158,158,http://k8s-forkfind-forkfind-8e65d48af1-1990260306.us-east-1.elb.amazonaws.com/restaurants/20/reviews,0,0,0
1777593329501,30073,01 - POST /auth/user/login,Non HTTP response code: java.net.SocketTimeoutException,Non HTTP response message: Read timed out,Virtual Users [500 threads] 1-347,text,false,Login failed — check credentials in users.csv,2679,0,157,157,http://k8s-forkfind-forkfind-8e65d48af1-1990260306.us-east-1.elb.amazonaws.com/auth/user/login,0,0,71
1777593359458,154,02 - GET /restaurants (search),200,OK,Virtual Users [500 threads] 1-345,text,true,,790,311,157,157,http://k8s-forkfind-forkfind-8e65d48af1-1990260306.us-east-1.elb.amazonaws.com/restaurants?q=pizza&limit=12&sort=rating,154,0,71
1777593359546,79,03 - POST /restaurants/20/reviews,Non HTTP response code: java.net.SocketException,Non HTTP response message: Connection reset,Virtual Users [500 threads] 1-344,text,false,"Review submission returned unexpected status (401 = bad token, 5xx = server error)",2601,0,157,157,http://k8s-forkfind-forkfind-8e65d48af1-1990260306.us-east-1.elb.amazonaws.com/restaurants/20/reviews,0,0,0
1777593329556,30074,01 - POST /auth/user/login,Non HTTP response code: java.net.SocketTimeoutException,Non HTTP response message: Read timed out,Virtual Users [500 threads] 1-348,text,false,Login failed — check credentials in users.csv,2679,0,156,156,http://k8s-forkfind-forkfind-8e65d48af1-1990260306.us-east-1.elb.amazonaws.com/auth/user/login,0,0,73
1777593359518,168,02 - GET /restaurants (search),200,OK,Virtual Users [500 threads] 1-346,text,true,,790,311,156,156,http://k8s-forkfind-forkfind-8e65d48af1-1990260306.us-east-1.elb.amazonaws.com/restaurants?q=pizza&limit=12&sort=rating,168,0,71
1777593359612,79,03 - POST /restaurants/20/reviews,Non HTTP response code: java.net.SocketException,Non HTTP response message: Connection reset,Virtual Users [500 threads] 1-345,text,false,"Review submission returned unexpected status (401 = bad token, 5xx = server error)",2601,0,156,156,http://k8s-forkfind-forkfind-8e65d48af1-1990260306.us-east-1.elb.amazonaws.com/restaurants/20/reviews,0,0,0
1777593329621,30077,01 - POST /auth/user/login,Non HTTP response code: java.net.SocketTimeoutException,Non HTTP response message: Read timed out,Virtual Users [500 threads] 1-349,text,false,Login failed — check credentials in users.csv,2679,0,155,155,http://k8s-forkfind-forkfind-8e65d48af1-1990260306.us-east-1.elb.amazonaws.com/auth/user/login,0,0,75
1777593359575,153,02 - GET /restaurants (search),200,OK,Virtual Users [500 threads] 1-347,text,true,,790,311,155,155,http://k8s-forkfind-forkfind-8e65d48af1-1990260306.us-east-1.elb.amazonaws.com/restaurants?q=pizza&limit=12&sort=rating,153,0,71
1777593329680,30077,01 - POST /auth/user/login,Non HTTP response code: java.net.SocketTimeoutException,Non HTTP response message: Read timed out,Virtual Users [500 threads] 1-350,text,false,Login failed — check credentials in users.csv,2679,0,155,155,http://k8s-forkfind-forkfind-8e65d48af1-1990260306.us-east-1.elb.amazonaws.com/auth/user/login,0,0,75
1777593359686,90,03 - POST /restaurants/20/reviews,Non HTTP response code: java.net.SocketException,Non HTTP response message: Connection reset,Virtual Users [500 threads] 1-346,text,false,"Review submission returned unexpected status (401 = bad token, 5xx = server error)",2601,0,155,155,http://k8s-forkfind-forkfind-8e65d48af1-1990260306.us-east-1.elb.amazonaws.com/restaurants/20/reviews,0,0,0
1777593359631,147,02 - GET /restaurants (search),200,OK,Virtual Users [500 threads] 1-348,text,true,,790,311,154,154,http://k8s-forkfind-forkfind-8e65d48af1-1990260306.us-east-1.elb.amazonaws.com/restaurants?q=pizza&limit=12&sort=rating,147,0,70
1777593359728,75,03 - POST /restaurants/20/reviews,Non HTTP response code: java.net.SocketException,Non HTTP response message: Connection reset,Virtual Users [500 threads] 1-347,text,false,"Review submission returned unexpected status (401 = bad token, 5xx = server error)",2601,0,154,154,http://k8s-forkfind-forkfind-8e65d48af1-1990260306.us-east-1.elb.amazonaws.com/restaurants/20/reviews,0,0,0
1777593329741,30081,01 - POST /auth/user/login,Non HTTP response code: java.net.SocketTimeoutException,Non HTTP response message: Read timed out,Virtual Users [500 threads] 1-351,text,false,Login failed — check credentials in users.csv,2679,0,153,153,http://k8s-forkfind-forkfind-8e65d48af1-1990260306.us-east-1.elb.amazonaws.com/auth/user/login,0,0,79
1777593359779,74,03 - POST /restaurants/20/reviews,Non HTTP response code: java.net.SocketException,Non HTTP response message: Connection reset,Virtual Users [500 threads] 1-348,text,false,"Review submission returned unexpected status (401 = bad token, 5xx = server error)",2601,0,153,153,http://k8s-forkfind-forkfind-8e65d48af1-1990260306.us-east-1.elb.amazonaws.com/restaurants/20/reviews,0,0,0
1777593359699,155,02 - GET /restaurants (search),200,OK,Virtual Users [500 threads] 1-349,text,true,,790,311,153,153,http://k8s-forkfind-forkfind-8e65d48af1-1990260306.us-east-1.elb.amazonaws.com/restaurants?q=pizza&limit=12&sort=rating,155,0,77
1777593329801,30075,01 - POST /auth/user/login,Non HTTP response code: java.net.SocketTimeoutException,Non HTTP response message: Read timed out,Virtual Users [500 threads] 1-352,text,false,Login failed — check credentials in users.csv,2679,0,152,152,http://k8s-forkfind-forkfind-8e65d48af1-1990260306.us-east-1.elb.amazonaws.com/auth/user/login,0,0,73
1777593359758,165,02 - GET /restaurants (search),200,OK,Virtual Users [500 threads] 1-350,text,true,,790,311,152,152,http://k8s-forkfind-forkfind-8e65d48af1-1990260306.us-east-1.elb.amazonaws.com/restaurants?q=pizza&limit=12&sort=rating,165,0,76
1777593359854,78,03 - POST /restaurants/20/reviews,Non HTTP response code: java.net.SocketException,Non HTTP response message: Connection reset,Virtual Users [500 threads] 1-349,text,false,"Review submission returned unexpected status (401 = bad token, 5xx = server error)",2601,0,152,152,http://k8s-forkfind-forkfind-8e65d48af1-1990260306.us-east-1.elb.amazonaws.com/restaurants/20/reviews,0,0,0
1777593329857,30083,01 - POST /auth/user/login,Non HTTP response code: java.net.SocketTimeoutException,Non HTTP response message: Read timed out,Virtual Users [500 threads] 1-353,text,false,Login failed — check credentials in users.csv,2679,0,151,151,http://k8s-forkfind-forkfind-8e65d48af1-1990260306.us-east-1.elb.amazonaws.com/auth/user/login,0,0,82
1777593359823,151,02 - GET /restaurants (search),200,OK,Virtual Users [500 threads] 1-351,text,true,,790,311,151,151,http://k8s-forkfind-forkfind-8e65d48af1-1990260306.us-east-1.elb.amazonaws.com/restaurants?q=pizza&limit=12&sort=rating,151,0,73
1777593329916,30078,01 - POST /auth/user/login,Non HTTP response code: java.net.SocketTimeoutException,Non HTTP response message: Read timed out,Virtual Users [500 threads] 1-354,text,false,Login failed — check credentials in users.csv,2679,0,151,151,http://k8s-forkfind-forkfind-8e65d48af1-1990260306.us-east-1.elb.amazonaws.com/auth/user/login,0,0,76
1777593359924,84,03 - POST /restaurants/20/reviews,Non HTTP response code: java.net.SocketException,Non HTTP response message: Connection reset,Virtual Users [500 threads] 1-350,text,false,"Review submission returned unexpected status (401 = bad token, 5xx = server error)",2601,0,151,151,http://k8s-forkfind-forkfind-8e65d48af1-1990260306.us-east-1.elb.amazonaws.com/restaurants/20/reviews,0,0,0
1777593329981,30076,01 - POST /auth/user/login,Non HTTP response code: java.net.SocketTimeoutException,Non HTTP response message: Read timed out,Virtual Users [500 threads] 1-355,text,false,Login failed — check credentials in users.csv,2679,0,150,150,http://k8s-forkfind-forkfind-8e65d48af1-1990260306.us-east-1.elb.amazonaws.com/auth/user/login,0,0,74
1777593330037,30075,01 - POST /auth/user/login,Non HTTP response code: java.net.SocketTimeoutException,Non HTTP response message: Read timed out,Virtual Users [500 threads] 1-356,text,false,Login failed — check credentials in users.csv,2679,0,150,150,http://k8s-forkfind-forkfind-8e65d48af1-1990260306.us-east-1.elb.amazonaws.com/auth/user/login,0,0,73
1777593359974,177,03 - POST /restaurants/20/reviews,Non HTTP response code: java.net.SocketException,Non HTTP response message: Connection reset,Virtual Users [500 threads] 1-351,text,false,"Review submission returned unexpected status (401 = bad token, 5xx = server error)",2601,0,150,150,http://k8s-forkfind-forkfind-8e65d48af1-1990260306.us-east-1.elb.amazonaws.com/restaurants/20/reviews,0,0,0
1777593359877,282,02 - GET /restaurants (search),200,OK,Virtual Users [500 threads] 1-352,text,true,,790,311,149,149,http://k8s-forkfind-forkfind-8e65d48af1-1990260306.us-east-1.elb.amazonaws.com/restaurants?q=pizza&limit=12&sort=rating,282,0,71
1777593359941,224,02 - GET /restaurants (search),200,OK,Virtual Users [500 threads] 1-353,text,true,,790,311,149,149,http://k8s-forkfind-forkfind-8e65d48af1-1990260306.us-east-1.elb.amazonaws.com/restaurants?q=pizza&limit=12&sort=rating,224,0,71
1777593359995,184,02 - GET /restaurants (search),200,OK,Virtual Users [500 threads] 1-354,text,true,,790,311,149,149,http://k8s-forkfind-forkfind-8e65d48af1-1990260306.us-east-1.elb.amazonaws.com/restaurants?q=pizza&limit=12&sort=rating,184,0,70
1777593330102,30078,01 - POST /auth/user/login,Non HTTP response code: java.net.SocketTimeoutException,Non HTTP response message: Read timed out,Virtual Users [500 threads] 1-357,text,false,Login failed — check credentials in users.csv,2679,0,149,149,http://k8s-forkfind-forkfind-8e65d48af1-1990260306.us-east-1.elb.amazonaws.com/auth/user/login,0,0,76
1777593360058,151,02 - GET /restaurants (search),200,OK,Virtual Users [500 threads] 1-355,text,true,,790,311,149,149,http://k8s-forkfind-forkfind-8e65d48af1-1990260306.us-east-1.elb.amazonaws.com/restaurants?q=pizza&limit=12&sort=rating,151,0,72
1777593330161,30079,01 - POST /auth/user/login,Non HTTP response code: java.net.SocketTimeoutException,Non HTTP response message: Read timed out,Virtual Users [500 threads] 1-358,text,false,Login failed — check credentials in users.csv,2679,0,149,149,http://k8s-forkfind-forkfind-8e65d48af1-1990260306.us-east-1.elb.amazonaws.com/auth/user/login,0,0,77
1777593360160,90,03 - POST /restaurants/20/reviews,Non HTTP response code: java.net.SocketException,Non HTTP response message: Connection reset,Virtual Users [500 threads] 1-352,text,false,"Review submission returned unexpected status (401 = bad token, 5xx = server error)",2601,0,149,149,http://k8s-forkfind-forkfind-8e65d48af1-1990260306.us-east-1.elb.amazonaws.com/restaurants/20/reviews,0,0,0
1777593360166,84,03 - POST /restaurants/20/reviews,Non HTTP response code: java.net.SocketException,Non HTTP response message: Connection reset,Virtual Users [500 threads] 1-353,text,false,"Review submission returned unexpected status (401 = bad token, 5xx = server error)",2601,0,149,149,http://k8s-forkfind-forkfind-8e65d48af1-1990260306.us-east-1.elb.amazonaws.com/restaurants/20/reviews,0,0,0
1777593360179,78,03 - POST /restaurants/20/reviews,Non HTTP response code: java.net.SocketException,Non HTTP response message: Connection reset,Virtual Users [500 threads] 1-354,text,false,"Review submission returned unexpected status (401 = bad token, 5xx = server error)",2601,0,147,147,http://k8s-forkfind-forkfind-8e65d48af1-1990260306.us-east-1.elb.amazonaws.com/restaurants/20/reviews,0,0,0
1777593360114,159,02 - GET /restaurants (search),200,OK,Virtual Users [500 threads] 1-356,text,true,,790,311,146,146,http://k8s-forkfind-forkfind-8e65d48af1-1990260306.us-east-1.elb.amazonaws.com/restaurants?q=pizza&limit=12&sort=rating,159,0,73
1777593330218,30083,01 - POST /auth/user/login,Non HTTP response code: java.net.SocketTimeoutException,Non HTTP response message: Read timed out,Virtual Users [500 threads] 1-359,text,false,Login failed — check credentials in users.csv,2679,0,146,146,http://k8s-forkfind-forkfind-8e65d48af1-1990260306.us-east-1.elb.amazonaws.com/auth/user/login,0,0,82
1777593360209,94,03 - POST /restaurants/20/reviews,Non HTTP response code: java.net.SocketException,Non HTTP response message: Connection reset,Virtual Users [500 threads] 1-355,text,false,"Review submission returned unexpected status (401 = bad token, 5xx = server error)",2601,0,146,146,http://k8s-forkfind-forkfind-8e65d48af1-1990260306.us-east-1.elb.amazonaws.com/restaurants/20/reviews,0,0,0
1777593360181,155,02 - GET /restaurants (search),200,OK,Virtual Users [500 threads] 1-357,text,true,,790,311,145,145,http://k8s-forkfind-forkfind-8e65d48af1-1990260306.us-east-1.elb.amazonaws.com/restaurants?q=pizza&limit=12&sort=rating,155,0,71
1777593360274,80,03 - POST /restaurants/20/reviews,Non HTTP response code: java.net.SocketException,Non HTTP response message: Connection reset,Virtual Users [500 threads] 1-356,text,false,"Review submission returned unexpected status (401 = bad token, 5xx = server error)",2601,0,145,145,http://k8s-forkfind-forkfind-8e65d48af1-1990260306.us-east-1.elb.amazonaws.com/restaurants/20/reviews,0,0,0
1777593330281,30082,01 - POST /auth/user/login,Non HTTP response code: java.net.SocketTimeoutException,Non HTTP response message: Read timed out,Virtual Users [500 threads] 1-360,text,false,Login failed — check credentials in users.csv,2679,0,144,144,http://k8s-forkfind-forkfind-8e65d48af1-1990260306.us-east-1.elb.amazonaws.com/auth/user/login,0,0,80
1777593360241,155,02 - GET /restaurants (search),200,OK,Virtual Users [500 threads] 1-358,text,true,,790,311,144,144,http://k8s-forkfind-forkfind-8e65d48af1-1990260306.us-east-1.elb.amazonaws.com/restaurants?q=pizza&limit=12&sort=rating,155,0,72
1777593330340,30075,01 - POST /auth/user/login,Non HTTP response code: java.net.SocketTimeoutException,Non HTTP response message: Read timed out,Virtual Users [500 threads] 1-361,text,false,Login failed — check credentials in users.csv,2679,0,144,144,http://k8s-forkfind-forkfind-8e65d48af1-1990260306.us-east-1.elb.amazonaws.com/auth/user/login,0,0,75
1777593360336,81,03 - POST /restaurants/20/reviews,Non HTTP response code: java.net.SocketException,Non HTTP response message: Connection reset,Virtual Users [500 threads] 1-357,text,false,"Review submission returned unexpected status (401 = bad token, 5xx = server error)",2601,0,144,144,http://k8s-forkfind-forkfind-8e65d48af1-1990260306.us-east-1.elb.amazonaws.com/restaurants/20/reviews,0,0,0
1777593360302,155,02 - GET /restaurants (search),200,OK,Virtual Users [500 threads] 1-359,text,true,,790,311,143,143,http://k8s-forkfind-forkfind-8e65d48af1-1990260306.us-east-1.elb.amazonaws.com/restaurants?q=pizza&limit=12&sort=rating,155,0,71
1777593360396,77,03 - POST /restaurants/20/reviews,Non HTTP response code: java.net.SocketException,Non HTTP response message: Connection reset,Virtual Users [500 threads] 1-358,text,false,"Review submission returned unexpected status (401 = bad token, 5xx = server error)",2601,0,143,143,http://k8s-forkfind-forkfind-8e65d48af1-1990260306.us-east-1.elb.amazonaws.com/restaurants/20/reviews,0,0,0
1777593330400,30073,01 - POST /auth/user/login,Non HTTP response code: java.net.SocketTimeoutException,Non HTTP response message: Read timed out,Virtual Users [500 threads] 1-362,text,false,Login failed — check credentials in users.csv,2679,0,142,142,http://k8s-forkfind-forkfind-8e65d48af1-1990260306.us-east-1.elb.amazonaws.com/auth/user/login,0,0,72
1777593360364,150,02 - GET /restaurants (search),200,OK,Virtual Users [500 threads] 1-360,text,true,,790,311,142,142,http://k8s-forkfind-forkfind-8e65d48af1-1990260306.us-east-1.elb.amazonaws.com/restaurants?q=pizza&limit=12&sort=rating,150,0,71
1777593360458,76,03 - POST /restaurants/20/reviews,Non HTTP response code: java.net.SocketException,Non HTTP response message: Connection reset,Virtual Users [500 threads] 1-359,text,false,"Review submission returned unexpected status (401 = bad token, 5xx = server error)",2601,0,142,142,http://k8s-forkfind-forkfind-8e65d48af1-1990260306.us-east-1.elb.amazonaws.com/restaurants/20/reviews,0,0,0
1777593330461,30074,01 - POST /auth/user/login,Non HTTP response code: java.net.SocketTimeoutException,Non HTTP response message: Read timed out,Virtual Users [500 threads] 1-363,text,false,Login failed — check credentials in users.csv,2679,0,141,141,http://k8s-forkfind-forkfind-8e65d48af1-1990260306.us-east-1.elb.amazonaws.com/auth/user/login,0,0,72
1777593360415,153,02 - GET /restaurants (search),200,OK,Virtual Users [500 threads] 1-361,text,true,,790,311,141,141,http://k8s-forkfind-forkfind-8e65d48af1-1990260306.us-east-1.elb.amazonaws.com/restaurants?q=pizza&limit=12&sort=rating,153,0,73
1777593360514,75,03 - POST /restaurants/20/reviews,Non HTTP response code: java.net.SocketException,Non HTTP response message: Connection reset,Virtual Users [500 threads] 1-360,text,false,"Review submission returned unexpected status (401 = bad token, 5xx = server error)",2601,0,141,141,http://k8s-forkfind-forkfind-8e65d48af1-1990260306.us-east-1.elb.amazonaws.com/restaurants/20/reviews,0,0,0
1777593330521,30072,01 - POST /auth/user/login,Non HTTP response code: java.net.SocketTimeoutException,Non HTTP response message: Read timed out,Virtual Users [500 threads] 1-364,text,false,Login failed — check credentials in users.csv,2679,0,140,140,http://k8s-forkfind-forkfind-8e65d48af1-1990260306.us-east-1.elb.amazonaws.com/auth/user/login,0,0,71
1777593360473,164,02 - GET /restaurants (search),200,OK,Virtual Users [500 threads] 1-362,text,true,,790,311,140,140,http://k8s-forkfind-forkfind-8e65d48af1-1990260306.us-east-1.elb.amazonaws.com/restaurants?q=pizza&limit=12&sort=rating,164,0,79
1777593360568,77,03 - POST /restaurants/20/reviews,Non HTTP response code: java.net.SocketException,Non HTTP response message: Connection reset,Virtual Users [500 threads] 1-361,text,false,"Review submission returned unexpected status (401 = bad token, 5xx = server error)",2601,0,140,140,http://k8s-forkfind-forkfind-8e65d48af1-1990260306.us-east-1.elb.amazonaws.com/restaurants/20/reviews,0,0,0
1777593330581,30074,01 - POST /auth/user/login,Non HTTP response code: java.net.SocketTimeoutException,Non HTTP response message: Read timed out,Virtual Users [500 threads] 1-365,text,false,Login failed — check credentials in users.csv,2679,0,139,139,http://k8s-forkfind-forkfind-8e65d48af1-1990260306.us-east-1.elb.amazonaws.com/auth/user/login,0,0,72
1777593360535,172,02 - GET /restaurants (search),200,OK,Virtual Users [500 threads] 1-363,text,true,,790,311,139,139,http://k8s-forkfind-forkfind-8e65d48af1-1990260306.us-east-1.elb.amazonaws.com/restaurants?q=pizza&limit=12&sort=rating,172,0,75
1777593330641,30075,01 - POST /auth/user/login,Non HTTP response code: java.net.SocketTimeoutException,Non HTTP response message: Read timed out,Virtual Users [500 threads] 1-366,text,false,Login failed — check credentials in users.csv,2679,0,139,139,http://k8s-forkfind-forkfind-8e65d48af1-1990260306.us-east-1.elb.amazonaws.com/auth/user/login,0,0,73
1777593360638,80,03 - POST /restaurants/20/reviews,Non HTTP response code: java.net.SocketException,Non HTTP response message: Connection reset,Virtual Users [500 threads] 1-362,text,false,"Review submission returned unexpected status (401 = bad token, 5xx = server error)",2601,0,139,139,http://k8s-forkfind-forkfind-8e65d48af1-1990260306.us-east-1.elb.amazonaws.com/restaurants/20/reviews,0,0,0
1777593360593,164,02 - GET /restaurants (search),200,OK,Virtual Users [500 threads] 1-364,text,true,,790,311,138,138,http://k8s-forkfind-forkfind-8e65d48af1-1990260306.us-east-1.elb.amazonaws.com/restaurants?q=pizza&limit=12&sort=rating,164,0,71
1777593330701,30074,01 - POST /auth/user/login,Non HTTP response code: java.net.SocketTimeoutException,Non HTTP response message: Read timed out,Virtual Users [500 threads] 1-367,text,false,Login failed — check credentials in users.csv,2679,0,138,138,http://k8s-forkfind-forkfind-8e65d48af1-1990260306.us-east-1.elb.amazonaws.com/auth/user/login,0,0,72
1777593360708,74,03 - POST /restaurants/20/reviews,Non HTTP response code: java.net.SocketException,Non HTTP response message: Connection reset,Virtual Users [500 threads] 1-363,text,false,"Review submission returned unexpected status (401 = bad token, 5xx = server error)",2601,0,138,138,http://k8s-forkfind-forkfind-8e65d48af1-1990260306.us-east-1.elb.amazonaws.com/restaurants/20/reviews,0,0,0
1777593360656,151,02 - GET /restaurants (search),200,OK,Virtual Users [500 threads] 1-365,text,true,,790,311,137,137,http://k8s-forkfind-forkfind-8e65d48af1-1990260306.us-east-1.elb.amazonaws.com/restaurants?q=pizza&limit=12&sort=rating,151,0,71
1777593360757,76,03 - POST /restaurants/20/reviews,Non HTTP response code: java.net.SocketException,Non HTTP response message: Connection reset,Virtual Users [500 threads] 1-364,text,false,"Review submission returned unexpected status (401 = bad token, 5xx = server error)",2601,0,137,137,http://k8s-forkfind-forkfind-8e65d48af1-1990260306.us-east-1.elb.amazonaws.com/restaurants/20/reviews,0,0,0
1777593330761,30080,01 - POST /auth/user/login,Non HTTP response code: java.net.SocketTimeoutException,Non HTTP response message: Read timed out,Virtual Users [500 threads] 1-368,text,false,Login failed — check credentials in users.csv,2679,0,136,136,http://k8s-forkfind-forkfind-8e65d48af1-1990260306.us-east-1.elb.amazonaws.com/auth/user/login,0,0,78
1777593360717,155,02 - GET /restaurants (search),200,OK,Virtual Users [500 threads] 1-366,text,true,,790,311,136,136,http://k8s-forkfind-forkfind-8e65d48af1-1990260306.us-east-1.elb.amazonaws.com/restaurants?q=pizza&limit=12&sort=rating,155,0,74
1777593360808,80,03 - POST /restaurants/20/reviews,Non HTTP response code: java.net.SocketException,Non HTTP response message: Connection reset,Virtual Users [500 threads] 1-365,text,false,"Review submission returned unexpected status (401 = bad token, 5xx = server error)",2601,0,136,136,http://k8s-forkfind-forkfind-8e65d48af1-1990260306.us-east-1.elb.amazonaws.com/restaurants/20/reviews,0,0,0
1777593330816,30075,01 - POST /auth/user/login,Non HTTP response code: java.net.SocketTimeoutException,Non HTTP response message: Read timed out,Virtual Users [500 threads] 1-369,text,false,Login failed — check credentials in users.csv,2679,0,135,135,http://k8s-forkfind-forkfind-8e65d48af1-1990260306.us-east-1.elb.amazonaws.com/auth/user/login,0,0,74
1777593360776,152,02 - GET /restaurants (search),200,OK,Virtual Users [500 threads] 1-367,text,true,,790,311,135,135,http://k8s-forkfind-forkfind-8e65d48af1-1990260306.us-east-1.elb.amazonaws.com/restaurants?q=pizza&limit=12&sort=rating,152,0,71
1777593360872,74,03 - POST /restaurants/20/reviews,Non HTTP response code: java.net.SocketException,Non HTTP response message: Connection reset,Virtual Users [500 threads] 1-366,text,false,"Review submission returned unexpected status (401 = bad token, 5xx = server error)",2601,0,135,135,http://k8s-forkfind-forkfind-8e65d48af1-1990260306.us-east-1.elb.amazonaws.com/restaurants/20/reviews,0,0,0
1777593330876,30085,01 - POST /auth/user/login,Non HTTP response code: java.net.SocketTimeoutException,Non HTTP response message: Read timed out,Virtual Users [500 threads] 1-370,text,false,Login failed — check credentials in users.csv,2679,0,134,134,http://k8s-forkfind-forkfind-8e65d48af1-1990260306.us-east-1.elb.amazonaws.com/auth/user/login,0,0,83
1777593360841,156,02 - GET /restaurants (search),200,OK,Virtual Users [500 threads] 1-368,text,true,,790,311,134,134,http://k8s-forkfind-forkfind-8e65d48af1-1990260306.us-east-1.elb.amazonaws.com/restaurants?q=pizza&limit=12&sort=rating,156,0,72
1777593360928,79,03 - POST /restaurants/20/reviews,Non HTTP response code: java.net.SocketException,Non HTTP response message: Connection reset,Virtual Users [500 threads] 1-367,text,false,"Review submission returned unexpected status (401 = bad token, 5xx = server error)",2601,0,134,134,http://k8s-forkfind-forkfind-8e65d48af1-1990260306.us-east-1.elb.amazonaws.com/restaurants/20/reviews,0,0,0
1777593330941,30091,01 - POST /auth/user/login,Non HTTP response code: java.net.SocketTimeoutException,Non HTTP response message: Read timed out,Virtual Users [500 threads] 1-371,text,false,Login failed — check credentials in users.csv,2679,0,133,133,http://k8s-forkfind-forkfind-8e65d48af1-1990260306.us-east-1.elb.amazonaws.com/auth/user/login,0,0,90
1777593360892,154,02 - GET /restaurants (search),200,OK,Virtual Users [500 threads] 1-369,text,true,,790,311,133,133,http://k8s-forkfind-forkfind-8e65d48af1-1990260306.us-east-1.elb.amazonaws.com/restaurants?q=pizza&limit=12&sort=rating,154,0,73
1777593330996,30074,01 - POST /auth/user/login,Non HTTP response code: java.net.SocketTimeoutException,Non HTTP response message: Read timed out,Virtual Users [500 threads] 1-372,text,false,Login failed — check credentials in users.csv,2679,0,133,133,http://k8s-forkfind-forkfind-8e65d48af1-1990260306.us-east-1.elb.amazonaws.com/auth/user/login,0,0,72
1777593360998,75,03 - POST /restaurants/20/reviews,Non HTTP response code: java.net.SocketException,Non HTTP response message: Connection reset,Virtual Users [500 threads] 1-368,text,false,"Review submission returned unexpected status (401 = bad token, 5xx = server error)",2601,0,133,133,http://k8s-forkfind-forkfind-8e65d48af1-1990260306.us-east-1.elb.amazonaws.com/restaurants/20/reviews,0,0,0
1777593361047,77,03 - POST /restaurants/20/reviews,Non HTTP response code: java.net.SocketException,Non HTTP response message: Connection reset,Virtual Users [500 threads] 1-369,text,false,"Review submission returned unexpected status (401 = bad token, 5xx = server error)",2601,0,132,132,http://k8s-forkfind-forkfind-8e65d48af1-1990260306.us-east-1.elb.amazonaws.com/restaurants/20/reviews,0,0,0
1777593360962,181,02 - GET /restaurants (search),200,OK,Virtual Users [500 threads] 1-370,text,true,,790,311,131,131,http://k8s-forkfind-forkfind-8e65d48af1-1990260306.us-east-1.elb.amazonaws.com/restaurants?q=pizza&limit=12&sort=rating,181,0,71
1777593331057,30093,01 - POST /auth/user/login,Non HTTP response code: java.net.SocketTimeoutException,Non HTTP response message: Read timed out,Virtual Users [500 threads] 1-373,text,false,Login failed — check credentials in users.csv,2679,0,131,131,http://k8s-forkfind-forkfind-8e65d48af1-1990260306.us-east-1.elb.amazonaws.com/auth/user/login,0,0,92
1777593361033,165,02 - GET /restaurants (search),200,OK,Virtual Users [500 threads] 1-371,text,true,,790,311,131,131,http://k8s-forkfind-forkfind-8e65d48af1-1990260306.us-east-1.elb.amazonaws.com/restaurants?q=pizza&limit=12&sort=rating,165,0,73
1777593361143,79,03 - POST /restaurants/20/reviews,Non HTTP response code: java.net.SocketException,Non HTTP response message: Connection reset,Virtual Users [500 threads] 1-370,text,false,"Review submission returned unexpected status (401 = bad token, 5xx = server error)",2601,0,131,131,http://k8s-forkfind-forkfind-8e65d48af1-1990260306.us-east-1.elb.amazonaws.com/restaurants/20/reviews,0,0,0
1777593361071,155,02 - GET /restaurants (search),200,OK,Virtual Users [500 threads] 1-372,text,true,,790,311,130,130,http://k8s-forkfind-forkfind-8e65d48af1-1990260306.us-east-1.elb.amazonaws.com/restaurants?q=pizza&limit=12&sort=rating,155,0,72
1777593361198,79,03 - POST /restaurants/20/reviews,Non HTTP response code: java.net.SocketException,Non HTTP response message: Connection reset,Virtual Users [500 threads] 1-371,text,false,"Review submission returned unexpected status (401 = bad token, 5xx = server error)",2601,0,130,130,http://k8s-forkfind-forkfind-8e65d48af1-1990260306.us-east-1.elb.amazonaws.com/restaurants/20/reviews,0,0,0
1777593331119,30166,01 - POST /auth/user/login,Non HTTP response code: java.net.SocketTimeoutException,Non HTTP response message: Read timed out,Virtual Users [500 threads] 1-374,text,false,Login failed — check credentials in users.csv,2679,0,129,129,http://k8s-forkfind-forkfind-8e65d48af1-1990260306.us-east-1.elb.amazonaws.com/auth/user/login,0,0,164
1777593331181,30104,01 - POST /auth/user/login,Non HTTP response code: java.net.SocketTimeoutException,Non HTTP response message: Read timed out,Virtual Users [500 threads] 1-375,text,false,Login failed — check credentials in users.csv,2679,0,129,129,http://k8s-forkfind-forkfind-8e65d48af1-1990260306.us-east-1.elb.amazonaws.com/auth/user/login,0,0,102
1777593361226,79,03 - POST /restaurants/20/reviews,Non HTTP response code: java.net.SocketException,Non HTTP response message: Connection reset,Virtual Users [500 threads] 1-372,text,false,"Review submission returned unexpected status (401 = bad token, 5xx = server error)",2601,0,129,129,http://k8s-forkfind-forkfind-8e65d48af1-1990260306.us-east-1.elb.amazonaws.com/restaurants/20/reviews,0,0,0
1777593331242,30124,01 - POST /auth/user/login,Non HTTP response code: java.net.SocketTimeoutException,Non HTTP response message: Read timed out,Virtual Users [500 threads] 1-376,text,false,Login failed — check credentials in users.csv,2679,0,128,128,http://k8s-forkfind-forkfind-8e65d48af1-1990260306.us-east-1.elb.amazonaws.com/auth/user/login,0,0,122
1777593331302,30088,01 - POST /auth/user/login,Non HTTP response code: java.net.SocketTimeoutException,Non HTTP response message: Read timed out,Virtual Users [500 threads] 1-377,text,false,Login failed — check credentials in users.csv,2679,0,128,128,http://k8s-forkfind-forkfind-8e65d48af1-1990260306.us-east-1.elb.amazonaws.com/auth/user/login,0,0,86
1777593361151,252,02 - GET /restaurants (search),200,OK,Virtual Users [500 threads] 1-373,text,true,,790,311,128,128,http://k8s-forkfind-forkfind-8e65d48af1-1990260306.us-east-1.elb.amazonaws.com/restaurants?q=pizza&limit=12&sort=rating,252,0,71
1777593331361,30076,01 - POST /auth/user/login,Non HTTP response code: java.net.SocketTimeoutException,Non HTTP response message: Read timed out,Virtual Users [500 threads] 1-378,text,false,Login failed — check credentials in users.csv,2679,0,128,128,http://k8s-forkfind-forkfind-8e65d48af1-1990260306.us-east-1.elb.amazonaws.com/auth/user/login,0,0,74
1777593331417,30109,01 - POST /auth/user/login,Non HTTP response code: java.net.SocketTimeoutException,Non HTTP response message: Read timed out,Virtual Users [500 threads] 1-379,text,false,Login failed — check credentials in users.csv,2679,0,128,128,http://k8s-forkfind-forkfind-8e65d48af1-1990260306.us-east-1.elb.amazonaws.com/auth/user/login,0,0,108
1777593331481,30099,01 - POST /auth/user/login,Non HTTP response code: java.net.SocketTimeoutException,Non HTTP response message: Read timed out,Virtual Users [500 threads] 1-380,text,false,Login failed — check credentials in users.csv,2679,0,128,128,http://k8s-forkfind-forkfind-8e65d48af1-1990260306.us-east-1.elb.amazonaws.com/auth/user/login,0,0,97
1777593361403,206,03 - POST /restaurants/20/reviews,Non HTTP response code: java.net.SocketException,Non HTTP response message: Connection reset,Virtual Users [500 threads] 1-373,text,false,"Review submission returned unexpected status (401 = bad token, 5xx = server error)",2601,0,128,128,http://k8s-forkfind-forkfind-8e65d48af1-1990260306.us-east-1.elb.amazonaws.com/restaurants/20/reviews,0,0,0
1777593361287,351,02 - GET /restaurants (search),200,OK,Virtual Users [500 threads] 1-375,text,true,,790,311,127,127,http://k8s-forkfind-forkfind-8e65d48af1-1990260306.us-east-1.elb.amazonaws.com/restaurants?q=pizza&limit=12&sort=rating,351,0,72
1777593361287,351,02 - GET /restaurants (search),200,OK,Virtual Users [500 threads] 1-374,text,true,,790,311,127,127,http://k8s-forkfind-forkfind-8e65d48af1-1990260306.us-east-1.elb.amazonaws.com/restaurants?q=pizza&limit=12&sort=rating,351,0,72
1777593361367,305,02 - GET /restaurants (search),200,OK,Virtual Users [500 threads] 1-376,text,true,,790,311,127,127,http://k8s-forkfind-forkfind-8e65d48af1-1990260306.us-east-1.elb.amazonaws.com/restaurants?q=pizza&limit=12&sort=rating,305,0,71
1777593361392,280,02 - GET /restaurants (search),200,OK,Virtual Users [500 threads] 1-377,text,true,,790,311,127,127,http://k8s-forkfind-forkfind-8e65d48af1-1990260306.us-east-1.elb.amazonaws.com/restaurants?q=pizza&limit=12&sort=rating,280,0,72
1777593331601,30087,01 - POST /auth/user/login,Non HTTP response code: java.net.SocketTimeoutException,Non HTTP response message: Read timed out,Virtual Users [500 threads] 1-382,text,false,Login failed — check credentials in users.csv,2679,0,127,127,http://k8s-forkfind-forkfind-8e65d48af1-1990260306.us-east-1.elb.amazonaws.com/auth/user/login,0,0,85
1777593331541,30147,01 - POST /auth/user/login,Non HTTP response code: java.net.SocketTimeoutException,Non HTTP response message: Read timed out,Virtual Users [500 threads] 1-381,text,false,Login failed — check credentials in users.csv,2679,0,127,127,http://k8s-forkfind-forkfind-8e65d48af1-1990260306.us-east-1.elb.amazonaws.com/auth/user/login,0,0,145
1777593361438,256,02 - GET /restaurants (search),200,OK,Virtual Users [500 threads] 1-378,text,true,,790,311,127,127,http://k8s-forkfind-forkfind-8e65d48af1-1990260306.us-east-1.elb.amazonaws.com/restaurants?q=pizza&limit=12&sort=rating,256,0,71
1777593361527,192,02 - GET /restaurants (search),200,OK,Virtual Users [500 threads] 1-379,text,true,,790,311,127,127,http://k8s-forkfind-forkfind-8e65d48af1-1990260306.us-east-1.elb.amazonaws.com/restaurants?q=pizza&limit=12&sort=rating,192,0,71
1777593361638,94,03 - POST /restaurants/20/reviews,Non HTTP response code: java.net.SocketException,Non HTTP response message: Connection reset,Virtual Users [500 threads] 1-374,text,false,"Review submission returned unexpected status (401 = bad token, 5xx = server error)",2601,0,127,127,http://k8s-forkfind-forkfind-8e65d48af1-1990260306.us-east-1.elb.amazonaws.com/restaurants/20/reviews,0,0,0
1777593331661,30078,01 - POST /auth/user/login,Non HTTP response code: java.net.SocketTimeoutException,Non HTTP response message: Read timed out,Virtual Users [500 threads] 1-383,text,false,Login failed — check credentials in users.csv,2679,0,126,126,http://k8s-forkfind-forkfind-8e65d48af1-1990260306.us-east-1.elb.amazonaws.com/auth/user/login,0,0,76
1777593361638,106,03 - POST /restaurants/20/reviews,Non HTTP response code: java.net.SocketException,Non HTTP response message: Connection reset,Virtual Users [500 threads] 1-375,text,false,"Review submission returned unexpected status (401 = bad token, 5xx = server error)",2601,0,126,126,http://k8s-forkfind-forkfind-8e65d48af1-1990260306.us-east-1.elb.amazonaws.com/restaurants/20/reviews,0,0,0
1777593361672,117,03 - POST /restaurants/20/reviews,Non HTTP response code: java.net.SocketException,Non HTTP response message: Connection reset,Virtual Users [500 threads] 1-376,text,false,"Review submission returned unexpected status (401 = bad token, 5xx = server error)",2601,0,125,125,http://k8s-forkfind-forkfind-8e65d48af1-1990260306.us-east-1.elb.amazonaws.com/restaurants/20/reviews,0,0,0
1777593361672,117,03 - POST /restaurants/20/reviews,Non HTTP response code: java.net.SocketException,Non HTTP response message: Connection reset,Virtual Users [500 threads] 1-377,text,false,"Review submission returned unexpected status (401 = bad token, 5xx = server error)",2601,0,125,125,http://k8s-forkfind-forkfind-8e65d48af1-1990260306.us-east-1.elb.amazonaws.com/restaurants/20/reviews,0,0,0
1777593361694,97,03 - POST /restaurants/20/reviews,Non HTTP response code: java.net.SocketException,Non HTTP response message: Connection reset,Virtual Users [500 threads] 1-378,text,false,"Review submission returned unexpected status (401 = bad token, 5xx = server error)",2601,0,123,123,http://k8s-forkfind-forkfind-8e65d48af1-1990260306.us-east-1.elb.amazonaws.com/restaurants/20/reviews,0,0,0
1777593361581,222,02 - GET /restaurants (search),200,OK,Virtual Users [500 threads] 1-380,text,true,,790,311,122,122,http://k8s-forkfind-forkfind-8e65d48af1-1990260306.us-east-1.elb.amazonaws.com/restaurants?q=pizza&limit=12&sort=rating,222,0,70
1777593331720,30086,01 - POST /auth/user/login,Non HTTP response code: java.net.SocketTimeoutException,Non HTTP response message: Read timed out,Virtual Users [500 threads] 1-384,text,false,Login failed — check credentials in users.csv,2679,0,122,122,http://k8s-forkfind-forkfind-8e65d48af1-1990260306.us-east-1.elb.amazonaws.com/auth/user/login,0,0,85
1777593361719,90,03 - POST /restaurants/20/reviews,Non HTTP response code: java.net.SocketException,Non HTTP response message: Connection reset,Virtual Users [500 threads] 1-379,text,false,"Review submission returned unexpected status (401 = bad token, 5xx = server error)",2601,0,122,122,http://k8s-forkfind-forkfind-8e65d48af1-1990260306.us-east-1.elb.amazonaws.com/restaurants/20/reviews,0,0,0
1777593331781,30080,01 - POST /auth/user/login,Non HTTP response code: java.net.SocketTimeoutException,Non HTTP response message: Read timed out,Virtual Users [500 threads] 1-385,text,false,Login failed — check credentials in users.csv,2679,0,121,121,http://k8s-forkfind-forkfind-8e65d48af1-1990260306.us-east-1.elb.amazonaws.com/auth/user/login,0,0,79
1777593361689,195,02 - GET /restaurants (search),200,OK,Virtual Users [500 threads] 1-382,text,true,,790,311,121,121,http://k8s-forkfind-forkfind-8e65d48af1-1990260306.us-east-1.elb.amazonaws.com/restaurants?q=pizza&limit=12&sort=rating,195,0,74
1777593361689,203,02 - GET /restaurants (search),200,OK,Virtual Users [500 threads] 1-381,text,true,,790,311,121,121,http://k8s-forkfind-forkfind-8e65d48af1-1990260306.us-east-1.elb.amazonaws.com/restaurants?q=pizza&limit=12&sort=rating,203,0,70
1777593361803,92,03 - POST /restaurants/20/reviews,Non HTTP response code: java.net.SocketException,Non HTTP response message: Connection reset,Virtual Users [500 threads] 1-380,text,false,"Review submission returned unexpected status (401 = bad token, 5xx = server error)",2601,0,121,121,http://k8s-forkfind-forkfind-8e65d48af1-1990260306.us-east-1.elb.amazonaws.com/restaurants/20/reviews,0,0,0
1777593361740,181,02 - GET /restaurants (search),200,OK,Virtual Users [500 threads] 1-383,text,true,,790,311,120,120,http://k8s-forkfind-forkfind-8e65d48af1-1990260306.us-east-1.elb.amazonaws.com/restaurants?q=pizza&limit=12&sort=rating,181,0,69
1777593331841,30082,01 - POST /auth/user/login,Non HTTP response code: java.net.SocketTimeoutException,Non HTTP response message: Read timed out,Virtual Users [500 threads] 1-386,text,false,Login failed — check credentials in users.csv,2679,0,120,120,http://k8s-forkfind-forkfind-8e65d48af1-1990260306.us-east-1.elb.amazonaws.com/auth/user/login,0,0,80
1777593361885,106,03 - POST /restaurants/20/reviews,Non HTTP response code: java.net.SocketException,Non HTTP response message: Connection reset,Virtual Users [500 threads] 1-382,text,false,"Review submission returned unexpected status (401 = bad token, 5xx = server error)",2601,0,120,120,http://k8s-forkfind-forkfind-8e65d48af1-1990260306.us-east-1.elb.amazonaws.com/restaurants/20/reviews,0,0,0
1777593361892,116,03 - POST /restaurants/20/reviews,Non HTTP response code: java.net.SocketException,Non HTTP response message: Connection reset,Virtual Users [500 threads] 1-381,text,false,"Review submission returned unexpected status (401 = bad token, 5xx = server error)",2601,0,119,119,http://k8s-forkfind-forkfind-8e65d48af1-1990260306.us-east-1.elb.amazonaws.com/restaurants/20/reviews,0,0,0
1777593331899,30142,01 - POST /auth/user/login,Non HTTP response code: java.net.SocketTimeoutException,Non HTTP response message: Read timed out,Virtual Users [500 threads] 1-387,text,false,Login failed — check credentials in users.csv,2679,0,118,118,http://k8s-forkfind-forkfind-8e65d48af1-1990260306.us-east-1.elb.amazonaws.com/auth/user/login,0,0,141
1777593331961,30080,01 - POST /auth/user/login,Non HTTP response code: java.net.SocketTimeoutException,Non HTTP response message: Read timed out,Virtual Users [500 threads] 1-388,text,false,Login failed — check credentials in users.csv,2679,0,118,118,http://k8s-forkfind-forkfind-8e65d48af1-1990260306.us-east-1.elb.amazonaws.com/auth/user/login,0,0,79
1777593361922,169,03 - POST /restaurants/20/reviews,Non HTTP response code: java.net.SocketException,Non HTTP response message: Connection reset,Virtual Users [500 threads] 1-383,text,false,"Review submission returned unexpected status (401 = bad token, 5xx = server error)",2601,0,118,118,http://k8s-forkfind-forkfind-8e65d48af1-1990260306.us-east-1.elb.amazonaws.com/restaurants/20/reviews,0,0,0
1777593332017,30077,01 - POST /auth/user/login,Non HTTP response code: java.net.SocketTimeoutException,Non HTTP response message: Read timed out,Virtual Users [500 threads] 1-389,text,false,Login failed — check credentials in users.csv,2679,0,117,117,http://k8s-forkfind-forkfind-8e65d48af1-1990260306.us-east-1.elb.amazonaws.com/auth/user/login,0,0,76
1777593361807,293,02 - GET /restaurants (search),200,OK,Virtual Users [500 threads] 1-384,text,true,,790,311,117,117,http://k8s-forkfind-forkfind-8e65d48af1-1990260306.us-east-1.elb.amazonaws.com/restaurants?q=pizza&limit=12&sort=rating,293,0,77
1777593361863,290,02 - GET /restaurants (search),200,OK,Virtual Users [500 threads] 1-385,text,true,,790,311,117,117,http://k8s-forkfind-forkfind-8e65d48af1-1990260306.us-east-1.elb.amazonaws.com/restaurants?q=pizza&limit=12&sort=rating,290,0,72
1777593332080,30076,01 - POST /auth/user/login,Non HTTP response code: java.net.SocketTimeoutException,Non HTTP response message: Read timed out,Virtual Users [500 threads] 1-390,text,false,Login failed — check credentials in users.csv,2679,0,117,117,http://k8s-forkfind-forkfind-8e65d48af1-1990260306.us-east-1.elb.amazonaws.com/auth/user/login,0,0,74
1777593361924,259,02 - GET /restaurants (search),200,OK,Virtual Users [500 threads] 1-386,text,true,,790,311,117,117,http://k8s-forkfind-forkfind-8e65d48af1-1990260306.us-east-1.elb.amazonaws.com/restaurants?q=pizza&limit=12&sort=rating,259,0,73
1777593362100,108,03 - POST /restaurants/20/reviews,Non HTTP response code: java.net.SocketException,Non HTTP response message: Connection reset,Virtual Users [500 threads] 1-384,text,false,"Review submission returned unexpected status (401 = bad token, 5xx = server error)",2601,0,117,117,http://k8s-forkfind-forkfind-8e65d48af1-1990260306.us-east-1.elb.amazonaws.com/restaurants/20/reviews,0,0,0
1777593332141,30097,01 - POST /auth/user/login,Non HTTP response code: java.net.SocketTimeoutException,Non HTTP response message: Read timed out,Virtual Users [500 threads] 1-391,text,false,Login failed — check credentials in users.csv,2679,0,116,116,http://k8s-forkfind-forkfind-8e65d48af1-1990260306.us-east-1.elb.amazonaws.com/auth/user/login,0,0,95
1777593332202,30090,01 - POST /auth/user/login,Non HTTP response code: java.net.SocketTimeoutException,Non HTTP response message: Read timed out,Virtual Users [500 threads] 1-392,text,false,Login failed — check credentials in users.csv,2679,0,116,116,http://k8s-forkfind-forkfind-8e65d48af1-1990260306.us-east-1.elb.amazonaws.com/auth/user/login,0,0,88
1777593362043,272,02 - GET /restaurants (search),200,OK,Virtual Users [500 threads] 1-387,text,true,,790,311,116,116,http://k8s-forkfind-forkfind-8e65d48af1-1990260306.us-east-1.elb.amazonaws.com/restaurants?q=pizza&limit=12&sort=rating,272,0,71
1777593362153,162,03 - POST /restaurants/20/reviews,Non HTTP response code: java.net.SocketException,Non HTTP response message: Connection reset,Virtual Users [500 threads] 1-385,text,false,"Review submission returned unexpected status (401 = bad token, 5xx = server error)",2601,0,116,116,http://k8s-forkfind-forkfind-8e65d48af1-1990260306.us-east-1.elb.amazonaws.com/restaurants/20/reviews,0,0,0
1777593362043,272,02 - GET /restaurants (search),200,OK,Virtual Users [500 threads] 1-388,text,true,,790,311,116,116,http://k8s-forkfind-forkfind-8e65d48af1-1990260306.us-east-1.elb.amazonaws.com/restaurants?q=pizza&limit=12&sort=rating,272,0,71
1777593362183,148,03 - POST /restaurants/20/reviews,Non HTTP response code: java.net.SocketException,Non HTTP response message: Connection reset,Virtual Users [500 threads] 1-386,text,false,"Review submission returned unexpected status (401 = bad token, 5xx = server error)",2601,0,115,115,http://k8s-forkfind-forkfind-8e65d48af1-1990260306.us-east-1.elb.amazonaws.com/restaurants/20/reviews,0,0,0
1777593332260,30089,01 - POST /auth/user/login,Non HTTP response code: java.net.SocketTimeoutException,Non HTTP response message: Read timed out,Virtual Users [500 threads] 1-393,text,false,Login failed — check credentials in users.csv,2679,0,114,114,http://k8s-forkfind-forkfind-8e65d48af1-1990260306.us-east-1.elb.amazonaws.com/auth/user/login,0,0,88
1777593362095,295,02 - GET /restaurants (search),200,OK,Virtual Users [500 threads] 1-389,text,true,,790,311,114,114,http://k8s-forkfind-forkfind-8e65d48af1-1990260306.us-east-1.elb.amazonaws.com/restaurants?q=pizza&limit=12&sort=rating,295,0,88
1777593332316,30090,01 - POST /auth/user/login,Non HTTP response code: java.net.SocketTimeoutException,Non HTTP response message: Read timed out,Virtual Users [500 threads] 1-394,text,false,Login failed — check credentials in users.csv,2679,0,114,114,http://k8s-forkfind-forkfind-8e65d48af1-1990260306.us-east-1.elb.amazonaws.com/auth/user/login,0,0,89
1777593362157,285,02 - GET /restaurants (search),200,OK,Virtual Users [500 threads] 1-390,text,true,,790,311,114,114,http://k8s-forkfind-forkfind-8e65d48af1-1990260306.us-east-1.elb.amazonaws.com/restaurants?q=pizza&limit=12&sort=rating,285,0,71
1777593362316,126,03 - POST /restaurants/20/reviews,Non HTTP response code: java.net.SocketException,Non HTTP response message: Connection reset,Virtual Users [500 threads] 1-388,text,false,"Review submission returned unexpected status (401 = bad token, 5xx = server error)",2601,0,114,114,http://k8s-forkfind-forkfind-8e65d48af1-1990260306.us-east-1.elb.amazonaws.com/restaurants/20/reviews,0,0,0
1777593362315,127,03 - POST /restaurants/20/reviews,Non HTTP response code: java.net.SocketException,Non HTTP response message: Connection reset,Virtual Users [500 threads] 1-387,text,false,"Review submission returned unexpected status (401 = bad token, 5xx = server error)",2601,0,114,114,http://k8s-forkfind-forkfind-8e65d48af1-1990260306.us-east-1.elb.amazonaws.com/restaurants/20/reviews,0,0,0
1777593332441,30102,01 - POST /auth/user/login,Non HTTP response code: java.net.SocketTimeoutException,Non HTTP response message: Read timed out,Virtual Users [500 threads] 1-396,text,false,Login failed — check credentials in users.csv,2679,0,112,112,http://k8s-forkfind-forkfind-8e65d48af1-1990260306.us-east-1.elb.amazonaws.com/auth/user/login,0,0,100
1777593332380,30163,01 - POST /auth/user/login,Non HTTP response code: java.net.SocketTimeoutException,Non HTTP response message: Read timed out,Virtual Users [500 threads] 1-395,text,false,Login failed — check credentials in users.csv,2679,0,112,112,http://k8s-forkfind-forkfind-8e65d48af1-1990260306.us-east-1.elb.amazonaws.com/auth/user/login,0,0,161
1777593362239,317,02 - GET /restaurants (search),200,OK,Virtual Users [500 threads] 1-391,text,true,,790,311,112,112,http://k8s-forkfind-forkfind-8e65d48af1-1990260306.us-east-1.elb.amazonaws.com/restaurants?q=pizza&limit=12&sort=rating,317,0,70
1777593362390,189,03 - POST /restaurants/20/reviews,Non HTTP response code: java.net.SocketException,Non HTTP response message: Connection reset,Virtual Users [500 threads] 1-389,text,false,"Review submission returned unexpected status (401 = bad token, 5xx = server error)",2601,0,112,112,http://k8s-forkfind-forkfind-8e65d48af1-1990260306.us-east-1.elb.amazonaws.com/restaurants/20/reviews,0,0,0
1777593362293,301,02 - GET /restaurants (search),200,OK,Virtual Users [500 threads] 1-392,text,true,,790,311,111,111,http://k8s-forkfind-forkfind-8e65d48af1-1990260306.us-east-1.elb.amazonaws.com/restaurants?q=pizza&limit=12&sort=rating,301,0,72
1777593362442,152,03 - POST /restaurants/20/reviews,Non HTTP response code: java.net.SocketException,Non HTTP response message: Connection reset,Virtual Users [500 threads] 1-390,text,false,"Review submission returned unexpected status (401 = bad token, 5xx = server error)",2601,0,111,111,http://k8s-forkfind-forkfind-8e65d48af1-1990260306.us-east-1.elb.amazonaws.com/restaurants/20/reviews,0,0,0
1777593332498,30099,01 - POST /auth/user/login,Non HTTP response code: java.net.SocketTimeoutException,Non HTTP response message: Read timed out,Virtual Users [500 threads] 1-397,text,false,Login failed — check credentials in users.csv,2679,0,110,110,http://k8s-forkfind-forkfind-8e65d48af1-1990260306.us-east-1.elb.amazonaws.com/auth/user/login,0,0,97
1777593332560,30083,01 - POST /auth/user/login,Non HTTP response code: java.net.SocketTimeoutException,Non HTTP response message: Read timed out,Virtual Users [500 threads] 1-398,text,false,Login failed — check credentials in users.csv,2679,0,110,110,http://k8s-forkfind-forkfind-8e65d48af1-1990260306.us-east-1.elb.amazonaws.com/auth/user/login,0,0,81
1777593362350,325,02 - GET /restaurants (search),200,OK,Virtual Users [500 threads] 1-393,text,true,,790,311,110,110,http://k8s-forkfind-forkfind-8e65d48af1-1990260306.us-east-1.elb.amazonaws.com/restaurants?q=pizza&limit=12&sort=rating,325,0,72
1777593362557,118,03 - POST /restaurants/20/reviews,Non HTTP response code: java.net.SocketException,Non HTTP response message: Connection reset,Virtual Users [500 threads] 1-391,text,false,"Review submission returned unexpected status (401 = bad token, 5xx = server error)",2601,0,110,110,http://k8s-forkfind-forkfind-8e65d48af1-1990260306.us-east-1.elb.amazonaws.com/restaurants/20/reviews,0,0,0
1777593362407,273,02 - GET /restaurants (search),200,OK,Virtual Users [500 threads] 1-394,text,true,,790,311,109,109,http://k8s-forkfind-forkfind-8e65d48af1-1990260306.us-east-1.elb.amazonaws.com/restaurants?q=pizza&limit=12&sort=rating,273,0,77
1777593362594,86,03 - POST /restaurants/20/reviews,Non HTTP response code: java.net.SocketException,Non HTTP response message: Connection reset,Virtual Users [500 threads] 1-392,text,false,"Review submission returned unexpected status (401 = bad token, 5xx = server error)",2601,0,109,109,http://k8s-forkfind-forkfind-8e65d48af1-1990260306.us-east-1.elb.amazonaws.com/restaurants/20/reviews,0,0,0
1777593332621,30105,01 - POST /auth/user/login,Non HTTP response code: java.net.SocketTimeoutException,Non HTTP response message: Read timed out,Virtual Users [500 threads] 1-399,text,false,Login failed — check credentials in users.csv,2679,0,108,108,http://k8s-forkfind-forkfind-8e65d48af1-1990260306.us-east-1.elb.amazonaws.com/auth/user/login,0,0,103
1777593362544,205,02 - GET /restaurants (search),200,OK,Virtual Users [500 threads] 1-395,text,true,,790,311,108,108,http://k8s-forkfind-forkfind-8e65d48af1-1990260306.us-east-1.elb.amazonaws.com/restaurants?q=pizza&limit=12&sort=rating,205,0,77
1777593362544,233,02 - GET /restaurants (search),200,OK,Virtual Users [500 threads] 1-396,text,true,,790,311,108,108,http://k8s-forkfind-forkfind-8e65d48af1-1990260306.us-east-1.elb.amazonaws.com/restaurants?q=pizza&limit=12&sort=rating,233,0,77
1777593332681,30096,01 - POST /auth/user/login,Non HTTP response code: java.net.SocketTimeoutException,Non HTTP response message: Read timed out,Virtual Users [500 threads] 1-400,text,false,Login failed — check credentials in users.csv,2679,0,108,108,http://k8s-forkfind-forkfind-8e65d48af1-1990260306.us-east-1.elb.amazonaws.com/auth/user/login,0,0,94
1777593362676,114,03 - POST /restaurants/20/reviews,Non HTTP response code: java.net.SocketException,Non HTTP response message: Connection reset,Virtual Users [500 threads] 1-393,text,false,"Review submission returned unexpected status (401 = bad token, 5xx = server error)",2601,0,108,108,http://k8s-forkfind-forkfind-8e65d48af1-1990260306.us-east-1.elb.amazonaws.com/restaurants/20/reviews,0,0,0
1777593362681,112,03 - POST /restaurants/20/reviews,Non HTTP response code: java.net.SocketException,Non HTTP response message: Connection reset,Virtual Users [500 threads] 1-394,text,false,"Review submission returned unexpected status (401 = bad token, 5xx = server error)",2601,0,107,107,http://k8s-forkfind-forkfind-8e65d48af1-1990260306.us-east-1.elb.amazonaws.com/restaurants/20/reviews,0,0,0
1777593332737,30088,01 - POST /auth/user/login,Non HTTP response code: java.net.SocketTimeoutException,Non HTTP response message: Read timed out,Virtual Users [500 threads] 1-401,text,false,Login failed — check credentials in users.csv,2679,0,106,106,http://k8s-forkfind-forkfind-8e65d48af1-1990260306.us-east-1.elb.amazonaws.com/auth/user/login,0,0,86
1777593362598,259,02 - GET /restaurants (search),200,OK,Virtual Users [500 threads] 1-397,text,true,,790,311,106,106,http://k8s-forkfind-forkfind-8e65d48af1-1990260306.us-east-1.elb.amazonaws.com/restaurants?q=pizza&limit=12&sort=rating,259,0,77
1777593362751,107,03 - POST /restaurants/20/reviews,Non HTTP response code: java.net.SocketException,Non HTTP response message: Connection reset,Virtual Users [500 threads] 1-395,text,false,"Review submission returned unexpected status (401 = bad token, 5xx = server error)",2601,0,106,106,http://k8s-forkfind-forkfind-8e65d48af1-1990260306.us-east-1.elb.amazonaws.com/restaurants/20/reviews,0,0,0
1777593362645,225,02 - GET /restaurants (search),200,OK,Virtual Users [500 threads] 1-398,text,true,,790,311,105,105,http://k8s-forkfind-forkfind-8e65d48af1-1990260306.us-east-1.elb.amazonaws.com/restaurants?q=pizza&limit=12&sort=rating,225,0,71
1777593362777,97,03 - POST /restaurants/20/reviews,Non HTTP response code: java.net.SocketException,Non HTTP response message: Connection reset,Virtual Users [500 threads] 1-396,text,false,"Review submission returned unexpected status (401 = bad token, 5xx = server error)",2601,0,105,105,http://k8s-forkfind-forkfind-8e65d48af1-1990260306.us-east-1.elb.amazonaws.com/restaurants/20/reviews,0,0,0
1777593332799,30083,01 - POST /auth/user/login,Non HTTP response code: java.net.SocketTimeoutException,Non HTTP response message: Read timed out,Virtual Users [500 threads] 1-402,text,false,Login failed — check credentials in users.csv,2679,0,104,104,http://k8s-forkfind-forkfind-8e65d48af1-1990260306.us-east-1.elb.amazonaws.com/auth/user/login,0,0,81
1777593362727,183,02 - GET /restaurants (search),200,OK,Virtual Users [500 threads] 1-399,text,true,,790,311,104,104,http://k8s-forkfind-forkfind-8e65d48af1-1990260306.us-east-1.elb.amazonaws.com/restaurants?q=pizza&limit=12&sort=rating,183,0,71
1777593362858,78,03 - POST /restaurants/20/reviews,Non HTTP response code: java.net.SocketException,Non HTTP response message: Connection reset,Virtual Users [500 threads] 1-397,text,false,"Review submission returned unexpected status (401 = bad token, 5xx = server error)",2601,0,104,104,http://k8s-forkfind-forkfind-8e65d48af1-1990260306.us-east-1.elb.amazonaws.com/restaurants/20/reviews,0,0,0
1777593332860,30077,01 - POST /auth/user/login,Non HTTP response code: java.net.SocketTimeoutException,Non HTTP response message: Read timed out,Virtual Users [500 threads] 1-403,text,false,Login failed — check credentials in users.csv,2679,0,103,103,http://k8s-forkfind-forkfind-8e65d48af1-1990260306.us-east-1.elb.amazonaws.com/auth/user/login,0,0,75
1777593362778,221,02 - GET /restaurants (search),200,OK,Virtual Users [500 threads] 1-400,text,true,,790,311,103,103,http://k8s-forkfind-forkfind-8e65d48af1-1990260306.us-east-1.elb.amazonaws.com/restaurants?q=pizza&limit=12&sort=rating,221,0,79
1777593362910,89,03 - POST /restaurants/20/reviews,Non HTTP response code: java.net.SocketException,Non HTTP response message: Connection reset,Virtual Users [500 threads] 1-399,text,false,"Review submission returned unexpected status (401 = bad token, 5xx = server error)",2601,0,103,103,http://k8s-forkfind-forkfind-8e65d48af1-1990260306.us-east-1.elb.amazonaws.com/restaurants/20/reviews,0,0,0
1777593362870,129,03 - POST /restaurants/20/reviews,Non HTTP response code: java.net.SocketException,Non HTTP response message: Connection reset,Virtual Users [500 threads] 1-398,text,false,"Review submission returned unexpected status (401 = bad token, 5xx = server error)",2601,0,103,103,http://k8s-forkfind-forkfind-8e65d48af1-1990260306.us-east-1.elb.amazonaws.com/restaurants/20/reviews,0,0,0
1777593332921,30091,01 - POST /auth/user/login,Non HTTP response code: java.net.SocketTimeoutException,Non HTTP response message: Read timed out,Virtual Users [500 threads] 1-404,text,false,Login failed — check credentials in users.csv,2679,0,101,101,http://k8s-forkfind-forkfind-8e65d48af1-1990260306.us-east-1.elb.amazonaws.com/auth/user/login,0,0,90
1777593362826,197,02 - GET /restaurants (search),200,OK,Virtual Users [500 threads] 1-401,text,true,,790,311,101,101,http://k8s-forkfind-forkfind-8e65d48af1-1990260306.us-east-1.elb.amazonaws.com/restaurants?q=pizza&limit=12&sort=rating,197,0,72
1777593332981,30074,01 - POST /auth/user/login,Non HTTP response code: java.net.SocketTimeoutException,Non HTTP response message: Read timed out,Virtual Users [500 threads] 1-405,text,false,Login failed — check credentials in users.csv,2679,0,101,101,http://k8s-forkfind-forkfind-8e65d48af1-1990260306.us-east-1.elb.amazonaws.com/auth/user/login,0,0,72
1777593362883,185,02 - GET /restaurants (search),200,OK,Virtual Users [500 threads] 1-402,text,true,,790,311,101,101,http://k8s-forkfind-forkfind-8e65d48af1-1990260306.us-east-1.elb.amazonaws.com/restaurants?q=pizza&limit=12&sort=rating,185,0,72
1777593362999,78,03 - POST /restaurants/20/reviews,Non HTTP response code: java.net.SocketException,Non HTTP response message: Connection reset,Virtual Users [500 threads] 1-400,text,false,"Review submission returned unexpected status (401 = bad token, 5xx = server error)",2601,0,101,101,http://k8s-forkfind-forkfind-8e65d48af1-1990260306.us-east-1.elb.amazonaws.com/restaurants/20/reviews,0,0,0
1777593363023,78,03 - POST /restaurants/20/reviews,Non HTTP response code: java.net.SocketException,Non HTTP response message: Connection reset,Virtual Users [500 threads] 1-401,text,false,"Review submission returned unexpected status (401 = bad token, 5xx = server error)",2601,0,100,100,http://k8s-forkfind-forkfind-8e65d48af1-1990260306.us-east-1.elb.amazonaws.com/restaurants/20/reviews,0,0,0
1777593333041,30077,01 - POST /auth/user/login,Non HTTP response code: java.net.SocketTimeoutException,Non HTTP response message: Read timed out,Virtual Users [500 threads] 1-406,text,false,Login failed — check credentials in users.csv,2679,0,99,99,http://k8s-forkfind-forkfind-8e65d48af1-1990260306.us-east-1.elb.amazonaws.com/auth/user/login,0,0,75
1777593362937,184,02 - GET /restaurants (search),200,OK,Virtual Users [500 threads] 1-403,text,true,,790,311,99,99,http://k8s-forkfind-forkfind-8e65d48af1-1990260306.us-east-1.elb.amazonaws.com/restaurants?q=pizza&limit=12&sort=rating,184,0,71
1777593363069,75,03 - POST /restaurants/20/reviews,Non HTTP response code: java.net.SocketException,Non HTTP response message: Connection reset,Virtual Users [500 threads] 1-402,text,false,"Review submission returned unexpected status (401 = bad token, 5xx = server error)",2601,0,99,99,http://k8s-forkfind-forkfind-8e65d48af1-1990260306.us-east-1.elb.amazonaws.com/restaurants/20/reviews,0,0,0
1777593363013,160,02 - GET /restaurants (search),200,OK,Virtual Users [500 threads] 1-404,text,true,,790,311,98,98,http://k8s-forkfind-forkfind-8e65d48af1-1990260306.us-east-1.elb.amazonaws.com/restaurants?q=pizza&limit=12&sort=rating,160,0,71
1777593333098,30075,01 - POST /auth/user/login,Non HTTP response code: java.net.SocketTimeoutException,Non HTTP response message: Read timed out,Virtual Users [500 threads] 1-407,text,false,Login failed — check credentials in users.csv,2679,0,98,98,http://k8s-forkfind-forkfind-8e65d48af1-1990260306.us-east-1.elb.amazonaws.com/auth/user/login,0,0,73
1777593363122,96,03 - POST /restaurants/20/reviews,Non HTTP response code: java.net.SocketException,Non HTTP response message: Connection reset,Virtual Users [500 threads] 1-403,text,false,"Review submission returned unexpected status (401 = bad token, 5xx = server error)",2601,0,98,98,http://k8s-forkfind-forkfind-8e65d48af1-1990260306.us-east-1.elb.amazonaws.com/restaurants/20/reviews,0,0,0
1777593363056,173,02 - GET /restaurants (search),200,OK,Virtual Users [500 threads] 1-405,text,true,,790,311,97,97,http://k8s-forkfind-forkfind-8e65d48af1-1990260306.us-east-1.elb.amazonaws.com/restaurants?q=pizza&limit=12&sort=rating,173,0,70
1777593363173,87,03 - POST /restaurants/20/reviews,Non HTTP response code: java.net.SocketException,Non HTTP response message: Connection reset,Virtual Users [500 threads] 1-404,text,false,"Review submission returned unexpected status (401 = bad token, 5xx = server error)",2601,0,97,97,http://k8s-forkfind-forkfind-8e65d48af1-1990260306.us-east-1.elb.amazonaws.com/restaurants/20/reviews,0,0,0
1777593333162,30098,01 - POST /auth/user/login,Non HTTP response code: java.net.SocketTimeoutException,Non HTTP response message: Read timed out,Virtual Users [500 threads] 1-408,text,false,Login failed — check credentials in users.csv,2679,0,96,96,http://k8s-forkfind-forkfind-8e65d48af1-1990260306.us-east-1.elb.amazonaws.com/auth/user/login,0,0,97
1777593333222,30076,01 - POST /auth/user/login,Non HTTP response code: java.net.SocketTimeoutException,Non HTTP response message: Read timed out,Virtual Users [500 threads] 1-409,text,false,Login failed — check credentials in users.csv,2679,0,96,96,http://k8s-forkfind-forkfind-8e65d48af1-1990260306.us-east-1.elb.amazonaws.com/auth/user/login,0,0,74
1777593363120,181,02 - GET /restaurants (search),200,OK,Virtual Users [500 threads] 1-406,text,true,,790,311,96,96,http://k8s-forkfind-forkfind-8e65d48af1-1990260306.us-east-1.elb.amazonaws.com/restaurants?q=pizza&limit=12&sort=rating,181,0,71
1777593363230,90,03 - POST /restaurants/20/reviews,Non HTTP response code: java.net.SocketException,Non HTTP response message: Connection reset,Virtual Users [500 threads] 1-405,text,false,"Review submission returned unexpected status (401 = bad token, 5xx = server error)",2601,0,96,96,http://k8s-forkfind-forkfind-8e65d48af1-1990260306.us-east-1.elb.amazonaws.com/restaurants/20/reviews,0,0,0
1777593363174,181,02 - GET /restaurants (search),200,OK,Virtual Users [500 threads] 1-407,text,true,,790,311,95,95,http://k8s-forkfind-forkfind-8e65d48af1-1990260306.us-east-1.elb.amazonaws.com/restaurants?q=pizza&limit=12&sort=rating,181,0,70
1777593333281,30079,01 - POST /auth/user/login,Non HTTP response code: java.net.SocketTimeoutException,Non HTTP response message: Read timed out,Virtual Users [500 threads] 1-410,text,false,Login failed — check credentials in users.csv,2679,0,95,95,http://k8s-forkfind-forkfind-8e65d48af1-1990260306.us-east-1.elb.amazonaws.com/auth/user/login,0,0,77
1777593363301,75,03 - POST /restaurants/20/reviews,Non HTTP response code: java.net.SocketException,Non HTTP response message: Connection reset,Virtual Users [500 threads] 1-406,text,false,"Review submission returned unexpected status (401 = bad token, 5xx = server error)",2601,0,95,95,http://k8s-forkfind-forkfind-8e65d48af1-1990260306.us-east-1.elb.amazonaws.com/restaurants/20/reviews,0,0,0
1777593333341,30087,01 - POST /auth/user/login,Non HTTP response code: java.net.SocketTimeoutException,Non HTTP response message: Read timed out,Virtual Users [500 threads] 1-411,text,false,Login failed — check credentials in users.csv,2679,0,94,94,http://k8s-forkfind-forkfind-8e65d48af1-1990260306.us-east-1.elb.amazonaws.com/auth/user/login,0,0,85
1777593363261,192,02 - GET /restaurants (search),200,OK,Virtual Users [500 threads] 1-408,text,true,,790,311,94,94,http://k8s-forkfind-forkfind-8e65d48af1-1990260306.us-east-1.elb.amazonaws.com/restaurants?q=pizza&limit=12&sort=rating,192,0,71
1777593363355,98,03 - POST /restaurants/20/reviews,Non HTTP response code: java.net.SocketException,Non HTTP response message: Connection reset,Virtual Users [500 threads] 1-407,text,false,"Review submission returned unexpected status (401 = bad token, 5xx = server error)",2601,0,94,94,http://k8s-forkfind-forkfind-8e65d48af1-1990260306.us-east-1.elb.amazonaws.com/restaurants/20/reviews,0,0,0
1777593363299,160,02 - GET /restaurants (search),200,OK,Virtual Users [500 threads] 1-409,text,true,,790,311,93,93,http://k8s-forkfind-forkfind-8e65d48af1-1990260306.us-east-1.elb.amazonaws.com/restaurants?q=pizza&limit=12&sort=rating,160,0,70
1777593333401,30082,01 - POST /auth/user/login,Non HTTP response code: java.net.SocketTimeoutException,Non HTTP response message: Read timed out,Virtual Users [500 threads] 1-412,text,false,Login failed — check credentials in users.csv,2679,0,93,93,http://k8s-forkfind-forkfind-8e65d48af1-1990260306.us-east-1.elb.amazonaws.com/auth/user/login,0,0,80
1777593333457,30072,01 - POST /auth/user/login,Non HTTP response code: java.net.SocketTimeoutException,Non HTTP response message: Read timed out,Virtual Users [500 threads] 1-413,text,false,Login failed — check credentials in users.csv,2679,0,93,93,http://k8s-forkfind-forkfind-8e65d48af1-1990260306.us-east-1.elb.amazonaws.com/auth/user/login,0,0,71
1777593363454,78,03 - POST /restaurants/20/reviews,Non HTTP response code: java.net.SocketException,Non HTTP response message: Connection reset,Virtual Users [500 threads] 1-408,text,false,"Review submission returned unexpected status (401 = bad token, 5xx = server error)",2601,0,93,93,http://k8s-forkfind-forkfind-8e65d48af1-1990260306.us-east-1.elb.amazonaws.com/restaurants/20/reviews,0,0,0
1777593363361,187,02 - GET /restaurants (search),200,OK,Virtual Users [500 threads] 1-410,text,true,,790,311,92,92,http://k8s-forkfind-forkfind-8e65d48af1-1990260306.us-east-1.elb.amazonaws.com/restaurants?q=pizza&limit=12&sort=rating,187,0,71
1777593363460,88,03 - POST /restaurants/20/reviews,Non HTTP response code: java.net.SocketException,Non HTTP response message: Connection reset,Virtual Users [500 threads] 1-409,text,false,"Review submission returned unexpected status (401 = bad token, 5xx = server error)",2601,0,92,92,http://k8s-forkfind-forkfind-8e65d48af1-1990260306.us-east-1.elb.amazonaws.com/restaurants/20/reviews,0,0,0
1777593363429,162,02 - GET /restaurants (search),200,OK,Virtual Users [500 threads] 1-411,text,true,,790,311,91,91,http://k8s-forkfind-forkfind-8e65d48af1-1990260306.us-east-1.elb.amazonaws.com/restaurants?q=pizza&limit=12&sort=rating,162,0,71
1777593333519,30073,01 - POST /auth/user/login,Non HTTP response code: java.net.SocketTimeoutException,Non HTTP response message: Read timed out,Virtual Users [500 threads] 1-414,text,false,Login failed — check credentials in users.csv,2679,0,91,91,http://k8s-forkfind-forkfind-8e65d48af1-1990260306.us-east-1.elb.amazonaws.com/auth/user/login,0,0,72
1777593363548,99,03 - POST /restaurants/20/reviews,Non HTTP response code: java.net.SocketException,Non HTTP response message: Connection reset,Virtual Users [500 threads] 1-410,text,false,"Review submission returned unexpected status (401 = bad token, 5xx = server error)",2601,0,91,91,http://k8s-forkfind-forkfind-8e65d48af1-1990260306.us-east-1.elb.amazonaws.com/restaurants/20/reviews,0,0,0
1777593333580,30073,01 - POST /auth/user/login,Non HTTP response code: java.net.SocketTimeoutException,Non HTTP response message: Read timed out,Virtual Users [500 threads] 1-415,text,false,Login failed — check credentials in users.csv,2679,0,90,90,http://k8s-forkfind-forkfind-8e65d48af1-1990260306.us-east-1.elb.amazonaws.com/auth/user/login,0,0,72
1777593363484,202,02 - GET /restaurants (search),200,OK,Virtual Users [500 threads] 1-412,text,true,,790,311,90,90,http://k8s-forkfind-forkfind-8e65d48af1-1990260306.us-east-1.elb.amazonaws.com/restaurants?q=pizza&limit=12&sort=rating,202,0,71
1777593363591,95,03 - POST /restaurants/20/reviews,Non HTTP response code: java.net.SocketException,Non HTTP response message: Connection reset,Virtual Users [500 threads] 1-411,text,false,"Review submission returned unexpected status (401 = bad token, 5xx = server error)",2601,0,90,90,http://k8s-forkfind-forkfind-8e65d48af1-1990260306.us-east-1.elb.amazonaws.com/restaurants/20/reviews,0,0,0
1777593363531,165,02 - GET /restaurants (search),200,OK,Virtual Users [500 threads] 1-413,text,true,,790,311,89,89,http://k8s-forkfind-forkfind-8e65d48af1-1990260306.us-east-1.elb.amazonaws.com/restaurants?q=pizza&limit=12&sort=rating,165,0,72
1777593333640,30081,01 - POST /auth/user/login,Non HTTP response code: java.net.SocketTimeoutException,Non HTTP response message: Read timed out,Virtual Users [500 threads] 1-416,text,false,Login failed — check credentials in users.csv,2679,0,89,89,http://k8s-forkfind-forkfind-8e65d48af1-1990260306.us-east-1.elb.amazonaws.com/auth/user/login,0,0,80
1777593333701,30073,01 - POST /auth/user/login,Non HTTP response code: java.net.SocketTimeoutException,Non HTTP response message: Read timed out,Virtual Users [500 threads] 1-417,text,false,Login failed — check credentials in users.csv,2679,0,89,89,http://k8s-forkfind-forkfind-8e65d48af1-1990260306.us-east-1.elb.amazonaws.com/auth/user/login,0,0,71
1777593363593,193,02 - GET /restaurants (search),200,OK,Virtual Users [500 threads] 1-414,text,true,,790,311,89,89,http://k8s-forkfind-forkfind-8e65d48af1-1990260306.us-east-1.elb.amazonaws.com/restaurants?q=pizza&limit=12&sort=rating,193,0,70
1777593363686,108,03 - POST /restaurants/20/reviews,Non HTTP response code: java.net.SocketException,Non HTTP response message: Connection reset,Virtual Users [500 threads] 1-412,text,false,"Review submission returned unexpected status (401 = bad token, 5xx = server error)",2601,0,89,89,http://k8s-forkfind-forkfind-8e65d48af1-1990260306.us-east-1.elb.amazonaws.com/restaurants/20/reviews,0,0,0
1777593363696,98,03 - POST /restaurants/20/reviews,Non HTTP response code: java.net.SocketException,Non HTTP response message: Connection reset,Virtual Users [500 threads] 1-413,text,false,"Review submission returned unexpected status (401 = bad token, 5xx = server error)",2601,0,89,89,http://k8s-forkfind-forkfind-8e65d48af1-1990260306.us-east-1.elb.amazonaws.com/restaurants/20/reviews,0,0,0
1777593333762,30076,01 - POST /auth/user/login,Non HTTP response code: java.net.SocketTimeoutException,Non HTTP response message: Read timed out,Virtual Users [500 threads] 1-418,text,false,Login failed — check credentials in users.csv,2679,0,87,87,http://k8s-forkfind-forkfind-8e65d48af1-1990260306.us-east-1.elb.amazonaws.com/auth/user/login,0,0,74
1777593363654,216,02 - GET /restaurants (search),200,OK,Virtual Users [500 threads] 1-415,text,true,,790,311,87,87,http://k8s-forkfind-forkfind-8e65d48af1-1990260306.us-east-1.elb.amazonaws.com/restaurants?q=pizza&limit=12&sort=rating,216,0,70
1777593363786,85,03 - POST /restaurants/20/reviews,Non HTTP response code: java.net.SocketException,Non HTTP response message: Connection reset,Virtual Users [500 threads] 1-414,text,false,"Review submission returned unexpected status (401 = bad token, 5xx = server error)",2601,0,87,87,http://k8s-forkfind-forkfind-8e65d48af1-1990260306.us-east-1.elb.amazonaws.com/restaurants/20/reviews,0,0,0
1777593333819,30076,01 - POST /auth/user/login,Non HTTP response code: java.net.SocketTimeoutException,Non HTTP response message: Read timed out,Virtual Users [500 threads] 1-419,text,false,Login failed — check credentials in users.csv,2679,0,86,86,http://k8s-forkfind-forkfind-8e65d48af1-1990260306.us-east-1.elb.amazonaws.com/auth/user/login,0,0,75
1777593363722,216,02 - GET /restaurants (search),200,OK,Virtual Users [500 threads] 1-416,text,true,,790,311,86,86,http://k8s-forkfind-forkfind-8e65d48af1-1990260306.us-east-1.elb.amazonaws.com/restaurants?q=pizza&limit=12&sort=rating,216,0,69
1777593363774,174,02 - GET /restaurants (search),200,OK,Virtual Users [500 threads] 1-417,text,true,,790,311,86,86,http://k8s-forkfind-forkfind-8e65d48af1-1990260306.us-east-1.elb.amazonaws.com/restaurants?q=pizza&limit=12&sort=rating,174,0,74
1777593363870,78,03 - POST /restaurants/20/reviews,Non HTTP response code: java.net.SocketException,Non HTTP response message: Connection reset,Virtual Users [500 threads] 1-415,text,false,"Review submission returned unexpected status (401 = bad token, 5xx = server error)",2601,0,86,86,http://k8s-forkfind-forkfind-8e65d48af1-1990260306.us-east-1.elb.amazonaws.com/restaurants/20/reviews,0,0,0
1777593333880,30077,01 - POST /auth/user/login,Non HTTP response code: java.net.SocketTimeoutException,Non HTTP response message: Read timed out,Virtual Users [500 threads] 1-420,text,false,Login failed — check credentials in users.csv,2679,0,85,85,http://k8s-forkfind-forkfind-8e65d48af1-1990260306.us-east-1.elb.amazonaws.com/auth/user/login,0,0,75
1777593363839,157,02 - GET /restaurants (search),200,OK,Virtual Users [500 threads] 1-418,text,true,,790,311,85,85,http://k8s-forkfind-forkfind-8e65d48af1-1990260306.us-east-1.elb.amazonaws.com/restaurants?q=pizza&limit=12&sort=rating,156,0,71
1777593363938,88,03 - POST /restaurants/20/reviews,Non HTTP response code: java.net.SocketException,Non HTTP response message: Connection reset,Virtual Users [500 threads] 1-416,text,false,"Review submission returned unexpected status (401 = bad token, 5xx = server error)",2601,0,85,85,http://k8s-forkfind-forkfind-8e65d48af1-1990260306.us-east-1.elb.amazonaws.com/restaurants/20/reviews,0,0,0
1777593363948,79,03 - POST /restaurants/20/reviews,Non HTTP response code: java.net.SocketException,Non HTTP response message: Connection reset,Virtual Users [500 threads] 1-417,text,false,"Review submission returned unexpected status (401 = bad token, 5xx = server error)",2601,0,84,84,http://k8s-forkfind-forkfind-8e65d48af1-1990260306.us-east-1.elb.amazonaws.com/restaurants/20/reviews,0,0,0
1777593333940,30090,01 - POST /auth/user/login,Non HTTP response code: java.net.SocketTimeoutException,Non HTTP response message: Read timed out,Virtual Users [500 threads] 1-421,text,false,Login failed — check credentials in users.csv,2679,0,83,83,http://k8s-forkfind-forkfind-8e65d48af1-1990260306.us-east-1.elb.amazonaws.com/auth/user/login,0,0,89
1777593363996,76,03 - POST /restaurants/20/reviews,Non HTTP response code: java.net.SocketException,Non HTTP response message: Connection reset,Virtual Users [500 threads] 1-418,text,false,"Review submission returned unexpected status (401 = bad token, 5xx = server error)",2601,0,83,83,http://k8s-forkfind-forkfind-8e65d48af1-1990260306.us-east-1.elb.amazonaws.com/restaurants/20/reviews,0,0,0
1777593334000,30081,01 - POST /auth/user/login,Non HTTP response code: java.net.SocketTimeoutException,Non HTTP response message: Read timed out,Virtual Users [500 threads] 1-422,text,false,Login failed — check credentials in users.csv,2679,0,82,82,http://k8s-forkfind-forkfind-8e65d48af1-1990260306.us-east-1.elb.amazonaws.com/auth/user/login,0,0,80
1777593363895,203,02 - GET /restaurants (search),200,OK,Virtual Users [500 threads] 1-419,text,true,,790,311,82,82,http://k8s-forkfind-forkfind-8e65d48af1-1990260306.us-east-1.elb.amazonaws.com/restaurants?q=pizza&limit=12&sort=rating,203,0,70
1777593363957,178,02 - GET /restaurants (search),200,OK,Virtual Users [500 threads] 1-420,text,true,,790,311,82,82,http://k8s-forkfind-forkfind-8e65d48af1-1990260306.us-east-1.elb.amazonaws.com/restaurants?q=pizza&limit=12&sort=rating,178,0,70
1777593334060,30086,01 - POST /auth/user/login,Non HTTP response code: java.net.SocketTimeoutException,Non HTTP response message: Read timed out,Virtual Users [500 threads] 1-423,text,false,Login failed — check credentials in users.csv,2679,0,82,82,http://k8s-forkfind-forkfind-8e65d48af1-1990260306.us-east-1.elb.amazonaws.com/auth/user/login,0,0,85
1777593364098,76,03 - POST /restaurants/20/reviews,Non HTTP response code: java.net.SocketException,Non HTTP response message: Connection reset,Virtual Users [500 threads] 1-419,text,false,"Review submission returned unexpected status (401 = bad token, 5xx = server error)",2601,0,82,82,http://k8s-forkfind-forkfind-8e65d48af1-1990260306.us-east-1.elb.amazonaws.com/restaurants/20/reviews,0,0,0
1777593364031,166,02 - GET /restaurants (search),200,OK,Virtual Users [500 threads] 1-421,text,true,,790,311,81,81,http://k8s-forkfind-forkfind-8e65d48af1-1990260306.us-east-1.elb.amazonaws.com/restaurants?q=pizza&limit=12&sort=rating,166,0,71
1777593334120,30086,01 - POST /auth/user/login,Non HTTP response code: java.net.SocketTimeoutException,Non HTTP response message: Read timed out,Virtual Users [500 threads] 1-424,text,false,Login failed — check credentials in users.csv,2679,0,81,81,http://k8s-forkfind-forkfind-8e65d48af1-1990260306.us-east-1.elb.amazonaws.com/auth/user/login,0,0,85
1777593364135,82,03 - POST /restaurants/20/reviews,Non HTTP response code: java.net.SocketException,Non HTTP response message: Connection reset,Virtual Users [500 threads] 1-420,text,false,"Review submission returned unexpected status (401 = bad token, 5xx = server error)",2601,0,81,81,http://k8s-forkfind-forkfind-8e65d48af1-1990260306.us-east-1.elb.amazonaws.com/restaurants/20/reviews,0,0,0
1777593364082,159,02 - GET /restaurants (search),200,OK,Virtual Users [500 threads] 1-422,text,true,,790,311,80,80,http://k8s-forkfind-forkfind-8e65d48af1-1990260306.us-east-1.elb.amazonaws.com/restaurants?q=pizza&limit=12&sort=rating,159,0,71
1777593334180,30074,01 - POST /auth/user/login,Non HTTP response code: java.net.SocketTimeoutException,Non HTTP response message: Read timed out,Virtual Users [500 threads] 1-425,text,false,Login failed — check credentials in users.csv,2679,0,80,80,http://k8s-forkfind-forkfind-8e65d48af1-1990260306.us-east-1.elb.amazonaws.com/auth/user/login,0,0,72
1777593364197,79,03 - POST /restaurants/20/reviews,Non HTTP response code: java.net.SocketException,Non HTTP response message: Connection reset,Virtual Users [500 threads] 1-421,text,false,"Review submission returned unexpected status (401 = bad token, 5xx = server error)",2601,0,80,80,http://k8s-forkfind-forkfind-8e65d48af1-1990260306.us-east-1.elb.amazonaws.com/restaurants/20/reviews,0,0,0
1777593364146,164,02 - GET /restaurants (search),200,OK,Virtual Users [500 threads] 1-423,text,true,,790,311,79,79,http://k8s-forkfind-forkfind-8e65d48af1-1990260306.us-east-1.elb.amazonaws.com/restaurants?q=pizza&limit=12&sort=rating,164,0,71
1777593364242,82,03 - POST /restaurants/20/reviews,Non HTTP response code: java.net.SocketException,Non HTTP response message: Connection reset,Virtual Users [500 threads] 1-422,text,false,"Review submission returned unexpected status (401 = bad token, 5xx = server error)",2601,0,79,79,http://k8s-forkfind-forkfind-8e65d48af1-1990260306.us-east-1.elb.amazonaws.com/restaurants/20/reviews,0,0,0
1777593334241,30111,01 - POST /auth/user/login,Non HTTP response code: java.net.SocketTimeoutException,Non HTTP response message: Read timed out,Virtual Users [500 threads] 1-426,text,false,Login failed — check credentials in users.csv,2679,0,78,78,http://k8s-forkfind-forkfind-8e65d48af1-1990260306.us-east-1.elb.amazonaws.com/auth/user/login,0,0,110
1777593334301,30075,01 - POST /auth/user/login,Non HTTP response code: java.net.SocketTimeoutException,Non HTTP response message: Read timed out,Virtual Users [500 threads] 1-427,text,false,Login failed — check credentials in users.csv,2679,0,78,78,http://k8s-forkfind-forkfind-8e65d48af1-1990260306.us-east-1.elb.amazonaws.com/auth/user/login,0,0,73
1777593364310,91,03 - POST /restaurants/20/reviews,Non HTTP response code: java.net.SocketException,Non HTTP response message: Connection reset,Virtual Users [500 threads] 1-423,text,false,"Review submission returned unexpected status (401 = bad token, 5xx = server error)",2601,0,78,78,http://k8s-forkfind-forkfind-8e65d48af1-1990260306.us-east-1.elb.amazonaws.com/restaurants/20/reviews,0,0,0
1777593364206,212,02 - GET /restaurants (search),200,OK,Virtual Users [500 threads] 1-424,text,true,,790,311,77,77,http://k8s-forkfind-forkfind-8e65d48af1-1990260306.us-east-1.elb.amazonaws.com/restaurants?q=pizza&limit=12&sort=rating,212,0,72
1777593334360,30074,01 - POST /auth/user/login,Non HTTP response code: java.net.SocketTimeoutException,Non HTTP response message: Read timed out,Virtual Users [500 threads] 1-428,text,false,Login failed — check credentials in users.csv,2679,0,77,77,http://k8s-forkfind-forkfind-8e65d48af1-1990260306.us-east-1.elb.amazonaws.com/auth/user/login,0,0,72
1777593364255,191,02 - GET /restaurants (search),200,OK,Virtual Users [500 threads] 1-425,text,true,,790,311,77,77,http://k8s-forkfind-forkfind-8e65d48af1-1990260306.us-east-1.elb.amazonaws.com/restaurants?q=pizza&limit=12&sort=rating,191,0,77
1777593364418,76,03 - POST /restaurants/20/reviews,Non HTTP response code: java.net.SocketException,Non HTTP response message: Connection reset,Virtual Users [500 threads] 1-424,text,false,"Review submission returned unexpected status (401 = bad token, 5xx = server error)",2601,0,77,77,http://k8s-forkfind-forkfind-8e65d48af1-1990260306.us-east-1.elb.amazonaws.com/restaurants/20/reviews,0,0,0
1777593334420,30079,01 - POST /auth/user/login,Non HTTP response code: java.net.SocketTimeoutException,Non HTTP response message: Read timed out,Virtual Users [500 threads] 1-429,text,false,Login failed — check credentials in users.csv,2679,0,76,76,http://k8s-forkfind-forkfind-8e65d48af1-1990260306.us-east-1.elb.amazonaws.com/auth/user/login,0,0,78
1777593364353,198,02 - GET /restaurants (search),200,OK,Virtual Users [500 threads] 1-426,text,true,,790,311,76,76,http://k8s-forkfind-forkfind-8e65d48af1-1990260306.us-east-1.elb.amazonaws.com/restaurants?q=pizza&limit=12&sort=rating,198,0,70
1777593364377,174,02 - GET /restaurants (search),200,OK,Virtual Users [500 threads] 1-427,text,true,,790,311,76,76,http://k8s-forkfind-forkfind-8e65d48af1-1990260306.us-east-1.elb.amazonaws.com/restaurants?q=pizza&limit=12&sort=rating,174,0,70
1777593364446,105,03 - POST /restaurants/20/reviews,Non HTTP response code: java.net.SocketException,Non HTTP response message: Connection reset,Virtual Users [500 threads] 1-425,text,false,"Review submission returned unexpected status (401 = bad token, 5xx = server error)",2601,0,76,76,http://k8s-forkfind-forkfind-8e65d48af1-1990260306.us-east-1.elb.amazonaws.com/restaurants/20/reviews,0,0,0
1777593334481,30076,01 - POST /auth/user/login,Non HTTP response code: java.net.SocketTimeoutException,Non HTTP response message: Read timed out,Virtual Users [500 threads] 1-430,text,false,Login failed — check credentials in users.csv,2679,0,76,76,http://k8s-forkfind-forkfind-8e65d48af1-1990260306.us-east-1.elb.amazonaws.com/auth/user/login,0,0,71
1777593334541,30073,01 - POST /auth/user/login,Non HTTP response code: java.net.SocketTimeoutException,Non HTTP response message: Read timed out,Virtual Users [500 threads] 1-431,text,false,Login failed — check credentials in users.csv,2679,0,75,75,http://k8s-forkfind-forkfind-8e65d48af1-1990260306.us-east-1.elb.amazonaws.com/auth/user/login,0,0,72
1777593364557,81,03 - POST /restaurants/20/reviews,Non HTTP response code: java.net.SocketException,Non HTTP response message: Connection reset,Virtual Users [500 threads] 1-426,text,false,"Review submission returned unexpected status (401 = bad token, 5xx = server error)",2601,0,75,75,http://k8s-forkfind-forkfind-8e65d48af1-1990260306.us-east-1.elb.amazonaws.com/restaurants/20/reviews,0,0,0
1777593364557,81,03 - POST /restaurants/20/reviews,Non HTTP response code: java.net.SocketException,Non HTTP response message: Connection reset,Virtual Users [500 threads] 1-427,text,false,"Review submission returned unexpected status (401 = bad token, 5xx = server error)",2601,0,75,75,http://k8s-forkfind-forkfind-8e65d48af1-1990260306.us-east-1.elb.amazonaws.com/restaurants/20/reviews,0,0,0
1777593334601,30073,01 - POST /auth/user/login,Non HTTP response code: java.net.SocketTimeoutException,Non HTTP response message: Read timed out,Virtual Users [500 threads] 1-432,text,false,Login failed — check credentials in users.csv,2679,0,73,73,http://k8s-forkfind-forkfind-8e65d48af1-1990260306.us-east-1.elb.amazonaws.com/auth/user/login,0,0,71
1777593364499,233,02 - GET /restaurants (search),200,OK,Virtual Users [500 threads] 1-429,text,true,,790,311,73,73,http://k8s-forkfind-forkfind-8e65d48af1-1990260306.us-east-1.elb.amazonaws.com/restaurants?q=pizza&limit=12&sort=rating,233,0,82
1777593364435,297,02 - GET /restaurants (search),200,OK,Virtual Users [500 threads] 1-428,text,true,,790,311,73,73,http://k8s-forkfind-forkfind-8e65d48af1-1990260306.us-east-1.elb.amazonaws.com/restaurants?q=pizza&limit=12&sort=rating,297,0,116
1777593334661,30080,01 - POST /auth/user/login,Non HTTP response code: java.net.SocketTimeoutException,Non HTTP response message: Read timed out,Virtual Users [500 threads] 1-433,text,false,Login failed — check credentials in users.csv,2679,0,73,73,http://k8s-forkfind-forkfind-8e65d48af1-1990260306.us-east-1.elb.amazonaws.com/auth/user/login,0,0,78
1777593364557,201,02 - GET /restaurants (search),200,OK,Virtual Users [500 threads] 1-430,text,true,,790,311,73,73,http://k8s-forkfind-forkfind-8e65d48af1-1990260306.us-east-1.elb.amazonaws.com/restaurants?q=pizza&limit=12&sort=rating,201,0,74
1777593334719,30075,01 - POST /auth/user/login,Non HTTP response code: java.net.SocketTimeoutException,Non HTTP response message: Read timed out,Virtual Users [500 threads] 1-434,text,false,Login failed — check credentials in users.csv,2679,0,73,73,http://k8s-forkfind-forkfind-8e65d48af1-1990260306.us-east-1.elb.amazonaws.com/auth/user/login,0,0,73
1777593364615,195,02 - GET /restaurants (search),200,OK,Virtual Users [500 threads] 1-431,text,true,,790,311,73,73,http://k8s-forkfind-forkfind-8e65d48af1-1990260306.us-east-1.elb.amazonaws.com/restaurants?q=pizza&limit=12&sort=rating,195,0,70
1777593364732,78,03 - POST /restaurants/20/reviews,Non HTTP response code: java.net.SocketException,Non HTTP response message: Connection reset,Virtual Users [500 threads] 1-429,text,false,"Review submission returned unexpected status (401 = bad token, 5xx = server error)",2601,0,73,73,http://k8s-forkfind-forkfind-8e65d48af1-1990260306.us-east-1.elb.amazonaws.com/restaurants/20/reviews,0,0,0
1777593364732,78,03 - POST /restaurants/20/reviews,Non HTTP response code: java.net.SocketException,Non HTTP response message: Connection reset,Virtual Users [500 threads] 1-428,text,false,"Review submission returned unexpected status (401 = bad token, 5xx = server error)",2601,0,73,73,http://k8s-forkfind-forkfind-8e65d48af1-1990260306.us-east-1.elb.amazonaws.com/restaurants/20/reviews,0,0,0
1777593364758,75,03 - POST /restaurants/20/reviews,Non HTTP response code: java.net.SocketException,Non HTTP response message: Connection reset,Virtual Users [500 threads] 1-430,text,false,"Review submission returned unexpected status (401 = bad token, 5xx = server error)",2601,0,71,71,http://k8s-forkfind-forkfind-8e65d48af1-1990260306.us-east-1.elb.amazonaws.com/restaurants/20/reviews,0,0,0
1777593364674,175,02 - GET /restaurants (search),200,OK,Virtual Users [500 threads] 1-432,text,true,,790,311,70,70,http://k8s-forkfind-forkfind-8e65d48af1-1990260306.us-east-1.elb.amazonaws.com/restaurants?q=pizza&limit=12&sort=rating,175,0,84
1777593334781,30082,01 - POST /auth/user/login,Non HTTP response code: java.net.SocketTimeoutException,Non HTTP response message: Read timed out,Virtual Users [500 threads] 1-435,text,false,Login failed — check credentials in users.csv,2679,0,70,70,http://k8s-forkfind-forkfind-8e65d48af1-1990260306.us-east-1.elb.amazonaws.com/auth/user/login,0,0,80
1777593364811,73,03 - POST /restaurants/20/reviews,Non HTTP response code: java.net.SocketException,Non HTTP response message: Connection reset,Virtual Users [500 threads] 1-431,text,false,"Review submission returned unexpected status (401 = bad token, 5xx = server error)",2601,0,70,70,http://k8s-forkfind-forkfind-8e65d48af1-1990260306.us-east-1.elb.amazonaws.com/restaurants/20/reviews,0,0,0
1777593364742,171,02 - GET /restaurants (search),200,OK,Virtual Users [500 threads] 1-433,text,true,,790,311,69,69,http://k8s-forkfind-forkfind-8e65d48af1-1990260306.us-east-1.elb.amazonaws.com/restaurants?q=pizza&limit=12&sort=rating,171,0,78
1777593334841,30075,01 - POST /auth/user/login,Non HTTP response code: java.net.SocketTimeoutException,Non HTTP response message: Read timed out,Virtual Users [500 threads] 1-436,text,false,Login failed — check credentials in users.csv,2679,0,69,69,http://k8s-forkfind-forkfind-8e65d48af1-1990260306.us-east-1.elb.amazonaws.com/auth/user/login,0,0,73
1777593364850,73,03 - POST /restaurants/20/reviews,Non HTTP response code: java.net.SocketException,Non HTTP response message: Connection reset,Virtual Users [500 threads] 1-432,text,false,"Review submission returned unexpected status (401 = bad token, 5xx = server error)",2601,0,69,69,http://k8s-forkfind-forkfind-8e65d48af1-1990260306.us-east-1.elb.amazonaws.com/restaurants/20/reviews,0,0,0
1777593364795,160,02 - GET /restaurants (search),200,OK,Virtual Users [500 threads] 1-434,text,true,,790,311,68,68,http://k8s-forkfind-forkfind-8e65d48af1-1990260306.us-east-1.elb.amazonaws.com/restaurants?q=pizza&limit=12&sort=rating,160,0,74
1777593334900,30075,01 - POST /auth/user/login,Non HTTP response code: java.net.SocketTimeoutException,Non HTTP response message: Read timed out,Virtual Users [500 threads] 1-437,text,false,Login failed — check credentials in users.csv,2679,0,68,68,http://k8s-forkfind-forkfind-8e65d48af1-1990260306.us-east-1.elb.amazonaws.com/auth/user/login,0,0,73
1777593364913,75,03 - POST /restaurants/20/reviews,Non HTTP response code: java.net.SocketException,Non HTTP response message: Connection reset,Virtual Users [500 threads] 1-433,text,false,"Review submission returned unexpected status (401 = bad token, 5xx = server error)",2601,0,68,68,http://k8s-forkfind-forkfind-8e65d48af1-1990260306.us-east-1.elb.amazonaws.com/restaurants/20/reviews,0,0,0
1777593334959,30075,01 - POST /auth/user/login,Non HTTP response code: java.net.SocketTimeoutException,Non HTTP response message: Read timed out,Virtual Users [500 threads] 1-438,text,false,Login failed — check credentials in users.csv,2679,0,67,67,http://k8s-forkfind-forkfind-8e65d48af1-1990260306.us-east-1.elb.amazonaws.com/auth/user/login,0,0,74
1777593364955,83,03 - POST /restaurants/20/reviews,Non HTTP response code: java.net.SocketException,Non HTTP response message: Connection reset,Virtual Users [500 threads] 1-434,text,false,"Review submission returned unexpected status (401 = bad token, 5xx = server error)",2601,0,67,67,http://k8s-forkfind-forkfind-8e65d48af1-1990260306.us-east-1.elb.amazonaws.com/restaurants/20/reviews,0,0,0
1777593364863,230,02 - GET /restaurants (search),200,OK,Virtual Users [500 threads] 1-435,text,true,,790,311,66,66,http://k8s-forkfind-forkfind-8e65d48af1-1990260306.us-east-1.elb.amazonaws.com/restaurants?q=pizza&limit=12&sort=rating,230,0,75
1777593335020,30073,01 - POST /auth/user/login,Non HTTP response code: java.net.SocketTimeoutException,Non HTTP response message: Read timed out,Virtual Users [500 threads] 1-439,text,false,Login failed — check credentials in users.csv,2679,0,66,66,http://k8s-forkfind-forkfind-8e65d48af1-1990260306.us-east-1.elb.amazonaws.com/auth/user/login,0,0,71
1777593364916,227,02 - GET /restaurants (search),200,OK,Virtual Users [500 threads] 1-436,text,true,,790,311,66,66,http://k8s-forkfind-forkfind-8e65d48af1-1990260306.us-east-1.elb.amazonaws.com/restaurants?q=pizza&limit=12&sort=rating,227,0,72
1777593335080,30082,01 - POST /auth/user/login,Non HTTP response code: java.net.SocketTimeoutException,Non HTTP response message: Read timed out,Virtual Users [500 threads] 1-440,text,false,Login failed — check credentials in users.csv,2679,0,66,66,http://k8s-forkfind-forkfind-8e65d48af1-1990260306.us-east-1.elb.amazonaws.com/auth/user/login,0,0,80
1777593364975,194,02 - GET /restaurants (search),200,OK,Virtual Users [500 threads] 1-437,text,true,,790,311,66,66,http://k8s-forkfind-forkfind-8e65d48af1-1990260306.us-east-1.elb.amazonaws.com/restaurants?q=pizza&limit=12&sort=rating,194,0,72
1777593365094,78,03 - POST /restaurants/20/reviews,Non HTTP response code: java.net.SocketException,Non HTTP response message: Connection reset,Virtual Users [500 threads] 1-435,text,false,"Review submission returned unexpected status (401 = bad token, 5xx = server error)",2601,0,66,66,http://k8s-forkfind-forkfind-8e65d48af1-1990260306.us-east-1.elb.amazonaws.com/restaurants/20/reviews,0,0,0
1777593365035,169,02 - GET /restaurants (search),200,OK,Virtual Users [500 threads] 1-438,text,true,,790,311,65,65,http://k8s-forkfind-forkfind-8e65d48af1-1990260306.us-east-1.elb.amazonaws.com/restaurants?q=pizza&limit=12&sort=rating,169,0,70
1777593335141,30083,01 - POST /auth/user/login,Non HTTP response code: java.net.SocketTimeoutException,Non HTTP response message: Read timed out,Virtual Users [500 threads] 1-441,text,false,Login failed — check credentials in users.csv,2679,0,65,65,http://k8s-forkfind-forkfind-8e65d48af1-1990260306.us-east-1.elb.amazonaws.com/auth/user/login,0,0,81
1777593365144,91,03 - POST /restaurants/20/reviews,Non HTTP response code: java.net.SocketException,Non HTTP response message: Connection reset,Virtual Users [500 threads] 1-436,text,false,"Review submission returned unexpected status (401 = bad token, 5xx = server error)",2601,0,65,65,http://k8s-forkfind-forkfind-8e65d48af1-1990260306.us-east-1.elb.amazonaws.com/restaurants/20/reviews,0,0,0
1777593365169,91,03 - POST /restaurants/20/reviews,Non HTTP response code: java.net.SocketException,Non HTTP response message: Connection reset,Virtual Users [500 threads] 1-437,text,false,"Review submission returned unexpected status (401 = bad token, 5xx = server error)",2601,0,64,64,http://k8s-forkfind-forkfind-8e65d48af1-1990260306.us-east-1.elb.amazonaws.com/restaurants/20/reviews,0,0,0
1777593365094,173,02 - GET /restaurants (search),200,OK,Virtual Users [500 threads] 1-439,text,true,,790,311,63,63,http://k8s-forkfind-forkfind-8e65d48af1-1990260306.us-east-1.elb.amazonaws.com/restaurants?q=pizza&limit=12&sort=rating,173,0,74
1777593365204,74,03 - POST /restaurants/20/reviews,Non HTTP response code: java.net.SocketException,Non HTTP response message: Connection reset,Virtual Users [500 threads] 1-438,text,false,"Review submission returned unexpected status (401 = bad token, 5xx = server error)",2601,0,63,63,http://k8s-forkfind-forkfind-8e65d48af1-1990260306.us-east-1.elb.amazonaws.com/restaurants/20/reviews,0,0,0
1777593335201,30086,01 - POST /auth/user/login,Non HTTP response code: java.net.SocketTimeoutException,Non HTTP response message: Read timed out,Virtual Users [500 threads] 1-442,text,false,Login failed — check credentials in users.csv,2679,0,62,62,http://k8s-forkfind-forkfind-8e65d48af1-1990260306.us-east-1.elb.amazonaws.com/auth/user/login,0,0,84
1777593365163,155,02 - GET /restaurants (search),200,OK,Virtual Users [500 threads] 1-440,text,true,,790,311,62,62,http://k8s-forkfind-forkfind-8e65d48af1-1990260306.us-east-1.elb.amazonaws.com/restaurants?q=pizza&limit=12&sort=rating,155,0,72
1777593335257,30080,01 - POST /auth/user/login,Non HTTP response code: java.net.SocketTimeoutException,Non HTTP response message: Read timed out,Virtual Users [500 threads] 1-443,text,false,Login failed — check credentials in users.csv,2679,0,62,62,http://k8s-forkfind-forkfind-8e65d48af1-1990260306.us-east-1.elb.amazonaws.com/auth/user/login,0,0,78
1777593365267,74,03 - POST /restaurants/20/reviews,Non HTTP response code: java.net.SocketException,Non HTTP response message: Connection reset,Virtual Users [500 threads] 1-439,text,false,"Review submission returned unexpected status (401 = bad token, 5xx = server error)",2601,0,62,62,http://k8s-forkfind-forkfind-8e65d48af1-1990260306.us-east-1.elb.amazonaws.com/restaurants/20/reviews,0,0,0
1777593335320,30074,01 - POST /auth/user/login,Non HTTP response code: java.net.SocketTimeoutException,Non HTTP response message: Read timed out,Virtual Users [500 threads] 1-444,text,false,Login failed — check credentials in users.csv,2679,0,61,61,http://k8s-forkfind-forkfind-8e65d48af1-1990260306.us-east-1.elb.amazonaws.com/auth/user/login,0,0,73
1777593365224,173,02 - GET /restaurants (search),200,OK,Virtual Users [500 threads] 1-441,text,true,,790,311,61,61,http://k8s-forkfind-forkfind-8e65d48af1-1990260306.us-east-1.elb.amazonaws.com/restaurants?q=pizza&limit=12&sort=rating,173,0,78
1777593365319,78,03 - POST /restaurants/20/reviews,Non HTTP response code: java.net.SocketException,Non HTTP response message: Connection reset,Virtual Users [500 threads] 1-440,text,false,"Review submission returned unexpected status (401 = bad token, 5xx = server error)",2601,0,61,61,http://k8s-forkfind-forkfind-8e65d48af1-1990260306.us-east-1.elb.amazonaws.com/restaurants/20/reviews,0,0,0
1777593365287,170,02 - GET /restaurants (search),200,OK,Virtual Users [500 threads] 1-442,text,true,,790,311,60,60,http://k8s-forkfind-forkfind-8e65d48af1-1990260306.us-east-1.elb.amazonaws.com/restaurants?q=pizza&limit=12&sort=rating,170,0,80
1777593335381,30083,01 - POST /auth/user/login,Non HTTP response code: java.net.SocketTimeoutException,Non HTTP response message: Read timed out,Virtual Users [500 threads] 1-445,text,false,Login failed — check credentials in users.csv,2679,0,60,60,http://k8s-forkfind-forkfind-8e65d48af1-1990260306.us-east-1.elb.amazonaws.com/auth/user/login,0,0,81
1777593365397,74,03 - POST /restaurants/20/reviews,Non HTTP response code: java.net.SocketException,Non HTTP response message: Connection reset,Virtual Users [500 threads] 1-441,text,false,"Review submission returned unexpected status (401 = bad token, 5xx = server error)",2601,0,60,60,http://k8s-forkfind-forkfind-8e65d48af1-1990260306.us-east-1.elb.amazonaws.com/restaurants/20/reviews,0,0,0
1777593365338,159,02 - GET /restaurants (search),200,OK,Virtual Users [500 threads] 1-443,text,true,,790,311,59,59,http://k8s-forkfind-forkfind-8e65d48af1-1990260306.us-east-1.elb.amazonaws.com/restaurants?q=pizza&limit=12&sort=rating,159,0,72
1777593335440,30091,01 - POST /auth/user/login,Non HTTP response code: java.net.SocketTimeoutException,Non HTTP response message: Read timed out,Virtual Users [500 threads] 1-446,text,false,Login failed — check credentials in users.csv,2679,0,59,59,http://k8s-forkfind-forkfind-8e65d48af1-1990260306.us-east-1.elb.amazonaws.com/auth/user/login,0,0,90
1777593365395,154,02 - GET /restaurants (search),200,OK,Virtual Users [500 threads] 1-444,text,true,,790,311,59,59,http://k8s-forkfind-forkfind-8e65d48af1-1990260306.us-east-1.elb.amazonaws.com/restaurants?q=pizza&limit=12&sort=rating,154,0,72
1777593365457,92,03 - POST /restaurants/20/reviews,Non HTTP response code: java.net.SocketException,Non HTTP response message: Connection reset,Virtual Users [500 threads] 1-442,text,false,"Review submission returned unexpected status (401 = bad token, 5xx = server error)",2601,0,59,59,http://k8s-forkfind-forkfind-8e65d48af1-1990260306.us-east-1.elb.amazonaws.com/restaurants/20/reviews,0,0,0
1777593365498,80,03 - POST /restaurants/20/reviews,Non HTTP response code: java.net.SocketException,Non HTTP response message: Connection reset,Virtual Users [500 threads] 1-443,text,false,"Review submission returned unexpected status (401 = bad token, 5xx = server error)",2601,0,58,58,http://k8s-forkfind-forkfind-8e65d48af1-1990260306.us-east-1.elb.amazonaws.com/restaurants/20/reviews,0,0,0
1777593335499,30092,01 - POST /auth/user/login,Non HTTP response code: java.net.SocketTimeoutException,Non HTTP response message: Read timed out,Virtual Users [500 threads] 1-447,text,false,Login failed — check credentials in users.csv,2679,0,57,57,http://k8s-forkfind-forkfind-8e65d48af1-1990260306.us-east-1.elb.amazonaws.com/auth/user/login,0,0,91
1777593365550,83,03 - POST /restaurants/20/reviews,Non HTTP response code: java.net.SocketException,Non HTTP response message: Connection reset,Virtual Users [500 threads] 1-444,text,false,"Review submission returned unexpected status (401 = bad token, 5xx = server error)",2601,0,57,57,http://k8s-forkfind-forkfind-8e65d48af1-1990260306.us-east-1.elb.amazonaws.com/restaurants/20/reviews,0,0,0
1777593335561,30077,01 - POST /auth/user/login,Non HTTP response code: java.net.SocketTimeoutException,Non HTTP response message: Read timed out,Virtual Users [500 threads] 1-448,text,false,Login failed — check credentials in users.csv,2679,0,56,56,http://k8s-forkfind-forkfind-8e65d48af1-1990260306.us-east-1.elb.amazonaws.com/auth/user/login,0,0,76
1777593365464,179,02 - GET /restaurants (search),200,OK,Virtual Users [500 threads] 1-445,text,true,,790,311,56,56,http://k8s-forkfind-forkfind-8e65d48af1-1990260306.us-east-1.elb.amazonaws.com/restaurants?q=pizza&limit=12&sort=rating,179,0,85
1777593335619,30096,01 - POST /auth/user/login,Non HTTP response code: java.net.SocketTimeoutException,Non HTTP response message: Read timed out,Virtual Users [500 threads] 1-449,text,false,Login failed — check credentials in users.csv,2679,0,56,56,http://k8s-forkfind-forkfind-8e65d48af1-1990260306.us-east-1.elb.amazonaws.com/auth/user/login,0,0,94
1777593365532,206,02 - GET /restaurants (search),200,OK,Virtual Users [500 threads] 1-446,text,true,,790,311,56,56,http://k8s-forkfind-forkfind-8e65d48af1-1990260306.us-east-1.elb.amazonaws.com/restaurants?q=pizza&limit=12&sort=rating,206,0,83
1777593365644,95,03 - POST /restaurants/20/reviews,Non HTTP response code: java.net.SocketException,Non HTTP response message: Connection reset,Virtual Users [500 threads] 1-445,text,false,"Review submission returned unexpected status (401 = bad token, 5xx = server error)",2601,0,56,56,http://k8s-forkfind-forkfind-8e65d48af1-1990260306.us-east-1.elb.amazonaws.com/restaurants/20/reviews,0,0,0
1777593365592,156,02 - GET /restaurants (search),200,OK,Virtual Users [500 threads] 1-447,text,true,,790,311,56,56,http://k8s-forkfind-forkfind-8e65d48af1-1990260306.us-east-1.elb.amazonaws.com/restaurants?q=pizza&limit=12&sort=rating,156,0,78
1777593335680,30074,01 - POST /auth/user/login,Non HTTP response code: java.net.SocketTimeoutException,Non HTTP response message: Read timed out,Virtual Users [500 threads] 1-450,text,false,Login failed — check credentials in users.csv,2679,0,55,55,http://k8s-forkfind-forkfind-8e65d48af1-1990260306.us-east-1.elb.amazonaws.com/auth/user/login,0,0,73
1777593335740,30074,01 - POST /auth/user/login,Non HTTP response code: java.net.SocketTimeoutException,Non HTTP response message: Read timed out,Virtual Users [500 threads] 1-451,text,false,Login failed — check credentials in users.csv,2679,0,55,55,http://k8s-forkfind-forkfind-8e65d48af1-1990260306.us-east-1.elb.amazonaws.com/auth/user/login,0,0,73
1777593365739,81,03 - POST /restaurants/20/reviews,Non HTTP response code: java.net.SocketException,Non HTTP response message: Connection reset,Virtual Users [500 threads] 1-446,text,false,"Review submission returned unexpected status (401 = bad token, 5xx = server error)",2601,0,55,55,http://k8s-forkfind-forkfind-8e65d48af1-1990260306.us-east-1.elb.amazonaws.com/restaurants/20/reviews,0,0,0
1777593365639,184,02 - GET /restaurants (search),200,OK,Virtual Users [500 threads] 1-448,text,true,,790,311,54,54,http://k8s-forkfind-forkfind-8e65d48af1-1990260306.us-east-1.elb.amazonaws.com/restaurants?q=pizza&limit=12&sort=rating,184,0,99
1777593365748,83,03 - POST /restaurants/20/reviews,Non HTTP response code: java.net.SocketException,Non HTTP response message: Connection reset,Virtual Users [500 threads] 1-447,text,false,"Review submission returned unexpected status (401 = bad token, 5xx = server error)",2601,0,54,54,http://k8s-forkfind-forkfind-8e65d48af1-1990260306.us-east-1.elb.amazonaws.com/restaurants/20/reviews,0,0,0
1777593365715,150,02 - GET /restaurants (search),200,OK,Virtual Users [500 threads] 1-449,text,true,,790,311,53,53,http://k8s-forkfind-forkfind-8e65d48af1-1990260306.us-east-1.elb.amazonaws.com/restaurants?q=pizza&limit=12&sort=rating,150,0,71
1777593335800,30108,01 - POST /auth/user/login,Non HTTP response code: java.net.SocketTimeoutException,Non HTTP response message: Read timed out,Virtual Users [500 threads] 1-452,text,false,Login failed — check credentials in users.csv,2679,0,53,53,http://k8s-forkfind-forkfind-8e65d48af1-1990260306.us-east-1.elb.amazonaws.com/auth/user/login,0,0,106
1777593365823,85,03 - POST /restaurants/20/reviews,Non HTTP response code: java.net.SocketException,Non HTTP response message: Connection reset,Virtual Users [500 threads] 1-448,text,false,"Review submission returned unexpected status (401 = bad token, 5xx = server error)",2601,0,53,53,http://k8s-forkfind-forkfind-8e65d48af1-1990260306.us-east-1.elb.amazonaws.com/restaurants/20/reviews,0,0,0
1777593365755,165,02 - GET /restaurants (search),200,OK,Virtual Users [500 threads] 1-450,text,true,,790,311,52,52,http://k8s-forkfind-forkfind-8e65d48af1-1990260306.us-east-1.elb.amazonaws.com/restaurants?q=pizza&limit=12&sort=rating,165,0,73
1777593335856,30078,01 - POST /auth/user/login,Non HTTP response code: java.net.SocketTimeoutException,Non HTTP response message: Read timed out,Virtual Users [500 threads] 1-453,text,false,Login failed — check credentials in users.csv,2679,0,52,52,http://k8s-forkfind-forkfind-8e65d48af1-1990260306.us-east-1.elb.amazonaws.com/auth/user/login,0,0,77
1777593365865,82,03 - POST /restaurants/20/reviews,Non HTTP response code: java.net.SocketException,Non HTTP response message: Connection reset,Virtual Users [500 threads] 1-449,text,false,"Review submission returned unexpected status (401 = bad token, 5xx = server error)",2601,0,52,52,http://k8s-forkfind-forkfind-8e65d48af1-1990260306.us-east-1.elb.amazonaws.com/restaurants/20/reviews,0,0,0
1777593365815,149,02 - GET /restaurants (search),200,OK,Virtual Users [500 threads] 1-451,text,true,,790,311,51,51,http://k8s-forkfind-forkfind-8e65d48af1-1990260306.us-east-1.elb.amazonaws.com/restaurants?q=pizza&limit=12&sort=rating,149,0,70
1777593365920,78,03 - POST /restaurants/20/reviews,Non HTTP response code: java.net.SocketException,Non HTTP response message: Connection reset,Virtual Users [500 threads] 1-450,text,false,"Review submission returned unexpected status (401 = bad token, 5xx = server error)",2601,0,51,51,http://k8s-forkfind-forkfind-8e65d48af1-1990260306.us-east-1.elb.amazonaws.com/restaurants/20/reviews,0,0,0
1777593335921,30077,01 - POST /auth/user/login,Non HTTP response code: java.net.SocketTimeoutException,Non HTTP response message: Read timed out,Virtual Users [500 threads] 1-454,text,false,Login failed — check credentials in users.csv,2679,0,50,50,http://k8s-forkfind-forkfind-8e65d48af1-1990260306.us-east-1.elb.amazonaws.com/auth/user/login,0,0,76
1777593365964,76,03 - POST /restaurants/20/reviews,Non HTTP response code: java.net.SocketException,Non HTTP response message: Connection reset,Virtual Users [500 threads] 1-451,text,false,"Review submission returned unexpected status (401 = bad token, 5xx = server error)",2601,0,50,50,http://k8s-forkfind-forkfind-8e65d48af1-1990260306.us-east-1.elb.amazonaws.com/restaurants/20/reviews,0,0,0
1777593335980,30079,01 - POST /auth/user/login,Non HTTP response code: java.net.SocketTimeoutException,Non HTTP response message: Read timed out,Virtual Users [500 threads] 1-455,text,false,Login failed — check credentials in users.csv,2679,0,49,49,http://k8s-forkfind-forkfind-8e65d48af1-1990260306.us-east-1.elb.amazonaws.com/auth/user/login,0,0,77
1777593365908,153,02 - GET /restaurants (search),200,OK,Virtual Users [500 threads] 1-452,text,true,,790,311,49,49,http://k8s-forkfind-forkfind-8e65d48af1-1990260306.us-east-1.elb.amazonaws.com/restaurants?q=pizza&limit=12&sort=rating,153,0,70
1777593365935,148,02 - GET /restaurants (search),200,OK,Virtual Users [500 threads] 1-453,text,true,,790,311,49,49,http://k8s-forkfind-forkfind-8e65d48af1-1990260306.us-east-1.elb.amazonaws.com/restaurants?q=pizza&limit=12&sort=rating,148,0,70
1777593366062,72,03 - POST /restaurants/20/reviews,Non HTTP response code: java.net.SocketException,Non HTTP response message: Connection reset,Virtual Users [500 threads] 1-452,text,false,"Review submission returned unexpected status (401 = bad token, 5xx = server error)",2601,0,49,49,http://k8s-forkfind-forkfind-8e65d48af1-1990260306.us-east-1.elb.amazonaws.com/restaurants/20/reviews,0,0,0
1777593365999,150,02 - GET /restaurants (search),200,OK,Virtual Users [500 threads] 1-454,text,true,,790,311,48,48,http://k8s-forkfind-forkfind-8e65d48af1-1990260306.us-east-1.elb.amazonaws.com/restaurants?q=pizza&limit=12&sort=rating,150,0,74
1777593336042,30113,01 - POST /auth/user/login,Non HTTP response code: java.net.SocketTimeoutException,Non HTTP response message: Read timed out,Virtual Users [500 threads] 1-456,text,false,Login failed — check credentials in users.csv,2679,0,48,48,http://k8s-forkfind-forkfind-8e65d48af1-1990260306.us-east-1.elb.amazonaws.com/auth/user/login,0,0,111
1777593366084,91,03 - POST /restaurants/20/reviews,Non HTTP response code: java.net.SocketException,Non HTTP response message: Connection reset,Virtual Users [500 threads] 1-453,text,false,"Review submission returned unexpected status (401 = bad token, 5xx = server error)",2601,0,48,48,http://k8s-forkfind-forkfind-8e65d48af1-1990260306.us-east-1.elb.amazonaws.com/restaurants/20/reviews,0,0,0
1777593336099,30085,01 - POST /auth/user/login,Non HTTP response code: java.net.SocketTimeoutException,Non HTTP response message: Read timed out,Virtual Users [500 threads] 1-457,text,false,Login failed — check credentials in users.csv,2679,0,47,47,http://k8s-forkfind-forkfind-8e65d48af1-1990260306.us-east-1.elb.amazonaws.com/auth/user/login,0,0,83
1777593366060,151,02 - GET /restaurants (search),200,OK,Virtual Users [500 threads] 1-455,text,true,,790,311,47,47,http://k8s-forkfind-forkfind-8e65d48af1-1990260306.us-east-1.elb.amazonaws.com/restaurants?q=pizza&limit=12&sort=rating,151,0,73
1777593366150,73,03 - POST /restaurants/20/reviews,Non HTTP response code: java.net.SocketException,Non HTTP response message: Connection reset,Virtual Users [500 threads] 1-454,text,false,"Review submission returned unexpected status (401 = bad token, 5xx = server error)",2601,0,47,47,http://k8s-forkfind-forkfind-8e65d48af1-1990260306.us-east-1.elb.amazonaws.com/restaurants/20/reviews,0,0,0
1777593336160,30082,01 - POST /auth/user/login,Non HTTP response code: java.net.SocketTimeoutException,Non HTTP response message: Read timed out,Virtual Users [500 threads] 1-458,text,false,Login failed — check credentials in users.csv,2679,0,46,46,http://k8s-forkfind-forkfind-8e65d48af1-1990260306.us-east-1.elb.amazonaws.com/auth/user/login,0,0,80
1777593366211,80,03 - POST /restaurants/20/reviews,Non HTTP response code: java.net.SocketException,Non HTTP response message: Connection reset,Virtual Users [500 threads] 1-455,text,false,"Review submission returned unexpected status (401 = bad token, 5xx = server error)",2601,0,46,46,http://k8s-forkfind-forkfind-8e65d48af1-1990260306.us-east-1.elb.amazonaws.com/restaurants/20/reviews,0,0,0
1777593336221,30078,01 - POST /auth/user/login,Non HTTP response code: java.net.SocketTimeoutException,Non HTTP response message: Read timed out,Virtual Users [500 threads] 1-459,text,false,Login failed — check credentials in users.csv,2679,0,45,45,http://k8s-forkfind-forkfind-8e65d48af1-1990260306.us-east-1.elb.amazonaws.com/auth/user/login,0,0,77
1777593366156,164,02 - GET /restaurants (search),200,OK,Virtual Users [500 threads] 1-456,text,true,,790,311,45,45,http://k8s-forkfind-forkfind-8e65d48af1-1990260306.us-east-1.elb.amazonaws.com/restaurants?q=pizza&limit=12&sort=rating,164,0,78
1777593366184,151,02 - GET /restaurants (search),200,OK,Virtual Users [500 threads] 1-457,text,true,,790,311,45,45,http://k8s-forkfind-forkfind-8e65d48af1-1990260306.us-east-1.elb.amazonaws.com/restaurants?q=pizza&limit=12&sort=rating,151,0,70
1777593336280,30092,01 - POST /auth/user/login,Non HTTP response code: java.net.SocketTimeoutException,Non HTTP response message: Read timed out,Virtual Users [500 threads] 1-460,text,false,Login failed — check credentials in users.csv,2679,0,45,45,http://k8s-forkfind-forkfind-8e65d48af1-1990260306.us-east-1.elb.amazonaws.com/auth/user/login,0,0,90
1777593366320,78,03 - POST /restaurants/20/reviews,Non HTTP response code: java.net.SocketException,Non HTTP response message: Connection reset,Virtual Users [500 threads] 1-456,text,false,"Review submission returned unexpected status (401 = bad token, 5xx = server error)",2601,0,45,45,http://k8s-forkfind-forkfind-8e65d48af1-1990260306.us-east-1.elb.amazonaws.com/restaurants/20/reviews,0,0,0
1777593366243,171,02 - GET /restaurants (search),200,OK,Virtual Users [500 threads] 1-458,text,true,,790,311,44,44,http://k8s-forkfind-forkfind-8e65d48af1-1990260306.us-east-1.elb.amazonaws.com/restaurants?q=pizza&limit=12&sort=rating,171,0,75
1777593366335,79,03 - POST /restaurants/20/reviews,Non HTTP response code: java.net.SocketException,Non HTTP response message: Connection reset,Virtual Users [500 threads] 1-457,text,false,"Review submission returned unexpected status (401 = bad token, 5xx = server error)",2601,0,44,44,http://k8s-forkfind-forkfind-8e65d48af1-1990260306.us-east-1.elb.amazonaws.com/restaurants/20/reviews,0,0,0
1777593336340,30093,01 - POST /auth/user/login,Non HTTP response code: java.net.SocketTimeoutException,Non HTTP response message: Read timed out,Virtual Users [500 threads] 1-461,text,false,Login failed — check credentials in users.csv,2679,0,43,43,http://k8s-forkfind-forkfind-8e65d48af1-1990260306.us-east-1.elb.amazonaws.com/auth/user/login,0,0,92
1777593366300,159,02 - GET /restaurants (search),200,OK,Virtual Users [500 threads] 1-459,text,true,,790,311,43,43,http://k8s-forkfind-forkfind-8e65d48af1-1990260306.us-east-1.elb.amazonaws.com/restaurants?q=pizza&limit=12&sort=rating,159,0,75
1777593366415,85,03 - POST /restaurants/20/reviews,Non HTTP response code: java.net.SocketException,Non HTTP response message: Connection reset,Virtual Users [500 threads] 1-458,text,false,"Review submission returned unexpected status (401 = bad token, 5xx = server error)",2601,0,43,43,http://k8s-forkfind-forkfind-8e65d48af1-1990260306.us-east-1.elb.amazonaws.com/restaurants/20/reviews,0,0,0
1777593336397,30126,01 - POST /auth/user/login,Non HTTP response code: java.net.SocketTimeoutException,Non HTTP response message: Read timed out,Virtual Users [500 threads] 1-462,text,false,Login failed — check credentials in users.csv,2679,0,42,42,http://k8s-forkfind-forkfind-8e65d48af1-1990260306.us-east-1.elb.amazonaws.com/auth/user/login,0,0,124
1777593366373,155,02 - GET /restaurants (search),200,OK,Virtual Users [500 threads] 1-460,text,true,,790,311,42,42,http://k8s-forkfind-forkfind-8e65d48af1-1990260306.us-east-1.elb.amazonaws.com/restaurants?q=pizza&limit=12&sort=rating,155,0,74
1777593366459,74,03 - POST /restaurants/20/reviews,Non HTTP response code: java.net.SocketException,Non HTTP response message: Connection reset,Virtual Users [500 threads] 1-459,text,false,"Review submission returned unexpected status (401 = bad token, 5xx = server error)",2601,0,42,42,http://k8s-forkfind-forkfind-8e65d48af1-1990260306.us-east-1.elb.amazonaws.com/restaurants/20/reviews,0,0,0
1777593336461,30084,01 - POST /auth/user/login,Non HTTP response code: java.net.SocketTimeoutException,Non HTTP response message: Read timed out,Virtual Users [500 threads] 1-463,text,false,Login failed — check credentials in users.csv,2679,0,41,41,http://k8s-forkfind-forkfind-8e65d48af1-1990260306.us-east-1.elb.amazonaws.com/auth/user/login,0,0,83
1777593366434,152,02 - GET /restaurants (search),200,OK,Virtual Users [500 threads] 1-461,text,true,,790,311,41,41,http://k8s-forkfind-forkfind-8e65d48af1-1990260306.us-east-1.elb.amazonaws.com/restaurants?q=pizza&limit=12&sort=rating,152,0,69
1777593336522,30082,01 - POST /auth/user/login,Non HTTP response code: java.net.SocketTimeoutException,Non HTTP response message: Read timed out,Virtual Users [500 threads] 1-464,text,false,Login failed — check credentials in users.csv,2679,0,41,41,http://k8s-forkfind-forkfind-8e65d48af1-1990260306.us-east-1.elb.amazonaws.com/auth/user/login,0,0,80
1777593366528,84,03 - POST /restaurants/20/reviews,Non HTTP response code: java.net.SocketException,Non HTTP response message: Connection reset,Virtual Users [500 threads] 1-460,text,false,"Review submission returned unexpected status (401 = bad token, 5xx = server error)",2601,0,41,41,http://k8s-forkfind-forkfind-8e65d48af1-1990260306.us-east-1.elb.amazonaws.com/restaurants/20/reviews,0,0,0
1777593366586,73,03 - POST /restaurants/20/reviews,Non HTTP response code: java.net.SocketException,Non HTTP response message: Connection reset,Virtual Users [500 threads] 1-461,text,false,"Review submission returned unexpected status (401 = bad token, 5xx = server error)",2601,0,40,40,http://k8s-forkfind-forkfind-8e65d48af1-1990260306.us-east-1.elb.amazonaws.com/restaurants/20/reviews,0,0,0
1777593366523,148,02 - GET /restaurants (search),200,OK,Virtual Users [500 threads] 1-462,text,true,,790,311,39,39,http://k8s-forkfind-forkfind-8e65d48af1-1990260306.us-east-1.elb.amazonaws.com/restaurants?q=pizza&limit=12&sort=rating,148,0,70
1777593336581,30094,01 - POST /auth/user/login,Non HTTP response code: java.net.SocketTimeoutException,Non HTTP response message: Read timed out,Virtual Users [500 threads] 1-465,text,false,Login failed — check credentials in users.csv,2679,0,39,39,http://k8s-forkfind-forkfind-8e65d48af1-1990260306.us-east-1.elb.amazonaws.com/auth/user/login,0,0,92
1777593366546,162,02 - GET /restaurants (search),200,OK,Virtual Users [500 threads] 1-463,text,true,,790,311,39,39,http://k8s-forkfind-forkfind-8e65d48af1-1990260306.us-east-1.elb.amazonaws.com/restaurants?q=pizza&limit=12&sort=rating,162,0,72
1777593336637,30086,01 - POST /auth/user/login,Non HTTP response code: java.net.SocketTimeoutException,Non HTTP response message: Read timed out,Virtual Users [500 threads] 1-466,text,false,Login failed — check credentials in users.csv,2679,0,39,39,http://k8s-forkfind-forkfind-8e65d48af1-1990260306.us-east-1.elb.amazonaws.com/auth/user/login,0,0,84
1777593366671,79,03 - POST /restaurants/20/reviews,Non HTTP response code: java.net.SocketException,Non HTTP response message: Connection reset,Virtual Users [500 threads] 1-462,text,false,"Review submission returned unexpected status (401 = bad token, 5xx = server error)",2601,0,39,39,http://k8s-forkfind-forkfind-8e65d48af1-1990260306.us-east-1.elb.amazonaws.com/restaurants/20/reviews,0,0,0
1777593366605,167,02 - GET /restaurants (search),200,OK,Virtual Users [500 threads] 1-464,text,true,,790,311,38,38,http://k8s-forkfind-forkfind-8e65d48af1-1990260306.us-east-1.elb.amazonaws.com/restaurants?q=pizza&limit=12&sort=rating,167,0,86
1777593336699,30080,01 - POST /auth/user/login,Non HTTP response code: java.net.SocketTimeoutException,Non HTTP response message: Read timed out,Virtual Users [500 threads] 1-467,text,false,Login failed — check credentials in users.csv,2679,0,38,38,http://k8s-forkfind-forkfind-8e65d48af1-1990260306.us-east-1.elb.amazonaws.com/auth/user/login,0,0,79
1777593366708,74,03 - POST /restaurants/20/reviews,Non HTTP response code: java.net.SocketException,Non HTTP response message: Connection reset,Virtual Users [500 threads] 1-463,text,false,"Review submission returned unexpected status (401 = bad token, 5xx = server error)",2601,0,38,38,http://k8s-forkfind-forkfind-8e65d48af1-1990260306.us-east-1.elb.amazonaws.com/restaurants/20/reviews,0,0,0
1777593366676,164,02 - GET /restaurants (search),200,OK,Virtual Users [500 threads] 1-465,text,true,,790,311,37,37,http://k8s-forkfind-forkfind-8e65d48af1-1990260306.us-east-1.elb.amazonaws.com/restaurants?q=pizza&limit=12&sort=rating,164,0,78
1777593336761,30078,01 - POST /auth/user/login,Non HTTP response code: java.net.SocketTimeoutException,Non HTTP response message: Read timed out,Virtual Users [500 threads] 1-468,text,false,Login failed — check credentials in users.csv,2679,0,37,37,http://k8s-forkfind-forkfind-8e65d48af1-1990260306.us-east-1.elb.amazonaws.com/auth/user/login,0,0,76
1777593366772,79,03 - POST /restaurants/20/reviews,Non HTTP response code: java.net.SocketException,Non HTTP response message: Connection reset,Virtual Users [500 threads] 1-464,text,false,"Review submission returned unexpected status (401 = bad token, 5xx = server error)",2601,0,37,37,http://k8s-forkfind-forkfind-8e65d48af1-1990260306.us-east-1.elb.amazonaws.com/restaurants/20/reviews,0,0,0
1777593366724,147,02 - GET /restaurants (search),200,OK,Virtual Users [500 threads] 1-466,text,true,,790,311,36,36,http://k8s-forkfind-forkfind-8e65d48af1-1990260306.us-east-1.elb.amazonaws.com/restaurants?q=pizza&limit=12&sort=rating,147,0,71
1777593336820,30085,01 - POST /auth/user/login,Non HTTP response code: java.net.SocketTimeoutException,Non HTTP response message: Read timed out,Virtual Users [500 threads] 1-469,text,false,Login failed — check credentials in users.csv,2679,0,36,36,http://k8s-forkfind-forkfind-8e65d48af1-1990260306.us-east-1.elb.amazonaws.com/auth/user/login,0,0,83
1777593366840,76,03 - POST /restaurants/20/reviews,Non HTTP response code: java.net.SocketException,Non HTTP response message: Connection reset,Virtual Users [500 threads] 1-465,text,false,"Review submission returned unexpected status (401 = bad token, 5xx = server error)",2601,0,36,36,http://k8s-forkfind-forkfind-8e65d48af1-1990260306.us-east-1.elb.amazonaws.com/restaurants/20/reviews,0,0,0
1777593366780,168,02 - GET /restaurants (search),200,OK,Virtual Users [500 threads] 1-467,text,true,,790,311,35,35,http://k8s-forkfind-forkfind-8e65d48af1-1990260306.us-east-1.elb.amazonaws.com/restaurants?q=pizza&limit=12&sort=rating,168,0,82
1777593366872,76,03 - POST /restaurants/20/reviews,Non HTTP response code: java.net.SocketException,Non HTTP response message: Connection reset,Virtual Users [500 threads] 1-466,text,false,"Review submission returned unexpected status (401 = bad token, 5xx = server error)",2601,0,35,35,http://k8s-forkfind-forkfind-8e65d48af1-1990260306.us-east-1.elb.amazonaws.com/restaurants/20/reviews,0,0,0
1777593336879,30079,01 - POST /auth/user/login,Non HTTP response code: java.net.SocketTimeoutException,Non HTTP response message: Read timed out,Virtual Users [500 threads] 1-470,text,false,Login failed — check credentials in users.csv,2679,0,34,34,http://k8s-forkfind-forkfind-8e65d48af1-1990260306.us-east-1.elb.amazonaws.com/auth/user/login,0,0,77
1777593366840,153,02 - GET /restaurants (search),200,OK,Virtual Users [500 threads] 1-468,text,true,,790,311,34,34,http://k8s-forkfind-forkfind-8e65d48af1-1990260306.us-east-1.elb.amazonaws.com/restaurants?q=pizza&limit=12&sort=rating,153,0,71
1777593336937,30084,01 - POST /auth/user/login,Non HTTP response code: java.net.SocketTimeoutException,Non HTTP response message: Read timed out,Virtual Users [500 threads] 1-471,text,false,Login failed — check credentials in users.csv,2679,0,34,34,http://k8s-forkfind-forkfind-8e65d48af1-1990260306.us-east-1.elb.amazonaws.com/auth/user/login,0,0,82
1777593366948,79,03 - POST /restaurants/20/reviews,Non HTTP response code: java.net.SocketException,Non HTTP response message: Connection reset,Virtual Users [500 threads] 1-467,text,false,"Review submission returned unexpected status (401 = bad token, 5xx = server error)",2601,0,34,34,http://k8s-forkfind-forkfind-8e65d48af1-1990260306.us-east-1.elb.amazonaws.com/restaurants/20/reviews,0,0,0
1777593366906,150,02 - GET /restaurants (search),200,OK,Virtual Users [500 threads] 1-469,text,true,,790,311,33,33,http://k8s-forkfind-forkfind-8e65d48af1-1990260306.us-east-1.elb.amazonaws.com/restaurants?q=pizza&limit=12&sort=rating,150,0,72
1777593366994,75,03 - POST /restaurants/20/reviews,Non HTTP response code: java.net.SocketException,Non HTTP response message: Connection reset,Virtual Users [500 threads] 1-468,text,false,"Review submission returned unexpected status (401 = bad token, 5xx = server error)",2601,0,33,33,http://k8s-forkfind-forkfind-8e65d48af1-1990260306.us-east-1.elb.amazonaws.com/restaurants/20/reviews,0,0,0
1777593337002,30073,01 - POST /auth/user/login,Non HTTP response code: java.net.SocketTimeoutException,Non HTTP response message: Read timed out,Virtual Users [500 threads] 1-472,text,false,Login failed — check credentials in users.csv,2679,0,32,32,http://k8s-forkfind-forkfind-8e65d48af1-1990260306.us-east-1.elb.amazonaws.com/auth/user/login,0,0,72
1777593366959,152,02 - GET /restaurants (search),200,OK,Virtual Users [500 threads] 1-470,text,true,,790,311,32,32,http://k8s-forkfind-forkfind-8e65d48af1-1990260306.us-east-1.elb.amazonaws.com/restaurants?q=pizza&limit=12&sort=rating,152,0,72
1777593367056,74,03 - POST /restaurants/20/reviews,Non HTTP response code: java.net.SocketException,Non HTTP response message: Connection reset,Virtual Users [500 threads] 1-469,text,false,"Review submission returned unexpected status (401 = bad token, 5xx = server error)",2601,0,32,32,http://k8s-forkfind-forkfind-8e65d48af1-1990260306.us-east-1.elb.amazonaws.com/restaurants/20/reviews,0,0,0
1777593337061,30073,01 - POST /auth/user/login,Non HTTP response code: java.net.SocketTimeoutException,Non HTTP response message: Read timed out,Virtual Users [500 threads] 1-473,text,false,Login failed — check credentials in users.csv,2679,0,31,31,http://k8s-forkfind-forkfind-8e65d48af1-1990260306.us-east-1.elb.amazonaws.com/auth/user/login,0,0,71
1777593367022,152,02 - GET /restaurants (search),200,OK,Virtual Users [500 threads] 1-471,text,true,,790,311,31,31,http://k8s-forkfind-forkfind-8e65d48af1-1990260306.us-east-1.elb.amazonaws.com/restaurants?q=pizza&limit=12&sort=rating,152,0,73
1777593367112,76,03 - POST /restaurants/20/reviews,Non HTTP response code: java.net.SocketException,Non HTTP response message: Connection reset,Virtual Users [500 threads] 1-470,text,false,"Review submission returned unexpected status (401 = bad token, 5xx = server error)",2601,0,31,31,http://k8s-forkfind-forkfind-8e65d48af1-1990260306.us-east-1.elb.amazonaws.com/restaurants/20/reviews,0,0,0
1777593337121,30073,01 - POST /auth/user/login,Non HTTP response code: java.net.SocketTimeoutException,Non HTTP response message: Read timed out,Virtual Users [500 threads] 1-474,text,false,Login failed — check credentials in users.csv,2679,0,30,30,http://k8s-forkfind-forkfind-8e65d48af1-1990260306.us-east-1.elb.amazonaws.com/auth/user/login,0,0,72
1777593367076,148,02 - GET /restaurants (search),200,OK,Virtual Users [500 threads] 1-472,text,true,,790,311,30,30,http://k8s-forkfind-forkfind-8e65d48af1-1990260306.us-east-1.elb.amazonaws.com/restaurants?q=pizza&limit=12&sort=rating,148,0,72
1777593367175,73,03 - POST /restaurants/20/reviews,Non HTTP response code: java.net.SocketException,Non HTTP response message: Connection reset,Virtual Users [500 threads] 1-471,text,false,"Review submission returned unexpected status (401 = bad token, 5xx = server error)",2601,0,30,30,http://k8s-forkfind-forkfind-8e65d48af1-1990260306.us-east-1.elb.amazonaws.com/restaurants/20/reviews,0,0,0
1777593337181,30088,01 - POST /auth/user/login,Non HTTP response code: java.net.SocketTimeoutException,Non HTTP response message: Read timed out,Virtual Users [500 threads] 1-475,text,false,Login failed — check credentials in users.csv,2679,0,29,29,http://k8s-forkfind-forkfind-8e65d48af1-1990260306.us-east-1.elb.amazonaws.com/auth/user/login,0,0,86
1777593367135,149,02 - GET /restaurants (search),200,OK,Virtual Users [500 threads] 1-473,text,true,,790,311,29,29,http://k8s-forkfind-forkfind-8e65d48af1-1990260306.us-east-1.elb.amazonaws.com/restaurants?q=pizza&limit=12&sort=rating,149,0,72
1777593367224,78,03 - POST /restaurants/20/reviews,Non HTTP response code: java.net.SocketException,Non HTTP response message: Connection reset,Virtual Users [500 threads] 1-472,text,false,"Review submission returned unexpected status (401 = bad token, 5xx = server error)",2601,0,29,29,http://k8s-forkfind-forkfind-8e65d48af1-1990260306.us-east-1.elb.amazonaws.com/restaurants/20/reviews,0,0,0
1777593337238,30075,01 - POST /auth/user/login,Non HTTP response code: java.net.SocketTimeoutException,Non HTTP response message: Read timed out,Virtual Users [500 threads] 1-476,text,false,Login failed — check credentials in users.csv,2679,0,28,28,http://k8s-forkfind-forkfind-8e65d48af1-1990260306.us-east-1.elb.amazonaws.com/auth/user/login,0,0,73
1777593367195,151,02 - GET /restaurants (search),200,OK,Virtual Users [500 threads] 1-474,text,true,,790,311,28,28,http://k8s-forkfind-forkfind-8e65d48af1-1990260306.us-east-1.elb.amazonaws.com/restaurants?q=pizza&limit=12&sort=rating,151,0,73
1777593367284,74,03 - POST /restaurants/20/reviews,Non HTTP response code: java.net.SocketException,Non HTTP response message: Connection reset,Virtual Users [500 threads] 1-473,text,false,"Review submission returned unexpected status (401 = bad token, 5xx = server error)",2601,0,28,28,http://k8s-forkfind-forkfind-8e65d48af1-1990260306.us-east-1.elb.amazonaws.com/restaurants/20/reviews,0,0,0
1777593337296,30089,01 - POST /auth/user/login,Non HTTP response code: java.net.SocketTimeoutException,Non HTTP response message: Read timed out,Virtual Users [500 threads] 1-477,text,false,Login failed — check credentials in users.csv,2679,0,27,27,http://k8s-forkfind-forkfind-8e65d48af1-1990260306.us-east-1.elb.amazonaws.com/auth/user/login,0,0,87
1777593367270,147,02 - GET /restaurants (search),200,OK,Virtual Users [500 threads] 1-475,text,true,,790,311,27,27,http://k8s-forkfind-forkfind-8e65d48af1-1990260306.us-east-1.elb.amazonaws.com/restaurants?q=pizza&limit=12&sort=rating,147,0,71
1777593367346,72,03 - POST /restaurants/20/reviews,Non HTTP response code: java.net.SocketException,Non HTTP response message: Connection reset,Virtual Users [500 threads] 1-474,text,false,"Review submission returned unexpected status (401 = bad token, 5xx = server error)",2601,0,27,27,http://k8s-forkfind-forkfind-8e65d48af1-1990260306.us-east-1.elb.amazonaws.com/restaurants/20/reviews,0,0,0
1777593337360,30089,01 - POST /auth/user/login,Non HTTP response code: java.net.SocketTimeoutException,Non HTTP response message: Read timed out,Virtual Users [500 threads] 1-478,text,false,Login failed — check credentials in users.csv,2679,0,26,26,http://k8s-forkfind-forkfind-8e65d48af1-1990260306.us-east-1.elb.amazonaws.com/auth/user/login,0,0,88
1777593367313,152,02 - GET /restaurants (search),200,OK,Virtual Users [500 threads] 1-476,text,true,,790,311,26,26,http://k8s-forkfind-forkfind-8e65d48af1-1990260306.us-east-1.elb.amazonaws.com/restaurants?q=pizza&limit=12&sort=rating,152,0,73
1777593367418,78,03 - POST /restaurants/20/reviews,Non HTTP response code: java.net.SocketException,Non HTTP response message: Connection reset,Virtual Users [500 threads] 1-475,text,false,"Review submission returned unexpected status (401 = bad token, 5xx = server error)",2601,0,26,26,http://k8s-forkfind-forkfind-8e65d48af1-1990260306.us-east-1.elb.amazonaws.com/restaurants/20/reviews,0,0,0
1777593337420,30101,01 - POST /auth/user/login,Non HTTP response code: java.net.SocketTimeoutException,Non HTTP response message: Read timed out,Virtual Users [500 threads] 1-479,text,false,Login failed — check credentials in users.csv,2679,0,25,25,http://k8s-forkfind-forkfind-8e65d48af1-1990260306.us-east-1.elb.amazonaws.com/auth/user/login,0,0,100
1777593367387,149,02 - GET /restaurants (search),200,OK,Virtual Users [500 threads] 1-477,text,true,,790,311,25,25,http://k8s-forkfind-forkfind-8e65d48af1-1990260306.us-east-1.elb.amazonaws.com/restaurants?q=pizza&limit=12&sort=rating,149,0,72
1777593367466,72,03 - POST /restaurants/20/reviews,Non HTTP response code: java.net.SocketException,Non HTTP response message: Connection reset,Virtual Users [500 threads] 1-476,text,false,"Review submission returned unexpected status (401 = bad token, 5xx = server error)",2601,0,25,25,http://k8s-forkfind-forkfind-8e65d48af1-1990260306.us-east-1.elb.amazonaws.com/restaurants/20/reviews,0,0,0
1777593337478,30081,01 - POST /auth/user/login,Non HTTP response code: java.net.SocketTimeoutException,Non HTTP response message: Read timed out,Virtual Users [500 threads] 1-480,text,false,Login failed — check credentials in users.csv,2679,0,24,24,http://k8s-forkfind-forkfind-8e65d48af1-1990260306.us-east-1.elb.amazonaws.com/auth/user/login,0,0,80
1777593367450,156,02 - GET /restaurants (search),200,OK,Virtual Users [500 threads] 1-478,text,true,,790,311,24,24,http://k8s-forkfind-forkfind-8e65d48af1-1990260306.us-east-1.elb.amazonaws.com/restaurants?q=pizza&limit=12&sort=rating,156,0,72
1777593367536,75,03 - POST /restaurants/20/reviews,Non HTTP response code: java.net.SocketException,Non HTTP response message: Connection reset,Virtual Users [500 threads] 1-477,text,false,"Review submission returned unexpected status (401 = bad token, 5xx = server error)",2601,0,24,24,http://k8s-forkfind-forkfind-8e65d48af1-1990260306.us-east-1.elb.amazonaws.com/restaurants/20/reviews,0,0,0
1777593337539,30084,01 - POST /auth/user/login,Non HTTP response code: java.net.SocketTimeoutException,Non HTTP response message: Read timed out,Virtual Users [500 threads] 1-481,text,false,Login failed — check credentials in users.csv,2679,0,23,23,http://k8s-forkfind-forkfind-8e65d48af1-1990260306.us-east-1.elb.amazonaws.com/auth/user/login,0,0,83
1777593367522,149,02 - GET /restaurants (search),200,OK,Virtual Users [500 threads] 1-479,text,true,,790,311,23,23,http://k8s-forkfind-forkfind-8e65d48af1-1990260306.us-east-1.elb.amazonaws.com/restaurants?q=pizza&limit=12&sort=rating,149,0,71
1777593337602,30074,01 - POST /auth/user/login,Non HTTP response code: java.net.SocketTimeoutException,Non HTTP response message: Read timed out,Virtual Users [500 threads] 1-482,text,false,Login failed — check credentials in users.csv,2679,0,23,23,http://k8s-forkfind-forkfind-8e65d48af1-1990260306.us-east-1.elb.amazonaws.com/auth/user/login,0,0,72
1777593367606,74,03 - POST /restaurants/20/reviews,Non HTTP response code: java.net.SocketException,Non HTTP response message: Connection reset,Virtual Users [500 threads] 1-478,text,false,"Review submission returned unexpected status (401 = bad token, 5xx = server error)",2601,0,23,23,http://k8s-forkfind-forkfind-8e65d48af1-1990260306.us-east-1.elb.amazonaws.com/restaurants/20/reviews,0,0,0
1777593367560,153,02 - GET /restaurants (search),200,OK,Virtual Users [500 threads] 1-480,text,true,,790,311,22,22,http://k8s-forkfind-forkfind-8e65d48af1-1990260306.us-east-1.elb.amazonaws.com/restaurants?q=pizza&limit=12&sort=rating,153,0,71
1777593367672,73,03 - POST /restaurants/20/reviews,Non HTTP response code: java.net.SocketException,Non HTTP response message: Connection reset,Virtual Users [500 threads] 1-479,text,false,"Review submission returned unexpected status (401 = bad token, 5xx = server error)",2601,0,22,22,http://k8s-forkfind-forkfind-8e65d48af1-1990260306.us-east-1.elb.amazonaws.com/restaurants/20/reviews,0,0,0
1777593337662,30107,01 - POST /auth/user/login,Non HTTP response code: java.net.SocketTimeoutException,Non HTTP response message: Read timed out,Virtual Users [500 threads] 1-483,text,false,Login failed — check credentials in users.csv,2679,0,21,21,http://k8s-forkfind-forkfind-8e65d48af1-1990260306.us-east-1.elb.amazonaws.com/auth/user/login,0,0,105
1777593367624,148,02 - GET /restaurants (search),200,OK,Virtual Users [500 threads] 1-481,text,true,,790,311,21,21,http://k8s-forkfind-forkfind-8e65d48af1-1990260306.us-east-1.elb.amazonaws.com/restaurants?q=pizza&limit=12&sort=rating,148,0,72
1777593367713,74,03 - POST /restaurants/20/reviews,Non HTTP response code: java.net.SocketException,Non HTTP response message: Connection reset,Virtual Users [500 threads] 1-480,text,false,"Review submission returned unexpected status (401 = bad token, 5xx = server error)",2601,0,21,21,http://k8s-forkfind-forkfind-8e65d48af1-1990260306.us-east-1.elb.amazonaws.com/restaurants/20/reviews,0,0,0
1777593337716,30076,01 - POST /auth/user/login,Non HTTP response code: java.net.SocketTimeoutException,Non HTTP response message: Read timed out,Virtual Users [500 threads] 1-484,text,false,Login failed — check credentials in users.csv,2679,0,20,20,http://k8s-forkfind-forkfind-8e65d48af1-1990260306.us-east-1.elb.amazonaws.com/auth/user/login,0,0,74
1777593367677,150,02 - GET /restaurants (search),200,OK,Virtual Users [500 threads] 1-482,text,true,,790,311,20,20,http://k8s-forkfind-forkfind-8e65d48af1-1990260306.us-east-1.elb.amazonaws.com/restaurants?q=pizza&limit=12&sort=rating,150,0,73
1777593367773,73,03 - POST /restaurants/20/reviews,Non HTTP response code: java.net.SocketException,Non HTTP response message: Connection reset,Virtual Users [500 threads] 1-481,text,false,"Review submission returned unexpected status (401 = bad token, 5xx = server error)",2601,0,20,20,http://k8s-forkfind-forkfind-8e65d48af1-1990260306.us-east-1.elb.amazonaws.com/restaurants/20/reviews,0,0,0
1777593337776,30079,01 - POST /auth/user/login,Non HTTP response code: java.net.SocketTimeoutException,Non HTTP response message: Read timed out,Virtual Users [500 threads] 1-485,text,false,Login failed — check credentials in users.csv,2679,0,19,19,http://k8s-forkfind-forkfind-8e65d48af1-1990260306.us-east-1.elb.amazonaws.com/auth/user/login,0,0,77
1777593367828,79,03 - POST /restaurants/20/reviews,Non HTTP response code: java.net.SocketException,Non HTTP response message: Connection reset,Virtual Users [500 threads] 1-482,text,false,"Review submission returned unexpected status (401 = bad token, 5xx = server error)",2601,0,19,19,http://k8s-forkfind-forkfind-8e65d48af1-1990260306.us-east-1.elb.amazonaws.com/restaurants/20/reviews,0,0,0
1777593367770,150,02 - GET /restaurants (search),200,OK,Virtual Users [500 threads] 1-483,text,true,,790,311,18,18,http://k8s-forkfind-forkfind-8e65d48af1-1990260306.us-east-1.elb.amazonaws.com/restaurants?q=pizza&limit=12&sort=rating,150,0,73
1777593337841,30088,01 - POST /auth/user/login,Non HTTP response code: java.net.SocketTimeoutException,Non HTTP response message: Read timed out,Virtual Users [500 threads] 1-486,text,false,Login failed — check credentials in users.csv,2679,0,18,18,http://k8s-forkfind-forkfind-8e65d48af1-1990260306.us-east-1.elb.amazonaws.com/auth/user/login,0,0,87
1777593367794,150,02 - GET /restaurants (search),200,OK,Virtual Users [500 threads] 1-484,text,true,,790,311,18,18,http://k8s-forkfind-forkfind-8e65d48af1-1990260306.us-east-1.elb.amazonaws.com/restaurants?q=pizza&limit=12&sort=rating,150,0,73
1777593367920,77,03 - POST /restaurants/20/reviews,Non HTTP response code: java.net.SocketException,Non HTTP response message: Connection reset,Virtual Users [500 threads] 1-483,text,false,"Review submission returned unexpected status (401 = bad token, 5xx = server error)",2601,0,18,18,http://k8s-forkfind-forkfind-8e65d48af1-1990260306.us-east-1.elb.amazonaws.com/restaurants/20/reviews,0,0,0
1777593367856,149,02 - GET /restaurants (search),200,OK,Virtual Users [500 threads] 1-485,text,true,,790,311,17,17,http://k8s-forkfind-forkfind-8e65d48af1-1990260306.us-east-1.elb.amazonaws.com/restaurants?q=pizza&limit=12&sort=rating,149,0,71
1777593367945,73,03 - POST /restaurants/20/reviews,Non HTTP response code: java.net.SocketException,Non HTTP response message: Connection reset,Virtual Users [500 threads] 1-484,text,false,"Review submission returned unexpected status (401 = bad token, 5xx = server error)",2601,0,17,17,http://k8s-forkfind-forkfind-8e65d48af1-1990260306.us-east-1.elb.amazonaws.com/restaurants/20/reviews,0,0,0
1777593337897,30127,01 - POST /auth/user/login,Non HTTP response code: java.net.SocketTimeoutException,Non HTTP response message: Read timed out,Virtual Users [500 threads] 1-487,text,false,Login failed — check credentials in users.csv,2679,0,16,16,http://k8s-forkfind-forkfind-8e65d48af1-1990260306.us-east-1.elb.amazonaws.com/auth/user/login,0,0,126
1777593337960,30090,01 - POST /auth/user/login,Non HTTP response code: java.net.SocketTimeoutException,Non HTTP response message: Read timed out,Virtual Users [500 threads] 1-488,text,false,Login failed — check credentials in users.csv,2679,0,16,16,http://k8s-forkfind-forkfind-8e65d48af1-1990260306.us-east-1.elb.amazonaws.com/auth/user/login,0,0,88
1777593367930,170,02 - GET /restaurants (search),200,OK,Virtual Users [500 threads] 1-486,text,true,,790,311,16,16,http://k8s-forkfind-forkfind-8e65d48af1-1990260306.us-east-1.elb.amazonaws.com/restaurants?q=pizza&limit=12&sort=rating,170,0,71
1777593368006,94,03 - POST /restaurants/20/reviews,Non HTTP response code: java.net.SocketException,Non HTTP response message: Connection reset,Virtual Users [500 threads] 1-485,text,false,"Review submission returned unexpected status (401 = bad token, 5xx = server error)",2601,0,16,16,http://k8s-forkfind-forkfind-8e65d48af1-1990260306.us-east-1.elb.amazonaws.com/restaurants/20/reviews,0,0,0
1777593338021,30079,01 - POST /auth/user/login,Non HTTP response code: java.net.SocketTimeoutException,Non HTTP response message: Read timed out,Virtual Users [500 threads] 1-489,text,false,Login failed — check credentials in users.csv,2679,0,16,16,http://k8s-forkfind-forkfind-8e65d48af1-1990260306.us-east-1.elb.amazonaws.com/auth/user/login,0,0,77
1777593338079,30086,01 - POST /auth/user/login,Non HTTP response code: java.net.SocketTimeoutException,Non HTTP response message: Read timed out,Virtual Users [500 threads] 1-490,text,false,Login failed — check credentials in users.csv,2679,0,15,15,http://k8s-forkfind-forkfind-8e65d48af1-1990260306.us-east-1.elb.amazonaws.com/auth/user/login,0,0,84
1777593368101,76,03 - POST /restaurants/20/reviews,Non HTTP response code: java.net.SocketException,Non HTTP response message: Connection reset,Virtual Users [500 threads] 1-486,text,false,"Review submission returned unexpected status (401 = bad token, 5xx = server error)",2601,0,15,15,http://k8s-forkfind-forkfind-8e65d48af1-1990260306.us-east-1.elb.amazonaws.com/restaurants/20/reviews,0,0,0
1777593368025,153,02 - GET /restaurants (search),200,OK,Virtual Users [500 threads] 1-487,text,true,,790,311,15,15,http://k8s-forkfind-forkfind-8e65d48af1-1990260306.us-east-1.elb.amazonaws.com/restaurants?q=pizza&limit=12&sort=rating,153,0,75
1777593368051,166,02 - GET /restaurants (search),200,OK,Virtual Users [500 threads] 1-488,text,true,,790,311,14,14,http://k8s-forkfind-forkfind-8e65d48af1-1990260306.us-east-1.elb.amazonaws.com/restaurants?q=pizza&limit=12&sort=rating,166,0,72
1777593338141,30079,01 - POST /auth/user/login,Non HTTP response code: java.net.SocketTimeoutException,Non HTTP response message: Read timed out,Virtual Users [500 threads] 1-491,text,false,Login failed — check credentials in users.csv,2679,0,14,14,http://k8s-forkfind-forkfind-8e65d48af1-1990260306.us-east-1.elb.amazonaws.com/auth/user/login,0,0,78
1777593368101,156,02 - GET /restaurants (search),200,OK,Virtual Users [500 threads] 1-489,text,true,,790,311,14,14,http://k8s-forkfind-forkfind-8e65d48af1-1990260306.us-east-1.elb.amazonaws.com/restaurants?q=pizza&limit=12&sort=rating,156,0,76
1777593368178,79,03 - POST /restaurants/20/reviews,Non HTTP response code: java.net.SocketException,Non HTTP response message: Connection reset,Virtual Users [500 threads] 1-487,text,false,"Review submission returned unexpected status (401 = bad token, 5xx = server error)",2601,0,14,14,http://k8s-forkfind-forkfind-8e65d48af1-1990260306.us-east-1.elb.amazonaws.com/restaurants/20/reviews,0,0,0
1777593338202,30077,01 - POST /auth/user/login,Non HTTP response code: java.net.SocketTimeoutException,Non HTTP response message: Read timed out,Virtual Users [500 threads] 1-492,text,false,Login failed — check credentials in users.csv,2679,0,13,13,http://k8s-forkfind-forkfind-8e65d48af1-1990260306.us-east-1.elb.amazonaws.com/auth/user/login,0,0,75
1777593368217,80,03 - POST /restaurants/20/reviews,Non HTTP response code: java.net.SocketException,Non HTTP response message: Connection reset,Virtual Users [500 threads] 1-488,text,false,"Review submission returned unexpected status (401 = bad token, 5xx = server error)",2601,0,13,13,http://k8s-forkfind-forkfind-8e65d48af1-1990260306.us-east-1.elb.amazonaws.com/restaurants/20/reviews,0,0,0
1777593368166,154,02 - GET /restaurants (search),200,OK,Virtual Users [500 threads] 1-490,text,true,,790,311,12,12,http://k8s-forkfind-forkfind-8e65d48af1-1990260306.us-east-1.elb.amazonaws.com/restaurants?q=pizza&limit=12&sort=rating,154,0,77
1777593368257,74,03 - POST /restaurants/20/reviews,Non HTTP response code: java.net.SocketException,Non HTTP response message: Connection reset,Virtual Users [500 threads] 1-489,text,false,"Review submission returned unexpected status (401 = bad token, 5xx = server error)",2601,0,12,12,http://k8s-forkfind-forkfind-8e65d48af1-1990260306.us-east-1.elb.amazonaws.com/restaurants/20/reviews,0,0,0
1777593338261,30077,01 - POST /auth/user/login,Non HTTP response code: java.net.SocketTimeoutException,Non HTTP response message: Read timed out,Virtual Users [500 threads] 1-493,text,false,Login failed — check credentials in users.csv,2679,0,11,11,http://k8s-forkfind-forkfind-8e65d48af1-1990260306.us-east-1.elb.amazonaws.com/auth/user/login,0,0,75
1777593368221,162,02 - GET /restaurants (search),200,OK,Virtual Users [500 threads] 1-491,text,true,,790,311,11,11,http://k8s-forkfind-forkfind-8e65d48af1-1990260306.us-east-1.elb.amazonaws.com/restaurants?q=pizza&limit=12&sort=rating,162,0,77
1777593368321,74,03 - POST /restaurants/20/reviews,Non HTTP response code: java.net.SocketException,Non HTTP response message: Connection reset,Virtual Users [500 threads] 1-490,text,false,"Review submission returned unexpected status (401 = bad token, 5xx = server error)",2601,0,11,11,http://k8s-forkfind-forkfind-8e65d48af1-1990260306.us-east-1.elb.amazonaws.com/restaurants/20/reviews,0,0,0
1777593338320,30075,01 - POST /auth/user/login,Non HTTP response code: java.net.SocketTimeoutException,Non HTTP response message: Read timed out,Virtual Users [500 threads] 1-494,text,false,Login failed — check credentials in users.csv,2679,0,11,11,http://k8s-forkfind-forkfind-8e65d48af1-1990260306.us-east-1.elb.amazonaws.com/auth/user/login,0,0,73
1777593368280,151,02 - GET /restaurants (search),200,OK,Virtual Users [500 threads] 1-492,text,true,,790,311,10,10,http://k8s-forkfind-forkfind-8e65d48af1-1990260306.us-east-1.elb.amazonaws.com/restaurants?q=pizza&limit=12&sort=rating,151,0,72
1777593338378,30078,01 - POST /auth/user/login,Non HTTP response code: java.net.SocketTimeoutException,Non HTTP response message: Read timed out,Virtual Users [500 threads] 1-495,text,false,Login failed — check credentials in users.csv,2679,0,10,10,http://k8s-forkfind-forkfind-8e65d48af1-1990260306.us-east-1.elb.amazonaws.com/auth/user/login,0,0,76
1777593368384,74,03 - POST /restaurants/20/reviews,Non HTTP response code: java.net.SocketException,Non HTTP response message: Connection reset,Virtual Users [500 threads] 1-491,text,false,"Review submission returned unexpected status (401 = bad token, 5xx = server error)",2601,0,10,10,http://k8s-forkfind-forkfind-8e65d48af1-1990260306.us-east-1.elb.amazonaws.com/restaurants/20/reviews,0,0,0
1777593368338,164,02 - GET /restaurants (search),200,OK,Virtual Users [500 threads] 1-493,text,true,,790,311,9,9,http://k8s-forkfind-forkfind-8e65d48af1-1990260306.us-east-1.elb.amazonaws.com/restaurants?q=pizza&limit=12&sort=rating,164,0,81
1777593368432,72,03 - POST /restaurants/20/reviews,Non HTTP response code: java.net.SocketException,Non HTTP response message: Connection reset,Virtual Users [500 threads] 1-492,text,false,"Review submission returned unexpected status (401 = bad token, 5xx = server error)",2601,0,9,9,http://k8s-forkfind-forkfind-8e65d48af1-1990260306.us-east-1.elb.amazonaws.com/restaurants/20/reviews,0,0,0
1777593338440,30080,01 - POST /auth/user/login,Non HTTP response code: java.net.SocketTimeoutException,Non HTTP response message: Read timed out,Virtual Users [500 threads] 1-496,text,false,Login failed — check credentials in users.csv,2679,0,8,8,http://k8s-forkfind-forkfind-8e65d48af1-1990260306.us-east-1.elb.amazonaws.com/auth/user/login,0,0,77
1777593368395,149,02 - GET /restaurants (search),200,OK,Virtual Users [500 threads] 1-494,text,true,,790,311,8,8,http://k8s-forkfind-forkfind-8e65d48af1-1990260306.us-east-1.elb.amazonaws.com/restaurants?q=pizza&limit=12&sort=rating,149,0,71
1777593338500,30073,01 - POST /auth/user/login,Non HTTP response code: java.net.SocketTimeoutException,Non HTTP response message: Read timed out,Virtual Users [500 threads] 1-497,text,false,Login failed — check credentials in users.csv,2679,0,8,8,http://k8s-forkfind-forkfind-8e65d48af1-1990260306.us-east-1.elb.amazonaws.com/auth/user/login,0,0,71
1777593368502,73,03 - POST /restaurants/20/reviews,Non HTTP response code: java.net.SocketException,Non HTTP response message: Connection reset,Virtual Users [500 threads] 1-493,text,false,"Review submission returned unexpected status (401 = bad token, 5xx = server error)",2601,0,8,8,http://k8s-forkfind-forkfind-8e65d48af1-1990260306.us-east-1.elb.amazonaws.com/restaurants/20/reviews,0,0,0
1777593368457,155,02 - GET /restaurants (search),200,OK,Virtual Users [500 threads] 1-495,text,true,,790,311,7,7,http://k8s-forkfind-forkfind-8e65d48af1-1990260306.us-east-1.elb.amazonaws.com/restaurants?q=pizza&limit=12&sort=rating,155,0,71
1777593368545,79,03 - POST /restaurants/20/reviews,Non HTTP response code: java.net.SocketException,Non HTTP response message: Connection reset,Virtual Users [500 threads] 1-494,text,false,"Review submission returned unexpected status (401 = bad token, 5xx = server error)",2601,0,7,7,http://k8s-forkfind-forkfind-8e65d48af1-1990260306.us-east-1.elb.amazonaws.com/restaurants/20/reviews,0,0,0
1777593338559,30075,01 - POST /auth/user/login,Non HTTP response code: java.net.SocketTimeoutException,Non HTTP response message: Read timed out,Virtual Users [500 threads] 1-498,text,false,Login failed — check credentials in users.csv,2679,0,6,6,http://k8s-forkfind-forkfind-8e65d48af1-1990260306.us-east-1.elb.amazonaws.com/auth/user/login,0,0,74
1777593368521,148,02 - GET /restaurants (search),200,OK,Virtual Users [500 threads] 1-496,text,true,,790,311,6,6,http://k8s-forkfind-forkfind-8e65d48af1-1990260306.us-east-1.elb.amazonaws.com/restaurants?q=pizza&limit=12&sort=rating,148,0,71
1777593368612,73,03 - POST /restaurants/20/reviews,Non HTTP response code: java.net.SocketException,Non HTTP response message: Connection reset,Virtual Users [500 threads] 1-495,text,false,"Review submission returned unexpected status (401 = bad token, 5xx = server error)",2601,0,6,6,http://k8s-forkfind-forkfind-8e65d48af1-1990260306.us-east-1.elb.amazonaws.com/restaurants/20/reviews,0,0,0
1777593338620,30074,01 - POST /auth/user/login,Non HTTP response code: java.net.SocketTimeoutException,Non HTTP response message: Read timed out,Virtual Users [500 threads] 1-499,text,false,Login failed — check credentials in users.csv,2679,0,5,5,http://k8s-forkfind-forkfind-8e65d48af1-1990260306.us-east-1.elb.amazonaws.com/auth/user/login,0,0,72
1777593368574,152,02 - GET /restaurants (search),200,OK,Virtual Users [500 threads] 1-497,text,true,,790,311,5,5,http://k8s-forkfind-forkfind-8e65d48af1-1990260306.us-east-1.elb.amazonaws.com/restaurants?q=pizza&limit=12&sort=rating,152,0,71
1777593368670,73,03 - POST /restaurants/20/reviews,Non HTTP response code: java.net.SocketException,Non HTTP response message: Connection reset,Virtual Users [500 threads] 1-496,text,false,"Review submission returned unexpected status (401 = bad token, 5xx = server error)",2601,0,5,5,http://k8s-forkfind-forkfind-8e65d48af1-1990260306.us-east-1.elb.amazonaws.com/restaurants/20/reviews,0,0,0
1777593338678,30074,01 - POST /auth/user/login,Non HTTP response code: java.net.SocketTimeoutException,Non HTTP response message: Read timed out,Virtual Users [500 threads] 1-500,text,false,Login failed — check credentials in users.csv,2679,0,4,4,http://k8s-forkfind-forkfind-8e65d48af1-1990260306.us-east-1.elb.amazonaws.com/auth/user/login,0,0,72
1777593368635,147,02 - GET /restaurants (search),200,OK,Virtual Users [500 threads] 1-498,text,true,,790,311,4,4,http://k8s-forkfind-forkfind-8e65d48af1-1990260306.us-east-1.elb.amazonaws.com/restaurants?q=pizza&limit=12&sort=rating,147,0,70
1777593368726,78,03 - POST /restaurants/20/reviews,Non HTTP response code: java.net.SocketException,Non HTTP response message: Connection reset,Virtual Users [500 threads] 1-497,text,false,"Review submission returned unexpected status (401 = bad token, 5xx = server error)",2601,0,4,4,http://k8s-forkfind-forkfind-8e65d48af1-1990260306.us-east-1.elb.amazonaws.com/restaurants/20/reviews,0,0,0
1777593368694,156,02 - GET /restaurants (search),200,OK,Virtual Users [500 threads] 1-499,text,true,,790,311,3,3,http://k8s-forkfind-forkfind-8e65d48af1-1990260306.us-east-1.elb.amazonaws.com/restaurants?q=pizza&limit=12&sort=rating,156,0,71
1777593368782,77,03 - POST /restaurants/20/reviews,401,Unauthorized,Virtual Users [500 threads] 1-498,text,false,"Review submission returned unexpected status (401 = bad token, 5xx = server error)",255,448,3,3,http://k8s-forkfind-forkfind-8e65d48af1-1990260306.us-east-1.elb.amazonaws.com/restaurants/20/reviews,77,0,0
1777593368753,158,02 - GET /restaurants (search),200,OK,Virtual Users [500 threads] 1-500,text,true,,790,311,2,2,http://k8s-forkfind-forkfind-8e65d48af1-1990260306.us-east-1.elb.amazonaws.com/restaurants?q=pizza&limit=12&sort=rating,158,0,71
1777593368850,76,03 - POST /restaurants/20/reviews,Non HTTP response code: java.net.SocketException,Non HTTP response message: Connection reset,Virtual Users [500 threads] 1-499,text,false,"Review submission returned unexpected status (401 = bad token, 5xx = server error)",2601,0,2,2,http://k8s-forkfind-forkfind-8e65d48af1-1990260306.us-east-1.elb.amazonaws.com/restaurants/20/reviews,0,0,0
1777593368911,73,03 - POST /restaurants/20/reviews,401,Unauthorized,Virtual Users [500 threads] 1-500,text,false,"Review submission returned unexpected status (401 = bad token, 5xx = server error)",255,448,1,1,http://k8s-forkfind-forkfind-8e65d48af1-1990260306.us-east-1.elb.amazonaws.com/restaurants/20/reviews,73,0,0
1777595054858,1177,01 - POST /auth/user/login,200,OK,Virtual Users [500 threads] 1-1,text,true,,405,361,7,7,http://k8s-forkfind-forkfind-8e65d48af1-1990260306.us-east-1.elb.amazonaws.com/auth/user/login,1177,0,98
1777595055183,896,01 - POST /auth/user/login,200,OK,Virtual Users [500 threads] 1-3,text,true,,403,361,8,8,http://k8s-forkfind-forkfind-8e65d48af1-1990260306.us-east-1.elb.amazonaws.com/auth/user/login,896,0,67
1777595056057,89,02 - GET /restaurants (search),200,OK,Virtual Users [500 threads] 1-1,text,true,,790,433,8,8,http://k8s-forkfind-forkfind-8e65d48af1-1990260306.us-east-1.elb.amazonaws.com/restaurants?q=pizza&limit=12&sort=rating,89,0,0
1777595056080,72,02 - GET /restaurants (search),200,OK,Virtual Users [500 threads] 1-3,text,true,,790,433,8,8,http://k8s-forkfind-forkfind-8e65d48af1-1990260306.us-east-1.elb.amazonaws.com/restaurants?q=pizza&limit=12&sort=rating,72,0,0
1777595056147,101,03 - POST /restaurants/20/reviews,201,Created,Virtual Users [500 threads] 1-1,text,true,,571,568,8,8,http://k8s-forkfind-forkfind-8e65d48af1-1990260306.us-east-1.elb.amazonaws.com/restaurants/20/reviews,101,0,0
1777595056153,95,03 - POST /restaurants/20/reviews,201,Created,Virtual Users [500 threads] 1-3,text,true,,569,568,8,8,http://k8s-forkfind-forkfind-8e65d48af1-1990260306.us-east-1.elb.amazonaws.com/restaurants/20/reviews,95,0,0
1777595055000,1318,01 - POST /auth/user/login,200,OK,Virtual Users [500 threads] 1-2,text,true,,399,359,7,7,http://k8s-forkfind-forkfind-8e65d48af1-1990260306.us-east-1.elb.amazonaws.com/auth/user/login,1317,0,67
1777595056319,107,02 - GET /restaurants (search),200,OK,Virtual Users [500 threads] 1-2,text,true,,790,433,7,7,http://k8s-forkfind-forkfind-8e65d48af1-1990260306.us-east-1.elb.amazonaws.com/restaurants?q=pizza&limit=12&sort=rating,107,0,0
1777595055362,1064,01 - POST /auth/user/login,200,OK,Virtual Users [500 threads] 1-4,text,true,,401,361,7,7,http://k8s-forkfind-forkfind-8e65d48af1-1990260306.us-east-1.elb.amazonaws.com/auth/user/login,1064,0,68
1777595056426,90,02 - GET /restaurants (search),200,OK,Virtual Users [500 threads] 1-4,text,true,,790,433,8,8,http://k8s-forkfind-forkfind-8e65d48af1-1990260306.us-east-1.elb.amazonaws.com/restaurants?q=pizza&limit=12&sort=rating,90,0,0
1777595056426,90,03 - POST /restaurants/20/reviews,400,Bad Request,Virtual Users [500 threads] 1-2,text,false,,266,568,8,8,http://k8s-forkfind-forkfind-8e65d48af1-1990260306.us-east-1.elb.amazonaws.com/restaurants/20/reviews,90,0,0
1777595056517,92,03 - POST /restaurants/20/reviews,201,Created,Virtual Users [500 threads] 1-4,text,true,,567,568,7,7,http://k8s-forkfind-forkfind-8e65d48af1-1990260306.us-east-1.elb.amazonaws.com/restaurants/20/reviews,92,0,0
1777595055543,1156,01 - POST /auth/user/login,200,OK,Virtual Users [500 threads] 1-5,text,true,,398,359,7,7,http://k8s-forkfind-forkfind-8e65d48af1-1990260306.us-east-1.elb.amazonaws.com/auth/user/login,1156,0,66
1777595056701,122,02 - GET /restaurants (search),200,OK,Virtual Users [500 threads] 1-5,text,true,,790,436,8,8,http://k8s-forkfind-forkfind-8e65d48af1-1990260306.us-east-1.elb.amazonaws.com/restaurants?q=pizza&limit=12&sort=rating,122,0,0
1777595056825,98,03 - POST /restaurants/20/reviews,201,Created,Virtual Users [500 threads] 1-5,text,true,,565,571,8,8,http://k8s-forkfind-forkfind-8e65d48af1-1990260306.us-east-1.elb.amazonaws.com/restaurants/20/reviews,98,0,0
1777595055901,1116,01 - POST /auth/user/login,200,OK,Virtual Users [500 threads] 1-7,text,true,,402,361,8,8,http://k8s-forkfind-forkfind-8e65d48af1-1990260306.us-east-1.elb.amazonaws.com/auth/user/login,1116,0,68
1777595055717,1313,01 - POST /auth/user/login,200,OK,Virtual Users [500 threads] 1-6,text,true,,402,361,8,8,http://k8s-forkfind-forkfind-8e65d48af1-1990260306.us-east-1.elb.amazonaws.com/auth/user/login,1313,0,65
1777595057018,84,02 - GET /restaurants (search),200,OK,Virtual Users [500 threads] 1-7,text,true,,790,436,8,8,http://k8s-forkfind-forkfind-8e65d48af1-1990260306.us-east-1.elb.amazonaws.com/restaurants?q=pizza&limit=12&sort=rating,84,0,0
1777595057031,97,02 - GET /restaurants (search),200,OK,Virtual Users [500 threads] 1-6,text,true,,790,436,8,8,http://k8s-forkfind-forkfind-8e65d48af1-1990260306.us-east-1.elb.amazonaws.com/restaurants?q=pizza&limit=12&sort=rating,97,0,0
1777595057103,99,03 - POST /restaurants/20/reviews,201,Created,Virtual Users [500 threads] 1-7,text,true,,567,571,9,9,http://k8s-forkfind-forkfind-8e65d48af1-1990260306.us-east-1.elb.amazonaws.com/restaurants/20/reviews,99,0,0
1777595057130,128,03 - POST /restaurants/20/reviews,201,Created,Virtual Users [500 threads] 1-6,text,true,,567,571,8,8,http://k8s-forkfind-forkfind-8e65d48af1-1990260306.us-east-1.elb.amazonaws.com/restaurants/20/reviews,128,0,0
1777595056253,1416,01 - POST /auth/user/login,200,OK,Virtual Users [500 threads] 1-9,text,true,,400,360,9,9,http://k8s-forkfind-forkfind-8e65d48af1-1990260306.us-east-1.elb.amazonaws.com/auth/user/login,1416,0,65
1777595056075,1606,01 - POST /auth/user/login,200,OK,Virtual Users [500 threads] 1-8,text,true,,402,361,9,9,http://k8s-forkfind-forkfind-8e65d48af1-1990260306.us-east-1.elb.amazonaws.com/auth/user/login,1606,0,71
1777595056436,1294,01 - POST /auth/user/login,200,OK,Virtual Users [500 threads] 1-10,text,true,,400,360,10,10,http://k8s-forkfind-forkfind-8e65d48af1-1990260306.us-east-1.elb.amazonaws.com/auth/user/login,1294,0,103
1777595057671,73,02 - GET /restaurants (search),200,OK,Virtual Users [500 threads] 1-9,text,true,,790,436,10,10,http://k8s-forkfind-forkfind-8e65d48af1-1990260306.us-east-1.elb.amazonaws.com/restaurants?q=pizza&limit=12&sort=rating,73,0,0
1777595057682,77,02 - GET /restaurants (search),200,OK,Virtual Users [500 threads] 1-8,text,true,,790,436,10,10,http://k8s-forkfind-forkfind-8e65d48af1-1990260306.us-east-1.elb.amazonaws.com/restaurants?q=pizza&limit=12&sort=rating,77,0,0
1777595057733,106,02 - GET /restaurants (search),200,OK,Virtual Users [500 threads] 1-10,text,true,,790,436,10,10,http://k8s-forkfind-forkfind-8e65d48af1-1990260306.us-east-1.elb.amazonaws.com/restaurants?q=pizza&limit=12&sort=rating,106,0,0
1777595057745,106,03 - POST /restaurants/20/reviews,201,Created,Virtual Users [500 threads] 1-9,text,true,,566,571,10,10,http://k8s-forkfind-forkfind-8e65d48af1-1990260306.us-east-1.elb.amazonaws.com/restaurants/20/reviews,106,0,0
1777595057760,91,03 - POST /restaurants/20/reviews,201,Created,Virtual Users [500 threads] 1-8,text,true,,567,571,10,10,http://k8s-forkfind-forkfind-8e65d48af1-1990260306.us-east-1.elb.amazonaws.com/restaurants/20/reviews,91,0,0
1777595057840,94,03 - POST /restaurants/20/reviews,201,Created,Virtual Users [500 threads] 1-10,text,true,,566,572,9,9,http://k8s-forkfind-forkfind-8e65d48af1-1990260306.us-east-1.elb.amazonaws.com/restaurants/20/reviews,94,0,0
1777595056617,1420,01 - POST /auth/user/login,200,OK,Virtual Users [500 threads] 1-11,text,true,,400,360,8,8,http://k8s-forkfind-forkfind-8e65d48af1-1990260306.us-east-1.elb.amazonaws.com/auth/user/login,1420,0,81
1777595058039,95,02 - GET /restaurants (search),200,OK,Virtual Users [500 threads] 1-11,text,true,,790,436,9,9,http://k8s-forkfind-forkfind-8e65d48af1-1990260306.us-east-1.elb.amazonaws.com/restaurants?q=pizza&limit=12&sort=rating,95,0,0
1777595058135,131,03 - POST /restaurants/20/reviews,201,Created,Virtual Users [500 threads] 1-11,text,true,,567,572,10,10,http://k8s-forkfind-forkfind-8e65d48af1-1990260306.us-east-1.elb.amazonaws.com/restaurants/20/reviews,131,0,0
1777595056802,1622,01 - POST /auth/user/login,200,OK,Virtual Users [500 threads] 1-12,text,true,,400,360,10,10,http://k8s-forkfind-forkfind-8e65d48af1-1990260306.us-east-1.elb.amazonaws.com/auth/user/login,1621,0,70
1777595056977,1468,01 - POST /auth/user/login,200,OK,Virtual Users [500 threads] 1-13,text,true,,398,359,10,10,http://k8s-forkfind-forkfind-8e65d48af1-1990260306.us-east-1.elb.amazonaws.com/auth/user/login,1468,0,79
1777595058425,111,02 - GET /restaurants (search),200,OK,Virtual Users [500 threads] 1-12,text,true,,790,436,10,10,http://k8s-forkfind-forkfind-8e65d48af1-1990260306.us-east-1.elb.amazonaws.com/restaurants?q=pizza&limit=12&sort=rating,111,0,0
1777595058447,89,02 - GET /restaurants (search),200,OK,Virtual Users [500 threads] 1-13,text,true,,790,436,10,10,http://k8s-forkfind-forkfind-8e65d48af1-1990260306.us-east-1.elb.amazonaws.com/restaurants?q=pizza&limit=12&sort=rating,89,0,0
1777595058537,122,03 - POST /restaurants/20/reviews,201,Created,Virtual Users [500 threads] 1-12,text,true,,567,572,11,11,http://k8s-forkfind-forkfind-8e65d48af1-1990260306.us-east-1.elb.amazonaws.com/restaurants/20/reviews,122,0,0
1777595058537,122,03 - POST /restaurants/20/reviews,201,Created,Virtual Users [500 threads] 1-13,text,true,,566,572,11,11,http://k8s-forkfind-forkfind-8e65d48af1-1990260306.us-east-1.elb.amazonaws.com/restaurants/20/reviews,122,0,0
1777595057337,1381,01 - POST /auth/user/login,200,OK,Virtual Users [500 threads] 1-15,text,true,,404,362,9,9,http://k8s-forkfind-forkfind-8e65d48af1-1990260306.us-east-1.elb.amazonaws.com/auth/user/login,1381,0,87
1777595058720,79,02 - GET /restaurants (search),200,OK,Virtual Users [500 threads] 1-15,text,true,,790,436,10,10,http://k8s-forkfind-forkfind-8e65d48af1-1990260306.us-east-1.elb.amazonaws.com/restaurants?q=pizza&limit=12&sort=rating,79,0,0
1777595058801,84,03 - POST /restaurants/20/reviews,201,Created,Virtual Users [500 threads] 1-15,text,true,,569,572,10,10,http://k8s-forkfind-forkfind-8e65d48af1-1990260306.us-east-1.elb.amazonaws.com/restaurants/20/reviews,84,0,0
1777595057156,2037,01 - POST /auth/user/login,200,OK,Virtual Users [500 threads] 1-14,text,true,,400,360,11,11,http://k8s-forkfind-forkfind-8e65d48af1-1990260306.us-east-1.elb.amazonaws.com/auth/user/login,2037,0,69
1777595057520,1688,01 - POST /auth/user/login,200,OK,Virtual Users [500 threads] 1-16,text,true,,402,361,11,11,http://k8s-forkfind-forkfind-8e65d48af1-1990260306.us-east-1.elb.amazonaws.com/auth/user/login,1688,0,85
1777595059195,75,02 - GET /restaurants (search),200,OK,Virtual Users [500 threads] 1-14,text,true,,790,436,11,11,http://k8s-forkfind-forkfind-8e65d48af1-1990260306.us-east-1.elb.amazonaws.com/restaurants?q=pizza&limit=12&sort=rating,75,0,0
1777595059209,80,02 - GET /restaurants (search),200,OK,Virtual Users [500 threads] 1-16,text,true,,790,436,11,11,http://k8s-forkfind-forkfind-8e65d48af1-1990260306.us-east-1.elb.amazonaws.com/restaurants?q=pizza&limit=12&sort=rating,80,0,0
1777595057872,1431,01 - POST /auth/user/login,200,OK,Virtual Users [500 threads] 1-18,text,true,,404,362,11,11,http://k8s-forkfind-forkfind-8e65d48af1-1990260306.us-east-1.elb.amazonaws.com/auth/user/login,1431,0,70
1777595059271,79,03 - POST /restaurants/20/reviews,201,Created,Virtual Users [500 threads] 1-14,text,true,,567,572,12,12,http://k8s-forkfind-forkfind-8e65d48af1-1990260306.us-east-1.elb.amazonaws.com/restaurants/20/reviews,79,0,0
1777595059304,82,02 - GET /restaurants (search),200,OK,Virtual Users [500 threads] 1-18,text,true,,790,436,11,11,http://k8s-forkfind-forkfind-8e65d48af1-1990260306.us-east-1.elb.amazonaws.com/restaurants?q=pizza&limit=12&sort=rating,82,0,0
1777595059290,136,03 - POST /restaurants/20/reviews,201,Created,Virtual Users [500 threads] 1-16,text,true,,568,572,11,11,http://k8s-forkfind-forkfind-8e65d48af1-1990260306.us-east-1.elb.amazonaws.com/restaurants/20/reviews,136,0,0
1777595059388,121,03 - POST /restaurants/20/reviews,201,Created,Virtual Users [500 threads] 1-18,text,true,,569,572,11,11,http://k8s-forkfind-forkfind-8e65d48af1-1990260306.us-east-1.elb.amazonaws.com/restaurants/20/reviews,121,0,0
1777595058055,1942,01 - POST /auth/user/login,200,OK,Virtual Users [500 threads] 1-19,text,true,,398,359,12,12,http://k8s-forkfind-forkfind-8e65d48af1-1990260306.us-east-1.elb.amazonaws.com/auth/user/login,1942,0,79
1777595058416,1609,01 - POST /auth/user/login,200,OK,Virtual Users [500 threads] 1-21,text,true,,406,363,12,12,http://k8s-forkfind-forkfind-8e65d48af1-1990260306.us-east-1.elb.amazonaws.com/auth/user/login,1609,0,77
1777595058235,1790,01 - POST /auth/user/login,200,OK,Virtual Users [500 threads] 1-20,text,true,,400,360,12,12,http://k8s-forkfind-forkfind-8e65d48af1-1990260306.us-east-1.elb.amazonaws.com/auth/user/login,1790,0,77
1777595059999,75,02 - GET /restaurants (search),200,OK,Virtual Users [500 threads] 1-19,text,true,,790,436,13,13,http://k8s-forkfind-forkfind-8e65d48af1-1990260306.us-east-1.elb.amazonaws.com/restaurants?q=pizza&limit=12&sort=rating,75,0,0
1777595060027,90,02 - GET /restaurants (search),200,OK,Virtual Users [500 threads] 1-21,text,true,,790,436,13,13,http://k8s-forkfind-forkfind-8e65d48af1-1990260306.us-east-1.elb.amazonaws.com/restaurants?q=pizza&limit=12&sort=rating,90,0,0
1777595060027,90,02 - GET /restaurants (search),200,OK,Virtual Users [500 threads] 1-20,text,true,,790,436,13,13,http://k8s-forkfind-forkfind-8e65d48af1-1990260306.us-east-1.elb.amazonaws.com/restaurants?q=pizza&limit=12&sort=rating,90,0,0
1777595060076,156,03 - POST /restaurants/20/reviews,201,Created,Virtual Users [500 threads] 1-19,text,true,,566,572,14,14,http://k8s-forkfind-forkfind-8e65d48af1-1990260306.us-east-1.elb.amazonaws.com/restaurants/20/reviews,156,0,0
1777595057695,2537,01 - POST /auth/user/login,200,OK,Virtual Users [500 threads] 1-17,text,true,,402,361,14,14,http://k8s-forkfind-forkfind-8e65d48af1-1990260306.us-east-1.elb.amazonaws.com/auth/user/login,2537,0,77
1777595060119,128,03 - POST /restaurants/20/reviews,201,Created,Virtual Users [500 threads] 1-20,text,true,,567,572,13,13,http://k8s-forkfind-forkfind-8e65d48af1-1990260306.us-east-1.elb.amazonaws.com/restaurants/20/reviews,128,0,0
1777595060119,128,03 - POST /restaurants/20/reviews,201,Created,Virtual Users [500 threads] 1-21,text,true,,570,572,13,13,http://k8s-forkfind-forkfind-8e65d48af1-1990260306.us-east-1.elb.amazonaws.com/restaurants/20/reviews,128,0,0
1777595060233,93,02 - GET /restaurants (search),200,OK,Virtual Users [500 threads] 1-17,text,true,,790,436,11,11,http://k8s-forkfind-forkfind-8e65d48af1-1990260306.us-east-1.elb.amazonaws.com/restaurants?q=pizza&limit=12&sort=rating,93,0,0
1777595060328,118,03 - POST /restaurants/20/reviews,201,Created,Virtual Users [500 threads] 1-17,text,true,,568,572,12,12,http://k8s-forkfind-forkfind-8e65d48af1-1990260306.us-east-1.elb.amazonaws.com/restaurants/20/reviews,118,0,0
1777595058956,2035,01 - POST /auth/user/login,200,OK,Virtual Users [500 threads] 1-24,text,true,,406,363,14,14,http://k8s-forkfind-forkfind-8e65d48af1-1990260306.us-east-1.elb.amazonaws.com/auth/user/login,2035,0,73
1777595060993,89,02 - GET /restaurants (search),200,OK,Virtual Users [500 threads] 1-24,text,true,,790,436,14,14,http://k8s-forkfind-forkfind-8e65d48af1-1990260306.us-east-1.elb.amazonaws.com/restaurants?q=pizza&limit=12&sort=rating,89,0,0
1777595058777,2359,01 - POST /auth/user/login,200,OK,Virtual Users [500 threads] 1-23,text,true,,406,363,15,15,http://k8s-forkfind-forkfind-8e65d48af1-1990260306.us-east-1.elb.amazonaws.com/auth/user/login,2358,0,66
1777595061084,80,03 - POST /restaurants/20/reviews,201,Created,Virtual Users [500 threads] 1-24,text,true,,570,572,15,15,http://k8s-forkfind-forkfind-8e65d48af1-1990260306.us-east-1.elb.amazonaws.com/restaurants/20/reviews,80,0,0
1777595061137,88,02 - GET /restaurants (search),200,OK,Virtual Users [500 threads] 1-23,text,true,,790,436,14,14,http://k8s-forkfind-forkfind-8e65d48af1-1990260306.us-east-1.elb.amazonaws.com/restaurants?q=pizza&limit=12&sort=rating,88,0,0
1777595059131,2094,01 - POST /auth/user/login,200,OK,Virtual Users [500 threads] 1-25,text,true,,406,363,14,14,http://k8s-forkfind-forkfind-8e65d48af1-1990260306.us-east-1.elb.amazonaws.com/auth/user/login,2094,0,69
1777595061227,87,02 - GET /restaurants (search),200,OK,Virtual Users [500 threads] 1-25,text,true,,790,436,15,15,http://k8s-forkfind-forkfind-8e65d48af1-1990260306.us-east-1.elb.amazonaws.com/restaurants?q=pizza&limit=12&sort=rating,87,0,0
1777595058596,2722,01 - POST /auth/user/login,200,OK,Virtual Users [500 threads] 1-22,text,true,,406,363,15,15,http://k8s-forkfind-forkfind-8e65d48af1-1990260306.us-east-1.elb.amazonaws.com/auth/user/login,2722,0,66
1777595061227,96,03 - POST /restaurants/20/reviews,201,Created,Virtual Users [500 threads] 1-23,text,true,,569,572,15,15,http://k8s-forkfind-forkfind-8e65d48af1-1990260306.us-east-1.elb.amazonaws.com/restaurants/20/reviews,96,0,0
1777595061320,89,02 - GET /restaurants (search),200,OK,Virtual Users [500 threads] 1-22,text,true,,790,436,14,14,http://k8s-forkfind-forkfind-8e65d48af1-1990260306.us-east-1.elb.amazonaws.com/restaurants?q=pizza&limit=12&sort=rating,89,0,0
1777595061315,101,03 - POST /restaurants/20/reviews,201,Created,Virtual Users [500 threads] 1-25,text,true,,570,572,14,14,http://k8s-forkfind-forkfind-8e65d48af1-1990260306.us-east-1.elb.amazonaws.com/restaurants/20/reviews,101,0,0
1777595061411,107,03 - POST /restaurants/20/reviews,201,Created,Virtual Users [500 threads] 1-22,text,true,,570,572,14,14,http://k8s-forkfind-forkfind-8e65d48af1-1990260306.us-east-1.elb.amazonaws.com/restaurants/20/reviews,106,0,0
1777595059494,2197,01 - POST /auth/user/login,200,OK,Virtual Users [500 threads] 1-27,text,true,,406,363,14,14,http://k8s-forkfind-forkfind-8e65d48af1-1990260306.us-east-1.elb.amazonaws.com/auth/user/login,2197,0,67
1777595059311,2396,01 - POST /auth/user/login,200,OK,Virtual Users [500 threads] 1-26,text,true,,406,363,14,14,http://k8s-forkfind-forkfind-8e65d48af1-1990260306.us-east-1.elb.amazonaws.com/auth/user/login,2396,0,75
1777595061693,85,02 - GET /restaurants (search),200,OK,Virtual Users [500 threads] 1-27,text,true,,790,436,14,14,http://k8s-forkfind-forkfind-8e65d48af1-1990260306.us-east-1.elb.amazonaws.com/restaurants?q=pizza&limit=12&sort=rating,85,0,0
1777595061708,82,02 - GET /restaurants (search),200,OK,Virtual Users [500 threads] 1-26,text,true,,790,436,14,14,http://k8s-forkfind-forkfind-8e65d48af1-1990260306.us-east-1.elb.amazonaws.com/restaurants?q=pizza&limit=12&sort=rating,81,0,0
1777595061790,119,03 - POST /restaurants/20/reviews,201,Created,Virtual Users [500 threads] 1-26,text,true,,570,572,15,15,http://k8s-forkfind-forkfind-8e65d48af1-1990260306.us-east-1.elb.amazonaws.com/restaurants/20/reviews,119,0,0
1777595061779,130,03 - POST /restaurants/20/reviews,201,Created,Virtual Users [500 threads] 1-27,text,true,,570,572,15,15,http://k8s-forkfind-forkfind-8e65d48af1-1990260306.us-east-1.elb.amazonaws.com/restaurants/20/reviews,130,0,0
1777595060388,2035,01 - POST /auth/user/login,200,OK,Virtual Users [500 threads] 1-32,text,true,,406,363,16,16,http://k8s-forkfind-forkfind-8e65d48af1-1990260306.us-east-1.elb.amazonaws.com/auth/user/login,2035,0,70
1777595062424,98,02 - GET /restaurants (search),200,OK,Virtual Users [500 threads] 1-32,text,true,,790,436,16,16,http://k8s-forkfind-forkfind-8e65d48af1-1990260306.us-east-1.elb.amazonaws.com/restaurants?q=pizza&limit=12&sort=rating,98,0,0
1777595062523,126,03 - POST /restaurants/20/reviews,201,Created,Virtual Users [500 threads] 1-32,text,true,,570,572,17,17,http://k8s-forkfind-forkfind-8e65d48af1-1990260306.us-east-1.elb.amazonaws.com/restaurants/20/reviews,126,0,0
1777595060029,2755,01 - POST /auth/user/login,200,OK,Virtual Users [500 threads] 1-30,text,true,,406,363,17,17,http://k8s-forkfind-forkfind-8e65d48af1-1990260306.us-east-1.elb.amazonaws.com/auth/user/login,2755,0,74
1777595060572,2212,01 - POST /auth/user/login,200,OK,Virtual Users [500 threads] 1-33,text,true,,406,363,17,17,http://k8s-forkfind-forkfind-8e65d48af1-1990260306.us-east-1.elb.amazonaws.com/auth/user/login,2212,0,69
1777595062785,76,02 - GET /restaurants (search),200,OK,Virtual Users [500 threads] 1-33,text,true,,790,436,17,17,http://k8s-forkfind-forkfind-8e65d48af1-1990260306.us-east-1.elb.amazonaws.com/restaurants?q=pizza&limit=12&sort=rating,76,0,0
1777595062785,76,02 - GET /restaurants (search),200,OK,Virtual Users [500 threads] 1-30,text,true,,790,436,17,17,http://k8s-forkfind-forkfind-8e65d48af1-1990260306.us-east-1.elb.amazonaws.com/restaurants?q=pizza&limit=12&sort=rating,76,0,0
1777595059671,3260,01 - POST /auth/user/login,200,OK,Virtual Users [500 threads] 1-28,text,true,,406,363,18,18,http://k8s-forkfind-forkfind-8e65d48af1-1990260306.us-east-1.elb.amazonaws.com/auth/user/login,3260,0,71
1777595062862,90,03 - POST /restaurants/20/reviews,201,Created,Virtual Users [500 threads] 1-33,text,true,,570,572,18,18,http://k8s-forkfind-forkfind-8e65d48af1-1990260306.us-east-1.elb.amazonaws.com/restaurants/20/reviews,90,0,0
1777595062862,90,03 - POST /restaurants/20/reviews,201,Created,Virtual Users [500 threads] 1-30,text,true,,570,572,18,18,http://k8s-forkfind-forkfind-8e65d48af1-1990260306.us-east-1.elb.amazonaws.com/restaurants/20/reviews,90,0,0
1777595060214,2784,01 - POST /auth/user/login,200,OK,Virtual Users [500 threads] 1-31,text,true,,406,363,16,16,http://k8s-forkfind-forkfind-8e65d48af1-1990260306.us-east-1.elb.amazonaws.com/auth/user/login,2784,0,66
1777595062932,83,02 - GET /restaurants (search),200,OK,Virtual Users [500 threads] 1-28,text,true,,790,436,16,16,http://k8s-forkfind-forkfind-8e65d48af1-1990260306.us-east-1.elb.amazonaws.com/restaurants?q=pizza&limit=12&sort=rating,83,0,0
1777595062999,73,02 - GET /restaurants (search),200,OK,Virtual Users [500 threads] 1-31,text,true,,790,436,16,16,http://k8s-forkfind-forkfind-8e65d48af1-1990260306.us-east-1.elb.amazonaws.com/restaurants?q=pizza&limit=12&sort=rating,72,0,0
1777595063016,92,03 - POST /restaurants/20/reviews,201,Created,Virtual Users [500 threads] 1-28,text,true,,570,572,17,17,http://k8s-forkfind-forkfind-8e65d48af1-1990260306.us-east-1.elb.amazonaws.com/restaurants/20/reviews,92,0,0
1777595063072,78,03 - POST /restaurants/20/reviews,201,Created,Virtual Users [500 threads] 1-31,text,true,,569,572,16,16,http://k8s-forkfind-forkfind-8e65d48af1-1990260306.us-east-1.elb.amazonaws.com/restaurants/20/reviews,78,0,0
1777595059854,3474,01 - POST /auth/user/login,200,OK,Virtual Users [500 threads] 1-29,text,true,,406,363,16,16,http://k8s-forkfind-forkfind-8e65d48af1-1990260306.us-east-1.elb.amazonaws.com/auth/user/login,3474,0,68
1777595063330,79,02 - GET /restaurants (search),200,OK,Virtual Users [500 threads] 1-29,text,true,,790,436,16,16,http://k8s-forkfind-forkfind-8e65d48af1-1990260306.us-east-1.elb.amazonaws.com/restaurants?q=pizza&limit=12&sort=rating,79,0,0
1777595060753,2659,01 - POST /auth/user/login,200,OK,Virtual Users [500 threads] 1-34,text,true,,406,363,16,16,http://k8s-forkfind-forkfind-8e65d48af1-1990260306.us-east-1.elb.amazonaws.com/auth/user/login,2659,0,67
1777595063413,83,02 - GET /restaurants (search),200,OK,Virtual Users [500 threads] 1-34,text,true,,790,436,17,17,http://k8s-forkfind-forkfind-8e65d48af1-1990260306.us-east-1.elb.amazonaws.com/restaurants?q=pizza&limit=12&sort=rating,83,0,0
1777595063409,94,03 - POST /restaurants/20/reviews,201,Created,Virtual Users [500 threads] 1-29,text,true,,570,572,17,17,http://k8s-forkfind-forkfind-8e65d48af1-1990260306.us-east-1.elb.amazonaws.com/restaurants/20/reviews,94,0,0
1777595063497,110,03 - POST /restaurants/20/reviews,201,Created,Virtual Users [500 threads] 1-34,text,true,,570,572,16,16,http://k8s-forkfind-forkfind-8e65d48af1-1990260306.us-east-1.elb.amazonaws.com/restaurants/20/reviews,110,0,0
1777595061294,2804,01 - POST /auth/user/login,200,OK,Virtual Users [500 threads] 1-37,text,true,,406,363,18,18,http://k8s-forkfind-forkfind-8e65d48af1-1990260306.us-east-1.elb.amazonaws.com/auth/user/login,2804,0,67
1777595064099,110,02 - GET /restaurants (search),200,OK,Virtual Users [500 threads] 1-37,text,true,,790,436,19,19,http://k8s-forkfind-forkfind-8e65d48af1-1990260306.us-east-1.elb.amazonaws.com/restaurants?q=pizza&limit=12&sort=rating,110,0,0
1777595060932,3290,01 - POST /auth/user/login,200,OK,Virtual Users [500 threads] 1-35,text,true,,406,363,19,19,http://k8s-forkfind-forkfind-8e65d48af1-1990260306.us-east-1.elb.amazonaws.com/auth/user/login,3290,0,85
1777595064223,89,02 - GET /restaurants (search),200,OK,Virtual Users [500 threads] 1-35,text,true,,790,436,19,19,http://k8s-forkfind-forkfind-8e65d48af1-1990260306.us-east-1.elb.amazonaws.com/restaurants?q=pizza&limit=12&sort=rating,89,0,0
1777595062006,2312,01 - POST /auth/user/login,200,OK,Virtual Users [500 threads] 1-41,text,true,,406,363,19,19,http://k8s-forkfind-forkfind-8e65d48af1-1990260306.us-east-1.elb.amazonaws.com/auth/user/login,2312,0,91
1777595064319,96,02 - GET /restaurants (search),200,OK,Virtual Users [500 threads] 1-41,text,true,,790,436,20,20,http://k8s-forkfind-forkfind-8e65d48af1-1990260306.us-east-1.elb.amazonaws.com/restaurants?q=pizza&limit=12&sort=rating,96,0,0
1777595064210,299,03 - POST /restaurants/20/reviews,201,Created,Virtual Users [500 threads] 1-37,text,true,,570,572,20,20,http://k8s-forkfind-forkfind-8e65d48af1-1990260306.us-east-1.elb.amazonaws.com/restaurants/20/reviews,299,0,0
1777595064313,206,03 - POST /restaurants/20/reviews,201,Created,Virtual Users [500 threads] 1-35,text,true,,570,572,20,20,http://k8s-forkfind-forkfind-8e65d48af1-1990260306.us-east-1.elb.amazonaws.com/restaurants/20/reviews,206,0,0
1777595064416,138,03 - POST /restaurants/20/reviews,201,Created,Virtual Users [500 threads] 1-41,text,true,,570,572,19,19,http://k8s-forkfind-forkfind-8e65d48af1-1990260306.us-east-1.elb.amazonaws.com/restaurants/20/reviews,138,0,0
1777595061829,3094,01 - POST /auth/user/login,200,OK,Virtual Users [500 threads] 1-40,text,true,,406,363,20,20,http://k8s-forkfind-forkfind-8e65d48af1-1990260306.us-east-1.elb.amazonaws.com/auth/user/login,3094,0,71
1777595064925,91,02 - GET /restaurants (search),200,OK,Virtual Users [500 threads] 1-40,text,true,,790,436,20,20,http://k8s-forkfind-forkfind-8e65d48af1-1990260306.us-east-1.elb.amazonaws.com/restaurants?q=pizza&limit=12&sort=rating,91,0,0
1777595061112,3976,01 - POST /auth/user/login,200,OK,Virtual Users [500 threads] 1-36,text,true,,406,363,21,21,http://k8s-forkfind-forkfind-8e65d48af1-1990260306.us-east-1.elb.amazonaws.com/auth/user/login,3976,0,82
1777595065017,134,03 - POST /restaurants/20/reviews,201,Created,Virtual Users [500 threads] 1-40,text,true,,570,572,21,21,http://k8s-forkfind-forkfind-8e65d48af1-1990260306.us-east-1.elb.amazonaws.com/restaurants/20/reviews,134,0,0
1777595065090,125,02 - GET /restaurants (search),200,OK,Virtual Users [500 threads] 1-36,text,true,,790,436,20,20,http://k8s-forkfind-forkfind-8e65d48af1-1990260306.us-east-1.elb.amazonaws.com/restaurants?q=pizza&limit=12&sort=rating,125,0,0
1777595061650,3600,01 - POST /auth/user/login,200,OK,Virtual Users [500 threads] 1-39,text,true,,406,363,21,21,http://k8s-forkfind-forkfind-8e65d48af1-1990260306.us-east-1.elb.amazonaws.com/auth/user/login,3600,0,67
1777595065251,75,02 - GET /restaurants (search),200,OK,Virtual Users [500 threads] 1-39,text,true,,790,436,21,21,http://k8s-forkfind-forkfind-8e65d48af1-1990260306.us-east-1.elb.amazonaws.com/restaurants?q=pizza&limit=12&sort=rating,75,0,0
1777595065216,114,03 - POST /restaurants/20/reviews,201,Created,Virtual Users [500 threads] 1-36,text,true,,570,572,21,21,http://k8s-forkfind-forkfind-8e65d48af1-1990260306.us-east-1.elb.amazonaws.com/restaurants/20/reviews,113,0,0
1777595065327,122,03 - POST /restaurants/20/reviews,201,Created,Virtual Users [500 threads] 1-39,text,true,,570,572,21,21,http://k8s-forkfind-forkfind-8e65d48af1-1990260306.us-east-1.elb.amazonaws.com/restaurants/20/reviews,122,0,0
1777595061469,4342,01 - POST /auth/user/login,200,OK,Virtual Users [500 threads] 1-38,text,true,,406,363,22,22,http://k8s-forkfind-forkfind-8e65d48af1-1990260306.us-east-1.elb.amazonaws.com/auth/user/login,4342,0,70
1777595065811,77,02 - GET /restaurants (search),200,OK,Virtual Users [500 threads] 1-38,text,true,,790,436,22,22,http://k8s-forkfind-forkfind-8e65d48af1-1990260306.us-east-1.elb.amazonaws.com/restaurants?q=pizza&limit=12&sort=rating,77,0,0
1777595065889,81,03 - POST /restaurants/20/reviews,201,Created,Virtual Users [500 threads] 1-38,text,true,,570,572,23,23,http://k8s-forkfind-forkfind-8e65d48af1-1990260306.us-east-1.elb.amazonaws.com/restaurants/20/reviews,81,0,0
1777595062190,4121,01 - POST /auth/user/login,200,OK,Virtual Users [500 threads] 1-42,text,true,,406,363,23,23,http://k8s-forkfind-forkfind-8e65d48af1-1990260306.us-east-1.elb.amazonaws.com/auth/user/login,4121,0,90
1777595066313,95,02 - GET /restaurants (search),200,OK,Virtual Users [500 threads] 1-42,text,true,,790,436,24,24,http://k8s-forkfind-forkfind-8e65d48af1-1990260306.us-east-1.elb.amazonaws.com/restaurants?q=pizza&limit=12&sort=rating,95,0,0
1777595062731,3691,01 - POST /auth/user/login,200,OK,Virtual Users [500 threads] 1-45,text,true,,406,363,24,24,http://k8s-forkfind-forkfind-8e65d48af1-1990260306.us-east-1.elb.amazonaws.com/auth/user/login,3691,0,67
1777595062912,3510,01 - POST /auth/user/login,200,OK,Virtual Users [500 threads] 1-46,text,true,,406,363,24,24,http://k8s-forkfind-forkfind-8e65d48af1-1990260306.us-east-1.elb.amazonaws.com/auth/user/login,3510,0,66
1777595066409,89,03 - POST /restaurants/20/reviews,201,Created,Virtual Users [500 threads] 1-42,text,true,,569,572,24,24,http://k8s-forkfind-forkfind-8e65d48af1-1990260306.us-east-1.elb.amazonaws.com/restaurants/20/reviews,88,0,0
1777595066424,85,02 - GET /restaurants (search),200,OK,Virtual Users [500 threads] 1-45,text,true,,790,436,24,24,http://k8s-forkfind-forkfind-8e65d48af1-1990260306.us-east-1.elb.amazonaws.com/restaurants?q=pizza&limit=12&sort=rating,85,0,0
1777595066424,86,02 - GET /restaurants (search),200,OK,Virtual Users [500 threads] 1-46,text,true,,790,436,24,24,http://k8s-forkfind-forkfind-8e65d48af1-1990260306.us-east-1.elb.amazonaws.com/restaurants?q=pizza&limit=12&sort=rating,86,0,0
1777595066510,83,03 - POST /restaurants/20/reviews,201,Created,Virtual Users [500 threads] 1-45,text,true,,570,572,24,24,http://k8s-forkfind-forkfind-8e65d48af1-1990260306.us-east-1.elb.amazonaws.com/restaurants/20/reviews,83,0,0
1777595066511,83,03 - POST /restaurants/20/reviews,201,Created,Virtual Users [500 threads] 1-46,text,true,,569,572,24,24,http://k8s-forkfind-forkfind-8e65d48af1-1990260306.us-east-1.elb.amazonaws.com/restaurants/20/reviews,83,0,0
1777595063270,3345,01 - POST /auth/user/login,200,OK,Virtual Users [500 threads] 1-48,text,true,,406,363,22,22,http://k8s-forkfind-forkfind-8e65d48af1-1990260306.us-east-1.elb.amazonaws.com/auth/user/login,3345,0,65
1777595066617,82,02 - GET /restaurants (search),200,OK,Virtual Users [500 threads] 1-48,text,true,,790,436,23,23,http://k8s-forkfind-forkfind-8e65d48af1-1990260306.us-east-1.elb.amazonaws.com/restaurants?q=pizza&limit=12&sort=rating,82,0,0
1777595066700,79,03 - POST /restaurants/20/reviews,201,Created,Virtual Users [500 threads] 1-48,text,true,,570,572,23,23,http://k8s-forkfind-forkfind-8e65d48af1-1990260306.us-east-1.elb.amazonaws.com/restaurants/20/reviews,79,0,0
1777595063084,3696,01 - POST /auth/user/login,200,OK,Virtual Users [500 threads] 1-47,text,true,,406,363,22,22,http://k8s-forkfind-forkfind-8e65d48af1-1990260306.us-east-1.elb.amazonaws.com/auth/user/login,3696,0,64
1777595066782,86,02 - GET /restaurants (search),200,OK,Virtual Users [500 threads] 1-47,text,true,,790,436,23,23,http://k8s-forkfind-forkfind-8e65d48af1-1990260306.us-east-1.elb.amazonaws.com/restaurants?q=pizza&limit=12&sort=rating,86,0,0
1777595062543,4378,01 - POST /auth/user/login,200,OK,Virtual Users [500 threads] 1-44,text,true,,406,363,23,23,http://k8s-forkfind-forkfind-8e65d48af1-1990260306.us-east-1.elb.amazonaws.com/auth/user/login,4378,0,67
1777595066869,84,03 - POST /restaurants/20/reviews,201,Created,Virtual Users [500 threads] 1-47,text,true,,569,572,23,23,http://k8s-forkfind-forkfind-8e65d48af1-1990260306.us-east-1.elb.amazonaws.com/restaurants/20/reviews,84,0,0
1777595062369,4655,01 - POST /auth/user/login,200,OK,Virtual Users [500 threads] 1-43,text,true,,406,363,22,22,http://k8s-forkfind-forkfind-8e65d48af1-1990260306.us-east-1.elb.amazonaws.com/auth/user/login,4655,0,85
1777595066922,117,02 - GET /restaurants (search),200,OK,Virtual Users [500 threads] 1-44,text,true,,790,436,23,23,http://k8s-forkfind-forkfind-8e65d48af1-1990260306.us-east-1.elb.amazonaws.com/restaurants?q=pizza&limit=12&sort=rating,117,0,0
1777595063629,3474,01 - POST /auth/user/login,200,OK,Virtual Users [500 threads] 1-50,text,true,,406,363,23,23,http://k8s-forkfind-forkfind-8e65d48af1-1990260306.us-east-1.elb.amazonaws.com/auth/user/login,3474,0,64
1777595067027,80,02 - GET /restaurants (search),200,OK,Virtual Users [500 threads] 1-43,text,true,,790,436,23,23,http://k8s-forkfind-forkfind-8e65d48af1-1990260306.us-east-1.elb.amazonaws.com/restaurants?q=pizza&limit=12&sort=rating,80,0,0
1777595067039,78,03 - POST /restaurants/20/reviews,201,Created,Virtual Users [500 threads] 1-44,text,true,,569,572,23,23,http://k8s-forkfind-forkfind-8e65d48af1-1990260306.us-east-1.elb.amazonaws.com/restaurants/20/reviews,78,0,0
1777595067105,77,02 - GET /restaurants (search),200,OK,Virtual Users [500 threads] 1-50,text,true,,790,436,22,22,http://k8s-forkfind-forkfind-8e65d48af1-1990260306.us-east-1.elb.amazonaws.com/restaurants?q=pizza&limit=12&sort=rating,76,0,0
1777595067108,97,03 - POST /restaurants/20/reviews,201,Created,Virtual Users [500 threads] 1-43,text,true,,570,572,22,22,http://k8s-forkfind-forkfind-8e65d48af1-1990260306.us-east-1.elb.amazonaws.com/restaurants/20/reviews,97,0,0
1777595067182,79,03 - POST /restaurants/20/reviews,201,Created,Virtual Users [500 threads] 1-50,text,true,,569,572,22,22,http://k8s-forkfind-forkfind-8e65d48af1-1990260306.us-east-1.elb.amazonaws.com/restaurants/20/reviews,79,0,0
1777595063983,3425,01 - POST /auth/user/login,200,OK,Virtual Users [500 threads] 1-52,text,true,,406,363,22,22,http://k8s-forkfind-forkfind-8e65d48af1-1990260306.us-east-1.elb.amazonaws.com/auth/user/login,3425,0,69
1777595067409,85,02 - GET /restaurants (search),200,OK,Virtual Users [500 threads] 1-52,text,true,,790,436,22,22,http://k8s-forkfind-forkfind-8e65d48af1-1990260306.us-east-1.elb.amazonaws.com/restaurants?q=pizza&limit=12&sort=rating,85,0,0
1777595064516,2995,01 - POST /auth/user/login,200,OK,Virtual Users [500 threads] 1-55,text,true,,406,363,22,22,http://k8s-forkfind-forkfind-8e65d48af1-1990260306.us-east-1.elb.amazonaws.com/auth/user/login,2995,0,64
1777595063799,3716,01 - POST /auth/user/login,200,OK,Virtual Users [500 threads] 1-51,text,true,,406,363,22,22,http://k8s-forkfind-forkfind-8e65d48af1-1990260306.us-east-1.elb.amazonaws.com/auth/user/login,3716,0,65
1777595067495,85,03 - POST /restaurants/20/reviews,201,Created,Virtual Users [500 threads] 1-52,text,true,,569,572,23,23,http://k8s-forkfind-forkfind-8e65d48af1-1990260306.us-east-1.elb.amazonaws.com/restaurants/20/reviews,84,0,0
1777595067513,76,02 - GET /restaurants (search),200,OK,Virtual Users [500 threads] 1-55,text,true,,790,436,22,22,http://k8s-forkfind-forkfind-8e65d48af1-1990260306.us-east-1.elb.amazonaws.com/restaurants?q=pizza&limit=12&sort=rating,76,0,0
1777595067516,91,02 - GET /restaurants (search),200,OK,Virtual Users [500 threads] 1-51,text,true,,790,436,22,22,http://k8s-forkfind-forkfind-8e65d48af1-1990260306.us-east-1.elb.amazonaws.com/restaurants?q=pizza&limit=12&sort=rating,91,0,0
1777595067590,77,03 - POST /restaurants/20/reviews,201,Created,Virtual Users [500 threads] 1-55,text,true,,570,572,22,22,http://k8s-forkfind-forkfind-8e65d48af1-1990260306.us-east-1.elb.amazonaws.com/restaurants/20/reviews,76,0,0
1777595067609,90,03 - POST /restaurants/20/reviews,201,Created,Virtual Users [500 threads] 1-51,text,true,,570,572,21,21,http://k8s-forkfind-forkfind-8e65d48af1-1990260306.us-east-1.elb.amazonaws.com/restaurants/20/reviews,90,0,0
1777595064341,3484,01 - POST /auth/user/login,200,OK,Virtual Users [500 threads] 1-54,text,true,,406,363,21,21,http://k8s-forkfind-forkfind-8e65d48af1-1990260306.us-east-1.elb.amazonaws.com/auth/user/login,3484,0,65
1777595067827,116,02 - GET /restaurants (search),200,OK,Virtual Users [500 threads] 1-54,text,true,,790,436,22,22,http://k8s-forkfind-forkfind-8e65d48af1-1990260306.us-east-1.elb.amazonaws.com/restaurants?q=pizza&limit=12&sort=rating,116,0,0
1777595067944,105,03 - POST /restaurants/20/reviews,201,Created,Virtual Users [500 threads] 1-54,text,true,,570,572,22,22,http://k8s-forkfind-forkfind-8e65d48af1-1990260306.us-east-1.elb.amazonaws.com/restaurants/20/reviews,104,0,0
1777595065246,3060,01 - POST /auth/user/login,200,OK,Virtual Users [500 threads] 1-59,text,true,,406,363,23,23,http://k8s-forkfind-forkfind-8e65d48af1-1990260306.us-east-1.elb.amazonaws.com/auth/user/login,3060,0,65
1777595068307,87,02 - GET /restaurants (search),200,OK,Virtual Users [500 threads] 1-59,text,true,,790,436,23,23,http://k8s-forkfind-forkfind-8e65d48af1-1990260306.us-east-1.elb.amazonaws.com/restaurants?q=pizza&limit=12&sort=rating,87,0,0
1777595068395,151,03 - POST /restaurants/20/reviews,201,Created,Virtual Users [500 threads] 1-59,text,true,,570,572,24,24,http://k8s-forkfind-forkfind-8e65d48af1-1990260306.us-east-1.elb.amazonaws.com/restaurants/20/reviews,151,0,0
1777595067039,1844,01 - POST /auth/user/login,200,OK,Virtual Users [500 threads] 1-69,text,true,,406,363,25,25,http://k8s-forkfind-forkfind-8e65d48af1-1990260306.us-east-1.elb.amazonaws.com/auth/user/login,1844,0,64
1777595068885,77,02 - GET /restaurants (search),200,OK,Virtual Users [500 threads] 1-69,text,true,,790,436,25,25,http://k8s-forkfind-forkfind-8e65d48af1-1990260306.us-east-1.elb.amazonaws.com/restaurants?q=pizza&limit=12&sort=rating,77,0,0
1777595065605,3410,01 - POST /auth/user/login,200,OK,Virtual Users [500 threads] 1-61,text,true,,406,363,25,25,http://k8s-forkfind-forkfind-8e65d48af1-1990260306.us-east-1.elb.amazonaws.com/auth/user/login,3410,0,65
1777595068963,71,03 - POST /restaurants/20/reviews,400,Bad Request,Virtual Users [500 threads] 1-69,text,false,,266,572,26,26,http://k8s-forkfind-forkfind-8e65d48af1-1990260306.us-east-1.elb.amazonaws.com/restaurants/20/reviews,71,0,0
1777595069017,81,02 - GET /restaurants (search),200,OK,Virtual Users [500 threads] 1-61,text,true,,790,436,25,25,http://k8s-forkfind-forkfind-8e65d48af1-1990260306.us-east-1.elb.amazonaws.com/restaurants?q=pizza&limit=12&sort=rating,81,0,0
1777595063443,5782,01 - POST /auth/user/login,200,OK,Virtual Users [500 threads] 1-49,text,true,,406,363,26,26,http://k8s-forkfind-forkfind-8e65d48af1-1990260306.us-east-1.elb.amazonaws.com/auth/user/login,5782,0,66
1777595069099,148,03 - POST /restaurants/20/reviews,201,Created,Virtual Users [500 threads] 1-61,text,true,,570,572,26,26,http://k8s-forkfind-forkfind-8e65d48af1-1990260306.us-east-1.elb.amazonaws.com/restaurants/20/reviews,148,0,0
1777595069227,103,02 - GET /restaurants (search),200,OK,Virtual Users [500 threads] 1-49,text,true,,790,436,25,25,http://k8s-forkfind-forkfind-8e65d48af1-1990260306.us-east-1.elb.amazonaws.com/restaurants?q=pizza&limit=12&sort=rating,102,0,0
1777595065422,3999,01 - POST /auth/user/login,200,OK,Virtual Users [500 threads] 1-60,text,true,,406,363,26,26,http://k8s-forkfind-forkfind-8e65d48af1-1990260306.us-east-1.elb.amazonaws.com/auth/user/login,3998,0,65
1777595069330,115,03 - POST /restaurants/20/reviews,201,Created,Virtual Users [500 threads] 1-49,text,true,,570,572,26,26,http://k8s-forkfind-forkfind-8e65d48af1-1990260306.us-east-1.elb.amazonaws.com/restaurants/20/reviews,115,0,0
1777595069422,90,02 - GET /restaurants (search),200,OK,Virtual Users [500 threads] 1-60,text,true,,790,436,25,25,http://k8s-forkfind-forkfind-8e65d48af1-1990260306.us-east-1.elb.amazonaws.com/restaurants?q=pizza&limit=12&sort=rating,90,0,0
1777595066141,3371,01 - POST /auth/user/login,200,OK,Virtual Users [500 threads] 1-64,text,true,,406,363,25,25,http://k8s-forkfind-forkfind-8e65d48af1-1990260306.us-east-1.elb.amazonaws.com/auth/user/login,3371,0,69
1777595069513,83,02 - GET /restaurants (search),200,OK,Virtual Users [500 threads] 1-64,text,true,,790,436,26,26,http://k8s-forkfind-forkfind-8e65d48af1-1990260306.us-east-1.elb.amazonaws.com/restaurants?q=pizza&limit=12&sort=rating,83,0,0
1777595069513,134,03 - POST /restaurants/20/reviews,201,Created,Virtual Users [500 threads] 1-60,text,true,,570,572,26,26,http://k8s-forkfind-forkfind-8e65d48af1-1990260306.us-east-1.elb.amazonaws.com/restaurants/20/reviews,134,0,0
1777595069598,150,03 - POST /restaurants/20/reviews,201,Created,Virtual Users [500 threads] 1-64,text,true,,570,572,26,26,http://k8s-forkfind-forkfind-8e65d48af1-1990260306.us-east-1.elb.amazonaws.com/restaurants/20/reviews,150,0,0
1777595064162,5827,01 - POST /auth/user/login,200,OK,Virtual Users [500 threads] 1-53,text,true,,406,363,26,26,http://k8s-forkfind-forkfind-8e65d48af1-1990260306.us-east-1.elb.amazonaws.com/auth/user/login,5827,0,68
1777595069992,71,02 - GET /restaurants (search),200,OK,Virtual Users [500 threads] 1-53,text,true,,790,436,26,26,http://k8s-forkfind-forkfind-8e65d48af1-1990260306.us-east-1.elb.amazonaws.com/restaurants?q=pizza&limit=12&sort=rating,71,0,0
1777595070066,85,03 - POST /restaurants/20/reviews,201,Created,Virtual Users [500 threads] 1-53,text,true,,570,572,27,27,http://k8s-forkfind-forkfind-8e65d48af1-1990260306.us-east-1.elb.amazonaws.com/restaurants/20/reviews,85,0,0
1777595064705,5485,01 - POST /auth/user/login,200,OK,Virtual Users [500 threads] 1-56,text,true,,406,363,26,26,http://k8s-forkfind-forkfind-8e65d48af1-1990260306.us-east-1.elb.amazonaws.com/auth/user/login,5485,0,70
1777595070192,72,02 - GET /restaurants (search),200,OK,Virtual Users [500 threads] 1-56,text,true,,790,436,26,26,http://k8s-forkfind-forkfind-8e65d48af1-1990260306.us-east-1.elb.amazonaws.com/restaurants?q=pizza&limit=12&sort=rating,72,0,0
1777595070265,80,03 - POST /restaurants/20/reviews,201,Created,Virtual Users [500 threads] 1-56,text,true,,570,572,27,27,http://k8s-forkfind-forkfind-8e65d48af1-1990260306.us-east-1.elb.amazonaws.com/restaurants/20/reviews,80,0,0
1777595067758,2855,01 - POST /auth/user/login,200,OK,Virtual Users [500 threads] 1-73,text,true,,406,363,27,27,http://k8s-forkfind-forkfind-8e65d48af1-1990260306.us-east-1.elb.amazonaws.com/auth/user/login,2855,0,67
1777595070614,101,02 - GET /restaurants (search),200,OK,Virtual Users [500 threads] 1-73,text,true,,790,436,28,28,http://k8s-forkfind-forkfind-8e65d48af1-1990260306.us-east-1.elb.amazonaws.com/restaurants?q=pizza&limit=12&sort=rating,101,0,0
1777595070715,98,03 - POST /restaurants/20/reviews,400,Bad Request,Virtual Users [500 threads] 1-73,text,false,,266,572,28,28,http://k8s-forkfind-forkfind-8e65d48af1-1990260306.us-east-1.elb.amazonaws.com/restaurants/20/reviews,98,0,0
1777595065060,5962,01 - POST /auth/user/login,200,OK,Virtual Users [500 threads] 1-58,text,true,,406,363,29,29,http://k8s-forkfind-forkfind-8e65d48af1-1990260306.us-east-1.elb.amazonaws.com/auth/user/login,5962,0,70
1777595071024,99,02 - GET /restaurants (search),200,OK,Virtual Users [500 threads] 1-58,text,true,,790,436,29,29,http://k8s-forkfind-forkfind-8e65d48af1-1990260306.us-east-1.elb.amazonaws.com/restaurants?q=pizza&limit=12&sort=rating,99,0,0
1777595065965,5158,01 - POST /auth/user/login,200,OK,Virtual Users [500 threads] 1-63,text,true,,406,363,29,29,http://k8s-forkfind-forkfind-8e65d48af1-1990260306.us-east-1.elb.amazonaws.com/auth/user/login,5157,0,67
1777595071124,99,02 - GET /restaurants (search),200,OK,Virtual Users [500 threads] 1-63,text,true,,790,436,30,30,http://k8s-forkfind-forkfind-8e65d48af1-1990260306.us-east-1.elb.amazonaws.com/restaurants?q=pizza&limit=12&sort=rating,99,0,0
1777595071124,126,03 - POST /restaurants/20/reviews,201,Created,Virtual Users [500 threads] 1-58,text,true,,570,572,30,30,http://k8s-forkfind-forkfind-8e65d48af1-1990260306.us-east-1.elb.amazonaws.com/restaurants/20/reviews,126,0,0
1777595071224,124,03 - POST /restaurants/20/reviews,201,Created,Virtual Users [500 threads] 1-63,text,true,,570,572,29,29,http://k8s-forkfind-forkfind-8e65d48af1-1990260306.us-east-1.elb.amazonaws.com/restaurants/20/reviews,123,0,0
1777595068118,3410,01 - POST /auth/user/login,200,OK,Virtual Users [500 threads] 1-75,text,true,,406,363,29,29,http://k8s-forkfind-forkfind-8e65d48af1-1990260306.us-east-1.elb.amazonaws.com/auth/user/login,3410,0,66
1777595071529,84,02 - GET /restaurants (search),200,OK,Virtual Users [500 threads] 1-75,text,true,,790,436,30,30,http://k8s-forkfind-forkfind-8e65d48af1-1990260306.us-east-1.elb.amazonaws.com/restaurants?q=pizza&limit=12&sort=rating,84,0,0
1777595071614,79,03 - POST /restaurants/20/reviews,400,Bad Request,Virtual Users [500 threads] 1-75,text,false,,266,572,30,30,http://k8s-forkfind-forkfind-8e65d48af1-1990260306.us-east-1.elb.amazonaws.com/restaurants/20/reviews,79,0,0
1777595064885,6841,01 - POST /auth/user/login,200,OK,Virtual Users [500 threads] 1-57,text,true,,406,363,30,30,http://k8s-forkfind-forkfind-8e65d48af1-1990260306.us-east-1.elb.amazonaws.com/auth/user/login,6841,0,68
1777595071727,105,02 - GET /restaurants (search),200,OK,Virtual Users [500 threads] 1-57,text,true,,790,436,30,30,http://k8s-forkfind-forkfind-8e65d48af1-1990260306.us-east-1.elb.amazonaws.com/restaurants?q=pizza&limit=12&sort=rating,105,0,0
1777595066680,5152,01 - POST /auth/user/login,200,OK,Virtual Users [500 threads] 1-67,text,true,,406,363,30,30,http://k8s-forkfind-forkfind-8e65d48af1-1990260306.us-east-1.elb.amazonaws.com/auth/user/login,5152,0,67
1777595071833,105,02 - GET /restaurants (search),200,OK,Virtual Users [500 threads] 1-67,text,true,,790,436,31,31,http://k8s-forkfind-forkfind-8e65d48af1-1990260306.us-east-1.elb.amazonaws.com/restaurants?q=pizza&limit=12&sort=rating,105,0,0
1777595071833,116,03 - POST /restaurants/20/reviews,201,Created,Virtual Users [500 threads] 1-57,text,true,,570,572,31,31,http://k8s-forkfind-forkfind-8e65d48af1-1990260306.us-east-1.elb.amazonaws.com/restaurants/20/reviews,115,0,0
1777595065783,6229,01 - POST /auth/user/login,200,OK,Virtual Users [500 threads] 1-62,text,true,,406,363,30,30,http://k8s-forkfind-forkfind-8e65d48af1-1990260306.us-east-1.elb.amazonaws.com/auth/user/login,6229,0,66
1777595071939,109,03 - POST /restaurants/20/reviews,201,Created,Virtual Users [500 threads] 1-67,text,true,,570,572,30,30,http://k8s-forkfind-forkfind-8e65d48af1-1990260306.us-east-1.elb.amazonaws.com/restaurants/20/reviews,109,0,0
1777595072014,83,02 - GET /restaurants (search),200,OK,Virtual Users [500 threads] 1-62,text,true,,790,436,30,30,http://k8s-forkfind-forkfind-8e65d48af1-1990260306.us-east-1.elb.amazonaws.com/restaurants?q=pizza&limit=12&sort=rating,83,0,0
1777595067940,4246,01 - POST /auth/user/login,200,OK,Virtual Users [500 threads] 1-74,text,true,,406,363,30,30,http://k8s-forkfind-forkfind-8e65d48af1-1990260306.us-east-1.elb.amazonaws.com/auth/user/login,4246,0,66
1777595072098,102,03 - POST /restaurants/20/reviews,201,Created,Virtual Users [500 threads] 1-62,text,true,,570,572,30,30,http://k8s-forkfind-forkfind-8e65d48af1-1990260306.us-east-1.elb.amazonaws.com/restaurants/20/reviews,102,0,0
1777595072188,91,02 - GET /restaurants (search),200,OK,Virtual Users [500 threads] 1-74,text,true,,790,436,30,30,http://k8s-forkfind-forkfind-8e65d48af1-1990260306.us-east-1.elb.amazonaws.com/restaurants?q=pizza&limit=12&sort=rating,91,0,0
1777595072280,78,03 - POST /restaurants/20/reviews,201,Created,Virtual Users [500 threads] 1-74,text,true,,570,572,30,30,http://k8s-forkfind-forkfind-8e65d48af1-1990260306.us-east-1.elb.amazonaws.com/restaurants/20/reviews,78,0,0
1777595067578,4943,01 - POST /auth/user/login,200,OK,Virtual Users [500 threads] 1-72,text,true,,406,363,30,30,http://k8s-forkfind-forkfind-8e65d48af1-1990260306.us-east-1.elb.amazonaws.com/auth/user/login,4943,0,67
1777595072522,86,02 - GET /restaurants (search),200,OK,Virtual Users [500 threads] 1-72,text,true,,790,436,30,30,http://k8s-forkfind-forkfind-8e65d48af1-1990260306.us-east-1.elb.amazonaws.com/restaurants?q=pizza&limit=12&sort=rating,86,0,0
1777595072610,78,03 - POST /restaurants/20/reviews,400,Bad Request,Virtual Users [500 threads] 1-72,text,false,,266,572,31,31,http://k8s-forkfind-forkfind-8e65d48af1-1990260306.us-east-1.elb.amazonaws.com/restaurants/20/reviews,78,0,0
1777595067218,5793,01 - POST /auth/user/login,200,OK,Virtual Users [500 threads] 1-70,text,true,,406,363,32,32,http://k8s-forkfind-forkfind-8e65d48af1-1990260306.us-east-1.elb.amazonaws.com/auth/user/login,5793,0,68
1777595073012,82,02 - GET /restaurants (search),200,OK,Virtual Users [500 threads] 1-70,text,true,,790,436,32,32,http://k8s-forkfind-forkfind-8e65d48af1-1990260306.us-east-1.elb.amazonaws.com/restaurants?q=pizza&limit=12&sort=rating,82,0,0
1777595073095,70,03 - POST /restaurants/20/reviews,400,Bad Request,Virtual Users [500 threads] 1-70,text,false,,266,572,33,33,http://k8s-forkfind-forkfind-8e65d48af1-1990260306.us-east-1.elb.amazonaws.com/restaurants/20/reviews,70,0,0
1777595066500,6683,01 - POST /auth/user/login,200,OK,Virtual Users [500 threads] 1-66,text,true,,406,363,32,32,http://k8s-forkfind-forkfind-8e65d48af1-1990260306.us-east-1.elb.amazonaws.com/auth/user/login,6683,0,66
1777595073183,71,02 - GET /restaurants (search),200,OK,Virtual Users [500 threads] 1-66,text,true,,790,436,32,32,http://k8s-forkfind-forkfind-8e65d48af1-1990260306.us-east-1.elb.amazonaws.com/restaurants?q=pizza&limit=12&sort=rating,71,0,0
1777595066318,7004,01 - POST /auth/user/login,200,OK,Virtual Users [500 threads] 1-65,text,true,,406,363,32,32,http://k8s-forkfind-forkfind-8e65d48af1-1990260306.us-east-1.elb.amazonaws.com/auth/user/login,7004,0,66
1777595073255,89,03 - POST /restaurants/20/reviews,201,Created,Virtual Users [500 threads] 1-66,text,true,,570,572,33,33,http://k8s-forkfind-forkfind-8e65d48af1-1990260306.us-east-1.elb.amazonaws.com/restaurants/20/reviews,89,0,0
1777595073323,93,02 - GET /restaurants (search),200,OK,Virtual Users [500 threads] 1-65,text,true,,790,436,32,32,http://k8s-forkfind-forkfind-8e65d48af1-1990260306.us-east-1.elb.amazonaws.com/restaurants?q=pizza&limit=12&sort=rating,92,0,0
1777595068840,4576,01 - POST /auth/user/login,200,OK,Virtual Users [500 threads] 1-79,text,true,,406,363,32,32,http://k8s-forkfind-forkfind-8e65d48af1-1990260306.us-east-1.elb.amazonaws.com/auth/user/login,4575,0,66
1777595073417,96,02 - GET /restaurants (search),200,OK,Virtual Users [500 threads] 1-79,text,true,,790,436,32,32,http://k8s-forkfind-forkfind-8e65d48af1-1990260306.us-east-1.elb.amazonaws.com/restaurants?q=pizza&limit=12&sort=rating,96,0,0
1777595073416,130,03 - POST /restaurants/20/reviews,201,Created,Virtual Users [500 threads] 1-65,text,true,,570,572,33,33,http://k8s-forkfind-forkfind-8e65d48af1-1990260306.us-east-1.elb.amazonaws.com/restaurants/20/reviews,130,0,0
1777595073514,131,03 - POST /restaurants/20/reviews,201,Created,Virtual Users [500 threads] 1-79,text,true,,570,572,32,32,http://k8s-forkfind-forkfind-8e65d48af1-1990260306.us-east-1.elb.amazonaws.com/restaurants/20/reviews,131,0,0
1777595068659,5050,01 - POST /auth/user/login,200,OK,Virtual Users [500 threads] 1-78,text,true,,406,363,32,32,http://k8s-forkfind-forkfind-8e65d48af1-1990260306.us-east-1.elb.amazonaws.com/auth/user/login,5050,0,65
1777595073710,110,02 - GET /restaurants (search),200,OK,Virtual Users [500 threads] 1-78,text,true,,790,436,32,32,http://k8s-forkfind-forkfind-8e65d48af1-1990260306.us-east-1.elb.amazonaws.com/restaurants?q=pizza&limit=12&sort=rating,110,0,0
1777595073821,83,03 - POST /restaurants/20/reviews,400,Bad Request,Virtual Users [500 threads] 1-78,text,false,,266,572,33,33,http://k8s-forkfind-forkfind-8e65d48af1-1990260306.us-east-1.elb.amazonaws.com/restaurants/20/reviews,83,0,0
1777595066858,7167,01 - POST /auth/user/login,200,OK,Virtual Users [500 threads] 1-68,text,true,,406,363,32,32,http://k8s-forkfind-forkfind-8e65d48af1-1990260306.us-east-1.elb.amazonaws.com/auth/user/login,7167,0,66
1777595069922,4176,01 - POST /auth/user/login,200,OK,Virtual Users [500 threads] 1-85,text,true,,406,363,33,33,http://k8s-forkfind-forkfind-8e65d48af1-1990260306.us-east-1.elb.amazonaws.com/auth/user/login,4176,0,67
1777595074027,93,02 - GET /restaurants (search),200,OK,Virtual Users [500 threads] 1-68,text,true,,790,436,33,33,http://k8s-forkfind-forkfind-8e65d48af1-1990260306.us-east-1.elb.amazonaws.com/restaurants?q=pizza&limit=12&sort=rating,93,0,0
1777595069020,5189,01 - POST /auth/user/login,200,OK,Virtual Users [500 threads] 1-80,text,true,,406,363,33,33,http://k8s-forkfind-forkfind-8e65d48af1-1990260306.us-east-1.elb.amazonaws.com/auth/user/login,5189,0,65
1777595074099,135,02 - GET /restaurants (search),200,OK,Virtual Users [500 threads] 1-85,text,true,,790,436,33,33,http://k8s-forkfind-forkfind-8e65d48af1-1990260306.us-east-1.elb.amazonaws.com/restaurants?q=pizza&limit=12&sort=rating,135,0,0
1777595074122,129,03 - POST /restaurants/20/reviews,201,Created,Virtual Users [500 threads] 1-68,text,true,,570,572,34,34,http://k8s-forkfind-forkfind-8e65d48af1-1990260306.us-east-1.elb.amazonaws.com/restaurants/20/reviews,129,0,0
1777595074211,101,02 - GET /restaurants (search),200,OK,Virtual Users [500 threads] 1-80,text,true,,790,436,33,33,http://k8s-forkfind-forkfind-8e65d48af1-1990260306.us-east-1.elb.amazonaws.com/restaurants?q=pizza&limit=12&sort=rating,100,0,0
1777595069558,4766,01 - POST /auth/user/login,200,OK,Virtual Users [500 threads] 1-83,text,true,,406,363,33,33,http://k8s-forkfind-forkfind-8e65d48af1-1990260306.us-east-1.elb.amazonaws.com/auth/user/login,4766,0,67
1777595074234,121,03 - POST /restaurants/20/reviews,201,Created,Virtual Users [500 threads] 1-85,text,true,,570,572,33,33,http://k8s-forkfind-forkfind-8e65d48af1-1990260306.us-east-1.elb.amazonaws.com/restaurants/20/reviews,121,0,0
1777595074312,99,03 - POST /restaurants/20/reviews,201,Created,Virtual Users [500 threads] 1-80,text,true,,570,572,32,32,http://k8s-forkfind-forkfind-8e65d48af1-1990260306.us-east-1.elb.amazonaws.com/restaurants/20/reviews,99,0,0
1777595074326,90,02 - GET /restaurants (search),200,OK,Virtual Users [500 threads] 1-83,text,true,,790,436,31,31,http://k8s-forkfind-forkfind-8e65d48af1-1990260306.us-east-1.elb.amazonaws.com/restaurants?q=pizza&limit=12&sort=rating,90,0,0
1777595067398,7089,01 - POST /auth/user/login,200,OK,Virtual Users [500 threads] 1-71,text,true,,406,363,32,32,http://k8s-forkfind-forkfind-8e65d48af1-1990260306.us-east-1.elb.amazonaws.com/auth/user/login,7089,0,77
1777595074417,129,03 - POST /restaurants/20/reviews,201,Created,Virtual Users [500 threads] 1-83,text,true,,569,572,32,32,http://k8s-forkfind-forkfind-8e65d48af1-1990260306.us-east-1.elb.amazonaws.com/restaurants/20/reviews,129,0,0
1777595074489,135,02 - GET /restaurants (search),200,OK,Virtual Users [500 threads] 1-71,text,true,,790,436,32,32,http://k8s-forkfind-forkfind-8e65d48af1-1990260306.us-east-1.elb.amazonaws.com/restaurants?q=pizza&limit=12&sort=rating,135,0,0
1777595074625,94,03 - POST /restaurants/20/reviews,400,Bad Request,Virtual Users [500 threads] 1-71,text,false,,266,572,32,32,http://k8s-forkfind-forkfind-8e65d48af1-1990260306.us-east-1.elb.amazonaws.com/restaurants/20/reviews,94,0,0
1777595070097,4924,01 - POST /auth/user/login,200,OK,Virtual Users [500 threads] 1-86,text,true,,406,363,33,33,http://k8s-forkfind-forkfind-8e65d48af1-1990260306.us-east-1.elb.amazonaws.com/auth/user/login,4924,0,66
1777595075023,106,02 - GET /restaurants (search),200,OK,Virtual Users [500 threads] 1-86,text,true,,790,436,33,33,http://k8s-forkfind-forkfind-8e65d48af1-1990260306.us-east-1.elb.amazonaws.com/restaurants?q=pizza&limit=12&sort=rating,105,0,0
1777595068478,6736,01 - POST /auth/user/login,200,OK,Virtual Users [500 threads] 1-77,text,true,,406,363,34,34,http://k8s-forkfind-forkfind-8e65d48af1-1990260306.us-east-1.elb.amazonaws.com/auth/user/login,6736,0,67
1777595075129,101,03 - POST /restaurants/20/reviews,201,Created,Virtual Users [500 threads] 1-86,text,true,,570,572,34,34,http://k8s-forkfind-forkfind-8e65d48af1-1990260306.us-east-1.elb.amazonaws.com/restaurants/20/reviews,101,0,0
1777595075216,110,02 - GET /restaurants (search),200,OK,Virtual Users [500 threads] 1-77,text,true,,790,436,34,34,http://k8s-forkfind-forkfind-8e65d48af1-1990260306.us-east-1.elb.amazonaws.com/restaurants?q=pizza&limit=12&sort=rating,110,0,0
1777595075327,83,03 - POST /restaurants/20/reviews,400,Bad Request,Virtual Users [500 threads] 1-77,text,false,,266,572,34,34,http://k8s-forkfind-forkfind-8e65d48af1-1990260306.us-east-1.elb.amazonaws.com/restaurants/20/reviews,83,0,0
1777595069377,6138,01 - POST /auth/user/login,200,OK,Virtual Users [500 threads] 1-82,text,true,,406,363,34,34,http://k8s-forkfind-forkfind-8e65d48af1-1990260306.us-east-1.elb.amazonaws.com/auth/user/login,6138,0,68
1777595075518,74,02 - GET /restaurants (search),200,OK,Virtual Users [500 threads] 1-82,text,true,,790,436,34,34,http://k8s-forkfind-forkfind-8e65d48af1-1990260306.us-east-1.elb.amazonaws.com/restaurants?q=pizza&limit=12&sort=rating,74,0,0
1777595070637,4980,01 - POST /auth/user/login,200,OK,Virtual Users [500 threads] 1-89,text,true,,406,363,34,34,http://k8s-forkfind-forkfind-8e65d48af1-1990260306.us-east-1.elb.amazonaws.com/auth/user/login,4980,0,77
1777595075593,81,03 - POST /restaurants/20/reviews,201,Created,Virtual Users [500 threads] 1-82,text,true,,570,572,35,35,http://k8s-forkfind-forkfind-8e65d48af1-1990260306.us-east-1.elb.amazonaws.com/restaurants/20/reviews,81,0,0
1777595072439,3249,01 - POST /auth/user/login,200,OK,Virtual Users [500 threads] 1-99,text,true,,406,363,34,34,http://k8s-forkfind-forkfind-8e65d48af1-1990260306.us-east-1.elb.amazonaws.com/auth/user/login,3249,0,65
1777595075619,77,02 - GET /restaurants (search),200,OK,Virtual Users [500 threads] 1-89,text,true,,790,436,34,34,http://k8s-forkfind-forkfind-8e65d48af1-1990260306.us-east-1.elb.amazonaws.com/restaurants?q=pizza&limit=12&sort=rating,77,0,0
1777595075691,74,02 - GET /restaurants (search),200,OK,Virtual Users [500 threads] 1-99,text,true,,790,436,34,34,http://k8s-forkfind-forkfind-8e65d48af1-1990260306.us-east-1.elb.amazonaws.com/restaurants?q=pizza&limit=12&sort=rating,74,0,0
1777595075697,76,03 - POST /restaurants/20/reviews,201,Created,Virtual Users [500 threads] 1-89,text,true,,569,572,34,34,http://k8s-forkfind-forkfind-8e65d48af1-1990260306.us-east-1.elb.amazonaws.com/restaurants/20/reviews,76,0,0
1777595075766,75,03 - POST /restaurants/20/reviews,201,Created,Virtual Users [500 threads] 1-99,text,true,,570,572,33,33,http://k8s-forkfind-forkfind-8e65d48af1-1990260306.us-east-1.elb.amazonaws.com/restaurants/20/reviews,75,0,0
1777595074600,1611,01 - POST /auth/user/login,200,OK,Virtual Users [500 threads] 1-111,text,true,,406,363,35,35,http://k8s-forkfind-forkfind-8e65d48af1-1990260306.us-east-1.elb.amazonaws.com/auth/user/login,1611,0,65
1777595069741,6560,01 - POST /auth/user/login,200,OK,Virtual Users [500 threads] 1-84,text,true,,406,363,35,35,http://k8s-forkfind-forkfind-8e65d48af1-1990260306.us-east-1.elb.amazonaws.com/auth/user/login,6560,0,68
1777595076213,97,02 - GET /restaurants (search),200,OK,Virtual Users [500 threads] 1-111,text,true,,790,436,35,35,http://k8s-forkfind-forkfind-8e65d48af1-1990260306.us-east-1.elb.amazonaws.com/restaurants?q=pizza&limit=12&sort=rating,97,0,0
1777595076304,73,02 - GET /restaurants (search),200,OK,Virtual Users [500 threads] 1-84,text,true,,790,436,35,35,http://k8s-forkfind-forkfind-8e65d48af1-1990260306.us-east-1.elb.amazonaws.com/restaurants?q=pizza&limit=12&sort=rating,72,0,0
1777595076311,86,03 - POST /restaurants/20/reviews,201,Created,Virtual Users [500 threads] 1-111,text,true,,570,573,36,36,http://k8s-forkfind-forkfind-8e65d48af1-1990260306.us-east-1.elb.amazonaws.com/restaurants/20/reviews,86,0,0
1777595076379,81,03 - POST /restaurants/20/reviews,201,Created,Virtual Users [500 threads] 1-84,text,true,,570,572,35,35,http://k8s-forkfind-forkfind-8e65d48af1-1990260306.us-east-1.elb.amazonaws.com/restaurants/20/reviews,81,0,0
1777595068297,8812,01 - POST /auth/user/login,200,OK,Virtual Users [500 threads] 1-76,text,true,,406,363,37,37,http://k8s-forkfind-forkfind-8e65d48af1-1990260306.us-east-1.elb.amazonaws.com/auth/user/login,8812,0,68
1777595070994,6127,01 - POST /auth/user/login,200,OK,Virtual Users [500 threads] 1-91,text,true,,406,363,38,38,http://k8s-forkfind-forkfind-8e65d48af1-1990260306.us-east-1.elb.amazonaws.com/auth/user/login,6127,0,70
1777595077111,87,02 - GET /restaurants (search),200,OK,Virtual Users [500 threads] 1-76,text,true,,790,436,38,38,http://k8s-forkfind-forkfind-8e65d48af1-1990260306.us-east-1.elb.amazonaws.com/restaurants?q=pizza&limit=12&sort=rating,87,0,0
1777595077123,102,02 - GET /restaurants (search),200,OK,Virtual Users [500 threads] 1-91,text,true,,790,436,38,38,http://k8s-forkfind-forkfind-8e65d48af1-1990260306.us-east-1.elb.amazonaws.com/restaurants?q=pizza&limit=12&sort=rating,102,0,0
1777595077199,70,03 - POST /restaurants/20/reviews,400,Bad Request,Virtual Users [500 threads] 1-76,text,false,,266,572,38,38,http://k8s-forkfind-forkfind-8e65d48af1-1990260306.us-east-1.elb.amazonaws.com/restaurants/20/reviews,70,0,0
1777595077226,121,03 - POST /restaurants/20/reviews,201,Created,Virtual Users [500 threads] 1-91,text,true,,570,572,38,38,http://k8s-forkfind-forkfind-8e65d48af1-1990260306.us-east-1.elb.amazonaws.com/restaurants/20/reviews,121,0,0
1777595070279,7564,01 - POST /auth/user/login,200,OK,Virtual Users [500 threads] 1-87,text,true,,406,363,40,40,http://k8s-forkfind-forkfind-8e65d48af1-1990260306.us-east-1.elb.amazonaws.com/auth/user/login,7564,0,65
1777595077845,87,02 - GET /restaurants (search),200,OK,Virtual Users [500 threads] 1-87,text,true,,790,436,40,40,http://k8s-forkfind-forkfind-8e65d48af1-1990260306.us-east-1.elb.amazonaws.com/restaurants?q=pizza&limit=12&sort=rating,87,0,0
1777595077932,118,03 - POST /restaurants/20/reviews,201,Created,Virtual Users [500 threads] 1-87,text,true,,570,572,41,41,http://k8s-forkfind-forkfind-8e65d48af1-1990260306.us-east-1.elb.amazonaws.com/restaurants/20/reviews,118,0,0
1777595070817,7303,01 - POST /auth/user/login,200,OK,Virtual Users [500 threads] 1-90,text,true,,406,363,40,40,http://k8s-forkfind-forkfind-8e65d48af1-1990260306.us-east-1.elb.amazonaws.com/auth/user/login,7303,0,68
1777595078123,89,02 - GET /restaurants (search),200,OK,Virtual Users [500 threads] 1-90,text,true,,790,436,41,41,http://k8s-forkfind-forkfind-8e65d48af1-1990260306.us-east-1.elb.amazonaws.com/restaurants?q=pizza&limit=12&sort=rating,89,0,0
1777595078213,136,03 - POST /restaurants/20/reviews,201,Created,Virtual Users [500 threads] 1-90,text,true,,570,572,41,41,http://k8s-forkfind-forkfind-8e65d48af1-1990260306.us-east-1.elb.amazonaws.com/restaurants/20/reviews,136,0,0
1777595070459,8068,01 - POST /auth/user/login,200,OK,Virtual Users [500 threads] 1-88,text,true,,406,363,41,41,http://k8s-forkfind-forkfind-8e65d48af1-1990260306.us-east-1.elb.amazonaws.com/auth/user/login,8068,0,67
1777595071180,7407,01 - POST /auth/user/login,200,OK,Virtual Users [500 threads] 1-92,text,true,,406,363,42,42,http://k8s-forkfind-forkfind-8e65d48af1-1990260306.us-east-1.elb.amazonaws.com/auth/user/login,7407,0,70
1777595078529,77,02 - GET /restaurants (search),200,OK,Virtual Users [500 threads] 1-88,text,true,,790,436,42,42,http://k8s-forkfind-forkfind-8e65d48af1-1990260306.us-east-1.elb.amazonaws.com/restaurants?q=pizza&limit=12&sort=rating,77,0,0
1777595069196,9424,01 - POST /auth/user/login,200,OK,Virtual Users [500 threads] 1-81,text,true,,406,363,42,42,http://k8s-forkfind-forkfind-8e65d48af1-1990260306.us-east-1.elb.amazonaws.com/auth/user/login,9424,0,66
1777595078590,85,02 - GET /restaurants (search),200,OK,Virtual Users [500 threads] 1-92,text,true,,790,436,42,42,http://k8s-forkfind-forkfind-8e65d48af1-1990260306.us-east-1.elb.amazonaws.com/restaurants?q=pizza&limit=12&sort=rating,85,0,0
1777595078622,80,02 - GET /restaurants (search),200,OK,Virtual Users [500 threads] 1-81,text,true,,790,436,42,42,http://k8s-forkfind-forkfind-8e65d48af1-1990260306.us-east-1.elb.amazonaws.com/restaurants?q=pizza&limit=12&sort=rating,80,0,0
1777595078607,163,03 - POST /restaurants/20/reviews,201,Created,Virtual Users [500 threads] 1-88,text,true,,570,572,43,43,http://k8s-forkfind-forkfind-8e65d48af1-1990260306.us-east-1.elb.amazonaws.com/restaurants/20/reviews,163,0,0
1777595078675,183,03 - POST /restaurants/20/reviews,201,Created,Virtual Users [500 threads] 1-92,text,true,,570,572,42,42,http://k8s-forkfind-forkfind-8e65d48af1-1990260306.us-east-1.elb.amazonaws.com/restaurants/20/reviews,183,0,0
1777595078703,155,03 - POST /restaurants/20/reviews,201,Created,Virtual Users [500 threads] 1-81,text,true,,570,572,42,42,http://k8s-forkfind-forkfind-8e65d48af1-1990260306.us-east-1.elb.amazonaws.com/restaurants/20/reviews,155,0,0
1777595071359,7616,01 - POST /auth/user/login,200,OK,Virtual Users [500 threads] 1-93,text,true,,406,363,41,41,http://k8s-forkfind-forkfind-8e65d48af1-1990260306.us-east-1.elb.amazonaws.com/auth/user/login,7616,0,65
1777595072073,6947,01 - POST /auth/user/login,200,OK,Virtual Users [500 threads] 1-97,text,true,,406,363,41,41,http://k8s-forkfind-forkfind-8e65d48af1-1990260306.us-east-1.elb.amazonaws.com/auth/user/login,6947,0,66
1777595071717,7309,01 - POST /auth/user/login,200,OK,Virtual Users [500 threads] 1-95,text,true,,406,363,41,41,http://k8s-forkfind-forkfind-8e65d48af1-1990260306.us-east-1.elb.amazonaws.com/auth/user/login,7309,0,67
1777595078977,74,02 - GET /restaurants (search),200,OK,Virtual Users [500 threads] 1-93,text,true,,790,436,41,41,http://k8s-forkfind-forkfind-8e65d48af1-1990260306.us-east-1.elb.amazonaws.com/restaurants?q=pizza&limit=12&sort=rating,74,0,0
1777595079028,104,02 - GET /restaurants (search),200,OK,Virtual Users [500 threads] 1-95,text,true,,790,436,42,42,http://k8s-forkfind-forkfind-8e65d48af1-1990260306.us-east-1.elb.amazonaws.com/restaurants?q=pizza&limit=12&sort=rating,104,0,0
1777595079022,110,02 - GET /restaurants (search),200,OK,Virtual Users [500 threads] 1-97,text,true,,790,436,42,42,http://k8s-forkfind-forkfind-8e65d48af1-1990260306.us-east-1.elb.amazonaws.com/restaurants?q=pizza&limit=12&sort=rating,110,0,0
1777595079051,96,03 - POST /restaurants/20/reviews,201,Created,Virtual Users [500 threads] 1-93,text,true,,570,572,42,42,http://k8s-forkfind-forkfind-8e65d48af1-1990260306.us-east-1.elb.amazonaws.com/restaurants/20/reviews,96,0,0
1777595079133,115,03 - POST /restaurants/20/reviews,201,Created,Virtual Users [500 threads] 1-95,text,true,,570,572,41,41,http://k8s-forkfind-forkfind-8e65d48af1-1990260306.us-east-1.elb.amazonaws.com/restaurants/20/reviews,115,0,0
1777595079133,115,03 - POST /restaurants/20/reviews,201,Created,Virtual Users [500 threads] 1-97,text,true,,570,572,41,41,http://k8s-forkfind-forkfind-8e65d48af1-1990260306.us-east-1.elb.amazonaws.com/restaurants/20/reviews,115,0,0
1777595072618,6704,01 - POST /auth/user/login,200,OK,Virtual Users [500 threads] 1-100,text,true,,406,363,40,40,http://k8s-forkfind-forkfind-8e65d48af1-1990260306.us-east-1.elb.amazonaws.com/auth/user/login,6704,0,65
1777595079325,90,02 - GET /restaurants (search),200,OK,Virtual Users [500 threads] 1-100,text,true,,790,436,40,40,http://k8s-forkfind-forkfind-8e65d48af1-1990260306.us-east-1.elb.amazonaws.com/restaurants?q=pizza&limit=12&sort=rating,90,0,0
1777595079416,129,03 - POST /restaurants/20/reviews,201,Created,Virtual Users [500 threads] 1-100,text,true,,571,573,41,41,http://k8s-forkfind-forkfind-8e65d48af1-1990260306.us-east-1.elb.amazonaws.com/restaurants/20/reviews,129,0,0
1777595074953,4664,01 - POST /auth/user/login,200,OK,Virtual Users [500 threads] 1-113,text,true,,406,363,40,40,http://k8s-forkfind-forkfind-8e65d48af1-1990260306.us-east-1.elb.amazonaws.com/auth/user/login,4664,0,73
1777595079618,77,02 - GET /restaurants (search),200,OK,Virtual Users [500 threads] 1-113,text,true,,790,436,41,41,http://k8s-forkfind-forkfind-8e65d48af1-1990260306.us-east-1.elb.amazonaws.com/restaurants?q=pizza&limit=12&sort=rating,77,0,0
1777595079695,111,03 - POST /restaurants/20/reviews,201,Created,Virtual Users [500 threads] 1-113,text,true,,572,573,41,41,http://k8s-forkfind-forkfind-8e65d48af1-1990260306.us-east-1.elb.amazonaws.com/restaurants/20/reviews,111,0,0
1777595074773,5153,01 - POST /auth/user/login,200,OK,Virtual Users [500 threads] 1-112,text,true,,406,363,41,41,http://k8s-forkfind-forkfind-8e65d48af1-1990260306.us-east-1.elb.amazonaws.com/auth/user/login,5153,0,66
1777595079927,75,02 - GET /restaurants (search),200,OK,Virtual Users [500 threads] 1-112,text,true,,790,436,42,42,http://k8s-forkfind-forkfind-8e65d48af1-1990260306.us-east-1.elb.amazonaws.com/restaurants?q=pizza&limit=12&sort=rating,75,0,0
1777595080002,101,03 - POST /restaurants/20/reviews,201,Created,Virtual Users [500 threads] 1-112,text,true,,572,573,42,42,http://k8s-forkfind-forkfind-8e65d48af1-1990260306.us-east-1.elb.amazonaws.com/restaurants/20/reviews,100,0,0
1777595071535,8881,01 - POST /auth/user/login,200,OK,Virtual Users [500 threads] 1-94,text,true,,406,363,43,43,http://k8s-forkfind-forkfind-8e65d48af1-1990260306.us-east-1.elb.amazonaws.com/auth/user/login,8881,0,66
1777595080417,89,02 - GET /restaurants (search),200,OK,Virtual Users [500 threads] 1-94,text,true,,790,436,43,43,http://k8s-forkfind-forkfind-8e65d48af1-1990260306.us-east-1.elb.amazonaws.com/restaurants?q=pizza&limit=12&sort=rating,89,0,0
1777595073517,6989,01 - POST /auth/user/login,200,OK,Virtual Users [500 threads] 1-105,text,true,,406,363,43,43,http://k8s-forkfind-forkfind-8e65d48af1-1990260306.us-east-1.elb.amazonaws.com/auth/user/login,6989,0,72
1777595080507,79,02 - GET /restaurants (search),200,OK,Virtual Users [500 threads] 1-105,text,true,,790,436,44,44,http://k8s-forkfind-forkfind-8e65d48af1-1990260306.us-east-1.elb.amazonaws.com/restaurants?q=pizza&limit=12&sort=rating,79,0,0
1777595075130,5457,01 - POST /auth/user/login,200,OK,Virtual Users [500 threads] 1-114,text,true,,406,363,44,44,http://k8s-forkfind-forkfind-8e65d48af1-1990260306.us-east-1.elb.amazonaws.com/auth/user/login,5457,0,65
1777595080507,90,03 - POST /restaurants/20/reviews,201,Created,Virtual Users [500 threads] 1-94,text,true,,571,572,44,44,http://k8s-forkfind-forkfind-8e65d48af1-1990260306.us-east-1.elb.amazonaws.com/restaurants/20/reviews,90,0,0
1777595080587,77,02 - GET /restaurants (search),200,OK,Virtual Users [500 threads] 1-114,text,true,,790,436,43,43,http://k8s-forkfind-forkfind-8e65d48af1-1990260306.us-east-1.elb.amazonaws.com/restaurants?q=pizza&limit=12&sort=rating,77,0,0
1777595080587,116,03 - POST /restaurants/20/reviews,201,Created,Virtual Users [500 threads] 1-105,text,true,,572,573,43,43,http://k8s-forkfind-forkfind-8e65d48af1-1990260306.us-east-1.elb.amazonaws.com/restaurants/20/reviews,116,0,0
1777595080664,82,03 - POST /restaurants/20/reviews,201,Created,Virtual Users [500 threads] 1-114,text,true,,572,573,43,43,http://k8s-forkfind-forkfind-8e65d48af1-1990260306.us-east-1.elb.amazonaws.com/restaurants/20/reviews,82,0,0
1777595071899,8884,01 - POST /auth/user/login,200,OK,Virtual Users [500 threads] 1-96,text,true,,406,363,42,42,http://k8s-forkfind-forkfind-8e65d48af1-1990260306.us-east-1.elb.amazonaws.com/auth/user/login,8884,0,68
1777595080785,71,02 - GET /restaurants (search),200,OK,Virtual Users [500 threads] 1-96,text,true,,790,436,42,42,http://k8s-forkfind-forkfind-8e65d48af1-1990260306.us-east-1.elb.amazonaws.com/restaurants?q=pizza&limit=12&sort=rating,71,0,0
1777595080857,95,03 - POST /restaurants/20/reviews,201,Created,Virtual Users [500 threads] 1-96,text,true,,571,572,43,43,http://k8s-forkfind-forkfind-8e65d48af1-1990260306.us-east-1.elb.amazonaws.com/restaurants/20/reviews,95,0,0
1777595073158,7847,01 - POST /auth/user/login,200,OK,Virtual Users [500 threads] 1-103,text,true,,406,363,42,42,http://k8s-forkfind-forkfind-8e65d48af1-1990260306.us-east-1.elb.amazonaws.com/auth/user/login,7847,0,65
1777595081007,85,02 - GET /restaurants (search),200,OK,Virtual Users [500 threads] 1-103,text,true,,790,436,43,43,http://k8s-forkfind-forkfind-8e65d48af1-1990260306.us-east-1.elb.amazonaws.com/restaurants?q=pizza&limit=12&sort=rating,85,0,0
1777595081093,77,03 - POST /restaurants/20/reviews,201,Created,Virtual Users [500 threads] 1-103,text,true,,572,573,43,43,http://k8s-forkfind-forkfind-8e65d48af1-1990260306.us-east-1.elb.amazonaws.com/restaurants/20/reviews,77,0,0
1777595074418,6874,01 - POST /auth/user/login,200,OK,Virtual Users [500 threads] 1-110,text,true,,406,363,43,43,http://k8s-forkfind-forkfind-8e65d48af1-1990260306.us-east-1.elb.amazonaws.com/auth/user/login,6874,0,65
1777595081294,71,02 - GET /restaurants (search),200,OK,Virtual Users [500 threads] 1-110,text,true,,790,436,43,43,http://k8s-forkfind-forkfind-8e65d48af1-1990260306.us-east-1.elb.amazonaws.com/restaurants?q=pizza&limit=12&sort=rating,71,0,0
1777595081367,78,03 - POST /restaurants/20/reviews,201,Created,Virtual Users [500 threads] 1-110,text,true,,572,573,44,44,http://k8s-forkfind-forkfind-8e65d48af1-1990260306.us-east-1.elb.amazonaws.com/restaurants/20/reviews,78,0,0
1777595073338,8354,01 - POST /auth/user/login,200,OK,Virtual Users [500 threads] 1-104,text,true,,406,363,44,44,http://k8s-forkfind-forkfind-8e65d48af1-1990260306.us-east-1.elb.amazonaws.com/auth/user/login,8354,0,65
1777595072803,8889,01 - POST /auth/user/login,200,OK,Virtual Users [500 threads] 1-101,text,true,,406,363,44,44,http://k8s-forkfind-forkfind-8e65d48af1-1990260306.us-east-1.elb.amazonaws.com/auth/user/login,8889,0,67
1777595081693,77,02 - GET /restaurants (search),200,OK,Virtual Users [500 threads] 1-104,text,true,,790,436,44,44,http://k8s-forkfind-forkfind-8e65d48af1-1990260306.us-east-1.elb.amazonaws.com/restaurants?q=pizza&limit=12&sort=rating,77,0,0
1777595081693,77,02 - GET /restaurants (search),200,OK,Virtual Users [500 threads] 1-101,text,true,,790,436,44,44,http://k8s-forkfind-forkfind-8e65d48af1-1990260306.us-east-1.elb.amazonaws.com/restaurants?q=pizza&limit=12&sort=rating,77,0,0
1777595081771,101,03 - POST /restaurants/20/reviews,201,Created,Virtual Users [500 threads] 1-101,text,true,,572,573,45,45,http://k8s-forkfind-forkfind-8e65d48af1-1990260306.us-east-1.elb.amazonaws.com/restaurants/20/reviews,101,0,0
1777595081771,101,03 - POST /restaurants/20/reviews,201,Created,Virtual Users [500 threads] 1-104,text,true,,572,573,45,45,http://k8s-forkfind-forkfind-8e65d48af1-1990260306.us-east-1.elb.amazonaws.com/restaurants/20/reviews,101,0,0
1777595072257,9655,01 - POST /auth/user/login,200,OK,Virtual Users [500 threads] 1-98,text,true,,406,363,43,43,http://k8s-forkfind-forkfind-8e65d48af1-1990260306.us-east-1.elb.amazonaws.com/auth/user/login,9655,0,76
1777595081913,81,02 - GET /restaurants (search),200,OK,Virtual Users [500 threads] 1-98,text,true,,790,436,44,44,http://k8s-forkfind-forkfind-8e65d48af1-1990260306.us-east-1.elb.amazonaws.com/restaurants?q=pizza&limit=12&sort=rating,81,0,0
1777595081995,152,03 - POST /restaurants/20/reviews,201,Created,Virtual Users [500 threads] 1-98,text,true,,571,572,45,45,http://k8s-forkfind-forkfind-8e65d48af1-1990260306.us-east-1.elb.amazonaws.com/restaurants/20/reviews,152,0,0
1777595076213,6209,01 - POST /auth/user/login,200,OK,Virtual Users [500 threads] 1-120,text,true,,406,363,45,45,http://k8s-forkfind-forkfind-8e65d48af1-1990260306.us-east-1.elb.amazonaws.com/auth/user/login,6209,0,66
1777595082422,91,02 - GET /restaurants (search),200,OK,Virtual Users [500 threads] 1-120,text,true,,790,436,46,46,http://k8s-forkfind-forkfind-8e65d48af1-1990260306.us-east-1.elb.amazonaws.com/restaurants?q=pizza&limit=12&sort=rating,91,0,0
1777595082513,133,03 - POST /restaurants/20/reviews,201,Created,Virtual Users [500 threads] 1-120,text,true,,572,573,46,46,http://k8s-forkfind-forkfind-8e65d48af1-1990260306.us-east-1.elb.amazonaws.com/restaurants/20/reviews,133,0,0
1777595074060,8740,01 - POST /auth/user/login,200,OK,Virtual Users [500 threads] 1-108,text,true,,406,363,46,46,http://k8s-forkfind-forkfind-8e65d48af1-1990260306.us-east-1.elb.amazonaws.com/auth/user/login,8740,0,74
1777595082802,72,02 - GET /restaurants (search),200,OK,Virtual Users [500 threads] 1-108,text,true,,790,436,47,47,http://k8s-forkfind-forkfind-8e65d48af1-1990260306.us-east-1.elb.amazonaws.com/restaurants?q=pizza&limit=12&sort=rating,72,0,0
1777595082875,76,03 - POST /restaurants/20/reviews,201,Created,Virtual Users [500 threads] 1-108,text,true,,572,573,47,47,http://k8s-forkfind-forkfind-8e65d48af1-1990260306.us-east-1.elb.amazonaws.com/restaurants/20/reviews,75,0,0
1777595075852,7619,01 - POST /auth/user/login,200,OK,Virtual Users [500 threads] 1-118,text,true,,406,363,49,49,http://k8s-forkfind-forkfind-8e65d48af1-1990260306.us-east-1.elb.amazonaws.com/auth/user/login,7619,0,70
1777595083472,75,02 - GET /restaurants (search),200,OK,Virtual Users [500 threads] 1-118,text,true,,790,436,49,49,http://k8s-forkfind-forkfind-8e65d48af1-1990260306.us-east-1.elb.amazonaws.com/restaurants?q=pizza&limit=12&sort=rating,75,0,0
1777595076032,7564,01 - POST /auth/user/login,200,OK,Virtual Users [500 threads] 1-119,text,true,,406,363,50,50,http://k8s-forkfind-forkfind-8e65d48af1-1990260306.us-east-1.elb.amazonaws.com/auth/user/login,7564,0,65
1777595076940,6684,01 - POST /auth/user/login,200,OK,Virtual Users [500 threads] 1-124,text,true,,406,363,50,50,http://k8s-forkfind-forkfind-8e65d48af1-1990260306.us-east-1.elb.amazonaws.com/auth/user/login,6684,0,67
1777595083548,88,03 - POST /restaurants/20/reviews,201,Created,Virtual Users [500 threads] 1-118,text,true,,572,573,50,50,http://k8s-forkfind-forkfind-8e65d48af1-1990260306.us-east-1.elb.amazonaws.com/restaurants/20/reviews,88,0,0
1777595083597,80,02 - GET /restaurants (search),200,OK,Virtual Users [500 threads] 1-119,text,true,,790,436,49,49,http://k8s-forkfind-forkfind-8e65d48af1-1990260306.us-east-1.elb.amazonaws.com/restaurants?q=pizza&limit=12&sort=rating,80,0,0
1777595083624,97,02 - GET /restaurants (search),200,OK,Virtual Users [500 threads] 1-124,text,true,,790,436,49,49,http://k8s-forkfind-forkfind-8e65d48af1-1990260306.us-east-1.elb.amazonaws.com/restaurants?q=pizza&limit=12&sort=rating,97,0,0
1777595083678,116,03 - POST /restaurants/20/reviews,201,Created,Virtual Users [500 threads] 1-119,text,true,,572,573,50,50,http://k8s-forkfind-forkfind-8e65d48af1-1990260306.us-east-1.elb.amazonaws.com/restaurants/20/reviews,116,0,0
1777595083722,130,03 - POST /restaurants/20/reviews,201,Created,Virtual Users [500 threads] 1-124,text,true,,572,573,49,49,http://k8s-forkfind-forkfind-8e65d48af1-1990260306.us-east-1.elb.amazonaws.com/restaurants/20/reviews,130,0,0
1777595075313,8673,01 - POST /auth/user/login,200,OK,Virtual Users [500 threads] 1-115,text,true,,406,363,49,49,http://k8s-forkfind-forkfind-8e65d48af1-1990260306.us-east-1.elb.amazonaws.com/auth/user/login,8673,0,66
1777595072978,11036,01 - POST /auth/user/login,200,OK,Virtual Users [500 threads] 1-102,text,true,,406,363,49,49,http://k8s-forkfind-forkfind-8e65d48af1-1990260306.us-east-1.elb.amazonaws.com/auth/user/login,11036,0,65
1777595083987,74,02 - GET /restaurants (search),200,OK,Virtual Users [500 threads] 1-115,text,true,,790,436,49,49,http://k8s-forkfind-forkfind-8e65d48af1-1990260306.us-east-1.elb.amazonaws.com/restaurants?q=pizza&limit=12&sort=rating,74,0,0
1777595084015,111,02 - GET /restaurants (search),200,OK,Virtual Users [500 threads] 1-102,text,true,,790,436,50,50,http://k8s-forkfind-forkfind-8e65d48af1-1990260306.us-east-1.elb.amazonaws.com/restaurants?q=pizza&limit=12&sort=rating,111,0,0
1777595084061,88,03 - POST /restaurants/20/reviews,201,Created,Virtual Users [500 threads] 1-115,text,true,,572,573,50,50,http://k8s-forkfind-forkfind-8e65d48af1-1990260306.us-east-1.elb.amazonaws.com/restaurants/20/reviews,88,0,0
1777595084127,129,03 - POST /restaurants/20/reviews,201,Created,Virtual Users [500 threads] 1-102,text,true,,572,573,49,49,http://k8s-forkfind-forkfind-8e65d48af1-1990260306.us-east-1.elb.amazonaws.com/restaurants/20/reviews,128,0,0
1777595074235,10134,01 - POST /auth/user/login,200,OK,Virtual Users [500 threads] 1-109,text,true,,406,363,49,49,http://k8s-forkfind-forkfind-8e65d48af1-1990260306.us-east-1.elb.amazonaws.com/auth/user/login,10134,0,66
1777595084370,146,02 - GET /restaurants (search),200,OK,Virtual Users [500 threads] 1-109,text,true,,790,436,50,50,http://k8s-forkfind-forkfind-8e65d48af1-1990260306.us-east-1.elb.amazonaws.com/restaurants?q=pizza&limit=12&sort=rating,146,0,0
1777595077117,7400,01 - POST /auth/user/login,200,OK,Virtual Users [500 threads] 1-125,text,true,,406,363,50,50,http://k8s-forkfind-forkfind-8e65d48af1-1990260306.us-east-1.elb.amazonaws.com/auth/user/login,7400,0,66
1777595084517,110,02 - GET /restaurants (search),200,OK,Virtual Users [500 threads] 1-125,text,true,,790,436,50,50,http://k8s-forkfind-forkfind-8e65d48af1-1990260306.us-east-1.elb.amazonaws.com/restaurants?q=pizza&limit=12&sort=rating,110,0,0
1777595084517,123,03 - POST /restaurants/20/reviews,201,Created,Virtual Users [500 threads] 1-109,text,true,,572,573,50,50,http://k8s-forkfind-forkfind-8e65d48af1-1990260306.us-east-1.elb.amazonaws.com/restaurants/20/reviews,123,0,0
1777595084628,112,03 - POST /restaurants/20/reviews,201,Created,Virtual Users [500 threads] 1-125,text,true,,572,573,50,50,http://k8s-forkfind-forkfind-8e65d48af1-1990260306.us-east-1.elb.amazonaws.com/restaurants/20/reviews,112,0,0
1777595073876,10864,01 - POST /auth/user/login,200,OK,Virtual Users [500 threads] 1-107,text,true,,406,363,50,50,http://k8s-forkfind-forkfind-8e65d48af1-1990260306.us-east-1.elb.amazonaws.com/auth/user/login,10864,0,65
1777595076569,8252,01 - POST /auth/user/login,200,OK,Virtual Users [500 threads] 1-122,text,true,,406,363,49,49,http://k8s-forkfind-forkfind-8e65d48af1-1990260306.us-east-1.elb.amazonaws.com/auth/user/login,8252,0,66
1777595084741,98,02 - GET /restaurants (search),200,OK,Virtual Users [500 threads] 1-107,text,true,,790,436,49,49,http://k8s-forkfind-forkfind-8e65d48af1-1990260306.us-east-1.elb.amazonaws.com/restaurants?q=pizza&limit=12&sort=rating,98,0,0
1777595076392,8493,01 - POST /auth/user/login,200,OK,Virtual Users [500 threads] 1-121,text,true,,406,363,50,50,http://k8s-forkfind-forkfind-8e65d48af1-1990260306.us-east-1.elb.amazonaws.com/auth/user/login,8493,0,67
1777595084821,91,02 - GET /restaurants (search),200,OK,Virtual Users [500 threads] 1-122,text,true,,790,436,50,50,http://k8s-forkfind-forkfind-8e65d48af1-1990260306.us-east-1.elb.amazonaws.com/restaurants?q=pizza&limit=12&sort=rating,91,0,0
1777595084839,102,03 - POST /restaurants/20/reviews,201,Created,Virtual Users [500 threads] 1-107,text,true,,572,573,50,50,http://k8s-forkfind-forkfind-8e65d48af1-1990260306.us-east-1.elb.amazonaws.com/restaurants/20/reviews,102,0,0
1777595084885,106,02 - GET /restaurants (search),200,OK,Virtual Users [500 threads] 1-121,text,true,,790,436,49,49,http://k8s-forkfind-forkfind-8e65d48af1-1990260306.us-east-1.elb.amazonaws.com/restaurants?q=pizza&limit=12&sort=rating,106,0,0
1777595073696,11324,01 - POST /auth/user/login,200,OK,Virtual Users [500 threads] 1-106,text,true,,406,363,49,49,http://k8s-forkfind-forkfind-8e65d48af1-1990260306.us-east-1.elb.amazonaws.com/auth/user/login,11324,0,68
1777595084913,133,03 - POST /restaurants/20/reviews,201,Created,Virtual Users [500 threads] 1-122,text,true,,572,573,50,50,http://k8s-forkfind-forkfind-8e65d48af1-1990260306.us-east-1.elb.amazonaws.com/restaurants/20/reviews,133,0,0
1777595075490,9557,01 - POST /auth/user/login,200,OK,Virtual Users [500 threads] 1-116,text,true,,406,363,50,50,http://k8s-forkfind-forkfind-8e65d48af1-1990260306.us-east-1.elb.amazonaws.com/auth/user/login,9557,0,65
1777595085021,101,02 - GET /restaurants (search),200,OK,Virtual Users [500 threads] 1-106,text,true,,790,436,49,49,http://k8s-forkfind-forkfind-8e65d48af1-1990260306.us-east-1.elb.amazonaws.com/restaurants?q=pizza&limit=12&sort=rating,101,0,0
1777595085048,86,02 - GET /restaurants (search),200,OK,Virtual Users [500 threads] 1-116,text,true,,790,436,49,49,http://k8s-forkfind-forkfind-8e65d48af1-1990260306.us-east-1.elb.amazonaws.com/restaurants?q=pizza&limit=12&sort=rating,86,0,0
1777595084991,152,03 - POST /restaurants/20/reviews,201,Created,Virtual Users [500 threads] 1-121,text,true,,572,573,49,49,http://k8s-forkfind-forkfind-8e65d48af1-1990260306.us-east-1.elb.amazonaws.com/restaurants/20/reviews,152,0,0
1777595085134,112,03 - POST /restaurants/20/reviews,201,Created,Virtual Users [500 threads] 1-116,text,true,,572,573,49,49,http://k8s-forkfind-forkfind-8e65d48af1-1990260306.us-east-1.elb.amazonaws.com/restaurants/20/reviews,112,0,0
1777595085123,123,03 - POST /restaurants/20/reviews,201,Created,Virtual Users [500 threads] 1-106,text,true,,572,573,49,49,http://k8s-forkfind-forkfind-8e65d48af1-1990260306.us-east-1.elb.amazonaws.com/restaurants/20/reviews,123,0,0
1777595076753,8497,01 - POST /auth/user/login,200,OK,Virtual Users [500 threads] 1-123,text,true,,406,363,47,47,http://k8s-forkfind-forkfind-8e65d48af1-1990260306.us-east-1.elb.amazonaws.com/auth/user/login,8497,0,66
1777595085249,90,02 - GET /restaurants (search),200,OK,Virtual Users [500 threads] 1-123,text,true,,790,436,47,47,http://k8s-forkfind-forkfind-8e65d48af1-1990260306.us-east-1.elb.amazonaws.com/restaurants?q=pizza&limit=12&sort=rating,89,0,0
1777595079265,6182,01 - POST /auth/user/login,200,OK,Virtual Users [500 threads] 1-137,text,true,,406,363,48,48,http://k8s-forkfind-forkfind-8e65d48af1-1990260306.us-east-1.elb.amazonaws.com/auth/user/login,6182,0,64
1777595085339,114,03 - POST /restaurants/20/reviews,201,Created,Virtual Users [500 threads] 1-123,text,true,,572,573,48,48,http://k8s-forkfind-forkfind-8e65d48af1-1990260306.us-east-1.elb.amazonaws.com/restaurants/20/reviews,113,0,0
1777595085447,83,02 - GET /restaurants (search),200,OK,Virtual Users [500 threads] 1-137,text,true,,790,436,47,47,http://k8s-forkfind-forkfind-8e65d48af1-1990260306.us-east-1.elb.amazonaws.com/restaurants?q=pizza&limit=12&sort=rating,82,0,0
1777595085530,101,03 - POST /restaurants/20/reviews,201,Created,Virtual Users [500 threads] 1-137,text,true,,572,573,48,48,http://k8s-forkfind-forkfind-8e65d48af1-1990260306.us-east-1.elb.amazonaws.com/restaurants/20/reviews,101,0,0
1777595078550,7673,01 - POST /auth/user/login,200,OK,Virtual Users [500 threads] 1-133,text,true,,406,363,50,50,http://k8s-forkfind-forkfind-8e65d48af1-1990260306.us-east-1.elb.amazonaws.com/auth/user/login,7673,0,66
1777595086223,87,02 - GET /restaurants (search),200,OK,Virtual Users [500 threads] 1-133,text,true,,790,436,51,51,http://k8s-forkfind-forkfind-8e65d48af1-1990260306.us-east-1.elb.amazonaws.com/restaurants?q=pizza&limit=12&sort=rating,87,0,0
1777595086311,84,03 - POST /restaurants/20/reviews,201,Created,Virtual Users [500 threads] 1-133,text,true,,572,573,51,51,http://k8s-forkfind-forkfind-8e65d48af1-1990260306.us-east-1.elb.amazonaws.com/restaurants/20/reviews,84,0,0
1777595075673,10951,01 - POST /auth/user/login,200,OK,Virtual Users [500 threads] 1-117,text,true,,406,363,51,51,http://k8s-forkfind-forkfind-8e65d48af1-1990260306.us-east-1.elb.amazonaws.com/auth/user/login,10951,0,66
1777595086624,95,02 - GET /restaurants (search),200,OK,Virtual Users [500 threads] 1-117,text,true,,790,436,52,52,http://k8s-forkfind-forkfind-8e65d48af1-1990260306.us-east-1.elb.amazonaws.com/restaurants?q=pizza&limit=12&sort=rating,95,0,0
1777595078908,7815,01 - POST /auth/user/login,200,OK,Virtual Users [500 threads] 1-135,text,true,,406,363,52,52,http://k8s-forkfind-forkfind-8e65d48af1-1990260306.us-east-1.elb.amazonaws.com/auth/user/login,7815,0,68
1777595086723,91,02 - GET /restaurants (search),200,OK,Virtual Users [500 threads] 1-135,text,true,,790,436,52,52,http://k8s-forkfind-forkfind-8e65d48af1-1990260306.us-east-1.elb.amazonaws.com/restaurants?q=pizza&limit=12&sort=rating,91,0,0
1777595086720,100,03 - POST /restaurants/20/reviews,201,Created,Virtual Users [500 threads] 1-117,text,true,,572,573,52,52,http://k8s-forkfind-forkfind-8e65d48af1-1990260306.us-east-1.elb.amazonaws.com/restaurants/20/reviews,100,0,0
1777595086815,92,03 - POST /restaurants/20/reviews,201,Created,Virtual Users [500 threads] 1-135,text,true,,572,573,52,52,http://k8s-forkfind-forkfind-8e65d48af1-1990260306.us-east-1.elb.amazonaws.com/restaurants/20/reviews,92,0,0
1777595077290,10396,01 - POST /auth/user/login,200,OK,Virtual Users [500 threads] 1-126,text,true,,406,363,55,55,http://k8s-forkfind-forkfind-8e65d48af1-1990260306.us-east-1.elb.amazonaws.com/auth/user/login,10396,0,67
1777595077472,10214,01 - POST /auth/user/login,200,OK,Virtual Users [500 threads] 1-127,text,true,,406,363,55,55,http://k8s-forkfind-forkfind-8e65d48af1-1990260306.us-east-1.elb.amazonaws.com/auth/user/login,10214,0,67
1777595087688,72,02 - GET /restaurants (search),200,OK,Virtual Users [500 threads] 1-127,text,true,,790,436,56,56,http://k8s-forkfind-forkfind-8e65d48af1-1990260306.us-east-1.elb.amazonaws.com/restaurants?q=pizza&limit=12&sort=rating,72,0,0
1777595087687,73,02 - GET /restaurants (search),200,OK,Virtual Users [500 threads] 1-126,text,true,,790,436,56,56,http://k8s-forkfind-forkfind-8e65d48af1-1990260306.us-east-1.elb.amazonaws.com/restaurants?q=pizza&limit=12&sort=rating,73,0,0
1777595079808,8015,01 - POST /auth/user/login,200,OK,Virtual Users [500 threads] 1-140,text,true,,406,363,56,56,http://k8s-forkfind-forkfind-8e65d48af1-1990260306.us-east-1.elb.amazonaws.com/auth/user/login,8015,0,66
1777595082865,4957,01 - POST /auth/user/login,200,OK,Virtual Users [500 threads] 1-157,text,true,,406,363,56,56,http://k8s-forkfind-forkfind-8e65d48af1-1990260306.us-east-1.elb.amazonaws.com/auth/user/login,4957,0,65
1777595087761,77,03 - POST /restaurants/20/reviews,201,Created,Virtual Users [500 threads] 1-126,text,true,,572,573,56,56,http://k8s-forkfind-forkfind-8e65d48af1-1990260306.us-east-1.elb.amazonaws.com/restaurants/20/reviews,77,0,0
1777595087761,81,03 - POST /restaurants/20/reviews,201,Created,Virtual Users [500 threads] 1-127,text,true,,572,573,55,55,http://k8s-forkfind-forkfind-8e65d48af1-1990260306.us-east-1.elb.amazonaws.com/restaurants/20/reviews,81,0,0
1777595087824,91,02 - GET /restaurants (search),200,OK,Virtual Users [500 threads] 1-157,text,true,,790,436,55,55,http://k8s-forkfind-forkfind-8e65d48af1-1990260306.us-east-1.elb.amazonaws.com/restaurants?q=pizza&limit=12&sort=rating,90,0,0
1777595077647,10269,01 - POST /auth/user/login,200,OK,Virtual Users [500 threads] 1-128,text,true,,406,363,55,55,http://k8s-forkfind-forkfind-8e65d48af1-1990260306.us-east-1.elb.amazonaws.com/auth/user/login,10268,0,66
1777595087824,92,02 - GET /restaurants (search),200,OK,Virtual Users [500 threads] 1-140,text,true,,790,436,55,55,http://k8s-forkfind-forkfind-8e65d48af1-1990260306.us-east-1.elb.amazonaws.com/restaurants?q=pizza&limit=12&sort=rating,92,0,0
1777595087915,92,02 - GET /restaurants (search),200,OK,Virtual Users [500 threads] 1-128,text,true,,790,436,55,55,http://k8s-forkfind-forkfind-8e65d48af1-1990260306.us-east-1.elb.amazonaws.com/restaurants?q=pizza&limit=12&sort=rating,92,0,0
1777595087916,116,03 - POST /restaurants/20/reviews,201,Created,Virtual Users [500 threads] 1-140,text,true,,572,573,55,55,http://k8s-forkfind-forkfind-8e65d48af1-1990260306.us-east-1.elb.amazonaws.com/restaurants/20/reviews,116,0,0
1777595087915,117,03 - POST /restaurants/20/reviews,201,Created,Virtual Users [500 threads] 1-157,text,true,,572,573,55,55,http://k8s-forkfind-forkfind-8e65d48af1-1990260306.us-east-1.elb.amazonaws.com/restaurants/20/reviews,117,0,0
1777595088008,99,03 - POST /restaurants/20/reviews,201,Created,Virtual Users [500 threads] 1-128,text,true,,572,573,54,54,http://k8s-forkfind-forkfind-8e65d48af1-1990260306.us-east-1.elb.amazonaws.com/restaurants/20/reviews,99,0,0
1777595078368,9750,01 - POST /auth/user/login,200,OK,Virtual Users [500 threads] 1-132,text,true,,406,363,53,53,http://k8s-forkfind-forkfind-8e65d48af1-1990260306.us-east-1.elb.amazonaws.com/auth/user/login,9750,0,66
1777595078008,10183,01 - POST /auth/user/login,200,OK,Virtual Users [500 threads] 1-130,text,true,,406,363,53,53,http://k8s-forkfind-forkfind-8e65d48af1-1990260306.us-east-1.elb.amazonaws.com/auth/user/login,10183,0,91
1777595088118,92,02 - GET /restaurants (search),200,OK,Virtual Users [500 threads] 1-132,text,true,,790,436,53,53,http://k8s-forkfind-forkfind-8e65d48af1-1990260306.us-east-1.elb.amazonaws.com/restaurants?q=pizza&limit=12&sort=rating,92,0,0
1777595088191,71,02 - GET /restaurants (search),200,OK,Virtual Users [500 threads] 1-130,text,true,,790,436,53,53,http://k8s-forkfind-forkfind-8e65d48af1-1990260306.us-east-1.elb.amazonaws.com/restaurants?q=pizza&limit=12&sort=rating,71,0,0
1777595088211,104,03 - POST /restaurants/20/reviews,201,Created,Virtual Users [500 threads] 1-132,text,true,,572,573,54,54,http://k8s-forkfind-forkfind-8e65d48af1-1990260306.us-east-1.elb.amazonaws.com/restaurants/20/reviews,104,0,0
1777595088263,84,03 - POST /restaurants/20/reviews,201,Created,Virtual Users [500 threads] 1-130,text,true,,572,573,53,53,http://k8s-forkfind-forkfind-8e65d48af1-1990260306.us-east-1.elb.amazonaws.com/restaurants/20/reviews,84,0,0
1777595079090,9414,01 - POST /auth/user/login,200,OK,Virtual Users [500 threads] 1-136,text,true,,406,363,53,53,http://k8s-forkfind-forkfind-8e65d48af1-1990260306.us-east-1.elb.amazonaws.com/auth/user/login,9414,0,69
1777595088504,86,02 - GET /restaurants (search),200,OK,Virtual Users [500 threads] 1-136,text,true,,790,436,53,53,http://k8s-forkfind-forkfind-8e65d48af1-1990260306.us-east-1.elb.amazonaws.com/restaurants?q=pizza&limit=12&sort=rating,86,0,0
1777595088591,109,03 - POST /restaurants/20/reviews,201,Created,Virtual Users [500 threads] 1-136,text,true,,572,573,54,54,http://k8s-forkfind-forkfind-8e65d48af1-1990260306.us-east-1.elb.amazonaws.com/restaurants/20/reviews,109,0,0
1777595078730,10244,01 - POST /auth/user/login,200,OK,Virtual Users [500 threads] 1-134,text,true,,406,363,54,54,http://k8s-forkfind-forkfind-8e65d48af1-1990260306.us-east-1.elb.amazonaws.com/auth/user/login,10244,0,89
1777595088974,72,02 - GET /restaurants (search),200,OK,Virtual Users [500 threads] 1-134,text,true,,790,436,55,55,http://k8s-forkfind-forkfind-8e65d48af1-1990260306.us-east-1.elb.amazonaws.com/restaurants?q=pizza&limit=12&sort=rating,72,0,0
1777595089047,100,03 - POST /restaurants/20/reviews,201,Created,Virtual Users [500 threads] 1-134,text,true,,572,573,55,55,http://k8s-forkfind-forkfind-8e65d48af1-1990260306.us-east-1.elb.amazonaws.com/restaurants/20/reviews,100,0,0
1777595078189,11461,01 - POST /auth/user/login,200,OK,Virtual Users [500 threads] 1-131,text,true,,406,363,57,57,http://k8s-forkfind-forkfind-8e65d48af1-1990260306.us-east-1.elb.amazonaws.com/auth/user/login,11461,0,67
1777595089651,78,02 - GET /restaurants (search),200,OK,Virtual Users [500 threads] 1-131,text,true,,790,436,58,58,http://k8s-forkfind-forkfind-8e65d48af1-1990260306.us-east-1.elb.amazonaws.com/restaurants?q=pizza&limit=12&sort=rating,78,0,0
1777595089730,115,03 - POST /restaurants/20/reviews,201,Created,Virtual Users [500 threads] 1-131,text,true,,572,573,58,58,http://k8s-forkfind-forkfind-8e65d48af1-1990260306.us-east-1.elb.amazonaws.com/restaurants/20/reviews,114,0,0
1777595077827,12109,01 - POST /auth/user/login,200,OK,Virtual Users [500 threads] 1-129,text,true,,406,363,58,58,http://k8s-forkfind-forkfind-8e65d48af1-1990260306.us-east-1.elb.amazonaws.com/auth/user/login,12109,0,80
1777595089936,80,02 - GET /restaurants (search),200,OK,Virtual Users [500 threads] 1-129,text,true,,790,436,58,58,http://k8s-forkfind-forkfind-8e65d48af1-1990260306.us-east-1.elb.amazonaws.com/restaurants?q=pizza&limit=12&sort=rating,80,0,0
1777595090016,85,03 - POST /restaurants/20/reviews,201,Created,Virtual Users [500 threads] 1-129,text,true,,572,573,59,59,http://k8s-forkfind-forkfind-8e65d48af1-1990260306.us-east-1.elb.amazonaws.com/restaurants/20/reviews,85,0,0
1777595079628,10558,01 - POST /auth/user/login,200,OK,Virtual Users [500 threads] 1-139,text,true,,406,363,58,58,http://k8s-forkfind-forkfind-8e65d48af1-1990260306.us-east-1.elb.amazonaws.com/auth/user/login,10558,0,66
1777595080706,9524,01 - POST /auth/user/login,200,OK,Virtual Users [500 threads] 1-145,text,true,,406,363,58,58,http://k8s-forkfind-forkfind-8e65d48af1-1990260306.us-east-1.elb.amazonaws.com/auth/user/login,9524,0,64
1777595090187,78,02 - GET /restaurants (search),200,OK,Virtual Users [500 threads] 1-139,text,true,,790,436,59,59,http://k8s-forkfind-forkfind-8e65d48af1-1990260306.us-east-1.elb.amazonaws.com/restaurants?q=pizza&limit=12&sort=rating,77,0,0
1777595090231,94,02 - GET /restaurants (search),200,OK,Virtual Users [500 threads] 1-145,text,true,,790,436,59,59,http://k8s-forkfind-forkfind-8e65d48af1-1990260306.us-east-1.elb.amazonaws.com/restaurants?q=pizza&limit=12&sort=rating,94,0,0
1777595090265,79,03 - POST /restaurants/20/reviews,201,Created,Virtual Users [500 threads] 1-139,text,true,,572,573,59,59,http://k8s-forkfind-forkfind-8e65d48af1-1990260306.us-east-1.elb.amazonaws.com/restaurants/20/reviews,79,0,0
1777595079448,10976,01 - POST /auth/user/login,200,OK,Virtual Users [500 threads] 1-138,text,true,,406,363,58,58,http://k8s-forkfind-forkfind-8e65d48af1-1990260306.us-east-1.elb.amazonaws.com/auth/user/login,10976,0,67
1777595090327,117,03 - POST /restaurants/20/reviews,201,Created,Virtual Users [500 threads] 1-145,text,true,,572,573,59,59,http://k8s-forkfind-forkfind-8e65d48af1-1990260306.us-east-1.elb.amazonaws.com/restaurants/20/reviews,117,0,0
1777595090424,78,02 - GET /restaurants (search),200,OK,Virtual Users [500 threads] 1-138,text,true,,790,436,58,58,http://k8s-forkfind-forkfind-8e65d48af1-1990260306.us-east-1.elb.amazonaws.com/restaurants?q=pizza&limit=12&sort=rating,78,0,0
1777595090502,104,03 - POST /restaurants/20/reviews,201,Created,Virtual Users [500 threads] 1-138,text,true,,572,573,59,59,http://k8s-forkfind-forkfind-8e65d48af1-1990260306.us-east-1.elb.amazonaws.com/restaurants/20/reviews,103,0,0
1777595085921,4903,01 - POST /auth/user/login,200,OK,Virtual Users [500 threads] 1-174,text,true,,406,363,59,59,http://k8s-forkfind-forkfind-8e65d48af1-1990260306.us-east-1.elb.amazonaws.com/auth/user/login,4903,0,65
1777595090826,80,02 - GET /restaurants (search),200,OK,Virtual Users [500 threads] 1-174,text,true,,790,436,59,59,http://k8s-forkfind-forkfind-8e65d48af1-1990260306.us-east-1.elb.amazonaws.com/restaurants?q=pizza&limit=12&sort=rating,80,0,0
1777595090907,100,03 - POST /restaurants/20/reviews,201,Created,Virtual Users [500 threads] 1-174,text,true,,572,573,60,60,http://k8s-forkfind-forkfind-8e65d48af1-1990260306.us-east-1.elb.amazonaws.com/restaurants/20/reviews,100,0,0
1777595081788,9497,01 - POST /auth/user/login,200,OK,Virtual Users [500 threads] 1-151,text,true,,406,363,60,60,http://k8s-forkfind-forkfind-8e65d48af1-1990260306.us-east-1.elb.amazonaws.com/auth/user/login,9497,0,65
1777595091286,75,02 - GET /restaurants (search),200,OK,Virtual Users [500 threads] 1-151,text,true,,790,436,61,61,http://k8s-forkfind-forkfind-8e65d48af1-1990260306.us-east-1.elb.amazonaws.com/restaurants?q=pizza&limit=12&sort=rating,75,0,0
1777595091362,91,03 - POST /restaurants/20/reviews,201,Created,Virtual Users [500 threads] 1-151,text,true,,572,573,61,61,http://k8s-forkfind-forkfind-8e65d48af1-1990260306.us-east-1.elb.amazonaws.com/restaurants/20/reviews,91,0,0
1777595080343,11153,01 - POST /auth/user/login,200,OK,Virtual Users [500 threads] 1-143,text,true,,406,363,60,60,http://k8s-forkfind-forkfind-8e65d48af1-1990260306.us-east-1.elb.amazonaws.com/auth/user/login,11152,0,65
1777595080161,11347,01 - POST /auth/user/login,200,OK,Virtual Users [500 threads] 1-142,text,true,,406,363,61,61,http://k8s-forkfind-forkfind-8e65d48af1-1990260306.us-east-1.elb.amazonaws.com/auth/user/login,11347,0,74
1777595091497,73,02 - GET /restaurants (search),200,OK,Virtual Users [500 threads] 1-143,text,true,,790,436,61,61,http://k8s-forkfind-forkfind-8e65d48af1-1990260306.us-east-1.elb.amazonaws.com/restaurants?q=pizza&limit=12&sort=rating,73,0,0
1777595091509,75,02 - GET /restaurants (search),200,OK,Virtual Users [500 threads] 1-142,text,true,,790,436,61,61,http://k8s-forkfind-forkfind-8e65d48af1-1990260306.us-east-1.elb.amazonaws.com/restaurants?q=pizza&limit=12&sort=rating,75,0,0
1777595091571,82,03 - POST /restaurants/20/reviews,201,Created,Virtual Users [500 threads] 1-143,text,true,,572,573,61,61,http://k8s-forkfind-forkfind-8e65d48af1-1990260306.us-east-1.elb.amazonaws.com/restaurants/20/reviews,82,0,0
1777595091585,77,03 - POST /restaurants/20/reviews,201,Created,Virtual Users [500 threads] 1-142,text,true,,572,573,60,60,http://k8s-forkfind-forkfind-8e65d48af1-1990260306.us-east-1.elb.amazonaws.com/restaurants/20/reviews,77,0,0
1777595080525,11383,01 - POST /auth/user/login,200,OK,Virtual Users [500 threads] 1-144,text,true,,406,363,61,61,http://k8s-forkfind-forkfind-8e65d48af1-1990260306.us-east-1.elb.amazonaws.com/auth/user/login,11383,0,82
1777595091909,76,02 - GET /restaurants (search),200,OK,Virtual Users [500 threads] 1-144,text,true,,790,436,61,61,http://k8s-forkfind-forkfind-8e65d48af1-1990260306.us-east-1.elb.amazonaws.com/restaurants?q=pizza&limit=12&sort=rating,76,0,0
1777595091986,127,03 - POST /restaurants/20/reviews,201,Created,Virtual Users [500 threads] 1-144,text,true,,572,573,62,62,http://k8s-forkfind-forkfind-8e65d48af1-1990260306.us-east-1.elb.amazonaws.com/restaurants/20/reviews,127,0,0
1777595085746,6785,01 - POST /auth/user/login,200,OK,Virtual Users [500 threads] 1-173,text,true,,406,363,63,63,http://k8s-forkfind-forkfind-8e65d48af1-1990260306.us-east-1.elb.amazonaws.com/auth/user/login,6785,0,68
1777595092532,74,02 - GET /restaurants (search),200,OK,Virtual Users [500 threads] 1-173,text,true,,790,436,64,64,http://k8s-forkfind-forkfind-8e65d48af1-1990260306.us-east-1.elb.amazonaws.com/restaurants?q=pizza&limit=12&sort=rating,74,0,0
1777595081247,11362,01 - POST /auth/user/login,200,OK,Virtual Users [500 threads] 1-148,text,true,,406,363,64,64,http://k8s-forkfind-forkfind-8e65d48af1-1990260306.us-east-1.elb.amazonaws.com/auth/user/login,11362,0,71
1777595092609,78,02 - GET /restaurants (search),200,OK,Virtual Users [500 threads] 1-148,text,true,,790,436,64,64,http://k8s-forkfind-forkfind-8e65d48af1-1990260306.us-east-1.elb.amazonaws.com/restaurants?q=pizza&limit=12&sort=rating,78,0,0
1777595081062,11633,01 - POST /auth/user/login,200,OK,Virtual Users [500 threads] 1-147,text,true,,406,363,64,64,http://k8s-forkfind-forkfind-8e65d48af1-1990260306.us-east-1.elb.amazonaws.com/auth/user/login,11633,0,66
1777595092607,103,03 - POST /restaurants/20/reviews,201,Created,Virtual Users [500 threads] 1-173,text,true,,572,573,64,64,http://k8s-forkfind-forkfind-8e65d48af1-1990260306.us-east-1.elb.amazonaws.com/restaurants/20/reviews,103,0,0
1777595084304,8419,01 - POST /auth/user/login,200,OK,Virtual Users [500 threads] 1-165,text,true,,406,363,63,63,http://k8s-forkfind-forkfind-8e65d48af1-1990260306.us-east-1.elb.amazonaws.com/auth/user/login,8418,0,64
1777595092696,71,02 - GET /restaurants (search),200,OK,Virtual Users [500 threads] 1-147,text,true,,790,436,64,64,http://k8s-forkfind-forkfind-8e65d48af1-1990260306.us-east-1.elb.amazonaws.com/restaurants?q=pizza&limit=12&sort=rating,71,0,0
1777595092687,114,03 - POST /restaurants/20/reviews,201,Created,Virtual Users [500 threads] 1-148,text,true,,572,573,64,64,http://k8s-forkfind-forkfind-8e65d48af1-1990260306.us-east-1.elb.amazonaws.com/restaurants/20/reviews,114,0,0
1777595092723,85,02 - GET /restaurants (search),200,OK,Virtual Users [500 threads] 1-165,text,true,,790,436,63,63,http://k8s-forkfind-forkfind-8e65d48af1-1990260306.us-east-1.elb.amazonaws.com/restaurants?q=pizza&limit=12&sort=rating,85,0,0
1777595083587,9230,01 - POST /auth/user/login,200,OK,Virtual Users [500 threads] 1-161,text,true,,406,363,63,63,http://k8s-forkfind-forkfind-8e65d48af1-1990260306.us-east-1.elb.amazonaws.com/auth/user/login,9230,0,74
1777595092767,77,03 - POST /restaurants/20/reviews,201,Created,Virtual Users [500 threads] 1-147,text,true,,572,573,63,63,http://k8s-forkfind-forkfind-8e65d48af1-1990260306.us-east-1.elb.amazonaws.com/restaurants/20/reviews,77,0,0
1777595081427,11458,01 - POST /auth/user/login,200,OK,Virtual Users [500 threads] 1-149,text,true,,406,363,62,62,http://k8s-forkfind-forkfind-8e65d48af1-1990260306.us-east-1.elb.amazonaws.com/auth/user/login,11458,0,66
1777595092817,83,02 - GET /restaurants (search),200,OK,Virtual Users [500 threads] 1-161,text,true,,790,436,62,62,http://k8s-forkfind-forkfind-8e65d48af1-1990260306.us-east-1.elb.amazonaws.com/restaurants?q=pizza&limit=12&sort=rating,83,0,0
1777595080887,12021,01 - POST /auth/user/login,200,OK,Virtual Users [500 threads] 1-146,text,true,,406,363,62,62,http://k8s-forkfind-forkfind-8e65d48af1-1990260306.us-east-1.elb.amazonaws.com/auth/user/login,12021,0,65
1777595092809,105,03 - POST /restaurants/20/reviews,201,Created,Virtual Users [500 threads] 1-165,text,true,,572,573,62,62,http://k8s-forkfind-forkfind-8e65d48af1-1990260306.us-east-1.elb.amazonaws.com/restaurants/20/reviews,105,0,0
1777595092886,70,02 - GET /restaurants (search),200,OK,Virtual Users [500 threads] 1-149,text,true,,790,436,62,62,http://k8s-forkfind-forkfind-8e65d48af1-1990260306.us-east-1.elb.amazonaws.com/restaurants?q=pizza&limit=12&sort=rating,70,0,0
1777595092909,76,02 - GET /restaurants (search),200,OK,Virtual Users [500 threads] 1-146,text,true,,790,436,62,62,http://k8s-forkfind-forkfind-8e65d48af1-1990260306.us-east-1.elb.amazonaws.com/restaurants?q=pizza&limit=12&sort=rating,76,0,0
1777595090606,2406,01 - POST /auth/user/login,200,OK,Virtual Users [500 threads] 1-200,text,true,,406,363,62,62,http://k8s-forkfind-forkfind-8e65d48af1-1990260306.us-east-1.elb.amazonaws.com/auth/user/login,2406,0,70
1777595092901,114,03 - POST /restaurants/20/reviews,201,Created,Virtual Users [500 threads] 1-161,text,true,,572,573,62,62,http://k8s-forkfind-forkfind-8e65d48af1-1990260306.us-east-1.elb.amazonaws.com/restaurants/20/reviews,114,0,0
1777595092957,89,03 - POST /restaurants/20/reviews,201,Created,Virtual Users [500 threads] 1-149,text,true,,572,573,61,61,http://k8s-forkfind-forkfind-8e65d48af1-1990260306.us-east-1.elb.amazonaws.com/restaurants/20/reviews,89,0,0
1777595092986,75,03 - POST /restaurants/20/reviews,201,Created,Virtual Users [500 threads] 1-146,text,true,,572,573,60,60,http://k8s-forkfind-forkfind-8e65d48af1-1990260306.us-east-1.elb.amazonaws.com/restaurants/20/reviews,75,0,0
1777595093012,84,02 - GET /restaurants (search),200,OK,Virtual Users [500 threads] 1-200,text,true,,790,436,59,59,http://k8s-forkfind-forkfind-8e65d48af1-1990260306.us-east-1.elb.amazonaws.com/restaurants?q=pizza&limit=12&sort=rating,84,0,0
1777595083766,9364,01 - POST /auth/user/login,200,OK,Virtual Users [500 threads] 1-162,text,true,,406,363,60,60,http://k8s-forkfind-forkfind-8e65d48af1-1990260306.us-east-1.elb.amazonaws.com/auth/user/login,9364,0,67
1777595093096,110,03 - POST /restaurants/20/reviews,201,Created,Virtual Users [500 threads] 1-200,text,true,,572,573,60,60,http://k8s-forkfind-forkfind-8e65d48af1-1990260306.us-east-1.elb.amazonaws.com/restaurants/20/reviews,110,0,0
1777595093130,100,02 - GET /restaurants (search),200,OK,Virtual Users [500 threads] 1-162,text,true,,790,436,59,59,http://k8s-forkfind-forkfind-8e65d48af1-1990260306.us-east-1.elb.amazonaws.com/restaurants?q=pizza&limit=12&sort=rating,100,0,0
1777595081965,11343,01 - POST /auth/user/login,200,OK,Virtual Users [500 threads] 1-152,text,true,,406,363,60,60,http://k8s-forkfind-forkfind-8e65d48af1-1990260306.us-east-1.elb.amazonaws.com/auth/user/login,11343,0,65
1777595093231,83,03 - POST /restaurants/20/reviews,201,Created,Virtual Users [500 threads] 1-162,text,true,,572,573,60,60,http://k8s-forkfind-forkfind-8e65d48af1-1990260306.us-east-1.elb.amazonaws.com/restaurants/20/reviews,83,0,0
1777595079985,13353,01 - POST /auth/user/login,200,OK,Virtual Users [500 threads] 1-141,text,true,,406,363,59,59,http://k8s-forkfind-forkfind-8e65d48af1-1990260306.us-east-1.elb.amazonaws.com/auth/user/login,13353,0,67
1777595093308,76,02 - GET /restaurants (search),200,OK,Virtual Users [500 threads] 1-152,text,true,,790,436,59,59,http://k8s-forkfind-forkfind-8e65d48af1-1990260306.us-east-1.elb.amazonaws.com/restaurants?q=pizza&limit=12&sort=rating,76,0,0
1777595093339,78,02 - GET /restaurants (search),200,OK,Virtual Users [500 threads] 1-141,text,true,,790,436,59,59,http://k8s-forkfind-forkfind-8e65d48af1-1990260306.us-east-1.elb.amazonaws.com/restaurants?q=pizza&limit=12&sort=rating,78,0,0
1777595093385,117,03 - POST /restaurants/20/reviews,201,Created,Virtual Users [500 threads] 1-152,text,true,,572,573,60,60,http://k8s-forkfind-forkfind-8e65d48af1-1990260306.us-east-1.elb.amazonaws.com/restaurants/20/reviews,117,0,0
1777595093417,129,03 - POST /restaurants/20/reviews,201,Created,Virtual Users [500 threads] 1-141,text,true,,572,573,59,59,http://k8s-forkfind-forkfind-8e65d48af1-1990260306.us-east-1.elb.amazonaws.com/restaurants/20/reviews,129,0,0
1777595084665,8912,01 - POST /auth/user/login,200,OK,Virtual Users [500 threads] 1-167,text,true,,406,363,58,58,http://k8s-forkfind-forkfind-8e65d48af1-1990260306.us-east-1.elb.amazonaws.com/auth/user/login,8912,0,74
1777595093577,82,02 - GET /restaurants (search),200,OK,Virtual Users [500 threads] 1-167,text,true,,790,436,58,58,http://k8s-forkfind-forkfind-8e65d48af1-1990260306.us-east-1.elb.amazonaws.com/restaurants?q=pizza&limit=12&sort=rating,82,0,0
1777595086283,7444,01 - POST /auth/user/login,200,OK,Virtual Users [500 threads] 1-176,text,true,,406,363,59,59,http://k8s-forkfind-forkfind-8e65d48af1-1990260306.us-east-1.elb.amazonaws.com/auth/user/login,7444,0,66
1777595093660,155,03 - POST /restaurants/20/reviews,201,Created,Virtual Users [500 threads] 1-167,text,true,,572,573,59,59,http://k8s-forkfind-forkfind-8e65d48af1-1990260306.us-east-1.elb.amazonaws.com/restaurants/20/reviews,155,0,0
1777595093728,107,02 - GET /restaurants (search),200,OK,Virtual Users [500 threads] 1-176,text,true,,790,436,58,58,http://k8s-forkfind-forkfind-8e65d48af1-1990260306.us-east-1.elb.amazonaws.com/restaurants?q=pizza&limit=12&sort=rating,107,0,0
1777595093835,80,03 - POST /restaurants/20/reviews,201,Created,Virtual Users [500 threads] 1-176,text,true,,572,573,59,59,http://k8s-forkfind-forkfind-8e65d48af1-1990260306.us-east-1.elb.amazonaws.com/restaurants/20/reviews,80,0,0
1777595083045,10886,01 - POST /auth/user/login,200,OK,Virtual Users [500 threads] 1-158,text,true,,406,363,58,58,http://k8s-forkfind-forkfind-8e65d48af1-1990260306.us-east-1.elb.amazonaws.com/auth/user/login,10886,0,66
1777595093931,86,02 - GET /restaurants (search),200,OK,Virtual Users [500 threads] 1-158,text,true,,790,436,58,58,http://k8s-forkfind-forkfind-8e65d48af1-1990260306.us-east-1.elb.amazonaws.com/restaurants?q=pizza&limit=12&sort=rating,86,0,0
1777595094017,105,03 - POST /restaurants/20/reviews,201,Created,Virtual Users [500 threads] 1-158,text,true,,572,573,59,59,http://k8s-forkfind-forkfind-8e65d48af1-1990260306.us-east-1.elb.amazonaws.com/restaurants/20/reviews,105,0,0
1777595085022,9816,01 - POST /auth/user/login,200,OK,Virtual Users [500 threads] 1-169,text,true,,406,363,62,62,http://k8s-forkfind-forkfind-8e65d48af1-1990260306.us-east-1.elb.amazonaws.com/auth/user/login,9816,0,90
1777595094839,98,02 - GET /restaurants (search),200,OK,Virtual Users [500 threads] 1-169,text,true,,790,436,63,63,http://k8s-forkfind-forkfind-8e65d48af1-1990260306.us-east-1.elb.amazonaws.com/restaurants?q=pizza&limit=12&sort=rating,98,0,0
1777595094939,96,03 - POST /restaurants/20/reviews,201,Created,Virtual Users [500 threads] 1-169,text,true,,572,573,63,63,http://k8s-forkfind-forkfind-8e65d48af1-1990260306.us-east-1.elb.amazonaws.com/restaurants/20/reviews,96,0,0
1777595082501,12678,01 - POST /auth/user/login,200,OK,Virtual Users [500 threads] 1-155,text,true,,406,363,63,63,http://k8s-forkfind-forkfind-8e65d48af1-1990260306.us-east-1.elb.amazonaws.com/auth/user/login,12678,0,66
1777595082324,12918,01 - POST /auth/user/login,200,OK,Virtual Users [500 threads] 1-154,text,true,,406,363,63,63,http://k8s-forkfind-forkfind-8e65d48af1-1990260306.us-east-1.elb.amazonaws.com/auth/user/login,12918,0,65
1777595095183,140,02 - GET /restaurants (search),200,OK,Virtual Users [500 threads] 1-155,text,true,,790,436,64,64,http://k8s-forkfind-forkfind-8e65d48af1-1990260306.us-east-1.elb.amazonaws.com/restaurants?q=pizza&limit=12&sort=rating,140,0,0
1777595095244,83,02 - GET /restaurants (search),200,OK,Virtual Users [500 threads] 1-154,text,true,,790,436,64,64,http://k8s-forkfind-forkfind-8e65d48af1-1990260306.us-east-1.elb.amazonaws.com/restaurants?q=pizza&limit=12&sort=rating,83,0,0
1777595095328,97,03 - POST /restaurants/20/reviews,201,Created,Virtual Users [500 threads] 1-154,text,true,,572,573,64,64,http://k8s-forkfind-forkfind-8e65d48af1-1990260306.us-east-1.elb.amazonaws.com/restaurants/20/reviews,97,0,0
1777595095324,101,03 - POST /restaurants/20/reviews,201,Created,Virtual Users [500 threads] 1-155,text,true,,572,573,64,64,http://k8s-forkfind-forkfind-8e65d48af1-1990260306.us-east-1.elb.amazonaws.com/restaurants/20/reviews,101,0,0
1777595081604,13915,01 - POST /auth/user/login,200,OK,Virtual Users [500 threads] 1-150,text,true,,406,363,63,63,http://k8s-forkfind-forkfind-8e65d48af1-1990260306.us-east-1.elb.amazonaws.com/auth/user/login,13915,0,67
1777595095521,86,02 - GET /restaurants (search),200,OK,Virtual Users [500 threads] 1-150,text,true,,790,436,63,63,http://k8s-forkfind-forkfind-8e65d48af1-1990260306.us-east-1.elb.amazonaws.com/restaurants?q=pizza&limit=12&sort=rating,86,0,0
1777595095607,78,03 - POST /restaurants/20/reviews,201,Created,Virtual Users [500 threads] 1-150,text,true,,572,573,64,64,http://k8s-forkfind-forkfind-8e65d48af1-1990260306.us-east-1.elb.amazonaws.com/restaurants/20/reviews,78,0,0
1777595083945,11774,01 - POST /auth/user/login,200,OK,Virtual Users [500 threads] 1-163,text,true,,406,363,63,63,http://k8s-forkfind-forkfind-8e65d48af1-1990260306.us-east-1.elb.amazonaws.com/auth/user/login,11774,0,65
1777595095721,77,02 - GET /restaurants (search),200,OK,Virtual Users [500 threads] 1-163,text,true,,790,436,63,63,http://k8s-forkfind-forkfind-8e65d48af1-1990260306.us-east-1.elb.amazonaws.com/restaurants?q=pizza&limit=12&sort=rating,77,0,0
1777595086466,9354,01 - POST /auth/user/login,200,OK,Virtual Users [500 threads] 1-177,text,true,,406,363,63,63,http://k8s-forkfind-forkfind-8e65d48af1-1990260306.us-east-1.elb.amazonaws.com/auth/user/login,9354,0,66
1777595095798,88,03 - POST /restaurants/20/reviews,201,Created,Virtual Users [500 threads] 1-163,text,true,,572,573,64,64,http://k8s-forkfind-forkfind-8e65d48af1-1990260306.us-east-1.elb.amazonaws.com/restaurants/20/reviews,88,0,0
1777595095822,72,02 - GET /restaurants (search),200,OK,Virtual Users [500 threads] 1-177,text,true,,790,436,63,63,http://k8s-forkfind-forkfind-8e65d48af1-1990260306.us-east-1.elb.amazonaws.com/restaurants?q=pizza&limit=12&sort=rating,72,0,0
1777595085566,10327,01 - POST /auth/user/login,200,OK,Virtual Users [500 threads] 1-172,text,true,,406,363,63,63,http://k8s-forkfind-forkfind-8e65d48af1-1990260306.us-east-1.elb.amazonaws.com/auth/user/login,10327,0,65
1777595095895,73,02 - GET /restaurants (search),200,OK,Virtual Users [500 threads] 1-172,text,true,,790,436,63,63,http://k8s-forkfind-forkfind-8e65d48af1-1990260306.us-east-1.elb.amazonaws.com/restaurants?q=pizza&limit=12&sort=rating,73,0,0
1777595095895,80,03 - POST /restaurants/20/reviews,201,Created,Virtual Users [500 threads] 1-177,text,true,,572,573,63,63,http://k8s-forkfind-forkfind-8e65d48af1-1990260306.us-east-1.elb.amazonaws.com/restaurants/20/reviews,80,0,0
1777595095969,76,03 - POST /restaurants/20/reviews,201,Created,Virtual Users [500 threads] 1-172,text,true,,572,573,63,63,http://k8s-forkfind-forkfind-8e65d48af1-1990260306.us-east-1.elb.amazonaws.com/restaurants/20/reviews,76,0,0
1777595083406,12662,01 - POST /auth/user/login,200,OK,Virtual Users [500 threads] 1-160,text,true,,406,363,62,62,http://k8s-forkfind-forkfind-8e65d48af1-1990260306.us-east-1.elb.amazonaws.com/auth/user/login,12662,0,67
1777595096071,75,02 - GET /restaurants (search),200,OK,Virtual Users [500 threads] 1-160,text,true,,790,436,62,62,http://k8s-forkfind-forkfind-8e65d48af1-1990260306.us-east-1.elb.amazonaws.com/restaurants?q=pizza&limit=12&sort=rating,75,0,0
1777595096146,83,03 - POST /restaurants/20/reviews,201,Created,Virtual Users [500 threads] 1-160,text,true,,572,573,63,63,http://k8s-forkfind-forkfind-8e65d48af1-1990260306.us-east-1.elb.amazonaws.com/restaurants/20/reviews,83,0,0
1777595084125,12180,01 - POST /auth/user/login,200,OK,Virtual Users [500 threads] 1-164,text,true,,406,363,62,62,http://k8s-forkfind-forkfind-8e65d48af1-1990260306.us-east-1.elb.amazonaws.com/auth/user/login,12179,0,66
1777595096307,85,02 - GET /restaurants (search),200,OK,Virtual Users [500 threads] 1-164,text,true,,790,436,63,63,http://k8s-forkfind-forkfind-8e65d48af1-1990260306.us-east-1.elb.amazonaws.com/restaurants?q=pizza&limit=12&sort=rating,85,0,0
1777595082146,14270,01 - POST /auth/user/login,200,OK,Virtual Users [500 threads] 1-153,text,true,,406,363,63,63,http://k8s-forkfind-forkfind-8e65d48af1-1990260306.us-east-1.elb.amazonaws.com/auth/user/login,14269,0,68
1777595096393,84,03 - POST /restaurants/20/reviews,201,Created,Virtual Users [500 threads] 1-164,text,true,,572,573,63,63,http://k8s-forkfind-forkfind-8e65d48af1-1990260306.us-east-1.elb.amazonaws.com/restaurants/20/reviews,84,0,0
1777595083226,13258,01 - POST /auth/user/login,200,OK,Virtual Users [500 threads] 1-159,text,true,,406,363,62,62,http://k8s-forkfind-forkfind-8e65d48af1-1990260306.us-east-1.elb.amazonaws.com/auth/user/login,13258,0,68
1777595096417,75,02 - GET /restaurants (search),200,OK,Virtual Users [500 threads] 1-153,text,true,,790,436,62,62,http://k8s-forkfind-forkfind-8e65d48af1-1990260306.us-east-1.elb.amazonaws.com/restaurants?q=pizza&limit=12&sort=rating,75,0,0
1777595096487,74,02 - GET /restaurants (search),200,OK,Virtual Users [500 threads] 1-159,text,true,,790,436,63,63,http://k8s-forkfind-forkfind-8e65d48af1-1990260306.us-east-1.elb.amazonaws.com/restaurants?q=pizza&limit=12&sort=rating,73,0,0
1777595096492,75,03 - POST /restaurants/20/reviews,201,Created,Virtual Users [500 threads] 1-153,text,true,,572,573,63,63,http://k8s-forkfind-forkfind-8e65d48af1-1990260306.us-east-1.elb.amazonaws.com/restaurants/20/reviews,75,0,0
1777595096561,81,03 - POST /restaurants/20/reviews,201,Created,Virtual Users [500 threads] 1-159,text,true,,572,573,62,62,http://k8s-forkfind-forkfind-8e65d48af1-1990260306.us-east-1.elb.amazonaws.com/restaurants/20/reviews,81,0,0
1777595084484,12645,01 - POST /auth/user/login,200,OK,Virtual Users [500 threads] 1-166,text,true,,406,363,64,64,http://k8s-forkfind-forkfind-8e65d48af1-1990260306.us-east-1.elb.amazonaws.com/auth/user/login,12645,0,65
1777595082685,14528,01 - POST /auth/user/login,200,OK,Virtual Users [500 threads] 1-156,text,true,,406,363,64,64,http://k8s-forkfind-forkfind-8e65d48af1-1990260306.us-east-1.elb.amazonaws.com/auth/user/login,14528,0,66
1777595097132,93,02 - GET /restaurants (search),200,OK,Virtual Users [500 threads] 1-166,text,true,,790,436,64,64,http://k8s-forkfind-forkfind-8e65d48af1-1990260306.us-east-1.elb.amazonaws.com/restaurants?q=pizza&limit=12&sort=rating,93,0,0
1777595097215,80,02 - GET /restaurants (search),200,OK,Virtual Users [500 threads] 1-156,text,true,,790,436,65,65,http://k8s-forkfind-forkfind-8e65d48af1-1990260306.us-east-1.elb.amazonaws.com/restaurants?q=pizza&limit=12&sort=rating,80,0,0
1777595097226,122,03 - POST /restaurants/20/reviews,201,Created,Virtual Users [500 threads] 1-166,text,true,,572,573,65,65,http://k8s-forkfind-forkfind-8e65d48af1-1990260306.us-east-1.elb.amazonaws.com/restaurants/20/reviews,122,0,0
1777595097296,109,03 - POST /restaurants/20/reviews,201,Created,Virtual Users [500 threads] 1-156,text,true,,572,573,64,64,http://k8s-forkfind-forkfind-8e65d48af1-1990260306.us-east-1.elb.amazonaws.com/restaurants/20/reviews,109,0,0
1777595087001,11044,01 - POST /auth/user/login,200,OK,Virtual Users [500 threads] 1-180,text,true,,406,363,67,67,http://k8s-forkfind-forkfind-8e65d48af1-1990260306.us-east-1.elb.amazonaws.com/auth/user/login,11044,0,66
1777595098047,82,02 - GET /restaurants (search),200,OK,Virtual Users [500 threads] 1-180,text,true,,790,436,67,67,http://k8s-forkfind-forkfind-8e65d48af1-1990260306.us-east-1.elb.amazonaws.com/restaurants?q=pizza&limit=12&sort=rating,82,0,0
1777595098130,120,03 - POST /restaurants/20/reviews,201,Created,Virtual Users [500 threads] 1-180,text,true,,572,573,68,68,http://k8s-forkfind-forkfind-8e65d48af1-1990260306.us-east-1.elb.amazonaws.com/restaurants/20/reviews,120,0,0
1777595087186,11300,01 - POST /auth/user/login,200,OK,Virtual Users [500 threads] 1-181,text,true,,406,363,68,68,http://k8s-forkfind-forkfind-8e65d48af1-1990260306.us-east-1.elb.amazonaws.com/auth/user/login,11300,0,65
1777595088805,9704,01 - POST /auth/user/login,200,OK,Virtual Users [500 threads] 1-190,text,true,,406,363,68,68,http://k8s-forkfind-forkfind-8e65d48af1-1990260306.us-east-1.elb.amazonaws.com/auth/user/login,9704,0,69
1777595098489,80,02 - GET /restaurants (search),200,OK,Virtual Users [500 threads] 1-181,text,true,,790,436,69,69,http://k8s-forkfind-forkfind-8e65d48af1-1990260306.us-east-1.elb.amazonaws.com/restaurants?q=pizza&limit=12&sort=rating,80,0,0
1777595098511,85,02 - GET /restaurants (search),200,OK,Virtual Users [500 threads] 1-190,text,true,,790,436,69,69,http://k8s-forkfind-forkfind-8e65d48af1-1990260306.us-east-1.elb.amazonaws.com/restaurants?q=pizza&limit=12&sort=rating,85,0,0
1777595098569,78,03 - POST /restaurants/20/reviews,201,Created,Virtual Users [500 threads] 1-181,text,true,,572,573,69,69,http://k8s-forkfind-forkfind-8e65d48af1-1990260306.us-east-1.elb.amazonaws.com/restaurants/20/reviews,78,0,0
1777595098597,102,03 - POST /restaurants/20/reviews,201,Created,Virtual Users [500 threads] 1-190,text,true,,572,573,68,68,http://k8s-forkfind-forkfind-8e65d48af1-1990260306.us-east-1.elb.amazonaws.com/restaurants/20/reviews,102,0,0
1777595091144,7678,01 - POST /auth/user/login,200,OK,Virtual Users [500 threads] 1-203,text,true,,406,363,68,68,http://k8s-forkfind-forkfind-8e65d48af1-1990260306.us-east-1.elb.amazonaws.com/auth/user/login,7678,0,65
1777595085204,14005,01 - POST /auth/user/login,200,OK,Virtual Users [500 threads] 1-170,text,true,,406,363,70,70,http://k8s-forkfind-forkfind-8e65d48af1-1990260306.us-east-1.elb.amazonaws.com/auth/user/login,14005,0,64
1777595098824,468,02 - GET /restaurants (search),200,OK,Virtual Users [500 threads] 1-203,text,true,,790,436,71,71,http://k8s-forkfind-forkfind-8e65d48af1-1990260306.us-east-1.elb.amazonaws.com/restaurants?q=pizza&limit=12&sort=rating,468,0,0
1777595099212,89,02 - GET /restaurants (search),200,OK,Virtual Users [500 threads] 1-170,text,true,,790,436,71,71,http://k8s-forkfind-forkfind-8e65d48af1-1990260306.us-east-1.elb.amazonaws.com/restaurants?q=pizza&limit=12&sort=rating,89,0,0
1777595086645,12659,01 - POST /auth/user/login,200,OK,Virtual Users [500 threads] 1-178,text,true,,406,363,71,71,http://k8s-forkfind-forkfind-8e65d48af1-1990260306.us-east-1.elb.amazonaws.com/auth/user/login,12659,0,68
1777595099306,433,02 - GET /restaurants (search),200,OK,Virtual Users [500 threads] 1-178,text,true,,790,436,73,73,http://k8s-forkfind-forkfind-8e65d48af1-1990260306.us-east-1.elb.amazonaws.com/restaurants?q=pizza&limit=12&sort=rating,433,0,0
1777595099293,446,03 - POST /restaurants/20/reviews,201,Created,Virtual Users [500 threads] 1-203,text,true,,572,573,73,73,http://k8s-forkfind-forkfind-8e65d48af1-1990260306.us-east-1.elb.amazonaws.com/restaurants/20/reviews,446,0,0
1777595099301,438,03 - POST /restaurants/20/reviews,201,Created,Virtual Users [500 threads] 1-170,text,true,,572,573,73,73,http://k8s-forkfind-forkfind-8e65d48af1-1990260306.us-east-1.elb.amazonaws.com/restaurants/20/reviews,438,0,0
1777595086825,12961,01 - POST /auth/user/login,200,OK,Virtual Users [500 threads] 1-179,text,true,,406,363,72,72,http://k8s-forkfind-forkfind-8e65d48af1-1990260306.us-east-1.elb.amazonaws.com/auth/user/login,12961,0,66
1777595084847,14972,01 - POST /auth/user/login,200,OK,Virtual Users [500 threads] 1-168,text,true,,406,363,72,72,http://k8s-forkfind-forkfind-8e65d48af1-1990260306.us-east-1.elb.amazonaws.com/auth/user/login,14972,0,65
1777595099822,447,02 - GET /restaurants (search),200,OK,Virtual Users [500 threads] 1-168,text,true,,790,436,74,74,http://k8s-forkfind-forkfind-8e65d48af1-1990260306.us-east-1.elb.amazonaws.com/restaurants?q=pizza&limit=12&sort=rating,447,0,0
1777595099788,481,02 - GET /restaurants (search),200,OK,Virtual Users [500 threads] 1-179,text,true,,790,436,74,74,http://k8s-forkfind-forkfind-8e65d48af1-1990260306.us-east-1.elb.amazonaws.com/restaurants?q=pizza&limit=12&sort=rating,481,0,0
1777595099740,529,03 - POST /restaurants/20/reviews,201,Created,Virtual Users [500 threads] 1-178,text,true,,572,573,74,74,http://k8s-forkfind-forkfind-8e65d48af1-1990260306.us-east-1.elb.amazonaws.com/restaurants/20/reviews,529,0,0
1777595088445,11851,01 - POST /auth/user/login,200,OK,Virtual Users [500 threads] 1-188,text,true,,406,363,73,73,http://k8s-forkfind-forkfind-8e65d48af1-1990260306.us-east-1.elb.amazonaws.com/auth/user/login,11851,0,77
1777595100298,78,02 - GET /restaurants (search),200,OK,Virtual Users [500 threads] 1-188,text,true,,790,436,74,74,http://k8s-forkfind-forkfind-8e65d48af1-1990260306.us-east-1.elb.amazonaws.com/restaurants?q=pizza&limit=12&sort=rating,78,0,0
1777595100270,136,03 - POST /restaurants/20/reviews,201,Created,Virtual Users [500 threads] 1-168,text,true,,572,573,74,74,http://k8s-forkfind-forkfind-8e65d48af1-1990260306.us-east-1.elb.amazonaws.com/restaurants/20/reviews,136,0,0
1777595100269,137,03 - POST /restaurants/20/reviews,201,Created,Virtual Users [500 threads] 1-179,text,true,,572,573,74,74,http://k8s-forkfind-forkfind-8e65d48af1-1990260306.us-east-1.elb.amazonaws.com/restaurants/20/reviews,137,0,0
1777595100377,409,03 - POST /restaurants/20/reviews,201,Created,Virtual Users [500 threads] 1-188,text,true,,572,573,74,74,http://k8s-forkfind-forkfind-8e65d48af1-1990260306.us-east-1.elb.amazonaws.com/restaurants/20/reviews,409,0,0
1777595088265,12521,01 - POST /auth/user/login,200,OK,Virtual Users [500 threads] 1-187,text,true,,406,363,74,74,http://k8s-forkfind-forkfind-8e65d48af1-1990260306.us-east-1.elb.amazonaws.com/auth/user/login,12521,0,83
1777595086102,14684,01 - POST /auth/user/login,200,OK,Virtual Users [500 threads] 1-175,text,true,,406,363,74,74,http://k8s-forkfind-forkfind-8e65d48af1-1990260306.us-east-1.elb.amazonaws.com/auth/user/login,14684,0,66
1777595100787,79,02 - GET /restaurants (search),200,OK,Virtual Users [500 threads] 1-175,text,true,,790,436,74,74,http://k8s-forkfind-forkfind-8e65d48af1-1990260306.us-east-1.elb.amazonaws.com/restaurants?q=pizza&limit=12&sort=rating,79,0,0
1777595100787,79,02 - GET /restaurants (search),200,OK,Virtual Users [500 threads] 1-187,text,true,,790,436,74,74,http://k8s-forkfind-forkfind-8e65d48af1-1990260306.us-east-1.elb.amazonaws.com/restaurants?q=pizza&limit=12&sort=rating,79,0,0
1777595100867,248,03 - POST /restaurants/20/reviews,201,Created,Virtual Users [500 threads] 1-175,text,true,,572,573,75,75,http://k8s-forkfind-forkfind-8e65d48af1-1990260306.us-east-1.elb.amazonaws.com/restaurants/20/reviews,248,0,0
1777595100867,248,03 - POST /restaurants/20/reviews,201,Created,Virtual Users [500 threads] 1-187,text,true,,572,573,75,75,http://k8s-forkfind-forkfind-8e65d48af1-1990260306.us-east-1.elb.amazonaws.com/restaurants/20/reviews,248,0,0
1777595087726,13533,01 - POST /auth/user/login,200,OK,Virtual Users [500 threads] 1-184,text,true,,406,363,74,74,http://k8s-forkfind-forkfind-8e65d48af1-1990260306.us-east-1.elb.amazonaws.com/auth/user/login,13533,0,66
1777595101263,80,02 - GET /restaurants (search),200,OK,Virtual Users [500 threads] 1-184,text,true,,790,436,74,74,http://k8s-forkfind-forkfind-8e65d48af1-1990260306.us-east-1.elb.amazonaws.com/restaurants?q=pizza&limit=12&sort=rating,80,0,0
1777595101344,106,03 - POST /restaurants/20/reviews,201,Created,Virtual Users [500 threads] 1-184,text,true,,572,573,75,75,http://k8s-forkfind-forkfind-8e65d48af1-1990260306.us-east-1.elb.amazonaws.com/restaurants/20/reviews,106,0,0
1777595095463,6178,01 - POST /auth/user/login,200,OK,Virtual Users [500 threads] 1-227,text,true,,406,363,75,75,http://k8s-forkfind-forkfind-8e65d48af1-1990260306.us-east-1.elb.amazonaws.com/auth/user/login,6178,0,65
1777595085386,16652,01 - POST /auth/user/login,200,OK,Virtual Users [500 threads] 1-171,text,true,,406,363,77,77,http://k8s-forkfind-forkfind-8e65d48af1-1990260306.us-east-1.elb.amazonaws.com/auth/user/login,16652,0,66
1777595101641,490,02 - GET /restaurants (search),200,OK,Virtual Users [500 threads] 1-227,text,true,,790,436,78,78,http://k8s-forkfind-forkfind-8e65d48af1-1990260306.us-east-1.elb.amazonaws.com/restaurants?q=pizza&limit=12&sort=rating,490,0,0
1777595102042,608,02 - GET /restaurants (search),200,OK,Virtual Users [500 threads] 1-171,text,true,,790,436,80,80,http://k8s-forkfind-forkfind-8e65d48af1-1990260306.us-east-1.elb.amazonaws.com/restaurants?q=pizza&limit=12&sort=rating,608,0,0
1777595102132,590,03 - POST /restaurants/20/reviews,201,Created,Virtual Users [500 threads] 1-227,text,true,,572,573,81,81,http://k8s-forkfind-forkfind-8e65d48af1-1990260306.us-east-1.elb.amazonaws.com/restaurants/20/reviews,590,0,0
1777595102651,286,03 - POST /restaurants/20/reviews,201,Created,Virtual Users [500 threads] 1-171,text,true,,572,573,81,81,http://k8s-forkfind-forkfind-8e65d48af1-1990260306.us-east-1.elb.amazonaws.com/restaurants/20/reviews,286,0,0
1777595089347,13896,01 - POST /auth/user/login,200,OK,Virtual Users [500 threads] 1-193,text,true,,406,363,82,82,http://k8s-forkfind-forkfind-8e65d48af1-1990260306.us-east-1.elb.amazonaws.com/auth/user/login,13896,0,70
1777595103244,75,02 - GET /restaurants (search),200,OK,Virtual Users [500 threads] 1-193,text,true,,790,436,82,82,http://k8s-forkfind-forkfind-8e65d48af1-1990260306.us-east-1.elb.amazonaws.com/restaurants?q=pizza&limit=12&sort=rating,75,0,0
1777595093124,10287,01 - POST /auth/user/login,200,OK,Virtual Users [500 threads] 1-214,text,true,,406,363,83,83,http://k8s-forkfind-forkfind-8e65d48af1-1990260306.us-east-1.elb.amazonaws.com/auth/user/login,10287,0,65
1777595103320,126,03 - POST /restaurants/20/reviews,201,Created,Virtual Users [500 threads] 1-193,text,true,,572,573,83,83,http://k8s-forkfind-forkfind-8e65d48af1-1990260306.us-east-1.elb.amazonaws.com/restaurants/20/reviews,126,0,0
1777595103412,78,02 - GET /restaurants (search),200,OK,Virtual Users [500 threads] 1-214,text,true,,790,436,82,82,http://k8s-forkfind-forkfind-8e65d48af1-1990260306.us-east-1.elb.amazonaws.com/restaurants?q=pizza&limit=12&sort=rating,78,0,0
1777595087366,16218,01 - POST /auth/user/login,200,OK,Virtual Users [500 threads] 1-182,text,true,,406,363,83,83,http://k8s-forkfind-forkfind-8e65d48af1-1990260306.us-east-1.elb.amazonaws.com/auth/user/login,16218,0,65
1777595103491,116,03 - POST /restaurants/20/reviews,201,Created,Virtual Users [500 threads] 1-214,text,true,,572,573,83,83,http://k8s-forkfind-forkfind-8e65d48af1-1990260306.us-east-1.elb.amazonaws.com/restaurants/20/reviews,116,0,0
1777595103585,108,02 - GET /restaurants (search),200,OK,Virtual Users [500 threads] 1-182,text,true,,790,436,82,82,http://k8s-forkfind-forkfind-8e65d48af1-1990260306.us-east-1.elb.amazonaws.com/restaurants?q=pizza&limit=12&sort=rating,108,0,0
1777595088084,15634,01 - POST /auth/user/login,200,OK,Virtual Users [500 threads] 1-186,text,true,,406,363,82,82,http://k8s-forkfind-forkfind-8e65d48af1-1990260306.us-east-1.elb.amazonaws.com/auth/user/login,15634,0,67
1777595103693,109,03 - POST /restaurants/20/reviews,201,Created,Virtual Users [500 threads] 1-182,text,true,,572,573,83,83,http://k8s-forkfind-forkfind-8e65d48af1-1990260306.us-east-1.elb.amazonaws.com/restaurants/20/reviews,109,0,0
1777595103718,91,02 - GET /restaurants (search),200,OK,Virtual Users [500 threads] 1-186,text,true,,790,436,82,82,http://k8s-forkfind-forkfind-8e65d48af1-1990260306.us-east-1.elb.amazonaws.com/restaurants?q=pizza&limit=12&sort=rating,91,0,0
1777595103809,119,03 - POST /restaurants/20/reviews,201,Created,Virtual Users [500 threads] 1-186,text,true,,572,573,83,83,http://k8s-forkfind-forkfind-8e65d48af1-1990260306.us-east-1.elb.amazonaws.com/restaurants/20/reviews,119,0,0
1777595089163,14866,01 - POST /auth/user/login,200,OK,Virtual Users [500 threads] 1-192,text,true,,406,363,82,82,http://k8s-forkfind-forkfind-8e65d48af1-1990260306.us-east-1.elb.amazonaws.com/auth/user/login,14866,0,66
1777595104029,101,02 - GET /restaurants (search),200,OK,Virtual Users [500 threads] 1-192,text,true,,790,436,83,83,http://k8s-forkfind-forkfind-8e65d48af1-1990260306.us-east-1.elb.amazonaws.com/restaurants?q=pizza&limit=12&sort=rating,101,0,0
1777595104131,115,03 - POST /restaurants/20/reviews,201,Created,Virtual Users [500 threads] 1-192,text,true,,572,573,83,83,http://k8s-forkfind-forkfind-8e65d48af1-1990260306.us-east-1.elb.amazonaws.com/restaurants/20/reviews,115,0,0
1777595089704,14886,01 - POST /auth/user/login,200,OK,Virtual Users [500 threads] 1-195,text,true,,406,363,84,84,http://k8s-forkfind-forkfind-8e65d48af1-1990260306.us-east-1.elb.amazonaws.com/auth/user/login,14886,0,69
1777595104591,119,02 - GET /restaurants (search),200,OK,Virtual Users [500 threads] 1-195,text,true,,790,436,85,85,http://k8s-forkfind-forkfind-8e65d48af1-1990260306.us-east-1.elb.amazonaws.com/restaurants?q=pizza&limit=12&sort=rating,119,0,0
1777595104711,105,03 - POST /restaurants/20/reviews,201,Created,Virtual Users [500 threads] 1-195,text,true,,572,573,85,85,http://k8s-forkfind-forkfind-8e65d48af1-1990260306.us-east-1.elb.amazonaws.com/restaurants/20/reviews,105,0,0
1777595087907,16909,01 - POST /auth/user/login,200,OK,Virtual Users [500 threads] 1-185,text,true,,406,363,85,85,http://k8s-forkfind-forkfind-8e65d48af1-1990260306.us-east-1.elb.amazonaws.com/auth/user/login,16909,0,67
1777595104817,104,02 - GET /restaurants (search),200,OK,Virtual Users [500 threads] 1-185,text,true,,790,436,85,85,http://k8s-forkfind-forkfind-8e65d48af1-1990260306.us-east-1.elb.amazonaws.com/restaurants?q=pizza&limit=12&sort=rating,104,0,0
1777595104921,97,03 - POST /restaurants/20/reviews,201,Created,Virtual Users [500 threads] 1-185,text,true,,572,573,86,86,http://k8s-forkfind-forkfind-8e65d48af1-1990260306.us-east-1.elb.amazonaws.com/restaurants/20/reviews,97,0,0
1777595090066,15053,01 - POST /auth/user/login,200,OK,Virtual Users [500 threads] 1-197,text,true,,406,363,85,85,http://k8s-forkfind-forkfind-8e65d48af1-1990260306.us-east-1.elb.amazonaws.com/auth/user/login,15053,0,68
1777595105120,102,02 - GET /restaurants (search),200,OK,Virtual Users [500 threads] 1-197,text,true,,790,436,86,86,http://k8s-forkfind-forkfind-8e65d48af1-1990260306.us-east-1.elb.amazonaws.com/restaurants?q=pizza&limit=12&sort=rating,102,0,0
1777595105223,107,03 - POST /restaurants/20/reviews,201,Created,Virtual Users [500 threads] 1-197,text,true,,572,573,86,86,http://k8s-forkfind-forkfind-8e65d48af1-1990260306.us-east-1.elb.amazonaws.com/restaurants/20/reviews,107,0,0
1777595091505,13965,01 - POST /auth/user/login,200,OK,Virtual Users [500 threads] 1-205,text,true,,406,363,86,86,http://k8s-forkfind-forkfind-8e65d48af1-1990260306.us-east-1.elb.amazonaws.com/auth/user/login,13965,0,65
1777595105471,71,02 - GET /restaurants (search),200,OK,Virtual Users [500 threads] 1-205,text,true,,790,436,87,87,http://k8s-forkfind-forkfind-8e65d48af1-1990260306.us-east-1.elb.amazonaws.com/restaurants?q=pizza&limit=12&sort=rating,71,0,0
1777595105543,85,03 - POST /restaurants/20/reviews,201,Created,Virtual Users [500 threads] 1-205,text,true,,572,573,87,87,http://k8s-forkfind-forkfind-8e65d48af1-1990260306.us-east-1.elb.amazonaws.com/restaurants/20/reviews,85,0,0
1777595092404,13280,01 - POST /auth/user/login,200,OK,Virtual Users [500 threads] 1-210,text,true,,406,363,86,86,http://k8s-forkfind-forkfind-8e65d48af1-1990260306.us-east-1.elb.amazonaws.com/auth/user/login,13280,0,65
1777595105685,87,02 - GET /restaurants (search),200,OK,Virtual Users [500 threads] 1-210,text,true,,790,436,87,87,http://k8s-forkfind-forkfind-8e65d48af1-1990260306.us-east-1.elb.amazonaws.com/restaurants?q=pizza&limit=12&sort=rating,87,0,0
1777595105773,76,03 - POST /restaurants/20/reviews,201,Created,Virtual Users [500 threads] 1-210,text,true,,572,573,87,87,http://k8s-forkfind-forkfind-8e65d48af1-1990260306.us-east-1.elb.amazonaws.com/restaurants/20/reviews,76,0,0
1777595091337,15040,01 - POST /auth/user/login,200,OK,Virtual Users [500 threads] 1-204,text,true,,406,363,89,89,http://k8s-forkfind-forkfind-8e65d48af1-1990260306.us-east-1.elb.amazonaws.com/auth/user/login,15040,0,66
1777595095287,11125,01 - POST /auth/user/login,200,OK,Virtual Users [500 threads] 1-226,text,true,,406,363,89,89,http://k8s-forkfind-forkfind-8e65d48af1-1990260306.us-east-1.elb.amazonaws.com/auth/user/login,11125,0,64
1777595106378,71,02 - GET /restaurants (search),200,OK,Virtual Users [500 threads] 1-204,text,true,,790,436,90,90,http://k8s-forkfind-forkfind-8e65d48af1-1990260306.us-east-1.elb.amazonaws.com/restaurants?q=pizza&limit=12&sort=rating,71,0,0
1777595106411,79,02 - GET /restaurants (search),200,OK,Virtual Users [500 threads] 1-226,text,true,,790,436,90,90,http://k8s-forkfind-forkfind-8e65d48af1-1990260306.us-east-1.elb.amazonaws.com/restaurants?q=pizza&limit=12&sort=rating,79,0,0
1777595106449,82,03 - POST /restaurants/20/reviews,201,Created,Virtual Users [500 threads] 1-204,text,true,,572,573,90,90,http://k8s-forkfind-forkfind-8e65d48af1-1990260306.us-east-1.elb.amazonaws.com/restaurants/20/reviews,82,0,0
1777595106491,75,03 - POST /restaurants/20/reviews,201,Created,Virtual Users [500 threads] 1-226,text,true,,572,573,89,89,http://k8s-forkfind-forkfind-8e65d48af1-1990260306.us-east-1.elb.amazonaws.com/restaurants/20/reviews,75,0,0
1777595088622,17961,01 - POST /auth/user/login,200,OK,Virtual Users [500 threads] 1-189,text,true,,406,363,88,88,http://k8s-forkfind-forkfind-8e65d48af1-1990260306.us-east-1.elb.amazonaws.com/auth/user/login,17961,0,68
1777595106584,76,02 - GET /restaurants (search),200,OK,Virtual Users [500 threads] 1-189,text,true,,790,436,89,89,http://k8s-forkfind-forkfind-8e65d48af1-1990260306.us-east-1.elb.amazonaws.com/restaurants?q=pizza&limit=12&sort=rating,76,0,0
1777595106660,81,03 - POST /restaurants/20/reviews,201,Created,Virtual Users [500 threads] 1-189,text,true,,572,573,89,89,http://k8s-forkfind-forkfind-8e65d48af1-1990260306.us-east-1.elb.amazonaws.com/restaurants/20/reviews,81,0,0
1777595094741,12264,01 - POST /auth/user/login,200,OK,Virtual Users [500 threads] 1-223,text,true,,406,363,90,90,http://k8s-forkfind-forkfind-8e65d48af1-1990260306.us-east-1.elb.amazonaws.com/auth/user/login,12264,0,96
1777595107006,78,02 - GET /restaurants (search),200,OK,Virtual Users [500 threads] 1-223,text,true,,790,436,90,90,http://k8s-forkfind-forkfind-8e65d48af1-1990260306.us-east-1.elb.amazonaws.com/restaurants?q=pizza&limit=12&sort=rating,78,0,0
1777595107085,87,03 - POST /restaurants/20/reviews,201,Created,Virtual Users [500 threads] 1-223,text,true,,572,573,91,91,http://k8s-forkfind-forkfind-8e65d48af1-1990260306.us-east-1.elb.amazonaws.com/restaurants/20/reviews,87,0,0
1777595090245,16967,01 - POST /auth/user/login,200,OK,Virtual Users [500 threads] 1-198,text,true,,406,363,90,90,http://k8s-forkfind-forkfind-8e65d48af1-1990260306.us-east-1.elb.amazonaws.com/auth/user/login,16967,0,65
1777595107213,79,02 - GET /restaurants (search),200,OK,Virtual Users [500 threads] 1-198,text,true,,790,436,90,90,http://k8s-forkfind-forkfind-8e65d48af1-1990260306.us-east-1.elb.amazonaws.com/restaurants?q=pizza&limit=12&sort=rating,79,0,0
1777595092047,15246,01 - POST /auth/user/login,200,OK,Virtual Users [500 threads] 1-208,text,true,,406,363,90,90,http://k8s-forkfind-forkfind-8e65d48af1-1990260306.us-east-1.elb.amazonaws.com/auth/user/login,15246,0,66
1777595107294,78,02 - GET /restaurants (search),200,OK,Virtual Users [500 threads] 1-208,text,true,,790,436,91,91,http://k8s-forkfind-forkfind-8e65d48af1-1990260306.us-east-1.elb.amazonaws.com/restaurants?q=pizza&limit=12&sort=rating,78,0,0
1777595107293,104,03 - POST /restaurants/20/reviews,201,Created,Virtual Users [500 threads] 1-198,text,true,,572,573,91,91,http://k8s-forkfind-forkfind-8e65d48af1-1990260306.us-east-1.elb.amazonaws.com/restaurants/20/reviews,104,0,0
1777595107373,78,03 - POST /restaurants/20/reviews,201,Created,Virtual Users [500 threads] 1-208,text,true,,572,573,90,90,http://k8s-forkfind-forkfind-8e65d48af1-1990260306.us-east-1.elb.amazonaws.com/restaurants/20/reviews,78,0,0
1777595094923,12889,01 - POST /auth/user/login,200,OK,Virtual Users [500 threads] 1-224,text,true,,406,363,91,91,http://k8s-forkfind-forkfind-8e65d48af1-1990260306.us-east-1.elb.amazonaws.com/auth/user/login,12889,0,69
1777595107813,78,02 - GET /restaurants (search),200,OK,Virtual Users [500 threads] 1-224,text,true,,790,436,92,92,http://k8s-forkfind-forkfind-8e65d48af1-1990260306.us-east-1.elb.amazonaws.com/restaurants?q=pizza&limit=12&sort=rating,78,0,0
1777595091681,16238,01 - POST /auth/user/login,200,OK,Virtual Users [500 threads] 1-206,text,true,,406,363,92,92,http://k8s-forkfind-forkfind-8e65d48af1-1990260306.us-east-1.elb.amazonaws.com/auth/user/login,16238,0,66
1777595107920,85,02 - GET /restaurants (search),200,OK,Virtual Users [500 threads] 1-206,text,true,,790,436,92,92,http://k8s-forkfind-forkfind-8e65d48af1-1990260306.us-east-1.elb.amazonaws.com/restaurants?q=pizza&limit=12&sort=rating,85,0,0
1777595107891,114,03 - POST /restaurants/20/reviews,201,Created,Virtual Users [500 threads] 1-224,text,true,,572,573,92,92,http://k8s-forkfind-forkfind-8e65d48af1-1990260306.us-east-1.elb.amazonaws.com/restaurants/20/reviews,114,0,0
1777595108005,96,03 - POST /restaurants/20/reviews,201,Created,Virtual Users [500 threads] 1-206,text,true,,572,573,92,92,http://k8s-forkfind-forkfind-8e65d48af1-1990260306.us-east-1.elb.amazonaws.com/restaurants/20/reviews,96,0,0
1777595090964,17437,01 - POST /auth/user/login,200,OK,Virtual Users [500 threads] 1-202,text,true,,406,363,92,92,http://k8s-forkfind-forkfind-8e65d48af1-1990260306.us-east-1.elb.amazonaws.com/auth/user/login,17437,0,64
1777595108402,89,02 - GET /restaurants (search),200,OK,Virtual Users [500 threads] 1-202,text,true,,790,436,93,93,http://k8s-forkfind-forkfind-8e65d48af1-1990260306.us-east-1.elb.amazonaws.com/restaurants?q=pizza&limit=12&sort=rating,89,0,0
1777595108492,112,03 - POST /restaurants/20/reviews,201,Created,Virtual Users [500 threads] 1-202,text,true,,572,573,93,93,http://k8s-forkfind-forkfind-8e65d48af1-1990260306.us-east-1.elb.amazonaws.com/restaurants/20/reviews,112,0,0
1777595089886,18786,01 - POST /auth/user/login,200,OK,Virtual Users [500 threads] 1-196,text,true,,406,363,93,93,http://k8s-forkfind-forkfind-8e65d48af1-1990260306.us-east-1.elb.amazonaws.com/auth/user/login,18786,0,65
1777595108673,77,02 - GET /restaurants (search),200,OK,Virtual Users [500 threads] 1-196,text,true,,790,436,93,93,http://k8s-forkfind-forkfind-8e65d48af1-1990260306.us-east-1.elb.amazonaws.com/restaurants?q=pizza&limit=12&sort=rating,77,0,0
1777595108751,101,03 - POST /restaurants/20/reviews,201,Created,Virtual Users [500 threads] 1-196,text,true,,572,573,94,94,http://k8s-forkfind-forkfind-8e65d48af1-1990260306.us-east-1.elb.amazonaws.com/restaurants/20/reviews,101,0,0
1777595101766,7751,01 - POST /auth/user/login,200,OK,Virtual Users [500 threads] 1-262,text,true,,406,363,97,97,http://k8s-forkfind-forkfind-8e65d48af1-1990260306.us-east-1.elb.amazonaws.com/auth/user/login,7751,0,81
1777595087545,21972,01 - POST /auth/user/login,200,OK,Virtual Users [500 threads] 1-183,text,true,,406,363,97,97,http://k8s-forkfind-forkfind-8e65d48af1-1990260306.us-east-1.elb.amazonaws.com/auth/user/login,21972,0,83
1777595109518,77,02 - GET /restaurants (search),200,OK,Virtual Users [500 threads] 1-262,text,true,,790,436,97,97,http://k8s-forkfind-forkfind-8e65d48af1-1990260306.us-east-1.elb.amazonaws.com/restaurants?q=pizza&limit=12&sort=rating,77,0,0
1777595109519,77,02 - GET /restaurants (search),200,OK,Virtual Users [500 threads] 1-183,text,true,,790,436,97,97,http://k8s-forkfind-forkfind-8e65d48af1-1990260306.us-east-1.elb.amazonaws.com/restaurants?q=pizza&limit=12&sort=rating,77,0,0
1777595109596,103,03 - POST /restaurants/20/reviews,201,Created,Virtual Users [500 threads] 1-183,text,true,,572,573,98,98,http://k8s-forkfind-forkfind-8e65d48af1-1990260306.us-east-1.elb.amazonaws.com/restaurants/20/reviews,103,0,0
1777595109596,103,03 - POST /restaurants/20/reviews,201,Created,Virtual Users [500 threads] 1-262,text,true,,572,573,98,98,http://k8s-forkfind-forkfind-8e65d48af1-1990260306.us-east-1.elb.amazonaws.com/restaurants/20/reviews,103,0,0
1777595092585,17119,01 - POST /auth/user/login,200,OK,Virtual Users [500 threads] 1-211,text,true,,406,363,96,96,http://k8s-forkfind-forkfind-8e65d48af1-1990260306.us-east-1.elb.amazonaws.com/auth/user/login,17119,0,64
1777595088982,20743,01 - POST /auth/user/login,200,OK,Virtual Users [500 threads] 1-191,text,true,,406,363,96,96,http://k8s-forkfind-forkfind-8e65d48af1-1990260306.us-east-1.elb.amazonaws.com/auth/user/login,20743,0,65
1777595109705,76,02 - GET /restaurants (search),200,OK,Virtual Users [500 threads] 1-211,text,true,,790,436,96,96,http://k8s-forkfind-forkfind-8e65d48af1-1990260306.us-east-1.elb.amazonaws.com/restaurants?q=pizza&limit=12&sort=rating,76,0,0
1777595109725,80,02 - GET /restaurants (search),200,OK,Virtual Users [500 threads] 1-191,text,true,,790,436,96,96,http://k8s-forkfind-forkfind-8e65d48af1-1990260306.us-east-1.elb.amazonaws.com/restaurants?q=pizza&limit=12&sort=rating,80,0,0
1777595109782,119,03 - POST /restaurants/20/reviews,201,Created,Virtual Users [500 threads] 1-211,text,true,,572,573,97,97,http://k8s-forkfind-forkfind-8e65d48af1-1990260306.us-east-1.elb.amazonaws.com/restaurants/20/reviews,119,0,0
1777595109805,99,03 - POST /restaurants/20/reviews,201,Created,Virtual Users [500 threads] 1-191,text,true,,572,573,96,96,http://k8s-forkfind-forkfind-8e65d48af1-1990260306.us-east-1.elb.amazonaws.com/restaurants/20/reviews,99,0,0
1777595092765,17419,01 - POST /auth/user/login,200,OK,Virtual Users [500 threads] 1-212,text,true,,406,363,96,96,http://k8s-forkfind-forkfind-8e65d48af1-1990260306.us-east-1.elb.amazonaws.com/auth/user/login,17419,0,65
1777595090785,19410,01 - POST /auth/user/login,200,OK,Virtual Users [500 threads] 1-201,text,true,,406,363,96,96,http://k8s-forkfind-forkfind-8e65d48af1-1990260306.us-east-1.elb.amazonaws.com/auth/user/login,19410,0,68
1777595110185,83,02 - GET /restaurants (search),200,OK,Virtual Users [500 threads] 1-212,text,true,,790,436,97,97,http://k8s-forkfind-forkfind-8e65d48af1-1990260306.us-east-1.elb.amazonaws.com/restaurants?q=pizza&limit=12&sort=rating,83,0,0
1777595110196,86,02 - GET /restaurants (search),200,OK,Virtual Users [500 threads] 1-201,text,true,,790,436,97,97,http://k8s-forkfind-forkfind-8e65d48af1-1990260306.us-east-1.elb.amazonaws.com/restaurants?q=pizza&limit=12&sort=rating,86,0,0
1777595110268,82,03 - POST /restaurants/20/reviews,201,Created,Virtual Users [500 threads] 1-212,text,true,,572,573,97,97,http://k8s-forkfind-forkfind-8e65d48af1-1990260306.us-east-1.elb.amazonaws.com/restaurants/20/reviews,82,0,0
1777595110282,118,03 - POST /restaurants/20/reviews,201,Created,Virtual Users [500 threads] 1-201,text,true,,572,573,96,96,http://k8s-forkfind-forkfind-8e65d48af1-1990260306.us-east-1.elb.amazonaws.com/restaurants/20/reviews,118,0,0
1777595094561,16363,01 - POST /auth/user/login,200,OK,Virtual Users [500 threads] 1-222,text,true,,406,363,98,98,http://k8s-forkfind-forkfind-8e65d48af1-1990260306.us-east-1.elb.amazonaws.com/auth/user/login,16363,0,64
1777595110925,78,02 - GET /restaurants (search),200,OK,Virtual Users [500 threads] 1-222,text,true,,790,436,99,99,http://k8s-forkfind-forkfind-8e65d48af1-1990260306.us-east-1.elb.amazonaws.com/restaurants?q=pizza&limit=12&sort=rating,78,0,0
1777595111003,102,03 - POST /restaurants/20/reviews,201,Created,Virtual Users [500 threads] 1-222,text,true,,572,573,99,99,http://k8s-forkfind-forkfind-8e65d48af1-1990260306.us-east-1.elb.amazonaws.com/restaurants/20/reviews,102,0,0
1777595103206,8009,01 - POST /auth/user/login,200,OK,Virtual Users [500 threads] 1-270,text,true,,406,363,99,99,http://k8s-forkfind-forkfind-8e65d48af1-1990260306.us-east-1.elb.amazonaws.com/auth/user/login,8009,0,73
1777595093481,17805,01 - POST /auth/user/login,200,OK,Virtual Users [500 threads] 1-216,text,true,,406,363,99,99,http://k8s-forkfind-forkfind-8e65d48af1-1990260306.us-east-1.elb.amazonaws.com/auth/user/login,17805,0,67
1777595111216,75,02 - GET /restaurants (search),200,OK,Virtual Users [500 threads] 1-270,text,true,,790,436,99,99,http://k8s-forkfind-forkfind-8e65d48af1-1990260306.us-east-1.elb.amazonaws.com/restaurants?q=pizza&limit=12&sort=rating,75,0,0
1777595093665,17651,01 - POST /auth/user/login,200,OK,Virtual Users [500 threads] 1-217,text,true,,406,363,100,100,http://k8s-forkfind-forkfind-8e65d48af1-1990260306.us-east-1.elb.amazonaws.com/auth/user/login,17651,0,63
1777595111287,74,02 - GET /restaurants (search),200,OK,Virtual Users [500 threads] 1-216,text,true,,790,436,100,100,http://k8s-forkfind-forkfind-8e65d48af1-1990260306.us-east-1.elb.amazonaws.com/restaurants?q=pizza&limit=12&sort=rating,74,0,0
1777595111317,78,02 - GET /restaurants (search),200,OK,Virtual Users [500 threads] 1-217,text,true,,790,436,100,100,http://k8s-forkfind-forkfind-8e65d48af1-1990260306.us-east-1.elb.amazonaws.com/restaurants?q=pizza&limit=12&sort=rating,78,0,0
1777595111292,106,03 - POST /restaurants/20/reviews,201,Created,Virtual Users [500 threads] 1-270,text,true,,572,573,100,100,http://k8s-forkfind-forkfind-8e65d48af1-1990260306.us-east-1.elb.amazonaws.com/restaurants/20/reviews,106,0,0
1777595111362,82,03 - POST /restaurants/20/reviews,201,Created,Virtual Users [500 threads] 1-216,text,true,,572,573,99,99,http://k8s-forkfind-forkfind-8e65d48af1-1990260306.us-east-1.elb.amazonaws.com/restaurants/20/reviews,82,0,0
1777595111396,109,03 - POST /restaurants/20/reviews,201,Created,Virtual Users [500 threads] 1-217,text,true,,572,573,99,99,http://k8s-forkfind-forkfind-8e65d48af1-1990260306.us-east-1.elb.amazonaws.com/restaurants/20/reviews,109,0,0
1777595090425,21088,01 - POST /auth/user/login,200,OK,Virtual Users [500 threads] 1-199,text,true,,406,363,98,98,http://k8s-forkfind-forkfind-8e65d48af1-1990260306.us-east-1.elb.amazonaws.com/auth/user/login,21088,0,66
1777595111513,72,02 - GET /restaurants (search),200,OK,Virtual Users [500 threads] 1-199,text,true,,790,436,98,98,http://k8s-forkfind-forkfind-8e65d48af1-1990260306.us-east-1.elb.amazonaws.com/restaurants?q=pizza&limit=12&sort=rating,72,0,0
1777595096005,15596,01 - POST /auth/user/login,200,OK,Virtual Users [500 threads] 1-230,text,true,,406,363,98,98,http://k8s-forkfind-forkfind-8e65d48af1-1990260306.us-east-1.elb.amazonaws.com/auth/user/login,15596,0,64
1777595111586,81,03 - POST /restaurants/20/reviews,201,Created,Virtual Users [500 threads] 1-199,text,true,,572,573,99,99,http://k8s-forkfind-forkfind-8e65d48af1-1990260306.us-east-1.elb.amazonaws.com/restaurants/20/reviews,81,0,0
1777595111601,75,02 - GET /restaurants (search),200,OK,Virtual Users [500 threads] 1-230,text,true,,790,436,98,98,http://k8s-forkfind-forkfind-8e65d48af1-1990260306.us-east-1.elb.amazonaws.com/restaurants?q=pizza&limit=12&sort=rating,75,0,0
1777595089526,22189,01 - POST /auth/user/login,200,OK,Virtual Users [500 threads] 1-194,text,true,,406,363,98,98,http://k8s-forkfind-forkfind-8e65d48af1-1990260306.us-east-1.elb.amazonaws.com/auth/user/login,22189,0,123
1777595096726,14990,01 - POST /auth/user/login,200,OK,Virtual Users [500 threads] 1-234,text,true,,406,363,98,98,http://k8s-forkfind-forkfind-8e65d48af1-1990260306.us-east-1.elb.amazonaws.com/auth/user/login,14990,0,65
1777595111677,76,03 - POST /restaurants/20/reviews,201,Created,Virtual Users [500 threads] 1-230,text,true,,572,573,98,98,http://k8s-forkfind-forkfind-8e65d48af1-1990260306.us-east-1.elb.amazonaws.com/restaurants/20/reviews,76,0,0
1777595111716,79,02 - GET /restaurants (search),200,OK,Virtual Users [500 threads] 1-194,text,true,,790,436,97,97,http://k8s-forkfind-forkfind-8e65d48af1-1990260306.us-east-1.elb.amazonaws.com/restaurants?q=pizza&limit=12&sort=rating,79,0,0
1777595111716,80,02 - GET /restaurants (search),200,OK,Virtual Users [500 threads] 1-234,text,true,,790,436,97,97,http://k8s-forkfind-forkfind-8e65d48af1-1990260306.us-east-1.elb.amazonaws.com/restaurants?q=pizza&limit=12&sort=rating,80,0,0
1777595111797,82,03 - POST /restaurants/20/reviews,201,Created,Virtual Users [500 threads] 1-194,text,true,,572,573,98,98,http://k8s-forkfind-forkfind-8e65d48af1-1990260306.us-east-1.elb.amazonaws.com/restaurants/20/reviews,82,0,0
1777595111797,82,03 - POST /restaurants/20/reviews,201,Created,Virtual Users [500 threads] 1-234,text,true,,572,573,98,98,http://k8s-forkfind-forkfind-8e65d48af1-1990260306.us-east-1.elb.amazonaws.com/restaurants/20/reviews,82,0,0
1777595095107,16775,01 - POST /auth/user/login,200,OK,Virtual Users [500 threads] 1-225,text,true,,406,363,96,96,http://k8s-forkfind-forkfind-8e65d48af1-1990260306.us-east-1.elb.amazonaws.com/auth/user/login,16775,0,73
1777595111882,72,02 - GET /restaurants (search),200,OK,Virtual Users [500 threads] 1-225,text,true,,790,436,96,96,http://k8s-forkfind-forkfind-8e65d48af1-1990260306.us-east-1.elb.amazonaws.com/restaurants?q=pizza&limit=12&sort=rating,72,0,0
1777595111955,101,03 - POST /restaurants/20/reviews,201,Created,Virtual Users [500 threads] 1-225,text,true,,572,573,97,97,http://k8s-forkfind-forkfind-8e65d48af1-1990260306.us-east-1.elb.amazonaws.com/restaurants/20/reviews,101,0,0
1777595092945,19258,01 - POST /auth/user/login,200,OK,Virtual Users [500 threads] 1-213,text,true,,406,363,96,96,http://k8s-forkfind-forkfind-8e65d48af1-1990260306.us-east-1.elb.amazonaws.com/auth/user/login,19258,0,63
1777595112204,78,02 - GET /restaurants (search),200,OK,Virtual Users [500 threads] 1-213,text,true,,790,436,97,97,http://k8s-forkfind-forkfind-8e65d48af1-1990260306.us-east-1.elb.amazonaws.com/restaurants?q=pizza&limit=12&sort=rating,78,0,0
1777595096547,15773,01 - POST /auth/user/login,200,OK,Virtual Users [500 threads] 1-233,text,true,,406,363,97,97,http://k8s-forkfind-forkfind-8e65d48af1-1990260306.us-east-1.elb.amazonaws.com/auth/user/login,15773,0,65
1777595112283,121,03 - POST /restaurants/20/reviews,201,Created,Virtual Users [500 threads] 1-213,text,true,,572,573,98,98,http://k8s-forkfind-forkfind-8e65d48af1-1990260306.us-east-1.elb.amazonaws.com/restaurants/20/reviews,121,0,0
1777595112320,95,02 - GET /restaurants (search),200,OK,Virtual Users [500 threads] 1-233,text,true,,790,436,97,97,http://k8s-forkfind-forkfind-8e65d48af1-1990260306.us-east-1.elb.amazonaws.com/restaurants?q=pizza&limit=12&sort=rating,95,0,0
1777595094025,18395,01 - POST /auth/user/login,200,OK,Virtual Users [500 threads] 1-219,text,true,,406,363,97,97,http://k8s-forkfind-forkfind-8e65d48af1-1990260306.us-east-1.elb.amazonaws.com/auth/user/login,18395,0,65
1777595112421,90,02 - GET /restaurants (search),200,OK,Virtual Users [500 threads] 1-219,text,true,,790,436,97,97,http://k8s-forkfind-forkfind-8e65d48af1-1990260306.us-east-1.elb.amazonaws.com/restaurants?q=pizza&limit=12&sort=rating,90,0,0
1777595112415,129,03 - POST /restaurants/20/reviews,201,Created,Virtual Users [500 threads] 1-233,text,true,,572,573,97,97,http://k8s-forkfind-forkfind-8e65d48af1-1990260306.us-east-1.elb.amazonaws.com/restaurants/20/reviews,129,0,0
1777595112512,111,03 - POST /restaurants/20/reviews,201,Created,Virtual Users [500 threads] 1-219,text,true,,572,573,97,97,http://k8s-forkfind-forkfind-8e65d48af1-1990260306.us-east-1.elb.amazonaws.com/restaurants/20/reviews,111,0,0
1777595101943,10791,01 - POST /auth/user/login,200,OK,Virtual Users [500 threads] 1-263,text,true,,406,363,96,96,http://k8s-forkfind-forkfind-8e65d48af1-1990260306.us-east-1.elb.amazonaws.com/auth/user/login,10791,0,151
1777595112735,107,02 - GET /restaurants (search),200,OK,Virtual Users [500 threads] 1-263,text,true,,790,436,97,97,http://k8s-forkfind-forkfind-8e65d48af1-1990260306.us-east-1.elb.amazonaws.com/restaurants?q=pizza&limit=12&sort=rating,107,0,0
1777595112843,104,03 - POST /restaurants/20/reviews,201,Created,Virtual Users [500 threads] 1-263,text,true,,572,573,98,98,http://k8s-forkfind-forkfind-8e65d48af1-1990260306.us-east-1.elb.amazonaws.com/restaurants/20/reviews,104,0,0
1777595097443,15565,01 - POST /auth/user/login,200,OK,Virtual Users [500 threads] 1-238,text,true,,406,363,97,97,http://k8s-forkfind-forkfind-8e65d48af1-1990260306.us-east-1.elb.amazonaws.com/auth/user/login,15564,0,68
1777595113008,83,02 - GET /restaurants (search),200,OK,Virtual Users [500 threads] 1-238,text,true,,790,436,97,97,http://k8s-forkfind-forkfind-8e65d48af1-1990260306.us-east-1.elb.amazonaws.com/restaurants?q=pizza&limit=12&sort=rating,82,0,0
1777595113091,117,03 - POST /restaurants/20/reviews,201,Created,Virtual Users [500 threads] 1-238,text,true,,572,573,98,98,http://k8s-forkfind-forkfind-8e65d48af1-1990260306.us-east-1.elb.amazonaws.com/restaurants/20/reviews,117,0,0
1777595096185,17339,01 - POST /auth/user/login,200,OK,Virtual Users [500 threads] 1-231,text,true,,406,363,99,99,http://k8s-forkfind-forkfind-8e65d48af1-1990260306.us-east-1.elb.amazonaws.com/auth/user/login,17339,0,65
1777595092225,21306,01 - POST /auth/user/login,200,OK,Virtual Users [500 threads] 1-209,text,true,,406,363,99,99,http://k8s-forkfind-forkfind-8e65d48af1-1990260306.us-east-1.elb.amazonaws.com/auth/user/login,21306,0,65
1777595113524,74,02 - GET /restaurants (search),200,OK,Virtual Users [500 threads] 1-231,text,true,,790,436,99,99,http://k8s-forkfind-forkfind-8e65d48af1-1990260306.us-east-1.elb.amazonaws.com/restaurants?q=pizza&limit=12&sort=rating,74,0,0
1777595113532,79,02 - GET /restaurants (search),200,OK,Virtual Users [500 threads] 1-209,text,true,,790,436,99,99,http://k8s-forkfind-forkfind-8e65d48af1-1990260306.us-east-1.elb.amazonaws.com/restaurants?q=pizza&limit=12&sort=rating,79,0,0
1777595113611,91,03 - POST /restaurants/20/reviews,201,Created,Virtual Users [500 threads] 1-209,text,true,,572,573,100,100,http://k8s-forkfind-forkfind-8e65d48af1-1990260306.us-east-1.elb.amazonaws.com/restaurants/20/reviews,91,0,0
1777595113598,104,03 - POST /restaurants/20/reviews,201,Created,Virtual Users [500 threads] 1-231,text,true,,572,573,100,100,http://k8s-forkfind-forkfind-8e65d48af1-1990260306.us-east-1.elb.amazonaws.com/restaurants/20/reviews,104,0,0
1777595091863,22443,01 - POST /auth/user/login,200,OK,Virtual Users [500 threads] 1-207,text,true,,406,363,101,101,http://k8s-forkfind-forkfind-8e65d48af1-1990260306.us-east-1.elb.amazonaws.com/auth/user/login,22443,0,65
1777595114308,116,02 - GET /restaurants (search),200,OK,Virtual Users [500 threads] 1-207,text,true,,790,436,102,102,http://k8s-forkfind-forkfind-8e65d48af1-1990260306.us-east-1.elb.amazonaws.com/restaurants?q=pizza&limit=12&sort=rating,116,0,0
1777595102485,12041,01 - POST /auth/user/login,200,OK,Virtual Users [500 threads] 1-266,text,true,,406,363,102,102,http://k8s-forkfind-forkfind-8e65d48af1-1990260306.us-east-1.elb.amazonaws.com/auth/user/login,12041,0,71
1777595114425,120,03 - POST /restaurants/20/reviews,201,Created,Virtual Users [500 threads] 1-207,text,true,,572,573,103,103,http://k8s-forkfind-forkfind-8e65d48af1-1990260306.us-east-1.elb.amazonaws.com/restaurants/20/reviews,120,0,0
1777595114528,84,02 - GET /restaurants (search),200,OK,Virtual Users [500 threads] 1-266,text,true,,790,436,102,102,http://k8s-forkfind-forkfind-8e65d48af1-1990260306.us-east-1.elb.amazonaws.com/restaurants?q=pizza&limit=12&sort=rating,84,0,0
1777595114613,122,03 - POST /restaurants/20/reviews,201,Created,Virtual Users [500 threads] 1-266,text,true,,572,573,103,103,http://k8s-forkfind-forkfind-8e65d48af1-1990260306.us-east-1.elb.amazonaws.com/restaurants/20/reviews,122,0,0
1777595100324,14471,01 - POST /auth/user/login,200,OK,Virtual Users [500 threads] 1-254,text,true,,406,363,102,102,http://k8s-forkfind-forkfind-8e65d48af1-1990260306.us-east-1.elb.amazonaws.com/auth/user/login,14471,0,65
1777595093301,21523,01 - POST /auth/user/login,200,OK,Virtual Users [500 threads] 1-215,text,true,,406,363,102,102,http://k8s-forkfind-forkfind-8e65d48af1-1990260306.us-east-1.elb.amazonaws.com/auth/user/login,21523,0,65
1777595114826,102,02 - GET /restaurants (search),200,OK,Virtual Users [500 threads] 1-215,text,true,,790,436,103,103,http://k8s-forkfind-forkfind-8e65d48af1-1990260306.us-east-1.elb.amazonaws.com/restaurants?q=pizza&limit=12&sort=rating,102,0,0
1777595114796,143,02 - GET /restaurants (search),200,OK,Virtual Users [500 threads] 1-254,text,true,,790,436,103,103,http://k8s-forkfind-forkfind-8e65d48af1-1990260306.us-east-1.elb.amazonaws.com/restaurants?q=pizza&limit=12&sort=rating,143,0,0
1777595114929,108,03 - POST /restaurants/20/reviews,201,Created,Virtual Users [500 threads] 1-215,text,true,,572,573,103,103,http://k8s-forkfind-forkfind-8e65d48af1-1990260306.us-east-1.elb.amazonaws.com/restaurants/20/reviews,108,0,0
1777595114940,97,03 - POST /restaurants/20/reviews,201,Created,Virtual Users [500 threads] 1-254,text,true,,572,573,103,103,http://k8s-forkfind-forkfind-8e65d48af1-1990260306.us-east-1.elb.amazonaws.com/restaurants/20/reviews,97,0,0
1777595094381,20900,01 - POST /auth/user/login,200,OK,Virtual Users [500 threads] 1-221,text,true,,406,363,103,103,http://k8s-forkfind-forkfind-8e65d48af1-1990260306.us-east-1.elb.amazonaws.com/auth/user/login,20900,0,65
1777595097626,17707,01 - POST /auth/user/login,200,OK,Virtual Users [500 threads] 1-239,text,true,,406,363,103,103,http://k8s-forkfind-forkfind-8e65d48af1-1990260306.us-east-1.elb.amazonaws.com/auth/user/login,17707,0,67
1777595115283,82,02 - GET /restaurants (search),200,OK,Virtual Users [500 threads] 1-221,text,true,,790,436,103,103,http://k8s-forkfind-forkfind-8e65d48af1-1990260306.us-east-1.elb.amazonaws.com/restaurants?q=pizza&limit=12&sort=rating,82,0,0
1777595098886,16483,01 - POST /auth/user/login,200,OK,Virtual Users [500 threads] 1-246,text,true,,406,363,103,103,http://k8s-forkfind-forkfind-8e65d48af1-1990260306.us-east-1.elb.amazonaws.com/auth/user/login,16483,0,385
1777595097803,17602,01 - POST /auth/user/login,200,OK,Virtual Users [500 threads] 1-240,text,true,,406,363,103,103,http://k8s-forkfind-forkfind-8e65d48af1-1990260306.us-east-1.elb.amazonaws.com/auth/user/login,17602,0,65
1777595115334,76,02 - GET /restaurants (search),200,OK,Virtual Users [500 threads] 1-239,text,true,,790,436,103,103,http://k8s-forkfind-forkfind-8e65d48af1-1990260306.us-east-1.elb.amazonaws.com/restaurants?q=pizza&limit=12&sort=rating,76,0,0
1777595100146,15267,01 - POST /auth/user/login,200,OK,Virtual Users [500 threads] 1-253,text,true,,406,363,103,103,http://k8s-forkfind-forkfind-8e65d48af1-1990260306.us-east-1.elb.amazonaws.com/auth/user/login,15267,0,177
1777595115369,82,02 - GET /restaurants (search),200,OK,Virtual Users [500 threads] 1-246,text,true,,790,436,104,104,http://k8s-forkfind-forkfind-8e65d48af1-1990260306.us-east-1.elb.amazonaws.com/restaurants?q=pizza&limit=12&sort=rating,82,0,0
1777595115365,86,03 - POST /restaurants/20/reviews,201,Created,Virtual Users [500 threads] 1-221,text,true,,572,573,104,104,http://k8s-forkfind-forkfind-8e65d48af1-1990260306.us-east-1.elb.amazonaws.com/restaurants/20/reviews,86,0,0
1777595115405,114,02 - GET /restaurants (search),200,OK,Virtual Users [500 threads] 1-240,text,true,,790,436,103,103,http://k8s-forkfind-forkfind-8e65d48af1-1990260306.us-east-1.elb.amazonaws.com/restaurants?q=pizza&limit=12&sort=rating,114,0,0
1777595093845,21673,01 - POST /auth/user/login,200,OK,Virtual Users [500 threads] 1-218,text,true,,406,363,103,103,http://k8s-forkfind-forkfind-8e65d48af1-1990260306.us-east-1.elb.amazonaws.com/auth/user/login,21673,0,64
1777595115410,111,03 - POST /restaurants/20/reviews,201,Created,Virtual Users [500 threads] 1-239,text,true,,572,573,103,103,http://k8s-forkfind-forkfind-8e65d48af1-1990260306.us-east-1.elb.amazonaws.com/restaurants/20/reviews,110,0,0
1777595115414,107,02 - GET /restaurants (search),200,OK,Virtual Users [500 threads] 1-253,text,true,,790,436,103,103,http://k8s-forkfind-forkfind-8e65d48af1-1990260306.us-east-1.elb.amazonaws.com/restaurants?q=pizza&limit=12&sort=rating,106,0,0
1777595115451,91,03 - POST /restaurants/20/reviews,201,Created,Virtual Users [500 threads] 1-246,text,true,,572,573,102,102,http://k8s-forkfind-forkfind-8e65d48af1-1990260306.us-east-1.elb.amazonaws.com/restaurants/20/reviews,91,0,0
1777595115520,90,02 - GET /restaurants (search),200,OK,Virtual Users [500 threads] 1-218,text,true,,790,436,101,101,http://k8s-forkfind-forkfind-8e65d48af1-1990260306.us-east-1.elb.amazonaws.com/restaurants?q=pizza&limit=12&sort=rating,90,0,0
1777595115521,118,03 - POST /restaurants/20/reviews,201,Created,Virtual Users [500 threads] 1-253,text,true,,572,573,102,102,http://k8s-forkfind-forkfind-8e65d48af1-1990260306.us-east-1.elb.amazonaws.com/restaurants/20/reviews,118,0,0
1777595115519,120,03 - POST /restaurants/20/reviews,201,Created,Virtual Users [500 threads] 1-240,text,true,,572,573,102,102,http://k8s-forkfind-forkfind-8e65d48af1-1990260306.us-east-1.elb.amazonaws.com/restaurants/20/reviews,120,0,0
1777595115610,82,03 - POST /restaurants/20/reviews,201,Created,Virtual Users [500 threads] 1-218,text,true,,572,573,100,100,http://k8s-forkfind-forkfind-8e65d48af1-1990260306.us-east-1.elb.amazonaws.com/restaurants/20/reviews,82,0,0
1777595094202,21951,01 - POST /auth/user/login,200,OK,Virtual Users [500 threads] 1-220,text,true,,406,363,101,101,http://k8s-forkfind-forkfind-8e65d48af1-1990260306.us-east-1.elb.amazonaws.com/auth/user/login,21951,0,65
1777595097267,18887,01 - POST /auth/user/login,200,OK,Virtual Users [500 threads] 1-237,text,true,,406,363,101,101,http://k8s-forkfind-forkfind-8e65d48af1-1990260306.us-east-1.elb.amazonaws.com/auth/user/login,18887,0,71
1777595099423,16731,01 - POST /auth/user/login,200,OK,Virtual Users [500 threads] 1-249,text,true,,406,363,101,101,http://k8s-forkfind-forkfind-8e65d48af1-1990260306.us-east-1.elb.amazonaws.com/auth/user/login,16731,0,383
1777595116155,78,02 - GET /restaurants (search),200,OK,Virtual Users [500 threads] 1-220,text,true,,790,436,102,102,http://k8s-forkfind-forkfind-8e65d48af1-1990260306.us-east-1.elb.amazonaws.com/restaurants?q=pizza&limit=12&sort=rating,78,0,0
1777595116155,78,02 - GET /restaurants (search),200,OK,Virtual Users [500 threads] 1-249,text,true,,790,436,102,102,http://k8s-forkfind-forkfind-8e65d48af1-1990260306.us-east-1.elb.amazonaws.com/restaurants?q=pizza&limit=12&sort=rating,78,0,0
1777595116155,78,02 - GET /restaurants (search),200,OK,Virtual Users [500 threads] 1-237,text,true,,790,436,102,102,http://k8s-forkfind-forkfind-8e65d48af1-1990260306.us-east-1.elb.amazonaws.com/restaurants?q=pizza&limit=12&sort=rating,78,0,0
1777595116234,95,03 - POST /restaurants/20/reviews,201,Created,Virtual Users [500 threads] 1-237,text,true,,572,573,102,102,http://k8s-forkfind-forkfind-8e65d48af1-1990260306.us-east-1.elb.amazonaws.com/restaurants/20/reviews,95,0,0
1777595116234,95,03 - POST /restaurants/20/reviews,201,Created,Virtual Users [500 threads] 1-220,text,true,,572,573,102,102,http://k8s-forkfind-forkfind-8e65d48af1-1990260306.us-east-1.elb.amazonaws.com/restaurants/20/reviews,95,0,0
1777595116234,95,03 - POST /restaurants/20/reviews,201,Created,Virtual Users [500 threads] 1-249,text,true,,572,573,102,102,http://k8s-forkfind-forkfind-8e65d48af1-1990260306.us-east-1.elb.amazonaws.com/restaurants/20/reviews,95,0,0
1777595098346,18349,01 - POST /auth/user/login,200,OK,Virtual Users [500 threads] 1-243,text,true,,406,363,101,101,http://k8s-forkfind-forkfind-8e65d48af1-1990260306.us-east-1.elb.amazonaws.com/auth/user/login,18349,0,141
1777595116697,74,02 - GET /restaurants (search),200,OK,Virtual Users [500 threads] 1-243,text,true,,790,436,102,102,http://k8s-forkfind-forkfind-8e65d48af1-1990260306.us-east-1.elb.amazonaws.com/restaurants?q=pizza&limit=12&sort=rating,74,0,0
1777595116771,92,03 - POST /restaurants/20/reviews,201,Created,Virtual Users [500 threads] 1-243,text,true,,572,573,102,102,http://k8s-forkfind-forkfind-8e65d48af1-1990260306.us-east-1.elb.amazonaws.com/restaurants/20/reviews,92,0,0
1777595096365,21017,01 - POST /auth/user/login,200,OK,Virtual Users [500 threads] 1-232,text,true,,406,363,104,104,http://k8s-forkfind-forkfind-8e65d48af1-1990260306.us-east-1.elb.amazonaws.com/auth/user/login,21017,0,66
1777595117383,72,02 - GET /restaurants (search),200,OK,Virtual Users [500 threads] 1-232,text,true,,790,436,105,105,http://k8s-forkfind-forkfind-8e65d48af1-1990260306.us-east-1.elb.amazonaws.com/restaurants?q=pizza&limit=12&sort=rating,72,0,0
1777595117456,91,03 - POST /restaurants/20/reviews,201,Created,Virtual Users [500 threads] 1-232,text,true,,572,573,105,105,http://k8s-forkfind-forkfind-8e65d48af1-1990260306.us-east-1.elb.amazonaws.com/restaurants/20/reviews,91,0,0
1777595099606,18021,01 - POST /auth/user/login,200,OK,Virtual Users [500 threads] 1-250,text,true,,406,363,105,105,http://k8s-forkfind-forkfind-8e65d48af1-1990260306.us-east-1.elb.amazonaws.com/auth/user/login,18021,0,200
1777595117628,88,02 - GET /restaurants (search),200,OK,Virtual Users [500 threads] 1-250,text,true,,790,436,105,105,http://k8s-forkfind-forkfind-8e65d48af1-1990260306.us-east-1.elb.amazonaws.com/restaurants?q=pizza&limit=12&sort=rating,88,0,0
1777595117717,88,03 - POST /restaurants/20/reviews,201,Created,Virtual Users [500 threads] 1-250,text,true,,572,573,106,106,http://k8s-forkfind-forkfind-8e65d48af1-1990260306.us-east-1.elb.amazonaws.com/restaurants/20/reviews,88,0,0
1777595095646,22326,01 - POST /auth/user/login,200,OK,Virtual Users [500 threads] 1-228,text,true,,406,363,106,106,http://k8s-forkfind-forkfind-8e65d48af1-1990260306.us-east-1.elb.amazonaws.com/auth/user/login,22326,0,65
1777595095827,22154,01 - POST /auth/user/login,200,OK,Virtual Users [500 threads] 1-229,text,true,,406,363,106,106,http://k8s-forkfind-forkfind-8e65d48af1-1990260306.us-east-1.elb.amazonaws.com/auth/user/login,22154,0,65
1777595117973,74,02 - GET /restaurants (search),200,OK,Virtual Users [500 threads] 1-228,text,true,,790,436,106,106,http://k8s-forkfind-forkfind-8e65d48af1-1990260306.us-east-1.elb.amazonaws.com/restaurants?q=pizza&limit=12&sort=rating,74,0,0
1777595117982,71,02 - GET /restaurants (search),200,OK,Virtual Users [500 threads] 1-229,text,true,,790,436,106,106,http://k8s-forkfind-forkfind-8e65d48af1-1990260306.us-east-1.elb.amazonaws.com/restaurants?q=pizza&limit=12&sort=rating,71,0,0
1777595118053,96,03 - POST /restaurants/20/reviews,201,Created,Virtual Users [500 threads] 1-229,text,true,,572,573,107,107,http://k8s-forkfind-forkfind-8e65d48af1-1990260306.us-east-1.elb.amazonaws.com/restaurants/20/reviews,96,0,0
1777595118048,101,03 - POST /restaurants/20/reviews,201,Created,Virtual Users [500 threads] 1-228,text,true,,572,573,107,107,http://k8s-forkfind-forkfind-8e65d48af1-1990260306.us-east-1.elb.amazonaws.com/restaurants/20/reviews,101,0,0
1777595102664,16120,01 - POST /auth/user/login,200,OK,Virtual Users [500 threads] 1-267,text,true,,406,363,108,108,http://k8s-forkfind-forkfind-8e65d48af1-1990260306.us-east-1.elb.amazonaws.com/auth/user/login,16119,0,65
1777595118786,70,02 - GET /restaurants (search),200,OK,Virtual Users [500 threads] 1-267,text,true,,790,436,108,108,http://k8s-forkfind-forkfind-8e65d48af1-1990260306.us-east-1.elb.amazonaws.com/restaurants?q=pizza&limit=12&sort=rating,70,0,0
1777595118857,90,03 - POST /restaurants/20/reviews,201,Created,Virtual Users [500 threads] 1-267,text,true,,572,573,109,109,http://k8s-forkfind-forkfind-8e65d48af1-1990260306.us-east-1.elb.amazonaws.com/restaurants/20/reviews,90,0,0
1777595104465,14651,01 - POST /auth/user/login,200,OK,Virtual Users [500 threads] 1-277,text,true,,406,363,109,109,http://k8s-forkfind-forkfind-8e65d48af1-1990260306.us-east-1.elb.amazonaws.com/auth/user/login,14651,0,65
1777595097983,21147,01 - POST /auth/user/login,200,OK,Virtual Users [500 threads] 1-241,text,true,,406,363,109,109,http://k8s-forkfind-forkfind-8e65d48af1-1990260306.us-east-1.elb.amazonaws.com/auth/user/login,21147,0,122
1777595119118,94,02 - GET /restaurants (search),200,OK,Virtual Users [500 threads] 1-277,text,true,,790,436,109,109,http://k8s-forkfind-forkfind-8e65d48af1-1990260306.us-east-1.elb.amazonaws.com/restaurants?q=pizza&limit=12&sort=rating,94,0,0
1777595119131,83,02 - GET /restaurants (search),200,OK,Virtual Users [500 threads] 1-241,text,true,,790,436,109,109,http://k8s-forkfind-forkfind-8e65d48af1-1990260306.us-east-1.elb.amazonaws.com/restaurants?q=pizza&limit=12&sort=rating,83,0,0
1777595119214,135,03 - POST /restaurants/20/reviews,201,Created,Virtual Users [500 threads] 1-241,text,true,,572,573,110,110,http://k8s-forkfind-forkfind-8e65d48af1-1990260306.us-east-1.elb.amazonaws.com/restaurants/20/reviews,135,0,0
1777595119212,137,03 - POST /restaurants/20/reviews,201,Created,Virtual Users [500 threads] 1-277,text,true,,572,573,110,110,http://k8s-forkfind-forkfind-8e65d48af1-1990260306.us-east-1.elb.amazonaws.com/restaurants/20/reviews,137,0,0
1777595103385,16041,01 - POST /auth/user/login,200,OK,Virtual Users [500 threads] 1-271,text,true,,406,363,109,109,http://k8s-forkfind-forkfind-8e65d48af1-1990260306.us-east-1.elb.amazonaws.com/auth/user/login,16041,0,65
1777595119428,97,02 - GET /restaurants (search),200,OK,Virtual Users [500 threads] 1-271,text,true,,790,436,109,109,http://k8s-forkfind-forkfind-8e65d48af1-1990260306.us-east-1.elb.amazonaws.com/restaurants?q=pizza&limit=12&sort=rating,97,0,0
1777595098701,20824,01 - POST /auth/user/login,200,OK,Virtual Users [500 threads] 1-245,text,true,,406,363,109,109,http://k8s-forkfind-forkfind-8e65d48af1-1990260306.us-east-1.elb.amazonaws.com/auth/user/login,20824,0,68
1777595119526,93,02 - GET /restaurants (search),200,OK,Virtual Users [500 threads] 1-245,text,true,,790,436,110,110,http://k8s-forkfind-forkfind-8e65d48af1-1990260306.us-east-1.elb.amazonaws.com/restaurants?q=pizza&limit=12&sort=rating,93,0,0
1777595119525,128,03 - POST /restaurants/20/reviews,201,Created,Virtual Users [500 threads] 1-271,text,true,,572,573,110,110,http://k8s-forkfind-forkfind-8e65d48af1-1990260306.us-east-1.elb.amazonaws.com/restaurants/20/reviews,128,0,0
1777595119620,125,03 - POST /restaurants/20/reviews,201,Created,Virtual Users [500 threads] 1-245,text,true,,572,573,109,109,http://k8s-forkfind-forkfind-8e65d48af1-1990260306.us-east-1.elb.amazonaws.com/restaurants/20/reviews,125,0,0
1777595100683,19239,01 - POST /auth/user/login,200,OK,Virtual Users [500 threads] 1-256,text,true,,406,363,109,109,http://k8s-forkfind-forkfind-8e65d48af1-1990260306.us-east-1.elb.amazonaws.com/auth/user/login,19239,0,164
1777595102126,17863,01 - POST /auth/user/login,200,OK,Virtual Users [500 threads] 1-264,text,true,,406,363,110,110,http://k8s-forkfind-forkfind-8e65d48af1-1990260306.us-east-1.elb.amazonaws.com/auth/user/login,17863,0,67
1777595119924,95,02 - GET /restaurants (search),200,OK,Virtual Users [500 threads] 1-256,text,true,,790,436,110,110,http://k8s-forkfind-forkfind-8e65d48af1-1990260306.us-east-1.elb.amazonaws.com/restaurants?q=pizza&limit=12&sort=rating,95,0,0
1777595119991,73,02 - GET /restaurants (search),200,OK,Virtual Users [500 threads] 1-264,text,true,,790,436,110,110,http://k8s-forkfind-forkfind-8e65d48af1-1990260306.us-east-1.elb.amazonaws.com/restaurants?q=pizza&limit=12&sort=rating,73,0,0
1777595120020,129,03 - POST /restaurants/20/reviews,201,Created,Virtual Users [500 threads] 1-256,text,true,,572,573,111,111,http://k8s-forkfind-forkfind-8e65d48af1-1990260306.us-east-1.elb.amazonaws.com/restaurants/20/reviews,129,0,0
1777595120065,84,03 - POST /restaurants/20/reviews,201,Created,Virtual Users [500 threads] 1-264,text,true,,572,573,111,111,http://k8s-forkfind-forkfind-8e65d48af1-1990260306.us-east-1.elb.amazonaws.com/restaurants/20/reviews,84,0,0
1777595100506,19826,01 - POST /auth/user/login,200,OK,Virtual Users [500 threads] 1-255,text,true,,406,363,110,110,http://k8s-forkfind-forkfind-8e65d48af1-1990260306.us-east-1.elb.amazonaws.com/auth/user/login,19826,0,341
1777595099966,20366,01 - POST /auth/user/login,200,OK,Virtual Users [500 threads] 1-252,text,true,,406,363,110,110,http://k8s-forkfind-forkfind-8e65d48af1-1990260306.us-east-1.elb.amazonaws.com/auth/user/login,20366,0,357
1777595120334,99,02 - GET /restaurants (search),200,OK,Virtual Users [500 threads] 1-255,text,true,,790,436,110,110,http://k8s-forkfind-forkfind-8e65d48af1-1990260306.us-east-1.elb.amazonaws.com/restaurants?q=pizza&limit=12&sort=rating,98,0,0
1777595120334,98,02 - GET /restaurants (search),200,OK,Virtual Users [500 threads] 1-252,text,true,,790,436,110,110,http://k8s-forkfind-forkfind-8e65d48af1-1990260306.us-east-1.elb.amazonaws.com/restaurants?q=pizza&limit=12&sort=rating,98,0,0
1777595120433,115,03 - POST /restaurants/20/reviews,201,Created,Virtual Users [500 threads] 1-252,text,true,,572,573,111,111,http://k8s-forkfind-forkfind-8e65d48af1-1990260306.us-east-1.elb.amazonaws.com/restaurants/20/reviews,115,0,0
1777595120433,115,03 - POST /restaurants/20/reviews,201,Created,Virtual Users [500 threads] 1-255,text,true,,572,573,111,111,http://k8s-forkfind-forkfind-8e65d48af1-1990260306.us-east-1.elb.amazonaws.com/restaurants/20/reviews,115,0,0
1777595100866,19757,01 - POST /auth/user/login,200,OK,Virtual Users [500 threads] 1-257,text,true,,406,363,109,109,http://k8s-forkfind-forkfind-8e65d48af1-1990260306.us-east-1.elb.amazonaws.com/auth/user/login,19757,0,249
1777595096907,23802,01 - POST /auth/user/login,200,OK,Virtual Users [500 threads] 1-235,text,true,,406,363,110,110,http://k8s-forkfind-forkfind-8e65d48af1-1990260306.us-east-1.elb.amazonaws.com/auth/user/login,23802,0,70
1777595120625,96,02 - GET /restaurants (search),200,OK,Virtual Users [500 threads] 1-257,text,true,,790,436,110,110,http://k8s-forkfind-forkfind-8e65d48af1-1990260306.us-east-1.elb.amazonaws.com/restaurants?q=pizza&limit=12&sort=rating,96,0,0
1777595120710,80,02 - GET /restaurants (search),200,OK,Virtual Users [500 threads] 1-235,text,true,,790,436,110,110,http://k8s-forkfind-forkfind-8e65d48af1-1990260306.us-east-1.elb.amazonaws.com/restaurants?q=pizza&limit=12&sort=rating,80,0,0
1777595120722,83,03 - POST /restaurants/20/reviews,201,Created,Virtual Users [500 threads] 1-257,text,true,,572,573,110,110,http://k8s-forkfind-forkfind-8e65d48af1-1990260306.us-east-1.elb.amazonaws.com/restaurants/20/reviews,83,0,0
1777595120791,77,03 - POST /restaurants/20/reviews,201,Created,Virtual Users [500 threads] 1-235,text,true,,572,573,110,110,http://k8s-forkfind-forkfind-8e65d48af1-1990260306.us-east-1.elb.amazonaws.com/restaurants/20/reviews,77,0,0
1777595104285,17233,01 - POST /auth/user/login,200,OK,Virtual Users [500 threads] 1-276,text,true,,406,363,112,112,http://k8s-forkfind-forkfind-8e65d48af1-1990260306.us-east-1.elb.amazonaws.com/auth/user/login,17233,0,67
1777595097085,24502,01 - POST /auth/user/login,200,OK,Virtual Users [500 threads] 1-236,text,true,,406,363,113,113,http://k8s-forkfind-forkfind-8e65d48af1-1990260306.us-east-1.elb.amazonaws.com/auth/user/login,24502,0,69
1777595121521,111,02 - GET /restaurants (search),200,OK,Virtual Users [500 threads] 1-276,text,true,,790,436,113,113,http://k8s-forkfind-forkfind-8e65d48af1-1990260306.us-east-1.elb.amazonaws.com/restaurants?q=pizza&limit=12&sort=rating,111,0,0
1777595121589,75,02 - GET /restaurants (search),200,OK,Virtual Users [500 threads] 1-236,text,true,,790,436,113,113,http://k8s-forkfind-forkfind-8e65d48af1-1990260306.us-east-1.elb.amazonaws.com/restaurants?q=pizza&limit=12&sort=rating,75,0,0
1777595106985,14721,01 - POST /auth/user/login,200,OK,Virtual Users [500 threads] 1-291,text,true,,406,363,113,113,http://k8s-forkfind-forkfind-8e65d48af1-1990260306.us-east-1.elb.amazonaws.com/auth/user/login,14721,0,67
1777595099247,22470,01 - POST /auth/user/login,200,OK,Virtual Users [500 threads] 1-248,text,true,,406,363,113,113,http://k8s-forkfind-forkfind-8e65d48af1-1990260306.us-east-1.elb.amazonaws.com/auth/user/login,22470,0,65
1777595121632,94,03 - POST /restaurants/20/reviews,201,Created,Virtual Users [500 threads] 1-276,text,true,,572,573,113,113,http://k8s-forkfind-forkfind-8e65d48af1-1990260306.us-east-1.elb.amazonaws.com/restaurants/20/reviews,94,0,0
1777595121664,82,03 - POST /restaurants/20/reviews,201,Created,Virtual Users [500 threads] 1-236,text,true,,572,573,113,113,http://k8s-forkfind-forkfind-8e65d48af1-1990260306.us-east-1.elb.amazonaws.com/restaurants/20/reviews,82,0,0
1777595121708,98,02 - GET /restaurants (search),200,OK,Virtual Users [500 threads] 1-291,text,true,,790,436,112,112,http://k8s-forkfind-forkfind-8e65d48af1-1990260306.us-east-1.elb.amazonaws.com/restaurants?q=pizza&limit=12&sort=rating,98,0,0
1777595121718,88,02 - GET /restaurants (search),200,OK,Virtual Users [500 threads] 1-248,text,true,,790,436,112,112,http://k8s-forkfind-forkfind-8e65d48af1-1990260306.us-east-1.elb.amazonaws.com/restaurants?q=pizza&limit=12&sort=rating,88,0,0
1777595105004,16879,01 - POST /auth/user/login,200,OK,Virtual Users [500 threads] 1-280,text,true,,406,363,112,112,http://k8s-forkfind-forkfind-8e65d48af1-1990260306.us-east-1.elb.amazonaws.com/auth/user/login,16879,0,64
1777595121807,96,03 - POST /restaurants/20/reviews,201,Created,Virtual Users [500 threads] 1-248,text,true,,572,573,112,112,http://k8s-forkfind-forkfind-8e65d48af1-1990260306.us-east-1.elb.amazonaws.com/restaurants/20/reviews,96,0,0
1777595121807,97,03 - POST /restaurants/20/reviews,201,Created,Virtual Users [500 threads] 1-291,text,true,,572,573,112,112,http://k8s-forkfind-forkfind-8e65d48af1-1990260306.us-east-1.elb.amazonaws.com/restaurants/20/reviews,97,0,0
1777595098524,23404,01 - POST /auth/user/login,200,OK,Virtual Users [500 threads] 1-244,text,true,,406,363,111,111,http://k8s-forkfind-forkfind-8e65d48af1-1990260306.us-east-1.elb.amazonaws.com/auth/user/login,23404,0,72
1777595121886,71,02 - GET /restaurants (search),200,OK,Virtual Users [500 threads] 1-280,text,true,,790,436,111,111,http://k8s-forkfind-forkfind-8e65d48af1-1990260306.us-east-1.elb.amazonaws.com/restaurants?q=pizza&limit=12&sort=rating,71,0,0
1777595099786,22214,01 - POST /auth/user/login,200,OK,Virtual Users [500 threads] 1-251,text,true,,406,363,111,111,http://k8s-forkfind-forkfind-8e65d48af1-1990260306.us-east-1.elb.amazonaws.com/auth/user/login,22214,0,482
1777595121929,85,02 - GET /restaurants (search),200,OK,Virtual Users [500 threads] 1-244,text,true,,790,436,111,111,http://k8s-forkfind-forkfind-8e65d48af1-1990260306.us-east-1.elb.amazonaws.com/restaurants?q=pizza&limit=12&sort=rating,85,0,0
1777595121958,88,03 - POST /restaurants/20/reviews,201,Created,Virtual Users [500 threads] 1-280,text,true,,572,573,111,111,http://k8s-forkfind-forkfind-8e65d48af1-1990260306.us-east-1.elb.amazonaws.com/restaurants/20/reviews,88,0,0
1777595122001,76,02 - GET /restaurants (search),200,OK,Virtual Users [500 threads] 1-251,text,true,,790,436,110,110,http://k8s-forkfind-forkfind-8e65d48af1-1990260306.us-east-1.elb.amazonaws.com/restaurants?q=pizza&limit=12&sort=rating,75,0,0
1777595108785,13327,01 - POST /auth/user/login,200,OK,Virtual Users [500 threads] 1-301,text,true,,406,363,111,111,http://k8s-forkfind-forkfind-8e65d48af1-1990260306.us-east-1.elb.amazonaws.com/auth/user/login,13327,0,65
1777595109865,12247,01 - POST /auth/user/login,200,OK,Virtual Users [500 threads] 1-307,text,true,,406,363,111,111,http://k8s-forkfind-forkfind-8e65d48af1-1990260306.us-east-1.elb.amazonaws.com/auth/user/login,12247,0,87
1777595122015,134,03 - POST /restaurants/20/reviews,201,Created,Virtual Users [500 threads] 1-244,text,true,,572,573,111,111,http://k8s-forkfind-forkfind-8e65d48af1-1990260306.us-east-1.elb.amazonaws.com/restaurants/20/reviews,134,0,0
1777595122077,80,03 - POST /restaurants/20/reviews,201,Created,Virtual Users [500 threads] 1-251,text,true,,572,573,110,110,http://k8s-forkfind-forkfind-8e65d48af1-1990260306.us-east-1.elb.amazonaws.com/restaurants/20/reviews,80,0,0
1777595122115,81,02 - GET /restaurants (search),200,OK,Virtual Users [500 threads] 1-307,text,true,,790,436,109,109,http://k8s-forkfind-forkfind-8e65d48af1-1990260306.us-east-1.elb.amazonaws.com/restaurants?q=pizza&limit=12&sort=rating,81,0,0
1777595122115,87,02 - GET /restaurants (search),200,OK,Virtual Users [500 threads] 1-301,text,true,,790,436,109,109,http://k8s-forkfind-forkfind-8e65d48af1-1990260306.us-east-1.elb.amazonaws.com/restaurants?q=pizza&limit=12&sort=rating,87,0,0
1777595098167,24040,01 - POST /auth/user/login,200,OK,Virtual Users [500 threads] 1-242,text,true,,406,363,109,109,http://k8s-forkfind-forkfind-8e65d48af1-1990260306.us-east-1.elb.amazonaws.com/auth/user/login,24040,0,65
1777595122208,92,02 - GET /restaurants (search),200,OK,Virtual Users [500 threads] 1-242,text,true,,790,436,110,110,http://k8s-forkfind-forkfind-8e65d48af1-1990260306.us-east-1.elb.amazonaws.com/restaurants?q=pizza&limit=12&sort=rating,92,0,0
1777595122197,103,03 - POST /restaurants/20/reviews,201,Created,Virtual Users [500 threads] 1-307,text,true,,572,573,110,110,http://k8s-forkfind-forkfind-8e65d48af1-1990260306.us-east-1.elb.amazonaws.com/restaurants/20/reviews,103,0,0
1777595122204,96,03 - POST /restaurants/20/reviews,201,Created,Virtual Users [500 threads] 1-301,text,true,,572,573,110,110,http://k8s-forkfind-forkfind-8e65d48af1-1990260306.us-east-1.elb.amazonaws.com/restaurants/20/reviews,96,0,0
1777595122300,102,03 - POST /restaurants/20/reviews,201,Created,Virtual Users [500 threads] 1-242,text,true,,572,573,108,108,http://k8s-forkfind-forkfind-8e65d48af1-1990260306.us-east-1.elb.amazonaws.com/restaurants/20/reviews,102,0,0
1777595110046,12888,01 - POST /auth/user/login,200,OK,Virtual Users [500 threads] 1-308,text,true,,406,363,110,110,http://k8s-forkfind-forkfind-8e65d48af1-1990260306.us-east-1.elb.amazonaws.com/auth/user/login,12888,0,65
1777595122936,103,02 - GET /restaurants (search),200,OK,Virtual Users [500 threads] 1-308,text,true,,790,436,111,111,http://k8s-forkfind-forkfind-8e65d48af1-1990260306.us-east-1.elb.amazonaws.com/restaurants?q=pizza&limit=12&sort=rating,103,0,0
1777595123039,115,03 - POST /restaurants/20/reviews,201,Created,Virtual Users [500 threads] 1-308,text,true,,572,573,111,111,http://k8s-forkfind-forkfind-8e65d48af1-1990260306.us-east-1.elb.amazonaws.com/restaurants/20/reviews,115,0,0
1777595103563,19657,01 - POST /auth/user/login,200,OK,Virtual Users [500 threads] 1-272,text,true,,406,363,111,111,http://k8s-forkfind-forkfind-8e65d48af1-1990260306.us-east-1.elb.amazonaws.com/auth/user/login,19657,0,64
1777595123222,85,02 - GET /restaurants (search),200,OK,Virtual Users [500 threads] 1-272,text,true,,790,436,111,111,http://k8s-forkfind-forkfind-8e65d48af1-1990260306.us-east-1.elb.amazonaws.com/restaurants?q=pizza&limit=12&sort=rating,85,0,0
1777595104100,19270,01 - POST /auth/user/login,200,OK,Virtual Users [500 threads] 1-275,text,true,,406,363,112,112,http://k8s-forkfind-forkfind-8e65d48af1-1990260306.us-east-1.elb.amazonaws.com/auth/user/login,19270,0,79
1777595101402,22031,01 - POST /auth/user/login,200,OK,Virtual Users [500 threads] 1-260,text,true,,406,363,112,112,http://k8s-forkfind-forkfind-8e65d48af1-1990260306.us-east-1.elb.amazonaws.com/auth/user/login,22031,0,238
1777595123372,73,02 - GET /restaurants (search),200,OK,Virtual Users [500 threads] 1-275,text,true,,790,436,112,112,http://k8s-forkfind-forkfind-8e65d48af1-1990260306.us-east-1.elb.amazonaws.com/restaurants?q=pizza&limit=12&sort=rating,73,0,0
1777595123307,141,03 - POST /restaurants/20/reviews,201,Created,Virtual Users [500 threads] 1-272,text,true,,572,573,112,112,http://k8s-forkfind-forkfind-8e65d48af1-1990260306.us-east-1.elb.amazonaws.com/restaurants/20/reviews,141,0,0
1777595123434,86,02 - GET /restaurants (search),200,OK,Virtual Users [500 threads] 1-260,text,true,,790,436,111,111,http://k8s-forkfind-forkfind-8e65d48af1-1990260306.us-east-1.elb.amazonaws.com/restaurants?q=pizza&limit=12&sort=rating,86,0,0
1777595123445,133,03 - POST /restaurants/20/reviews,201,Created,Virtual Users [500 threads] 1-275,text,true,,572,573,112,112,http://k8s-forkfind-forkfind-8e65d48af1-1990260306.us-east-1.elb.amazonaws.com/restaurants/20/reviews,133,0,0
1777595123521,137,03 - POST /restaurants/20/reviews,201,Created,Virtual Users [500 threads] 1-260,text,true,,572,573,111,111,http://k8s-forkfind-forkfind-8e65d48af1-1990260306.us-east-1.elb.amazonaws.com/restaurants/20/reviews,137,0,0
1777595107166,16846,01 - POST /auth/user/login,200,OK,Virtual Users [500 threads] 1-292,text,true,,406,363,112,112,http://k8s-forkfind-forkfind-8e65d48af1-1990260306.us-east-1.elb.amazonaws.com/auth/user/login,16846,0,66
1777595124013,109,02 - GET /restaurants (search),200,OK,Virtual Users [500 threads] 1-292,text,true,,790,436,113,113,http://k8s-forkfind-forkfind-8e65d48af1-1990260306.us-east-1.elb.amazonaws.com/restaurants?q=pizza&limit=12&sort=rating,109,0,0
1777595102845,21300,01 - POST /auth/user/login,200,OK,Virtual Users [500 threads] 1-268,text,true,,406,363,113,113,http://k8s-forkfind-forkfind-8e65d48af1-1990260306.us-east-1.elb.amazonaws.com/auth/user/login,21300,0,73
1777595099066,25142,01 - POST /auth/user/login,200,OK,Virtual Users [500 threads] 1-247,text,true,,406,363,113,113,http://k8s-forkfind-forkfind-8e65d48af1-1990260306.us-east-1.elb.amazonaws.com/auth/user/login,25142,0,205
1777595124123,95,03 - POST /restaurants/20/reviews,201,Created,Virtual Users [500 threads] 1-292,text,true,,572,573,113,113,http://k8s-forkfind-forkfind-8e65d48af1-1990260306.us-east-1.elb.amazonaws.com/restaurants/20/reviews,95,0,0
1777595124146,95,02 - GET /restaurants (search),200,OK,Virtual Users [500 threads] 1-268,text,true,,790,436,112,112,http://k8s-forkfind-forkfind-8e65d48af1-1990260306.us-east-1.elb.amazonaws.com/restaurants?q=pizza&limit=12&sort=rating,95,0,0
1777595124209,118,02 - GET /restaurants (search),200,OK,Virtual Users [500 threads] 1-247,text,true,,790,436,113,113,http://k8s-forkfind-forkfind-8e65d48af1-1990260306.us-east-1.elb.amazonaws.com/restaurants?q=pizza&limit=12&sort=rating,118,0,0
1777595124242,103,03 - POST /restaurants/20/reviews,201,Created,Virtual Users [500 threads] 1-268,text,true,,572,573,113,113,http://k8s-forkfind-forkfind-8e65d48af1-1990260306.us-east-1.elb.amazonaws.com/restaurants/20/reviews,103,0,0
1777595124328,222,03 - POST /restaurants/20/reviews,201,Created,Virtual Users [500 threads] 1-247,text,true,,572,573,113,113,http://k8s-forkfind-forkfind-8e65d48af1-1990260306.us-east-1.elb.amazonaws.com/restaurants/20/reviews,222,0,0
1777595105904,18770,01 - POST /auth/user/login,200,OK,Virtual Users [500 threads] 1-285,text,true,,406,363,113,113,http://k8s-forkfind-forkfind-8e65d48af1-1990260306.us-east-1.elb.amazonaws.com/auth/user/login,18770,0,66
1777595104645,20072,01 - POST /auth/user/login,200,OK,Virtual Users [500 threads] 1-278,text,true,,406,363,113,113,http://k8s-forkfind-forkfind-8e65d48af1-1990260306.us-east-1.elb.amazonaws.com/auth/user/login,20072,0,71
1777595106081,18644,01 - POST /auth/user/login,200,OK,Virtual Users [500 threads] 1-286,text,true,,406,363,113,113,http://k8s-forkfind-forkfind-8e65d48af1-1990260306.us-east-1.elb.amazonaws.com/auth/user/login,18644,0,66
1777595124675,142,02 - GET /restaurants (search),200,OK,Virtual Users [500 threads] 1-285,text,true,,790,436,114,114,http://k8s-forkfind-forkfind-8e65d48af1-1990260306.us-east-1.elb.amazonaws.com/restaurants?q=pizza&limit=12&sort=rating,142,0,0
1777595124719,98,02 - GET /restaurants (search),200,OK,Virtual Users [500 threads] 1-278,text,true,,790,436,114,114,http://k8s-forkfind-forkfind-8e65d48af1-1990260306.us-east-1.elb.amazonaws.com/restaurants?q=pizza&limit=12&sort=rating,98,0,0
1777595124726,126,02 - GET /restaurants (search),200,OK,Virtual Users [500 threads] 1-286,text,true,,790,436,114,114,http://k8s-forkfind-forkfind-8e65d48af1-1990260306.us-east-1.elb.amazonaws.com/restaurants?q=pizza&limit=12&sort=rating,126,0,0
1777595124817,137,03 - POST /restaurants/20/reviews,201,Created,Virtual Users [500 threads] 1-285,text,true,,572,573,114,114,http://k8s-forkfind-forkfind-8e65d48af1-1990260306.us-east-1.elb.amazonaws.com/restaurants/20/reviews,137,0,0
1777595124818,139,03 - POST /restaurants/20/reviews,201,Created,Virtual Users [500 threads] 1-278,text,true,,572,573,113,113,http://k8s-forkfind-forkfind-8e65d48af1-1990260306.us-east-1.elb.amazonaws.com/restaurants/20/reviews,139,0,0
1777595124853,104,03 - POST /restaurants/20/reviews,201,Created,Virtual Users [500 threads] 1-286,text,true,,572,573,113,113,http://k8s-forkfind-forkfind-8e65d48af1-1990260306.us-east-1.elb.amazonaws.com/restaurants/20/reviews,104,0,0
1777595101226,23751,01 - POST /auth/user/login,200,OK,Virtual Users [500 threads] 1-259,text,true,,406,363,111,111,http://k8s-forkfind-forkfind-8e65d48af1-1990260306.us-east-1.elb.amazonaws.com/auth/user/login,23751,0,84
1777595124979,129,02 - GET /restaurants (search),200,OK,Virtual Users [500 threads] 1-259,text,true,,790,436,112,112,http://k8s-forkfind-forkfind-8e65d48af1-1990260306.us-east-1.elb.amazonaws.com/restaurants?q=pizza&limit=12&sort=rating,129,0,0
1777595108605,16590,01 - POST /auth/user/login,200,OK,Virtual Users [500 threads] 1-300,text,true,,406,363,113,113,http://k8s-forkfind-forkfind-8e65d48af1-1990260306.us-east-1.elb.amazonaws.com/auth/user/login,16590,0,66
1777595102305,22908,01 - POST /auth/user/login,200,OK,Virtual Users [500 threads] 1-265,text,true,,406,363,113,113,http://k8s-forkfind-forkfind-8e65d48af1-1990260306.us-east-1.elb.amazonaws.com/auth/user/login,22908,0,69
1777595125109,135,03 - POST /restaurants/20/reviews,201,Created,Virtual Users [500 threads] 1-259,text,true,,572,573,113,113,http://k8s-forkfind-forkfind-8e65d48af1-1990260306.us-east-1.elb.amazonaws.com/restaurants/20/reviews,135,0,0
1777595125215,77,02 - GET /restaurants (search),200,OK,Virtual Users [500 threads] 1-265,text,true,,790,436,112,112,http://k8s-forkfind-forkfind-8e65d48af1-1990260306.us-east-1.elb.amazonaws.com/restaurants?q=pizza&limit=12&sort=rating,77,0,0
1777595125198,119,02 - GET /restaurants (search),200,OK,Virtual Users [500 threads] 1-300,text,true,,790,436,112,112,http://k8s-forkfind-forkfind-8e65d48af1-1990260306.us-east-1.elb.amazonaws.com/restaurants?q=pizza&limit=12&sort=rating,119,0,0
1777595105726,19685,01 - POST /auth/user/login,200,OK,Virtual Users [500 threads] 1-284,text,true,,406,363,113,113,http://k8s-forkfind-forkfind-8e65d48af1-1990260306.us-east-1.elb.amazonaws.com/auth/user/login,19685,0,72
1777595125293,131,03 - POST /restaurants/20/reviews,201,Created,Virtual Users [500 threads] 1-265,text,true,,572,573,113,113,http://k8s-forkfind-forkfind-8e65d48af1-1990260306.us-east-1.elb.amazonaws.com/restaurants/20/reviews,131,0,0
1777595125317,131,03 - POST /restaurants/20/reviews,201,Created,Virtual Users [500 threads] 1-300,text,true,,572,573,112,112,http://k8s-forkfind-forkfind-8e65d48af1-1990260306.us-east-1.elb.amazonaws.com/restaurants/20/reviews,131,0,0
1777595125413,94,02 - GET /restaurants (search),200,OK,Virtual Users [500 threads] 1-284,text,true,,790,436,111,111,http://k8s-forkfind-forkfind-8e65d48af1-1990260306.us-east-1.elb.amazonaws.com/restaurants?q=pizza&limit=12&sort=rating,94,0,0
1777595106265,19241,01 - POST /auth/user/login,200,OK,Virtual Users [500 threads] 1-287,text,true,,406,363,111,111,http://k8s-forkfind-forkfind-8e65d48af1-1990260306.us-east-1.elb.amazonaws.com/auth/user/login,19241,0,72
1777595125507,106,03 - POST /restaurants/20/reviews,201,Created,Virtual Users [500 threads] 1-284,text,true,,572,573,112,112,http://k8s-forkfind-forkfind-8e65d48af1-1990260306.us-east-1.elb.amazonaws.com/restaurants/20/reviews,106,0,0
1777595125507,109,02 - GET /restaurants (search),200,OK,Virtual Users [500 threads] 1-287,text,true,,790,436,111,111,http://k8s-forkfind-forkfind-8e65d48af1-1990260306.us-east-1.elb.amazonaws.com/restaurants?q=pizza&limit=12&sort=rating,109,0,0
1777595106625,19014,01 - POST /auth/user/login,200,OK,Virtual Users [500 threads] 1-289,text,true,,406,363,111,111,http://k8s-forkfind-forkfind-8e65d48af1-1990260306.us-east-1.elb.amazonaws.com/auth/user/login,19014,0,65
1777595125616,91,03 - POST /restaurants/20/reviews,201,Created,Virtual Users [500 threads] 1-287,text,true,,572,573,112,112,http://k8s-forkfind-forkfind-8e65d48af1-1990260306.us-east-1.elb.amazonaws.com/restaurants/20/reviews,91,0,0
1777595125641,80,02 - GET /restaurants (search),200,OK,Virtual Users [500 threads] 1-289,text,true,,790,436,111,111,http://k8s-forkfind-forkfind-8e65d48af1-1990260306.us-east-1.elb.amazonaws.com/restaurants?q=pizza&limit=12&sort=rating,80,0,0
1777595104819,20979,01 - POST /auth/user/login,200,OK,Virtual Users [500 threads] 1-279,text,true,,406,363,111,111,http://k8s-forkfind-forkfind-8e65d48af1-1990260306.us-east-1.elb.amazonaws.com/auth/user/login,20979,0,87
1777595125721,80,03 - POST /restaurants/20/reviews,201,Created,Virtual Users [500 threads] 1-289,text,true,,572,573,111,111,http://k8s-forkfind-forkfind-8e65d48af1-1990260306.us-east-1.elb.amazonaws.com/restaurants/20/reviews,80,0,0
1777595125800,76,02 - GET /restaurants (search),200,OK,Virtual Users [500 threads] 1-279,text,true,,790,436,110,110,http://k8s-forkfind-forkfind-8e65d48af1-1990260306.us-east-1.elb.amazonaws.com/restaurants?q=pizza&limit=12&sort=rating,76,0,0
1777595125876,77,03 - POST /restaurants/20/reviews,201,Created,Virtual Users [500 threads] 1-279,text,true,,572,573,111,111,http://k8s-forkfind-forkfind-8e65d48af1-1990260306.us-east-1.elb.amazonaws.com/restaurants/20/reviews,77,0,0
1777595101584,24429,01 - POST /auth/user/login,200,OK,Virtual Users [500 threads] 1-261,text,true,,406,363,110,110,http://k8s-forkfind-forkfind-8e65d48af1-1990260306.us-east-1.elb.amazonaws.com/auth/user/login,24429,0,127
1777595126015,80,02 - GET /restaurants (search),200,OK,Virtual Users [500 threads] 1-261,text,true,,790,436,111,111,http://k8s-forkfind-forkfind-8e65d48af1-1990260306.us-east-1.elb.amazonaws.com/restaurants?q=pizza&limit=12&sort=rating,80,0,0
1777595126096,79,03 - POST /restaurants/20/reviews,201,Created,Virtual Users [500 threads] 1-261,text,true,,572,573,111,111,http://k8s-forkfind-forkfind-8e65d48af1-1990260306.us-east-1.elb.amazonaws.com/restaurants/20/reviews,79,0,0
1777595110586,15727,01 - POST /auth/user/login,200,OK,Virtual Users [500 threads] 1-311,text,true,,406,363,111,111,http://k8s-forkfind-forkfind-8e65d48af1-1990260306.us-east-1.elb.amazonaws.com/auth/user/login,15727,0,65
1777595126315,81,02 - GET /restaurants (search),200,OK,Virtual Users [500 threads] 1-311,text,true,,790,436,111,111,http://k8s-forkfind-forkfind-8e65d48af1-1990260306.us-east-1.elb.amazonaws.com/restaurants?q=pizza&limit=12&sort=rating,81,0,0
1777595126396,77,03 - POST /restaurants/20/reviews,201,Created,Virtual Users [500 threads] 1-311,text,true,,572,573,112,112,http://k8s-forkfind-forkfind-8e65d48af1-1990260306.us-east-1.elb.amazonaws.com/restaurants/20/reviews,77,0,0
1777595108065,18945,01 - POST /auth/user/login,200,OK,Virtual Users [500 threads] 1-297,text,true,,406,363,114,114,http://k8s-forkfind-forkfind-8e65d48af1-1990260306.us-east-1.elb.amazonaws.com/auth/user/login,18945,0,65
1777595127012,82,02 - GET /restaurants (search),200,OK,Virtual Users [500 threads] 1-297,text,true,,790,436,114,114,http://k8s-forkfind-forkfind-8e65d48af1-1990260306.us-east-1.elb.amazonaws.com/restaurants?q=pizza&limit=12&sort=rating,82,0,0
1777595127094,78,03 - POST /restaurants/20/reviews,201,Created,Virtual Users [500 threads] 1-297,text,true,,572,573,115,115,http://k8s-forkfind-forkfind-8e65d48af1-1990260306.us-east-1.elb.amazonaws.com/restaurants/20/reviews,78,0,0
1777595108966,18443,01 - POST /auth/user/login,200,OK,Virtual Users [500 threads] 1-302,text,true,,406,363,115,115,http://k8s-forkfind-forkfind-8e65d48af1-1990260306.us-east-1.elb.amazonaws.com/auth/user/login,18443,0,66
1777595127411,79,02 - GET /restaurants (search),200,OK,Virtual Users [500 threads] 1-302,text,true,,790,436,115,115,http://k8s-forkfind-forkfind-8e65d48af1-1990260306.us-east-1.elb.amazonaws.com/restaurants?q=pizza&limit=12&sort=rating,79,0,0
1777595127491,75,03 - POST /restaurants/20/reviews,201,Created,Virtual Users [500 threads] 1-302,text,true,,572,573,116,116,http://k8s-forkfind-forkfind-8e65d48af1-1990260306.us-east-1.elb.amazonaws.com/restaurants/20/reviews,75,0,0
1777595105184,22439,01 - POST /auth/user/login,200,OK,Virtual Users [500 threads] 1-281,text,true,,406,363,115,115,http://k8s-forkfind-forkfind-8e65d48af1-1990260306.us-east-1.elb.amazonaws.com/auth/user/login,22439,0,73
1777595103924,23700,01 - POST /auth/user/login,200,OK,Virtual Users [500 threads] 1-274,text,true,,406,363,115,115,http://k8s-forkfind-forkfind-8e65d48af1-1990260306.us-east-1.elb.amazonaws.com/auth/user/login,23700,0,66
1777595105362,22330,01 - POST /auth/user/login,200,OK,Virtual Users [500 threads] 1-282,text,true,,406,363,116,116,http://k8s-forkfind-forkfind-8e65d48af1-1990260306.us-east-1.elb.amazonaws.com/auth/user/login,22330,0,69
1777595107346,20374,01 - POST /auth/user/login,200,OK,Virtual Users [500 threads] 1-293,text,true,,406,363,116,116,http://k8s-forkfind-forkfind-8e65d48af1-1990260306.us-east-1.elb.amazonaws.com/auth/user/login,20374,0,66
1777595127625,98,02 - GET /restaurants (search),200,OK,Virtual Users [500 threads] 1-281,text,true,,790,436,116,116,http://k8s-forkfind-forkfind-8e65d48af1-1990260306.us-east-1.elb.amazonaws.com/restaurants?q=pizza&limit=12&sort=rating,98,0,0
1777595127626,97,02 - GET /restaurants (search),200,OK,Virtual Users [500 threads] 1-274,text,true,,790,436,116,116,http://k8s-forkfind-forkfind-8e65d48af1-1990260306.us-east-1.elb.amazonaws.com/restaurants?q=pizza&limit=12&sort=rating,97,0,0
1777595127694,74,02 - GET /restaurants (search),200,OK,Virtual Users [500 threads] 1-282,text,true,,790,436,116,116,http://k8s-forkfind-forkfind-8e65d48af1-1990260306.us-east-1.elb.amazonaws.com/restaurants?q=pizza&limit=12&sort=rating,74,0,0
1777595127722,97,02 - GET /restaurants (search),200,OK,Virtual Users [500 threads] 1-293,text,true,,790,436,116,116,http://k8s-forkfind-forkfind-8e65d48af1-1990260306.us-east-1.elb.amazonaws.com/restaurants?q=pizza&limit=12&sort=rating,97,0,0
1777595127723,124,03 - POST /restaurants/20/reviews,201,Created,Virtual Users [500 threads] 1-281,text,true,,572,573,116,116,http://k8s-forkfind-forkfind-8e65d48af1-1990260306.us-east-1.elb.amazonaws.com/restaurants/20/reviews,124,0,0
1777595127723,124,03 - POST /restaurants/20/reviews,201,Created,Virtual Users [500 threads] 1-274,text,true,,572,573,116,116,http://k8s-forkfind-forkfind-8e65d48af1-1990260306.us-east-1.elb.amazonaws.com/restaurants/20/reviews,124,0,0
1777595127769,78,03 - POST /restaurants/20/reviews,201,Created,Virtual Users [500 threads] 1-282,text,true,,572,573,116,116,http://k8s-forkfind-forkfind-8e65d48af1-1990260306.us-east-1.elb.amazonaws.com/restaurants/20/reviews,78,0,0
1777595105541,22371,01 - POST /auth/user/login,200,OK,Virtual Users [500 threads] 1-283,text,true,,406,363,114,114,http://k8s-forkfind-forkfind-8e65d48af1-1990260306.us-east-1.elb.amazonaws.com/auth/user/login,22371,0,65
1777595127819,96,03 - POST /restaurants/20/reviews,201,Created,Virtual Users [500 threads] 1-293,text,true,,572,573,114,114,http://k8s-forkfind-forkfind-8e65d48af1-1990260306.us-east-1.elb.amazonaws.com/restaurants/20/reviews,96,0,0
1777595127914,72,02 - GET /restaurants (search),200,OK,Virtual Users [500 threads] 1-283,text,true,,790,436,113,113,http://k8s-forkfind-forkfind-8e65d48af1-1990260306.us-east-1.elb.amazonaws.com/restaurants?q=pizza&limit=12&sort=rating,72,0,0
1777595127987,120,03 - POST /restaurants/20/reviews,201,Created,Virtual Users [500 threads] 1-283,text,true,,572,573,114,114,http://k8s-forkfind-forkfind-8e65d48af1-1990260306.us-east-1.elb.amazonaws.com/restaurants/20/reviews,120,0,0
1777595103022,25568,01 - POST /auth/user/login,200,OK,Virtual Users [500 threads] 1-269,text,true,,406,363,116,116,http://k8s-forkfind-forkfind-8e65d48af1-1990260306.us-east-1.elb.amazonaws.com/auth/user/login,25568,0,67
1777595128591,76,02 - GET /restaurants (search),200,OK,Virtual Users [500 threads] 1-269,text,true,,790,436,116,116,http://k8s-forkfind-forkfind-8e65d48af1-1990260306.us-east-1.elb.amazonaws.com/restaurants?q=pizza&limit=12&sort=rating,76,0,0
1777595128667,84,03 - POST /restaurants/20/reviews,201,Created,Virtual Users [500 threads] 1-269,text,true,,572,573,116,116,http://k8s-forkfind-forkfind-8e65d48af1-1990260306.us-east-1.elb.amazonaws.com/restaurants/20/reviews,84,0,0
1777595108425,20580,01 - POST /auth/user/login,200,OK,Virtual Users [500 threads] 1-299,text,true,,406,363,117,117,http://k8s-forkfind-forkfind-8e65d48af1-1990260306.us-east-1.elb.amazonaws.com/auth/user/login,20580,0,66
1777595129007,84,02 - GET /restaurants (search),200,OK,Virtual Users [500 threads] 1-299,text,true,,790,436,117,117,http://k8s-forkfind-forkfind-8e65d48af1-1990260306.us-east-1.elb.amazonaws.com/restaurants?q=pizza&limit=12&sort=rating,84,0,0
1777595129091,110,03 - POST /restaurants/20/reviews,201,Created,Virtual Users [500 threads] 1-299,text,true,,572,573,118,118,http://k8s-forkfind-forkfind-8e65d48af1-1990260306.us-east-1.elb.amazonaws.com/restaurants/20/reviews,110,0,0
1777595110945,18582,01 - POST /auth/user/login,200,OK,Virtual Users [500 threads] 1-313,text,true,,406,363,119,119,http://k8s-forkfind-forkfind-8e65d48af1-1990260306.us-east-1.elb.amazonaws.com/auth/user/login,18582,0,65
1777595129529,76,02 - GET /restaurants (search),200,OK,Virtual Users [500 threads] 1-313,text,true,,790,436,119,119,http://k8s-forkfind-forkfind-8e65d48af1-1990260306.us-east-1.elb.amazonaws.com/restaurants?q=pizza&limit=12&sort=rating,76,0,0
1777595129606,94,03 - POST /restaurants/20/reviews,201,Created,Virtual Users [500 threads] 1-313,text,true,,572,573,120,120,http://k8s-forkfind-forkfind-8e65d48af1-1990260306.us-east-1.elb.amazonaws.com/restaurants/20/reviews,94,0,0
1777595109686,20933,01 - POST /auth/user/login,200,OK,Virtual Users [500 threads] 1-306,text,true,,406,363,124,124,http://k8s-forkfind-forkfind-8e65d48af1-1990260306.us-east-1.elb.amazonaws.com/auth/user/login,20933,0,64
1777595130622,89,02 - GET /restaurants (search),200,OK,Virtual Users [500 threads] 1-306,text,true,,790,436,124,124,http://k8s-forkfind-forkfind-8e65d48af1-1990260306.us-east-1.elb.amazonaws.com/restaurants?q=pizza&limit=12&sort=rating,89,0,0
1777595110766,19957,01 - POST /auth/user/login,200,OK,Virtual Users [500 threads] 1-312,text,true,,406,363,124,124,http://k8s-forkfind-forkfind-8e65d48af1-1990260306.us-east-1.elb.amazonaws.com/auth/user/login,19957,0,65
1777595107880,22843,01 - POST /auth/user/login,200,OK,Virtual Users [500 threads] 1-296,text,true,,406,363,124,124,http://k8s-forkfind-forkfind-8e65d48af1-1990260306.us-east-1.elb.amazonaws.com/auth/user/login,22843,0,67
1777595130712,106,03 - POST /restaurants/20/reviews,201,Created,Virtual Users [500 threads] 1-306,text,true,,572,573,125,125,http://k8s-forkfind-forkfind-8e65d48af1-1990260306.us-east-1.elb.amazonaws.com/restaurants/20/reviews,106,0,0
1777595130723,95,02 - GET /restaurants (search),200,OK,Virtual Users [500 threads] 1-312,text,true,,790,436,125,125,http://k8s-forkfind-forkfind-8e65d48af1-1990260306.us-east-1.elb.amazonaws.com/restaurants?q=pizza&limit=12&sort=rating,95,0,0
1777595130723,98,02 - GET /restaurants (search),200,OK,Virtual Users [500 threads] 1-296,text,true,,790,436,124,124,http://k8s-forkfind-forkfind-8e65d48af1-1990260306.us-east-1.elb.amazonaws.com/restaurants?q=pizza&limit=12&sort=rating,98,0,0
1777595130822,125,03 - POST /restaurants/20/reviews,201,Created,Virtual Users [500 threads] 1-296,text,true,,572,573,125,125,http://k8s-forkfind-forkfind-8e65d48af1-1990260306.us-east-1.elb.amazonaws.com/restaurants/20/reviews,125,0,0
1777595130819,128,03 - POST /restaurants/20/reviews,201,Created,Virtual Users [500 threads] 1-312,text,true,,572,573,125,125,http://k8s-forkfind-forkfind-8e65d48af1-1990260306.us-east-1.elb.amazonaws.com/restaurants/20/reviews,128,0,0
1777595106805,24227,01 - POST /auth/user/login,200,OK,Virtual Users [500 threads] 1-290,text,true,,406,363,123,123,http://k8s-forkfind-forkfind-8e65d48af1-1990260306.us-east-1.elb.amazonaws.com/auth/user/login,24227,0,67
1777595131033,88,02 - GET /restaurants (search),200,OK,Virtual Users [500 threads] 1-290,text,true,,790,436,124,124,http://k8s-forkfind-forkfind-8e65d48af1-1990260306.us-east-1.elb.amazonaws.com/restaurants?q=pizza&limit=12&sort=rating,88,0,0
1777595109505,21692,01 - POST /auth/user/login,200,OK,Virtual Users [500 threads] 1-305,text,true,,406,363,124,124,http://k8s-forkfind-forkfind-8e65d48af1-1990260306.us-east-1.elb.amazonaws.com/auth/user/login,21692,0,67
1777595131123,122,03 - POST /restaurants/20/reviews,201,Created,Virtual Users [500 threads] 1-290,text,true,,572,573,124,124,http://k8s-forkfind-forkfind-8e65d48af1-1990260306.us-east-1.elb.amazonaws.com/restaurants/20/reviews,122,0,0
1777595131198,78,02 - GET /restaurants (search),200,OK,Virtual Users [500 threads] 1-305,text,true,,790,436,123,123,http://k8s-forkfind-forkfind-8e65d48af1-1990260306.us-east-1.elb.amazonaws.com/restaurants?q=pizza&limit=12&sort=rating,78,0,0
1777595131277,126,03 - POST /restaurants/20/reviews,201,Created,Virtual Users [500 threads] 1-305,text,true,,572,573,124,124,http://k8s-forkfind-forkfind-8e65d48af1-1990260306.us-east-1.elb.amazonaws.com/restaurants/20/reviews,126,0,0
1777595112925,18690,01 - POST /auth/user/login,200,OK,Virtual Users [500 threads] 1-324,text,true,,406,363,124,124,http://k8s-forkfind-forkfind-8e65d48af1-1990260306.us-east-1.elb.amazonaws.com/auth/user/login,18690,0,75
1777595131616,95,02 - GET /restaurants (search),200,OK,Virtual Users [500 threads] 1-324,text,true,,790,436,125,125,http://k8s-forkfind-forkfind-8e65d48af1-1990260306.us-east-1.elb.amazonaws.com/restaurants?q=pizza&limit=12&sort=rating,95,0,0
1777595131712,85,03 - POST /restaurants/20/reviews,201,Created,Virtual Users [500 threads] 1-324,text,true,,572,573,125,125,http://k8s-forkfind-forkfind-8e65d48af1-1990260306.us-east-1.elb.amazonaws.com/restaurants/20/reviews,85,0,0
1777595112025,19883,01 - POST /auth/user/login,200,OK,Virtual Users [500 threads] 1-319,text,true,,406,363,125,125,http://k8s-forkfind-forkfind-8e65d48af1-1990260306.us-east-1.elb.amazonaws.com/auth/user/login,19883,0,72
1777595131909,79,02 - GET /restaurants (search),200,OK,Virtual Users [500 threads] 1-319,text,true,,790,436,125,125,http://k8s-forkfind-forkfind-8e65d48af1-1990260306.us-east-1.elb.amazonaws.com/restaurants?q=pizza&limit=12&sort=rating,79,0,0
1777595111662,20354,01 - POST /auth/user/login,200,OK,Virtual Users [500 threads] 1-317,text,true,,406,363,126,126,http://k8s-forkfind-forkfind-8e65d48af1-1990260306.us-east-1.elb.amazonaws.com/auth/user/login,20354,0,64
1777595132016,75,02 - GET /restaurants (search),200,OK,Virtual Users [500 threads] 1-317,text,true,,790,436,126,126,http://k8s-forkfind-forkfind-8e65d48af1-1990260306.us-east-1.elb.amazonaws.com/restaurants?q=pizza&limit=12&sort=rating,75,0,0
1777595131988,113,03 - POST /restaurants/20/reviews,201,Created,Virtual Users [500 threads] 1-319,text,true,,572,573,126,126,http://k8s-forkfind-forkfind-8e65d48af1-1990260306.us-east-1.elb.amazonaws.com/restaurants/20/reviews,113,0,0
1777595132091,114,03 - POST /restaurants/20/reviews,201,Created,Virtual Users [500 threads] 1-317,text,true,,572,573,126,126,http://k8s-forkfind-forkfind-8e65d48af1-1990260306.us-east-1.elb.amazonaws.com/restaurants/20/reviews,114,0,0
1777595111125,21992,01 - POST /auth/user/login,200,OK,Virtual Users [500 threads] 1-314,text,true,,406,363,130,130,http://k8s-forkfind-forkfind-8e65d48af1-1990260306.us-east-1.elb.amazonaws.com/auth/user/login,21992,0,68
1777595103741,29445,01 - POST /auth/user/login,200,OK,Virtual Users [500 threads] 1-273,text,true,,406,363,130,130,http://k8s-forkfind-forkfind-8e65d48af1-1990260306.us-east-1.elb.amazonaws.com/auth/user/login,29445,0,64
1777595133118,87,02 - GET /restaurants (search),200,OK,Virtual Users [500 threads] 1-314,text,true,,790,436,130,130,http://k8s-forkfind-forkfind-8e65d48af1-1990260306.us-east-1.elb.amazonaws.com/restaurants?q=pizza&limit=12&sort=rating,87,0,0
1777595133188,78,02 - GET /restaurants (search),200,OK,Virtual Users [500 threads] 1-273,text,true,,790,436,131,131,http://k8s-forkfind-forkfind-8e65d48af1-1990260306.us-east-1.elb.amazonaws.com/restaurants?q=pizza&limit=12&sort=rating,78,0,0
1777595101045,32238,01 - POST /auth/user/login,200,OK,Virtual Users [500 threads] 1-258,text,true,,406,363,131,131,http://k8s-forkfind-forkfind-8e65d48af1-1990260306.us-east-1.elb.amazonaws.com/auth/user/login,32238,0,129
1777595133206,100,03 - POST /restaurants/20/reviews,201,Created,Virtual Users [500 threads] 1-314,text,true,,572,573,131,131,http://k8s-forkfind-forkfind-8e65d48af1-1990260306.us-east-1.elb.amazonaws.com/restaurants/20/reviews,100,0,0
1777595133267,78,03 - POST /restaurants/20/reviews,201,Created,Virtual Users [500 threads] 1-273,text,true,,572,573,130,130,http://k8s-forkfind-forkfind-8e65d48af1-1990260306.us-east-1.elb.amazonaws.com/restaurants/20/reviews,78,0,0
1777595133283,73,02 - GET /restaurants (search),200,OK,Virtual Users [500 threads] 1-258,text,true,,790,436,129,129,http://k8s-forkfind-forkfind-8e65d48af1-1990260306.us-east-1.elb.amazonaws.com/restaurants?q=pizza&limit=12&sort=rating,73,0,0
1777595109146,24243,01 - POST /auth/user/login,200,OK,Virtual Users [500 threads] 1-303,text,true,,406,363,129,129,http://k8s-forkfind-forkfind-8e65d48af1-1990260306.us-east-1.elb.amazonaws.com/auth/user/login,24243,0,67
1777595112385,21027,01 - POST /auth/user/login,200,OK,Virtual Users [500 threads] 1-321,text,true,,406,363,129,129,http://k8s-forkfind-forkfind-8e65d48af1-1990260306.us-east-1.elb.amazonaws.com/auth/user/login,21027,0,65
1777595133357,89,03 - POST /restaurants/20/reviews,201,Created,Virtual Users [500 threads] 1-258,text,true,,572,573,130,130,http://k8s-forkfind-forkfind-8e65d48af1-1990260306.us-east-1.elb.amazonaws.com/restaurants/20/reviews,89,0,0
1777595133390,73,02 - GET /restaurants (search),200,OK,Virtual Users [500 threads] 1-303,text,true,,790,436,129,129,http://k8s-forkfind-forkfind-8e65d48af1-1990260306.us-east-1.elb.amazonaws.com/restaurants?q=pizza&limit=12&sort=rating,73,0,0
1777595133413,87,02 - GET /restaurants (search),200,OK,Virtual Users [500 threads] 1-321,text,true,,790,436,129,129,http://k8s-forkfind-forkfind-8e65d48af1-1990260306.us-east-1.elb.amazonaws.com/restaurants?q=pizza&limit=12&sort=rating,87,0,0
1777595133464,85,03 - POST /restaurants/20/reviews,201,Created,Virtual Users [500 threads] 1-303,text,true,,572,573,129,129,http://k8s-forkfind-forkfind-8e65d48af1-1990260306.us-east-1.elb.amazonaws.com/restaurants/20/reviews,85,0,0
1777595110404,23187,01 - POST /auth/user/login,200,OK,Virtual Users [500 threads] 1-310,text,true,,406,363,128,128,http://k8s-forkfind-forkfind-8e65d48af1-1990260306.us-east-1.elb.amazonaws.com/auth/user/login,23187,0,67
1777595106441,27150,01 - POST /auth/user/login,200,OK,Virtual Users [500 threads] 1-288,text,true,,406,363,128,128,http://k8s-forkfind-forkfind-8e65d48af1-1990260306.us-east-1.elb.amazonaws.com/auth/user/login,27150,0,67
1777595133501,103,03 - POST /restaurants/20/reviews,201,Created,Virtual Users [500 threads] 1-321,text,true,,572,573,128,128,http://k8s-forkfind-forkfind-8e65d48af1-1990260306.us-east-1.elb.amazonaws.com/restaurants/20/reviews,103,0,0
1777595133591,93,02 - GET /restaurants (search),200,OK,Virtual Users [500 threads] 1-310,text,true,,790,436,128,128,http://k8s-forkfind-forkfind-8e65d48af1-1990260306.us-east-1.elb.amazonaws.com/restaurants?q=pizza&limit=12&sort=rating,93,0,0
1777595133591,93,02 - GET /restaurants (search),200,OK,Virtual Users [500 threads] 1-288,text,true,,790,436,128,128,http://k8s-forkfind-forkfind-8e65d48af1-1990260306.us-east-1.elb.amazonaws.com/restaurants?q=pizza&limit=12&sort=rating,93,0,0
1777595133685,114,03 - POST /restaurants/20/reviews,201,Created,Virtual Users [500 threads] 1-310,text,true,,572,573,128,128,http://k8s-forkfind-forkfind-8e65d48af1-1990260306.us-east-1.elb.amazonaws.com/restaurants/20/reviews,114,0,0
1777595133685,131,03 - POST /restaurants/20/reviews,201,Created,Virtual Users [500 threads] 1-288,text,true,,572,573,128,128,http://k8s-forkfind-forkfind-8e65d48af1-1990260306.us-east-1.elb.amazonaws.com/restaurants/20/reviews,131,0,0
1777595114545,19473,01 - POST /auth/user/login,200,OK,Virtual Users [500 threads] 1-333,text,true,,406,363,128,128,http://k8s-forkfind-forkfind-8e65d48af1-1990260306.us-east-1.elb.amazonaws.com/auth/user/login,19473,0,65
1777595134019,108,02 - GET /restaurants (search),200,OK,Virtual Users [500 threads] 1-333,text,true,,790,436,128,128,http://k8s-forkfind-forkfind-8e65d48af1-1990260306.us-east-1.elb.amazonaws.com/restaurants?q=pizza&limit=12&sort=rating,108,0,0
1777595134128,155,03 - POST /restaurants/20/reviews,201,Created,Virtual Users [500 threads] 1-333,text,true,,572,573,129,129,http://k8s-forkfind-forkfind-8e65d48af1-1990260306.us-east-1.elb.amazonaws.com/restaurants/20/reviews,155,0,0
1777595107706,26674,01 - POST /auth/user/login,200,OK,Virtual Users [500 threads] 1-295,text,true,,406,363,129,129,http://k8s-forkfind-forkfind-8e65d48af1-1990260306.us-east-1.elb.amazonaws.com/auth/user/login,26674,0,71
1777595134381,169,02 - GET /restaurants (search),200,OK,Virtual Users [500 threads] 1-295,text,true,,790,436,130,130,http://k8s-forkfind-forkfind-8e65d48af1-1990260306.us-east-1.elb.amazonaws.com/restaurants?q=pizza&limit=12&sort=rating,169,0,0
1777595134551,100,03 - POST /restaurants/20/reviews,201,Created,Virtual Users [500 threads] 1-295,text,true,,572,573,130,130,http://k8s-forkfind-forkfind-8e65d48af1-1990260306.us-east-1.elb.amazonaws.com/restaurants/20/reviews,100,0,0
1777595114186,20937,01 - POST /auth/user/login,200,OK,Virtual Users [500 threads] 1-331,text,true,,406,363,132,132,http://k8s-forkfind-forkfind-8e65d48af1-1990260306.us-east-1.elb.amazonaws.com/auth/user/login,20937,0,70
1777595135124,102,02 - GET /restaurants (search),200,OK,Virtual Users [500 threads] 1-331,text,true,,790,436,132,132,http://k8s-forkfind-forkfind-8e65d48af1-1990260306.us-east-1.elb.amazonaws.com/restaurants?q=pizza&limit=12&sort=rating,102,0,0
1777595135226,94,03 - POST /restaurants/20/reviews,201,Created,Virtual Users [500 threads] 1-331,text,true,,572,573,133,133,http://k8s-forkfind-forkfind-8e65d48af1-1990260306.us-east-1.elb.amazonaws.com/restaurants/20/reviews,93,0,0
1777595118147,17281,01 - POST /auth/user/login,200,OK,Virtual Users [500 threads] 1-353,text,true,,406,363,133,133,http://k8s-forkfind-forkfind-8e65d48af1-1990260306.us-east-1.elb.amazonaws.com/auth/user/login,17281,0,71
1777595135428,96,02 - GET /restaurants (search),200,OK,Virtual Users [500 threads] 1-353,text,true,,790,436,133,133,http://k8s-forkfind-forkfind-8e65d48af1-1990260306.us-east-1.elb.amazonaws.com/restaurants?q=pizza&limit=12&sort=rating,96,0,0
1777595118863,16750,01 - POST /auth/user/login,200,OK,Virtual Users [500 threads] 1-357,text,true,,406,363,134,134,http://k8s-forkfind-forkfind-8e65d48af1-1990260306.us-east-1.elb.amazonaws.com/auth/user/login,16750,0,83
1777595116527,19100,01 - POST /auth/user/login,200,OK,Virtual Users [500 threads] 1-344,text,true,,406,363,134,134,http://k8s-forkfind-forkfind-8e65d48af1-1990260306.us-east-1.elb.amazonaws.com/auth/user/login,19100,0,84
1777595135525,111,03 - POST /restaurants/20/reviews,201,Created,Virtual Users [500 threads] 1-353,text,true,,572,573,134,134,http://k8s-forkfind-forkfind-8e65d48af1-1990260306.us-east-1.elb.amazonaws.com/restaurants/20/reviews,111,0,0
1777595135613,86,02 - GET /restaurants (search),200,OK,Virtual Users [500 threads] 1-357,text,true,,790,436,133,133,http://k8s-forkfind-forkfind-8e65d48af1-1990260306.us-east-1.elb.amazonaws.com/restaurants?q=pizza&limit=12&sort=rating,86,0,0
1777595135627,107,02 - GET /restaurants (search),200,OK,Virtual Users [500 threads] 1-344,text,true,,790,436,133,133,http://k8s-forkfind-forkfind-8e65d48af1-1990260306.us-east-1.elb.amazonaws.com/restaurants?q=pizza&limit=12&sort=rating,107,0,0
1777595135700,95,03 - POST /restaurants/20/reviews,201,Created,Virtual Users [500 threads] 1-357,text,true,,572,573,134,134,http://k8s-forkfind-forkfind-8e65d48af1-1990260306.us-east-1.elb.amazonaws.com/restaurants/20/reviews,95,0,0
1777595121926,13904,01 - POST /auth/user/login,200,OK,Virtual Users [500 threads] 1-374,text,true,,406,363,133,133,http://k8s-forkfind-forkfind-8e65d48af1-1990260306.us-east-1.elb.amazonaws.com/auth/user/login,13904,0,71
1777595135734,102,03 - POST /restaurants/20/reviews,201,Created,Virtual Users [500 threads] 1-344,text,true,,572,573,133,133,http://k8s-forkfind-forkfind-8e65d48af1-1990260306.us-east-1.elb.amazonaws.com/restaurants/20/reviews,102,0,0
1777595135830,89,02 - GET /restaurants (search),200,OK,Virtual Users [500 threads] 1-374,text,true,,790,436,132,132,http://k8s-forkfind-forkfind-8e65d48af1-1990260306.us-east-1.elb.amazonaws.com/restaurants?q=pizza&limit=12&sort=rating,89,0,0
1777595135920,111,03 - POST /restaurants/20/reviews,201,Created,Virtual Users [500 threads] 1-374,text,true,,572,573,133,133,http://k8s-forkfind-forkfind-8e65d48af1-1990260306.us-east-1.elb.amazonaws.com/restaurants/20/reviews,111,0,0
1777595117967,18248,01 - POST /auth/user/login,200,OK,Virtual Users [500 threads] 1-352,text,true,,406,363,133,133,http://k8s-forkfind-forkfind-8e65d48af1-1990260306.us-east-1.elb.amazonaws.com/auth/user/login,18248,0,72
1777595136215,123,02 - GET /restaurants (search),200,OK,Virtual Users [500 threads] 1-352,text,true,,790,436,134,134,http://k8s-forkfind-forkfind-8e65d48af1-1990260306.us-east-1.elb.amazonaws.com/restaurants?q=pizza&limit=12&sort=rating,123,0,0
1777595136339,91,03 - POST /restaurants/20/reviews,201,Created,Virtual Users [500 threads] 1-352,text,true,,572,573,134,134,http://k8s-forkfind-forkfind-8e65d48af1-1990260306.us-east-1.elb.amazonaws.com/restaurants/20/reviews,91,0,0
1777595114905,21600,01 - POST /auth/user/login,200,OK,Virtual Users [500 threads] 1-335,text,true,,406,363,134,134,http://k8s-forkfind-forkfind-8e65d48af1-1990260306.us-east-1.elb.amazonaws.com/auth/user/login,21600,0,67
1777595136506,79,02 - GET /restaurants (search),200,OK,Virtual Users [500 threads] 1-335,text,true,,790,436,134,134,http://k8s-forkfind-forkfind-8e65d48af1-1990260306.us-east-1.elb.amazonaws.com/restaurants?q=pizza&limit=12&sort=rating,79,0,0
1777595136585,77,03 - POST /restaurants/20/reviews,201,Created,Virtual Users [500 threads] 1-335,text,true,,572,573,134,134,http://k8s-forkfind-forkfind-8e65d48af1-1990260306.us-east-1.elb.amazonaws.com/restaurants/20/reviews,77,0,0
1777595121566,15264,01 - POST /auth/user/login,200,OK,Virtual Users [500 threads] 1-372,text,true,,406,363,134,134,http://k8s-forkfind-forkfind-8e65d48af1-1990260306.us-east-1.elb.amazonaws.com/auth/user/login,15264,0,72
1777595115086,21833,01 - POST /auth/user/login,200,OK,Virtual Users [500 threads] 1-336,text,true,,406,363,135,135,http://k8s-forkfind-forkfind-8e65d48af1-1990260306.us-east-1.elb.amazonaws.com/auth/user/login,21833,0,74
1777595136830,96,02 - GET /restaurants (search),200,OK,Virtual Users [500 threads] 1-372,text,true,,790,436,135,135,http://k8s-forkfind-forkfind-8e65d48af1-1990260306.us-east-1.elb.amazonaws.com/restaurants?q=pizza&limit=12&sort=rating,96,0,0
1777595136919,91,02 - GET /restaurants (search),200,OK,Virtual Users [500 threads] 1-336,text,true,,790,436,135,135,http://k8s-forkfind-forkfind-8e65d48af1-1990260306.us-east-1.elb.amazonaws.com/restaurants?q=pizza&limit=12&sort=rating,91,0,0
1777595136926,97,03 - POST /restaurants/20/reviews,201,Created,Virtual Users [500 threads] 1-372,text,true,,572,573,135,135,http://k8s-forkfind-forkfind-8e65d48af1-1990260306.us-east-1.elb.amazonaws.com/restaurants/20/reviews,97,0,0
1777595137011,120,03 - POST /restaurants/20/reviews,201,Created,Virtual Users [500 threads] 1-336,text,true,,572,573,135,135,http://k8s-forkfind-forkfind-8e65d48af1-1990260306.us-east-1.elb.amazonaws.com/restaurants/20/reviews,120,0,0
1777595126965,10773,01 - POST /auth/user/login,200,OK,Virtual Users [500 threads] 1-402,text,true,,406,363,137,137,http://k8s-forkfind-forkfind-8e65d48af1-1990260306.us-east-1.elb.amazonaws.com/auth/user/login,10773,0,72
1777595137738,87,02 - GET /restaurants (search),200,OK,Virtual Users [500 threads] 1-402,text,true,,790,436,138,138,http://k8s-forkfind-forkfind-8e65d48af1-1990260306.us-east-1.elb.amazonaws.com/restaurants?q=pizza&limit=12&sort=rating,87,0,0
1777595137827,104,03 - POST /restaurants/20/reviews,201,Created,Virtual Users [500 threads] 1-402,text,true,,572,573,138,138,http://k8s-forkfind-forkfind-8e65d48af1-1990260306.us-east-1.elb.amazonaws.com/restaurants/20/reviews,104,0,0
1777595107523,30454,01 - POST /auth/user/login,200,OK,Virtual Users [500 threads] 1-294,text,true,,406,363,138,138,http://k8s-forkfind-forkfind-8e65d48af1-1990260306.us-east-1.elb.amazonaws.com/auth/user/login,30454,0,66
1777595108246,29762,01 - POST /auth/user/login,200,OK,Virtual Users [500 threads] 1-298,text,true,,406,363,138,138,http://k8s-forkfind-forkfind-8e65d48af1-1990260306.us-east-1.elb.amazonaws.com/auth/user/login,29762,0,65
1777595137978,84,02 - GET /restaurants (search),200,OK,Virtual Users [500 threads] 1-294,text,true,,790,436,138,138,http://k8s-forkfind-forkfind-8e65d48af1-1990260306.us-east-1.elb.amazonaws.com/restaurants?q=pizza&limit=12&sort=rating,84,0,0
1777595112205,25871,01 - POST /auth/user/login,200,OK,Virtual Users [500 threads] 1-320,text,true,,406,363,138,138,http://k8s-forkfind-forkfind-8e65d48af1-1990260306.us-east-1.elb.amazonaws.com/auth/user/login,25871,0,66
1777595114367,23729,01 - POST /auth/user/login,200,OK,Virtual Users [500 threads] 1-332,text,true,,406,363,138,138,http://k8s-forkfind-forkfind-8e65d48af1-1990260306.us-east-1.elb.amazonaws.com/auth/user/login,23729,0,65
1777595138009,100,02 - GET /restaurants (search),200,OK,Virtual Users [500 threads] 1-298,text,true,,790,436,138,138,http://k8s-forkfind-forkfind-8e65d48af1-1990260306.us-east-1.elb.amazonaws.com/restaurants?q=pizza&limit=12&sort=rating,100,0,0
1777595138063,82,03 - POST /restaurants/20/reviews,201,Created,Virtual Users [500 threads] 1-294,text,true,,572,573,139,139,http://k8s-forkfind-forkfind-8e65d48af1-1990260306.us-east-1.elb.amazonaws.com/restaurants/20/reviews,82,0,0
1777595138078,83,02 - GET /restaurants (search),200,OK,Virtual Users [500 threads] 1-320,text,true,,790,436,138,138,http://k8s-forkfind-forkfind-8e65d48af1-1990260306.us-east-1.elb.amazonaws.com/restaurants?q=pizza&limit=12&sort=rating,83,0,0
1777595138097,97,02 - GET /restaurants (search),200,OK,Virtual Users [500 threads] 1-332,text,true,,790,436,138,138,http://k8s-forkfind-forkfind-8e65d48af1-1990260306.us-east-1.elb.amazonaws.com/restaurants?q=pizza&limit=12&sort=rating,97,0,0
1777595111845,26370,01 - POST /auth/user/login,200,OK,Virtual Users [500 threads] 1-318,text,true,,406,363,138,138,http://k8s-forkfind-forkfind-8e65d48af1-1990260306.us-east-1.elb.amazonaws.com/auth/user/login,26370,0,65
1777595138110,110,03 - POST /restaurants/20/reviews,201,Created,Virtual Users [500 threads] 1-298,text,true,,572,573,138,138,http://k8s-forkfind-forkfind-8e65d48af1-1990260306.us-east-1.elb.amazonaws.com/restaurants/20/reviews,110,0,0
1777595112562,25668,01 - POST /auth/user/login,200,OK,Virtual Users [500 threads] 1-322,text,true,,406,363,137,137,http://k8s-forkfind-forkfind-8e65d48af1-1990260306.us-east-1.elb.amazonaws.com/auth/user/login,25667,0,68
1777595138162,88,03 - POST /restaurants/20/reviews,201,Created,Virtual Users [500 threads] 1-320,text,true,,572,573,137,137,http://k8s-forkfind-forkfind-8e65d48af1-1990260306.us-east-1.elb.amazonaws.com/restaurants/20/reviews,88,0,0
1777595138216,79,02 - GET /restaurants (search),200,OK,Virtual Users [500 threads] 1-318,text,true,,790,436,136,136,http://k8s-forkfind-forkfind-8e65d48af1-1990260306.us-east-1.elb.amazonaws.com/restaurants?q=pizza&limit=12&sort=rating,79,0,0
1777595138195,121,03 - POST /restaurants/20/reviews,201,Created,Virtual Users [500 threads] 1-332,text,true,,572,573,137,137,http://k8s-forkfind-forkfind-8e65d48af1-1990260306.us-east-1.elb.amazonaws.com/restaurants/20/reviews,121,0,0
1777595138231,86,02 - GET /restaurants (search),200,OK,Virtual Users [500 threads] 1-322,text,true,,790,436,136,136,http://k8s-forkfind-forkfind-8e65d48af1-1990260306.us-east-1.elb.amazonaws.com/restaurants?q=pizza&limit=12&sort=rating,86,0,0
1777595115626,22701,01 - POST /auth/user/login,200,OK,Virtual Users [500 threads] 1-339,text,true,,406,363,136,136,http://k8s-forkfind-forkfind-8e65d48af1-1990260306.us-east-1.elb.amazonaws.com/auth/user/login,22701,0,71
1777595138295,116,03 - POST /restaurants/20/reviews,201,Created,Virtual Users [500 threads] 1-318,text,true,,572,573,136,136,http://k8s-forkfind-forkfind-8e65d48af1-1990260306.us-east-1.elb.amazonaws.com/restaurants/20/reviews,116,0,0
1777595138328,97,02 - GET /restaurants (search),200,OK,Virtual Users [500 threads] 1-339,text,true,,790,436,135,135,http://k8s-forkfind-forkfind-8e65d48af1-1990260306.us-east-1.elb.amazonaws.com/restaurants?q=pizza&limit=12&sort=rating,97,0,0
1777595138318,230,03 - POST /restaurants/20/reviews,201,Created,Virtual Users [500 threads] 1-322,text,true,,572,573,136,136,http://k8s-forkfind-forkfind-8e65d48af1-1990260306.us-east-1.elb.amazonaws.com/restaurants/20/reviews,230,0,0
1777595138426,133,03 - POST /restaurants/20/reviews,201,Created,Virtual Users [500 threads] 1-339,text,true,,572,573,135,135,http://k8s-forkfind-forkfind-8e65d48af1-1990260306.us-east-1.elb.amazonaws.com/restaurants/20/reviews,133,0,0
1777595114005,24599,01 - POST /auth/user/login,200,OK,Virtual Users [500 threads] 1-330,text,true,,406,363,134,134,http://k8s-forkfind-forkfind-8e65d48af1-1990260306.us-east-1.elb.amazonaws.com/auth/user/login,24599,0,72
1777595138605,80,02 - GET /restaurants (search),200,OK,Virtual Users [500 threads] 1-330,text,true,,790,436,135,135,http://k8s-forkfind-forkfind-8e65d48af1-1990260306.us-east-1.elb.amazonaws.com/restaurants?q=pizza&limit=12&sort=rating,80,0,0
1777595111486,27220,01 - POST /auth/user/login,200,OK,Virtual Users [500 threads] 1-316,text,true,,406,363,135,135,http://k8s-forkfind-forkfind-8e65d48af1-1990260306.us-east-1.elb.amazonaws.com/auth/user/login,27220,0,64
1777595138707,79,02 - GET /restaurants (search),200,OK,Virtual Users [500 threads] 1-316,text,true,,790,436,135,135,http://k8s-forkfind-forkfind-8e65d48af1-1990260306.us-east-1.elb.amazonaws.com/restaurants?q=pizza&limit=12&sort=rating,79,0,0
1777595119406,19381,01 - POST /auth/user/login,200,OK,Virtual Users [500 threads] 1-360,text,true,,406,363,135,135,http://k8s-forkfind-forkfind-8e65d48af1-1990260306.us-east-1.elb.amazonaws.com/auth/user/login,19381,0,74
1777595138686,123,03 - POST /restaurants/20/reviews,201,Created,Virtual Users [500 threads] 1-330,text,true,,572,573,135,135,http://k8s-forkfind-forkfind-8e65d48af1-1990260306.us-east-1.elb.amazonaws.com/restaurants/20/reviews,123,0,0
1777595138787,96,02 - GET /restaurants (search),200,OK,Virtual Users [500 threads] 1-360,text,true,,790,436,135,135,http://k8s-forkfind-forkfind-8e65d48af1-1990260306.us-east-1.elb.amazonaws.com/restaurants?q=pizza&limit=12&sort=rating,96,0,0
1777595138787,119,03 - POST /restaurants/20/reviews,201,Created,Virtual Users [500 threads] 1-316,text,true,,572,573,135,135,http://k8s-forkfind-forkfind-8e65d48af1-1990260306.us-east-1.elb.amazonaws.com/restaurants/20/reviews,119,0,0
1777595115266,23723,01 - POST /auth/user/login,200,OK,Virtual Users [500 threads] 1-337,text,true,,406,363,134,134,http://k8s-forkfind-forkfind-8e65d48af1-1990260306.us-east-1.elb.amazonaws.com/auth/user/login,23723,0,72
1777595138884,126,03 - POST /restaurants/20/reviews,201,Created,Virtual Users [500 threads] 1-360,text,true,,572,573,134,134,http://k8s-forkfind-forkfind-8e65d48af1-1990260306.us-east-1.elb.amazonaws.com/restaurants/20/reviews,126,0,0
1777595138989,84,02 - GET /restaurants (search),200,OK,Virtual Users [500 threads] 1-337,text,true,,790,436,134,134,http://k8s-forkfind-forkfind-8e65d48af1-1990260306.us-east-1.elb.amazonaws.com/restaurants?q=pizza&limit=12&sort=rating,84,0,0
1777595139073,151,03 - POST /restaurants/20/reviews,201,Created,Virtual Users [500 threads] 1-337,text,true,,572,573,135,135,http://k8s-forkfind-forkfind-8e65d48af1-1990260306.us-east-1.elb.amazonaws.com/restaurants/20/reviews,151,0,0
1777595119586,20642,01 - POST /auth/user/login,200,OK,Virtual Users [500 threads] 1-361,text,true,,406,363,139,139,http://k8s-forkfind-forkfind-8e65d48af1-1990260306.us-east-1.elb.amazonaws.com/auth/user/login,20642,0,72
1777595140229,90,02 - GET /restaurants (search),200,OK,Virtual Users [500 threads] 1-361,text,true,,790,436,140,140,http://k8s-forkfind-forkfind-8e65d48af1-1990260306.us-east-1.elb.amazonaws.com/restaurants?q=pizza&limit=12&sort=rating,90,0,0
1777595140319,133,03 - POST /restaurants/20/reviews,201,Created,Virtual Users [500 threads] 1-361,text,true,,572,573,140,140,http://k8s-forkfind-forkfind-8e65d48af1-1990260306.us-east-1.elb.amazonaws.com/restaurants/20/reviews,133,0,0
1777595113645,27380,01 - POST /auth/user/login,200,OK,Virtual Users [500 threads] 1-328,text,true,,406,363,143,143,http://k8s-forkfind-forkfind-8e65d48af1-1990260306.us-east-1.elb.amazonaws.com/auth/user/login,27380,0,67
1777595141026,90,02 - GET /restaurants (search),200,OK,Virtual Users [500 threads] 1-328,text,true,,790,436,143,143,http://k8s-forkfind-forkfind-8e65d48af1-1990260306.us-east-1.elb.amazonaws.com/restaurants?q=pizza&limit=12&sort=rating,90,0,0
1777595115445,25696,01 - POST /auth/user/login,200,OK,Virtual Users [500 threads] 1-338,text,true,,406,363,143,143,http://k8s-forkfind-forkfind-8e65d48af1-1990260306.us-east-1.elb.amazonaws.com/auth/user/login,25696,0,74
1777595141117,102,03 - POST /restaurants/20/reviews,201,Created,Virtual Users [500 threads] 1-328,text,true,,572,573,144,144,http://k8s-forkfind-forkfind-8e65d48af1-1990260306.us-east-1.elb.amazonaws.com/restaurants/20/reviews,102,0,0
1777595141141,89,02 - GET /restaurants (search),200,OK,Virtual Users [500 threads] 1-338,text,true,,790,436,143,143,http://k8s-forkfind-forkfind-8e65d48af1-1990260306.us-east-1.elb.amazonaws.com/restaurants?q=pizza&limit=12&sort=rating,89,0,0
1777595113284,27948,01 - POST /auth/user/login,200,OK,Virtual Users [500 threads] 1-326,text,true,,406,363,143,143,http://k8s-forkfind-forkfind-8e65d48af1-1990260306.us-east-1.elb.amazonaws.com/auth/user/login,27948,0,66
1777595113465,27767,01 - POST /auth/user/login,200,OK,Virtual Users [500 threads] 1-327,text,true,,406,363,143,143,http://k8s-forkfind-forkfind-8e65d48af1-1990260306.us-east-1.elb.amazonaws.com/auth/user/login,27767,0,66
1777595119766,21474,01 - POST /auth/user/login,200,OK,Virtual Users [500 threads] 1-362,text,true,,406,363,143,143,http://k8s-forkfind-forkfind-8e65d48af1-1990260306.us-east-1.elb.amazonaws.com/auth/user/login,21474,0,72
1777595141232,86,02 - GET /restaurants (search),200,OK,Virtual Users [500 threads] 1-326,text,true,,790,436,143,143,http://k8s-forkfind-forkfind-8e65d48af1-1990260306.us-east-1.elb.amazonaws.com/restaurants?q=pizza&limit=12&sort=rating,86,0,0
1777595121386,19933,01 - POST /auth/user/login,200,OK,Virtual Users [500 threads] 1-371,text,true,,406,363,143,143,http://k8s-forkfind-forkfind-8e65d48af1-1990260306.us-east-1.elb.amazonaws.com/auth/user/login,19933,0,73
1777595141232,100,02 - GET /restaurants (search),200,OK,Virtual Users [500 threads] 1-327,text,true,,790,436,143,143,http://k8s-forkfind-forkfind-8e65d48af1-1990260306.us-east-1.elb.amazonaws.com/restaurants?q=pizza&limit=12&sort=rating,100,0,0
1777595141239,104,02 - GET /restaurants (search),200,OK,Virtual Users [500 threads] 1-362,text,true,,790,436,143,143,http://k8s-forkfind-forkfind-8e65d48af1-1990260306.us-east-1.elb.amazonaws.com/restaurants?q=pizza&limit=12&sort=rating,104,0,0
1777595141230,123,03 - POST /restaurants/20/reviews,201,Created,Virtual Users [500 threads] 1-338,text,true,,572,573,143,143,http://k8s-forkfind-forkfind-8e65d48af1-1990260306.us-east-1.elb.amazonaws.com/restaurants/20/reviews,123,0,0
1777595112746,28649,01 - POST /auth/user/login,200,OK,Virtual Users [500 threads] 1-323,text,true,,406,363,143,143,http://k8s-forkfind-forkfind-8e65d48af1-1990260306.us-east-1.elb.amazonaws.com/auth/user/login,28649,0,73
1777595141319,103,02 - GET /restaurants (search),200,OK,Virtual Users [500 threads] 1-371,text,true,,790,436,143,143,http://k8s-forkfind-forkfind-8e65d48af1-1990260306.us-east-1.elb.amazonaws.com/restaurants?q=pizza&limit=12&sort=rating,103,0,0
1777595141319,132,03 - POST /restaurants/20/reviews,201,Created,Virtual Users [500 threads] 1-326,text,true,,572,573,143,143,http://k8s-forkfind-forkfind-8e65d48af1-1990260306.us-east-1.elb.amazonaws.com/restaurants/20/reviews,132,0,0
1777595141332,119,03 - POST /restaurants/20/reviews,201,Created,Virtual Users [500 threads] 1-327,text,true,,572,573,143,143,http://k8s-forkfind-forkfind-8e65d48af1-1990260306.us-east-1.elb.amazonaws.com/restaurants/20/reviews,119,0,0
1777595141343,109,03 - POST /restaurants/20/reviews,201,Created,Virtual Users [500 threads] 1-362,text,true,,572,573,141,141,http://k8s-forkfind-forkfind-8e65d48af1-1990260306.us-east-1.elb.amazonaws.com/restaurants/20/reviews,109,0,0
1777595141396,81,02 - GET /restaurants (search),200,OK,Virtual Users [500 threads] 1-323,text,true,,790,436,140,140,http://k8s-forkfind-forkfind-8e65d48af1-1990260306.us-east-1.elb.amazonaws.com/restaurants?q=pizza&limit=12&sort=rating,81,0,0
1777595116346,25177,01 - POST /auth/user/login,200,OK,Virtual Users [500 threads] 1-343,text,true,,406,363,140,140,http://k8s-forkfind-forkfind-8e65d48af1-1990260306.us-east-1.elb.amazonaws.com/auth/user/login,25177,0,74
1777595141423,130,03 - POST /restaurants/20/reviews,201,Created,Virtual Users [500 threads] 1-371,text,true,,572,573,141,141,http://k8s-forkfind-forkfind-8e65d48af1-1990260306.us-east-1.elb.amazonaws.com/restaurants/20/reviews,130,0,0
1777595111304,30271,01 - POST /auth/user/login,200,OK,Virtual Users [500 threads] 1-315,text,true,,406,363,140,140,http://k8s-forkfind-forkfind-8e65d48af1-1990260306.us-east-1.elb.amazonaws.com/auth/user/login,30271,0,64
1777595141477,124,03 - POST /restaurants/20/reviews,201,Created,Virtual Users [500 threads] 1-323,text,true,,572,573,140,140,http://k8s-forkfind-forkfind-8e65d48af1-1990260306.us-east-1.elb.amazonaws.com/restaurants/20/reviews,124,0,0
1777595109326,32275,01 - POST /auth/user/login,200,OK,Virtual Users [500 threads] 1-304,text,true,,406,363,140,140,http://k8s-forkfind-forkfind-8e65d48af1-1990260306.us-east-1.elb.amazonaws.com/auth/user/login,32275,0,67
1777595141523,89,02 - GET /restaurants (search),200,OK,Virtual Users [500 threads] 1-343,text,true,,790,436,139,139,http://k8s-forkfind-forkfind-8e65d48af1-1990260306.us-east-1.elb.amazonaws.com/restaurants?q=pizza&limit=12&sort=rating,89,0,0
1777595141576,75,02 - GET /restaurants (search),200,OK,Virtual Users [500 threads] 1-315,text,true,,790,436,139,139,http://k8s-forkfind-forkfind-8e65d48af1-1990260306.us-east-1.elb.amazonaws.com/restaurants?q=pizza&limit=12&sort=rating,75,0,0
1777595141602,95,02 - GET /restaurants (search),200,OK,Virtual Users [500 threads] 1-304,text,true,,790,436,139,139,http://k8s-forkfind-forkfind-8e65d48af1-1990260306.us-east-1.elb.amazonaws.com/restaurants?q=pizza&limit=12&sort=rating,95,0,0
1777595141612,114,03 - POST /restaurants/20/reviews,201,Created,Virtual Users [500 threads] 1-343,text,true,,572,573,140,140,http://k8s-forkfind-forkfind-8e65d48af1-1990260306.us-east-1.elb.amazonaws.com/restaurants/20/reviews,114,0,0
1777595141652,94,03 - POST /restaurants/20/reviews,201,Created,Virtual Users [500 threads] 1-315,text,true,,572,573,139,139,http://k8s-forkfind-forkfind-8e65d48af1-1990260306.us-east-1.elb.amazonaws.com/restaurants/20/reviews,94,0,0
1777595141697,103,03 - POST /restaurants/20/reviews,201,Created,Virtual Users [500 threads] 1-304,text,true,,572,573,138,138,http://k8s-forkfind-forkfind-8e65d48af1-1990260306.us-east-1.elb.amazonaws.com/restaurants/20/reviews,103,0,0
1777595117066,24871,01 - POST /auth/user/login,200,OK,Virtual Users [500 threads] 1-347,text,true,,406,363,138,138,http://k8s-forkfind-forkfind-8e65d48af1-1990260306.us-east-1.elb.amazonaws.com/auth/user/login,24871,0,72
1777595141937,92,02 - GET /restaurants (search),200,OK,Virtual Users [500 threads] 1-347,text,true,,790,436,138,138,http://k8s-forkfind-forkfind-8e65d48af1-1990260306.us-east-1.elb.amazonaws.com/restaurants?q=pizza&limit=12&sort=rating,92,0,0
1777595142030,125,03 - POST /restaurants/20/reviews,201,Created,Virtual Users [500 threads] 1-347,text,true,,572,573,139,139,http://k8s-forkfind-forkfind-8e65d48af1-1990260306.us-east-1.elb.amazonaws.com/restaurants/20/reviews,125,0,0
1777595110226,31949,01 - POST /auth/user/login,200,OK,Virtual Users [500 threads] 1-309,text,true,,406,363,138,138,http://k8s-forkfind-forkfind-8e65d48af1-1990260306.us-east-1.elb.amazonaws.com/auth/user/login,31949,0,67
1777595142176,76,02 - GET /restaurants (search),200,OK,Virtual Users [500 threads] 1-309,text,true,,790,436,138,138,http://k8s-forkfind-forkfind-8e65d48af1-1990260306.us-east-1.elb.amazonaws.com/restaurants?q=pizza&limit=12&sort=rating,76,0,0
1777595113105,29182,01 - POST /auth/user/login,200,OK,Virtual Users [500 threads] 1-325,text,true,,406,363,139,139,http://k8s-forkfind-forkfind-8e65d48af1-1990260306.us-east-1.elb.amazonaws.com/auth/user/login,29182,0,67
1777595142252,97,03 - POST /restaurants/20/reviews,201,Created,Virtual Users [500 threads] 1-309,text,true,,572,573,139,139,http://k8s-forkfind-forkfind-8e65d48af1-1990260306.us-east-1.elb.amazonaws.com/restaurants/20/reviews,97,0,0
1777595142288,73,02 - GET /restaurants (search),200,OK,Virtual Users [500 threads] 1-325,text,true,,790,436,138,138,http://k8s-forkfind-forkfind-8e65d48af1-1990260306.us-east-1.elb.amazonaws.com/restaurants?q=pizza&limit=12&sort=rating,73,0,0
1777595142361,79,03 - POST /restaurants/20/reviews,201,Created,Virtual Users [500 threads] 1-325,text,true,,572,573,138,138,http://k8s-forkfind-forkfind-8e65d48af1-1990260306.us-east-1.elb.amazonaws.com/restaurants/20/reviews,79,0,0
1777595119045,24244,01 - POST /auth/user/login,200,OK,Virtual Users [500 threads] 1-358,text,true,,406,363,142,142,http://k8s-forkfind-forkfind-8e65d48af1-1990260306.us-east-1.elb.amazonaws.com/auth/user/login,24244,0,72
1777595143289,77,02 - GET /restaurants (search),200,OK,Virtual Users [500 threads] 1-358,text,true,,790,436,143,143,http://k8s-forkfind-forkfind-8e65d48af1-1990260306.us-east-1.elb.amazonaws.com/restaurants?q=pizza&limit=12&sort=rating,77,0,0
1777595121026,22374,01 - POST /auth/user/login,200,OK,Virtual Users [500 threads] 1-369,text,true,,406,363,143,143,http://k8s-forkfind-forkfind-8e65d48af1-1990260306.us-east-1.elb.amazonaws.com/auth/user/login,22374,0,72
1777595143366,85,03 - POST /restaurants/20/reviews,201,Created,Virtual Users [500 threads] 1-358,text,true,,572,573,143,143,http://k8s-forkfind-forkfind-8e65d48af1-1990260306.us-east-1.elb.amazonaws.com/restaurants/20/reviews,85,0,0
1777595143399,80,02 - GET /restaurants (search),200,OK,Virtual Users [500 threads] 1-369,text,true,,790,436,142,142,http://k8s-forkfind-forkfind-8e65d48af1-1990260306.us-east-1.elb.amazonaws.com/restaurants?q=pizza&limit=12&sort=rating,80,0,0
1777595113823,29656,01 - POST /auth/user/login,200,OK,Virtual Users [500 threads] 1-329,text,true,,406,363,142,142,http://k8s-forkfind-forkfind-8e65d48af1-1990260306.us-east-1.elb.amazonaws.com/auth/user/login,29656,0,65
1777595143480,73,02 - GET /restaurants (search),200,OK,Virtual Users [500 threads] 1-329,text,true,,790,436,143,143,http://k8s-forkfind-forkfind-8e65d48af1-1990260306.us-east-1.elb.amazonaws.com/restaurants?q=pizza&limit=12&sort=rating,73,0,0
1777595143480,86,03 - POST /restaurants/20/reviews,201,Created,Virtual Users [500 threads] 1-369,text,true,,572,573,143,143,http://k8s-forkfind-forkfind-8e65d48af1-1990260306.us-east-1.elb.amazonaws.com/restaurants/20/reviews,86,0,0
1777595143553,98,03 - POST /restaurants/20/reviews,201,Created,Virtual Users [500 threads] 1-329,text,true,,572,573,142,142,http://k8s-forkfind-forkfind-8e65d48af1-1990260306.us-east-1.elb.amazonaws.com/restaurants/20/reviews,98,0,0
1777595116886,26819,01 - POST /auth/user/login,200,OK,Virtual Users [500 threads] 1-346,text,true,,406,363,141,141,http://k8s-forkfind-forkfind-8e65d48af1-1990260306.us-east-1.elb.amazonaws.com/auth/user/login,26819,0,74
1777595143704,118,02 - GET /restaurants (search),200,OK,Virtual Users [500 threads] 1-346,text,true,,790,436,142,142,http://k8s-forkfind-forkfind-8e65d48af1-1990260306.us-east-1.elb.amazonaws.com/restaurants?q=pizza&limit=12&sort=rating,118,0,0
1777595143823,124,03 - POST /restaurants/20/reviews,201,Created,Virtual Users [500 threads] 1-346,text,true,,572,573,143,143,http://k8s-forkfind-forkfind-8e65d48af1-1990260306.us-east-1.elb.amazonaws.com/restaurants/20/reviews,124,0,0
1777595115807,28869,01 - POST /auth/user/login,200,OK,Virtual Users [500 threads] 1-340,text,true,,406,363,146,146,http://k8s-forkfind-forkfind-8e65d48af1-1990260306.us-east-1.elb.amazonaws.com/auth/user/login,28869,0,72
1777595144676,82,02 - GET /restaurants (search),200,OK,Virtual Users [500 threads] 1-340,text,true,,790,436,146,146,http://k8s-forkfind-forkfind-8e65d48af1-1990260306.us-east-1.elb.amazonaws.com/restaurants?q=pizza&limit=12&sort=rating,82,0,0
1777595125703,19073,01 - POST /auth/user/login,200,OK,Virtual Users [500 threads] 1-395,text,true,,406,363,146,146,http://k8s-forkfind-forkfind-8e65d48af1-1990260306.us-east-1.elb.amazonaws.com/auth/user/login,19073,0,72
1777595144776,146,02 - GET /restaurants (search),200,OK,Virtual Users [500 threads] 1-395,text,true,,790,436,146,146,http://k8s-forkfind-forkfind-8e65d48af1-1990260306.us-east-1.elb.amazonaws.com/restaurants?q=pizza&limit=12&sort=rating,146,0,0
1777595144758,170,03 - POST /restaurants/20/reviews,201,Created,Virtual Users [500 threads] 1-340,text,true,,572,573,146,146,http://k8s-forkfind-forkfind-8e65d48af1-1990260306.us-east-1.elb.amazonaws.com/restaurants/20/reviews,170,0,0
1777595144923,101,03 - POST /restaurants/20/reviews,201,Created,Virtual Users [500 threads] 1-395,text,true,,572,573,145,145,http://k8s-forkfind-forkfind-8e65d48af1-1990260306.us-east-1.elb.amazonaws.com/restaurants/20/reviews,101,0,0
1777595120304,24735,01 - POST /auth/user/login,200,OK,Virtual Users [500 threads] 1-365,text,true,,406,363,144,144,http://k8s-forkfind-forkfind-8e65d48af1-1990260306.us-east-1.elb.amazonaws.com/auth/user/login,24735,0,74
1777595145039,91,02 - GET /restaurants (search),200,OK,Virtual Users [500 threads] 1-365,text,true,,790,436,144,144,http://k8s-forkfind-forkfind-8e65d48af1-1990260306.us-east-1.elb.amazonaws.com/restaurants?q=pizza&limit=12&sort=rating,91,0,0
1777595120123,25097,01 - POST /auth/user/login,200,OK,Virtual Users [500 threads] 1-364,text,true,,406,363,144,144,http://k8s-forkfind-forkfind-8e65d48af1-1990260306.us-east-1.elb.amazonaws.com/auth/user/login,25097,0,71
1777595145130,101,03 - POST /restaurants/20/reviews,201,Created,Virtual Users [500 threads] 1-365,text,true,,572,573,144,144,http://k8s-forkfind-forkfind-8e65d48af1-1990260306.us-east-1.elb.amazonaws.com/restaurants/20/reviews,101,0,0
1777595145220,92,02 - GET /restaurants (search),200,OK,Virtual Users [500 threads] 1-364,text,true,,790,436,143,143,http://k8s-forkfind-forkfind-8e65d48af1-1990260306.us-east-1.elb.amazonaws.com/restaurants?q=pizza&limit=12&sort=rating,92,0,0
1777595145312,128,03 - POST /restaurants/20/reviews,201,Created,Virtual Users [500 threads] 1-364,text,true,,572,573,143,143,http://k8s-forkfind-forkfind-8e65d48af1-1990260306.us-east-1.elb.amazonaws.com/restaurants/20/reviews,128,0,0
1777595117602,27900,01 - POST /auth/user/login,200,OK,Virtual Users [500 threads] 1-350,text,true,,406,363,142,142,http://k8s-forkfind-forkfind-8e65d48af1-1990260306.us-east-1.elb.amazonaws.com/auth/user/login,27900,0,114
1777595145502,112,02 - GET /restaurants (search),200,OK,Virtual Users [500 threads] 1-350,text,true,,790,436,142,142,http://k8s-forkfind-forkfind-8e65d48af1-1990260306.us-east-1.elb.amazonaws.com/restaurants?q=pizza&limit=12&sort=rating,112,0,0
1777595145615,101,03 - POST /restaurants/20/reviews,201,Created,Virtual Users [500 threads] 1-350,text,true,,572,573,142,142,http://k8s-forkfind-forkfind-8e65d48af1-1990260306.us-east-1.elb.amazonaws.com/restaurants/20/reviews,101,0,0
1777595131466,14265,01 - POST /auth/user/login,200,OK,Virtual Users [500 threads] 1-427,text,true,,406,363,141,141,http://k8s-forkfind-forkfind-8e65d48af1-1990260306.us-east-1.elb.amazonaws.com/auth/user/login,14265,0,72
1777595124264,21468,01 - POST /auth/user/login,200,OK,Virtual Users [500 threads] 1-387,text,true,,406,363,141,141,http://k8s-forkfind-forkfind-8e65d48af1-1990260306.us-east-1.elb.amazonaws.com/auth/user/login,21468,0,70
1777595115985,29826,01 - POST /auth/user/login,200,OK,Virtual Users [500 threads] 1-341,text,true,,406,363,141,141,http://k8s-forkfind-forkfind-8e65d48af1-1990260306.us-east-1.elb.amazonaws.com/auth/user/login,29826,0,74
1777595117246,28565,01 - POST /auth/user/login,200,OK,Virtual Users [500 threads] 1-348,text,true,,406,363,141,141,http://k8s-forkfind-forkfind-8e65d48af1-1990260306.us-east-1.elb.amazonaws.com/auth/user/login,28565,0,72
1777595145733,87,02 - GET /restaurants (search),200,OK,Virtual Users [500 threads] 1-387,text,true,,790,436,141,141,http://k8s-forkfind-forkfind-8e65d48af1-1990260306.us-east-1.elb.amazonaws.com/restaurants?q=pizza&limit=12&sort=rating,87,0,0
1777595145733,89,02 - GET /restaurants (search),200,OK,Virtual Users [500 threads] 1-427,text,true,,790,436,141,141,http://k8s-forkfind-forkfind-8e65d48af1-1990260306.us-east-1.elb.amazonaws.com/restaurants?q=pizza&limit=12&sort=rating,89,0,0
1777595145811,92,02 - GET /restaurants (search),200,OK,Virtual Users [500 threads] 1-348,text,true,,790,436,141,141,http://k8s-forkfind-forkfind-8e65d48af1-1990260306.us-east-1.elb.amazonaws.com/restaurants?q=pizza&limit=12&sort=rating,92,0,0
1777595145811,94,02 - GET /restaurants (search),200,OK,Virtual Users [500 threads] 1-341,text,true,,790,436,141,141,http://k8s-forkfind-forkfind-8e65d48af1-1990260306.us-east-1.elb.amazonaws.com/restaurants?q=pizza&limit=12&sort=rating,94,0,0
1777595119226,26696,01 - POST /auth/user/login,200,OK,Virtual Users [500 threads] 1-359,text,true,,406,363,141,141,http://k8s-forkfind-forkfind-8e65d48af1-1990260306.us-east-1.elb.amazonaws.com/auth/user/login,26696,0,72
1777595116706,29216,01 - POST /auth/user/login,200,OK,Virtual Users [500 threads] 1-345,text,true,,406,363,141,141,http://k8s-forkfind-forkfind-8e65d48af1-1990260306.us-east-1.elb.amazonaws.com/auth/user/login,29216,0,70
1777595145821,111,03 - POST /restaurants/20/reviews,201,Created,Virtual Users [500 threads] 1-387,text,true,,572,573,141,141,http://k8s-forkfind-forkfind-8e65d48af1-1990260306.us-east-1.elb.amazonaws.com/restaurants/20/reviews,111,0,0
1777595145823,109,03 - POST /restaurants/20/reviews,201,Created,Virtual Users [500 threads] 1-427,text,true,,572,573,141,141,http://k8s-forkfind-forkfind-8e65d48af1-1990260306.us-east-1.elb.amazonaws.com/restaurants/20/reviews,109,0,0
1777595145903,88,03 - POST /restaurants/20/reviews,201,Created,Virtual Users [500 threads] 1-348,text,true,,572,573,139,139,http://k8s-forkfind-forkfind-8e65d48af1-1990260306.us-east-1.elb.amazonaws.com/restaurants/20/reviews,88,0,0
1777595145905,123,03 - POST /restaurants/20/reviews,201,Created,Virtual Users [500 threads] 1-341,text,true,,572,573,138,138,http://k8s-forkfind-forkfind-8e65d48af1-1990260306.us-east-1.elb.amazonaws.com/restaurants/20/reviews,123,0,0
1777595145921,111,02 - GET /restaurants (search),200,OK,Virtual Users [500 threads] 1-345,text,true,,790,436,137,137,http://k8s-forkfind-forkfind-8e65d48af1-1990260306.us-east-1.elb.amazonaws.com/restaurants?q=pizza&limit=12&sort=rating,111,0,0
1777595145921,114,02 - GET /restaurants (search),200,OK,Virtual Users [500 threads] 1-359,text,true,,790,436,137,137,http://k8s-forkfind-forkfind-8e65d48af1-1990260306.us-east-1.elb.amazonaws.com/restaurants?q=pizza&limit=12&sort=rating,114,0,0
1777595114723,31364,01 - POST /auth/user/login,200,OK,Virtual Users [500 threads] 1-334,text,true,,406,363,137,137,http://k8s-forkfind-forkfind-8e65d48af1-1990260306.us-east-1.elb.amazonaws.com/auth/user/login,31364,0,64
1777595117426,28666,01 - POST /auth/user/login,200,OK,Virtual Users [500 threads] 1-349,text,true,,406,363,137,137,http://k8s-forkfind-forkfind-8e65d48af1-1990260306.us-east-1.elb.amazonaws.com/auth/user/login,28666,0,73
1777595146032,91,03 - POST /restaurants/20/reviews,201,Created,Virtual Users [500 threads] 1-345,text,true,,572,573,137,137,http://k8s-forkfind-forkfind-8e65d48af1-1990260306.us-east-1.elb.amazonaws.com/restaurants/20/reviews,91,0,0
1777595146035,92,03 - POST /restaurants/20/reviews,201,Created,Virtual Users [500 threads] 1-359,text,true,,572,573,136,136,http://k8s-forkfind-forkfind-8e65d48af1-1990260306.us-east-1.elb.amazonaws.com/restaurants/20/reviews,92,0,0
1777595146088,74,02 - GET /restaurants (search),200,OK,Virtual Users [500 threads] 1-334,text,true,,790,436,135,135,http://k8s-forkfind-forkfind-8e65d48af1-1990260306.us-east-1.elb.amazonaws.com/restaurants?q=pizza&limit=12&sort=rating,74,0,0
1777595146092,77,02 - GET /restaurants (search),200,OK,Virtual Users [500 threads] 1-349,text,true,,790,436,135,135,http://k8s-forkfind-forkfind-8e65d48af1-1990260306.us-east-1.elb.amazonaws.com/restaurants?q=pizza&limit=12&sort=rating,77,0,0
1777595146162,77,03 - POST /restaurants/20/reviews,201,Created,Virtual Users [500 threads] 1-334,text,true,,572,573,135,135,http://k8s-forkfind-forkfind-8e65d48af1-1990260306.us-east-1.elb.amazonaws.com/restaurants/20/reviews,77,0,0
1777595146170,85,03 - POST /restaurants/20/reviews,201,Created,Virtual Users [500 threads] 1-349,text,true,,572,573,134,134,http://k8s-forkfind-forkfind-8e65d48af1-1990260306.us-east-1.elb.amazonaws.com/restaurants/20/reviews,85,0,0
1777595122465,23937,01 - POST /auth/user/login,200,OK,Virtual Users [500 threads] 1-377,text,true,,406,363,133,133,http://k8s-forkfind-forkfind-8e65d48af1-1990260306.us-east-1.elb.amazonaws.com/auth/user/login,23937,0,70
1777595146401,79,02 - GET /restaurants (search),200,OK,Virtual Users [500 threads] 1-377,text,true,,790,436,133,133,http://k8s-forkfind-forkfind-8e65d48af1-1990260306.us-east-1.elb.amazonaws.com/restaurants?q=pizza&limit=12&sort=rating,79,0,0
1777595118686,27806,01 - POST /auth/user/login,200,OK,Virtual Users [500 threads] 1-356,text,true,,406,363,133,133,http://k8s-forkfind-forkfind-8e65d48af1-1990260306.us-east-1.elb.amazonaws.com/auth/user/login,27806,0,71
1777595146481,82,03 - POST /restaurants/20/reviews,201,Created,Virtual Users [500 threads] 1-377,text,true,,572,573,133,133,http://k8s-forkfind-forkfind-8e65d48af1-1990260306.us-east-1.elb.amazonaws.com/restaurants/20/reviews,82,0,0
1777595146492,79,02 - GET /restaurants (search),200,OK,Virtual Users [500 threads] 1-356,text,true,,790,436,132,132,http://k8s-forkfind-forkfind-8e65d48af1-1990260306.us-east-1.elb.amazonaws.com/restaurants?q=pizza&limit=12&sort=rating,79,0,0
1777595117785,28813,01 - POST /auth/user/login,200,OK,Virtual Users [500 threads] 1-351,text,true,,406,363,132,132,http://k8s-forkfind-forkfind-8e65d48af1-1990260306.us-east-1.elb.amazonaws.com/auth/user/login,28813,0,73
1777595146571,83,03 - POST /restaurants/20/reviews,201,Created,Virtual Users [500 threads] 1-356,text,true,,572,573,132,132,http://k8s-forkfind-forkfind-8e65d48af1-1990260306.us-east-1.elb.amazonaws.com/restaurants/20/reviews,83,0,0
1777595146598,77,02 - GET /restaurants (search),200,OK,Virtual Users [500 threads] 1-351,text,true,,790,436,131,131,http://k8s-forkfind-forkfind-8e65d48af1-1990260306.us-east-1.elb.amazonaws.com/restaurants?q=pizza&limit=12&sort=rating,77,0,0
1777595146676,82,03 - POST /restaurants/20/reviews,201,Created,Virtual Users [500 threads] 1-351,text,true,,572,573,131,131,http://k8s-forkfind-forkfind-8e65d48af1-1990260306.us-east-1.elb.amazonaws.com/restaurants/20/reviews,82,0,0
1777595122646,24285,01 - POST /auth/user/login,200,OK,Virtual Users [500 threads] 1-378,text,true,,406,363,130,130,http://k8s-forkfind-forkfind-8e65d48af1-1990260306.us-east-1.elb.amazonaws.com/auth/user/login,24285,0,76
1777595146931,86,02 - GET /restaurants (search),200,OK,Virtual Users [500 threads] 1-378,text,true,,790,436,130,130,http://k8s-forkfind-forkfind-8e65d48af1-1990260306.us-east-1.elb.amazonaws.com/restaurants?q=pizza&limit=12&sort=rating,86,0,0
1777595116167,30908,01 - POST /auth/user/login,200,OK,Virtual Users [500 threads] 1-342,text,true,,406,363,130,130,http://k8s-forkfind-forkfind-8e65d48af1-1990260306.us-east-1.elb.amazonaws.com/auth/user/login,30908,0,72
1777595120846,26229,01 - POST /auth/user/login,200,OK,Virtual Users [500 threads] 1-368,text,true,,406,363,130,130,http://k8s-forkfind-forkfind-8e65d48af1-1990260306.us-east-1.elb.amazonaws.com/auth/user/login,26229,0,71
1777595147018,92,03 - POST /restaurants/20/reviews,201,Created,Virtual Users [500 threads] 1-378,text,true,,572,573,130,130,http://k8s-forkfind-forkfind-8e65d48af1-1990260306.us-east-1.elb.amazonaws.com/restaurants/20/reviews,92,0,0
1777595147076,80,02 - GET /restaurants (search),200,OK,Virtual Users [500 threads] 1-342,text,true,,790,436,129,129,http://k8s-forkfind-forkfind-8e65d48af1-1990260306.us-east-1.elb.amazonaws.com/restaurants?q=pizza&limit=12&sort=rating,80,0,0
1777595147076,82,02 - GET /restaurants (search),200,OK,Virtual Users [500 threads] 1-368,text,true,,790,436,129,129,http://k8s-forkfind-forkfind-8e65d48af1-1990260306.us-east-1.elb.amazonaws.com/restaurants?q=pizza&limit=12&sort=rating,82,0,0
1777595147157,99,03 - POST /restaurants/20/reviews,201,Created,Virtual Users [500 threads] 1-342,text,true,,572,573,129,129,http://k8s-forkfind-forkfind-8e65d48af1-1990260306.us-east-1.elb.amazonaws.com/restaurants/20/reviews,99,0,0
1777595147158,98,03 - POST /restaurants/20/reviews,201,Created,Virtual Users [500 threads] 1-368,text,true,,572,573,129,129,http://k8s-forkfind-forkfind-8e65d48af1-1990260306.us-east-1.elb.amazonaws.com/restaurants/20/reviews,98,0,0
1777595122285,25040,01 - POST /auth/user/login,200,OK,Virtual Users [500 threads] 1-376,text,true,,406,363,127,127,http://k8s-forkfind-forkfind-8e65d48af1-1990260306.us-east-1.elb.amazonaws.com/auth/user/login,25040,0,73
1777595118506,28897,01 - POST /auth/user/login,200,OK,Virtual Users [500 threads] 1-355,text,true,,406,363,127,127,http://k8s-forkfind-forkfind-8e65d48af1-1990260306.us-east-1.elb.amazonaws.com/auth/user/login,28897,0,72
1777595147325,97,02 - GET /restaurants (search),200,OK,Virtual Users [500 threads] 1-376,text,true,,790,436,127,127,http://k8s-forkfind-forkfind-8e65d48af1-1990260306.us-east-1.elb.amazonaws.com/restaurants?q=pizza&limit=12&sort=rating,97,0,0
1777595126245,21178,01 - POST /auth/user/login,200,OK,Virtual Users [500 threads] 1-398,text,true,,406,363,127,127,http://k8s-forkfind-forkfind-8e65d48af1-1990260306.us-east-1.elb.amazonaws.com/auth/user/login,21178,0,74
1777595124984,22442,01 - POST /auth/user/login,200,OK,Virtual Users [500 threads] 1-391,text,true,,406,363,127,127,http://k8s-forkfind-forkfind-8e65d48af1-1990260306.us-east-1.elb.amazonaws.com/auth/user/login,22442,0,71
1777595124081,23347,01 - POST /auth/user/login,200,OK,Virtual Users [500 threads] 1-386,text,true,,406,363,127,127,http://k8s-forkfind-forkfind-8e65d48af1-1990260306.us-east-1.elb.amazonaws.com/auth/user/login,23347,0,75
1777595147403,90,02 - GET /restaurants (search),200,OK,Virtual Users [500 threads] 1-355,text,true,,790,436,127,127,http://k8s-forkfind-forkfind-8e65d48af1-1990260306.us-east-1.elb.amazonaws.com/restaurants?q=pizza&limit=12&sort=rating,90,0,0
1777595147423,92,02 - GET /restaurants (search),200,OK,Virtual Users [500 threads] 1-398,text,true,,790,436,127,127,http://k8s-forkfind-forkfind-8e65d48af1-1990260306.us-east-1.elb.amazonaws.com/restaurants?q=pizza&limit=12&sort=rating,92,0,0
1777595147425,93,02 - GET /restaurants (search),200,OK,Virtual Users [500 threads] 1-391,text,true,,790,436,127,127,http://k8s-forkfind-forkfind-8e65d48af1-1990260306.us-east-1.elb.amazonaws.com/restaurants?q=pizza&limit=12&sort=rating,93,0,0
1777595147427,94,02 - GET /restaurants (search),200,OK,Virtual Users [500 threads] 1-386,text,true,,790,436,127,127,http://k8s-forkfind-forkfind-8e65d48af1-1990260306.us-east-1.elb.amazonaws.com/restaurants?q=pizza&limit=12&sort=rating,94,0,0
1777595118322,29208,01 - POST /auth/user/login,200,OK,Virtual Users [500 threads] 1-354,text,true,,406,363,127,127,http://k8s-forkfind-forkfind-8e65d48af1-1990260306.us-east-1.elb.amazonaws.com/auth/user/login,29208,0,72
1777595147423,128,03 - POST /restaurants/20/reviews,201,Created,Virtual Users [500 threads] 1-376,text,true,,572,573,127,127,http://k8s-forkfind-forkfind-8e65d48af1-1990260306.us-east-1.elb.amazonaws.com/restaurants/20/reviews,128,0,0
1777595121746,25829,01 - POST /auth/user/login,200,OK,Virtual Users [500 threads] 1-373,text,true,,406,363,126,126,http://k8s-forkfind-forkfind-8e65d48af1-1990260306.us-east-1.elb.amazonaws.com/auth/user/login,25829,0,73
1777595123366,24242,01 - POST /auth/user/login,200,OK,Virtual Users [500 threads] 1-382,text,true,,406,363,126,126,http://k8s-forkfind-forkfind-8e65d48af1-1990260306.us-east-1.elb.amazonaws.com/auth/user/login,24242,0,71
1777595147493,127,03 - POST /restaurants/20/reviews,201,Created,Virtual Users [500 threads] 1-355,text,true,,572,573,126,126,http://k8s-forkfind-forkfind-8e65d48af1-1990260306.us-east-1.elb.amazonaws.com/restaurants/20/reviews,127,0,0
1777595147529,113,02 - GET /restaurants (search),200,OK,Virtual Users [500 threads] 1-354,text,true,,790,436,125,125,http://k8s-forkfind-forkfind-8e65d48af1-1990260306.us-east-1.elb.amazonaws.com/restaurants?q=pizza&limit=12&sort=rating,113,0,0
1777595147515,137,03 - POST /restaurants/20/reviews,201,Created,Virtual Users [500 threads] 1-398,text,true,,572,573,125,125,http://k8s-forkfind-forkfind-8e65d48af1-1990260306.us-east-1.elb.amazonaws.com/restaurants/20/reviews,137,0,0
1777595147518,135,03 - POST /restaurants/20/reviews,201,Created,Virtual Users [500 threads] 1-391,text,true,,572,573,124,124,http://k8s-forkfind-forkfind-8e65d48af1-1990260306.us-east-1.elb.amazonaws.com/restaurants/20/reviews,135,0,0
1777595147574,81,02 - GET /restaurants (search),200,OK,Virtual Users [500 threads] 1-373,text,true,,790,436,123,123,http://k8s-forkfind-forkfind-8e65d48af1-1990260306.us-east-1.elb.amazonaws.com/restaurants?q=pizza&limit=12&sort=rating,81,0,0
1777595147521,134,03 - POST /restaurants/20/reviews,201,Created,Virtual Users [500 threads] 1-386,text,true,,572,573,123,123,http://k8s-forkfind-forkfind-8e65d48af1-1990260306.us-east-1.elb.amazonaws.com/restaurants/20/reviews,134,0,0
1777595147608,87,02 - GET /restaurants (search),200,OK,Virtual Users [500 threads] 1-382,text,true,,790,436,122,122,http://k8s-forkfind-forkfind-8e65d48af1-1990260306.us-east-1.elb.amazonaws.com/restaurants?q=pizza&limit=12&sort=rating,87,0,0
1777595147655,96,03 - POST /restaurants/20/reviews,201,Created,Virtual Users [500 threads] 1-373,text,true,,572,573,122,122,http://k8s-forkfind-forkfind-8e65d48af1-1990260306.us-east-1.elb.amazonaws.com/restaurants/20/reviews,96,0,0
1777595147642,109,03 - POST /restaurants/20/reviews,201,Created,Virtual Users [500 threads] 1-354,text,true,,572,573,122,122,http://k8s-forkfind-forkfind-8e65d48af1-1990260306.us-east-1.elb.amazonaws.com/restaurants/20/reviews,109,0,0
1777595133984,13792,01 - POST /auth/user/login,200,OK,Virtual Users [500 threads] 1-441,text,true,,406,363,120,120,http://k8s-forkfind-forkfind-8e65d48af1-1990260306.us-east-1.elb.amazonaws.com/auth/user/login,13792,0,72
1777595147696,107,03 - POST /restaurants/20/reviews,201,Created,Virtual Users [500 threads] 1-382,text,true,,572,573,120,120,http://k8s-forkfind-forkfind-8e65d48af1-1990260306.us-east-1.elb.amazonaws.com/restaurants/20/reviews,106,0,0
1777595125166,22647,01 - POST /auth/user/login,200,OK,Virtual Users [500 threads] 1-392,text,true,,406,363,119,119,http://k8s-forkfind-forkfind-8e65d48af1-1990260306.us-east-1.elb.amazonaws.com/auth/user/login,22647,0,71
1777595147777,78,02 - GET /restaurants (search),200,OK,Virtual Users [500 threads] 1-441,text,true,,790,436,119,119,http://k8s-forkfind-forkfind-8e65d48af1-1990260306.us-east-1.elb.amazonaws.com/restaurants?q=pizza&limit=12&sort=rating,78,0,0
1777595147813,88,02 - GET /restaurants (search),200,OK,Virtual Users [500 threads] 1-392,text,true,,790,436,119,119,http://k8s-forkfind-forkfind-8e65d48af1-1990260306.us-east-1.elb.amazonaws.com/restaurants?q=pizza&limit=12&sort=rating,88,0,0
1777595147855,95,03 - POST /restaurants/20/reviews,201,Created,Virtual Users [500 threads] 1-441,text,true,,572,573,119,119,http://k8s-forkfind-forkfind-8e65d48af1-1990260306.us-east-1.elb.amazonaws.com/restaurants/20/reviews,95,0,0
1777595123723,24269,01 - POST /auth/user/login,200,OK,Virtual Users [500 threads] 1-384,text,true,,406,363,118,118,http://k8s-forkfind-forkfind-8e65d48af1-1990260306.us-east-1.elb.amazonaws.com/auth/user/login,24269,0,71
1777595147903,102,03 - POST /restaurants/20/reviews,201,Created,Virtual Users [500 threads] 1-392,text,true,,572,573,118,118,http://k8s-forkfind-forkfind-8e65d48af1-1990260306.us-east-1.elb.amazonaws.com/restaurants/20/reviews,102,0,0
1777595121207,26813,01 - POST /auth/user/login,200,OK,Virtual Users [500 threads] 1-370,text,true,,406,363,117,117,http://k8s-forkfind-forkfind-8e65d48af1-1990260306.us-east-1.elb.amazonaws.com/auth/user/login,26813,0,72
1777595147992,80,02 - GET /restaurants (search),200,OK,Virtual Users [500 threads] 1-384,text,true,,790,436,117,117,http://k8s-forkfind-forkfind-8e65d48af1-1990260306.us-east-1.elb.amazonaws.com/restaurants?q=pizza&limit=12&sort=rating,80,0,0
1777595123186,24926,01 - POST /auth/user/login,200,OK,Virtual Users [500 threads] 1-381,text,true,,406,363,117,117,http://k8s-forkfind-forkfind-8e65d48af1-1990260306.us-east-1.elb.amazonaws.com/auth/user/login,24926,0,71
1777595148020,101,02 - GET /restaurants (search),200,OK,Virtual Users [500 threads] 1-370,text,true,,790,436,117,117,http://k8s-forkfind-forkfind-8e65d48af1-1990260306.us-east-1.elb.amazonaws.com/restaurants?q=pizza&limit=12&sort=rating,101,0,0
1777595148072,101,03 - POST /restaurants/20/reviews,201,Created,Virtual Users [500 threads] 1-384,text,true,,572,573,117,117,http://k8s-forkfind-forkfind-8e65d48af1-1990260306.us-east-1.elb.amazonaws.com/restaurants/20/reviews,101,0,0
1777595148112,100,02 - GET /restaurants (search),200,OK,Virtual Users [500 threads] 1-381,text,true,,790,436,116,116,http://k8s-forkfind-forkfind-8e65d48af1-1990260306.us-east-1.elb.amazonaws.com/restaurants?q=pizza&limit=12&sort=rating,100,0,0
1777595148122,133,03 - POST /restaurants/20/reviews,201,Created,Virtual Users [500 threads] 1-370,text,true,,572,573,116,116,http://k8s-forkfind-forkfind-8e65d48af1-1990260306.us-east-1.elb.amazonaws.com/restaurants/20/reviews,133,0,0
1777595124626,23649,01 - POST /auth/user/login,200,OK,Virtual Users [500 threads] 1-389,text,true,,406,363,115,115,http://k8s-forkfind-forkfind-8e65d48af1-1990260306.us-east-1.elb.amazonaws.com/auth/user/login,23649,0,70
1777595148212,140,03 - POST /restaurants/20/reviews,201,Created,Virtual Users [500 threads] 1-381,text,true,,572,573,115,115,http://k8s-forkfind-forkfind-8e65d48af1-1990260306.us-east-1.elb.amazonaws.com/restaurants/20/reviews,140,0,0
1777595148275,80,02 - GET /restaurants (search),200,OK,Virtual Users [500 threads] 1-389,text,true,,790,436,114,114,http://k8s-forkfind-forkfind-8e65d48af1-1990260306.us-east-1.elb.amazonaws.com/restaurants?q=pizza&limit=12&sort=rating,80,0,0
1777595148355,96,03 - POST /restaurants/20/reviews,201,Created,Virtual Users [500 threads] 1-389,text,true,,572,573,114,114,http://k8s-forkfind-forkfind-8e65d48af1-1990260306.us-east-1.elb.amazonaws.com/restaurants/20/reviews,96,0,0
1777595142086,6399,01 - POST /auth/user/login,200,OK,Virtual Users [500 threads] 1-486,text,true,,408,363,113,113,http://k8s-forkfind-forkfind-8e65d48af1-1990260306.us-east-1.elb.amazonaws.com/auth/user/login,6399,0,79
1777595148486,78,02 - GET /restaurants (search),200,OK,Virtual Users [500 threads] 1-486,text,true,,790,437,113,113,http://k8s-forkfind-forkfind-8e65d48af1-1990260306.us-east-1.elb.amazonaws.com/restaurants?q=pizza&limit=12&sort=rating,78,0,0
1777595123541,25055,01 - POST /auth/user/login,200,OK,Virtual Users [500 threads] 1-383,text,true,,406,363,113,113,http://k8s-forkfind-forkfind-8e65d48af1-1990260306.us-east-1.elb.amazonaws.com/auth/user/login,25055,0,70
1777595148564,87,03 - POST /restaurants/20/reviews,201,Created,Virtual Users [500 threads] 1-486,text,true,,574,574,113,113,http://k8s-forkfind-forkfind-8e65d48af1-1990260306.us-east-1.elb.amazonaws.com/restaurants/20/reviews,87,0,0
1777595148596,89,02 - GET /restaurants (search),200,OK,Virtual Users [500 threads] 1-383,text,true,,790,436,112,112,http://k8s-forkfind-forkfind-8e65d48af1-1990260306.us-east-1.elb.amazonaws.com/restaurants?q=pizza&limit=12&sort=rating,89,0,0
1777595123905,24827,01 - POST /auth/user/login,200,OK,Virtual Users [500 threads] 1-385,text,true,,406,363,112,112,http://k8s-forkfind-forkfind-8e65d48af1-1990260306.us-east-1.elb.amazonaws.com/auth/user/login,24827,0,71
1777595148685,85,03 - POST /restaurants/20/reviews,201,Created,Virtual Users [500 threads] 1-383,text,true,,572,573,112,112,http://k8s-forkfind-forkfind-8e65d48af1-1990260306.us-east-1.elb.amazonaws.com/restaurants/20/reviews,85,0,0
1777595148732,86,02 - GET /restaurants (search),200,OK,Virtual Users [500 threads] 1-385,text,true,,790,436,111,111,http://k8s-forkfind-forkfind-8e65d48af1-1990260306.us-east-1.elb.amazonaws.com/restaurants?q=pizza&limit=12&sort=rating,86,0,0
1777595148819,133,03 - POST /restaurants/20/reviews,201,Created,Virtual Users [500 threads] 1-385,text,true,,572,573,111,111,http://k8s-forkfind-forkfind-8e65d48af1-1990260306.us-east-1.elb.amazonaws.com/restaurants/20/reviews,132,0,0
1777595124440,24660,01 - POST /auth/user/login,200,OK,Virtual Users [500 threads] 1-388,text,true,,406,363,110,110,http://k8s-forkfind-forkfind-8e65d48af1-1990260306.us-east-1.elb.amazonaws.com/auth/user/login,24660,0,74
1777595144422,4678,01 - POST /auth/user/login,200,OK,Virtual Users [500 threads] 1-499,text,true,,408,363,110,110,http://k8s-forkfind-forkfind-8e65d48af1-1990260306.us-east-1.elb.amazonaws.com/auth/user/login,4678,0,72
1777595120482,28621,01 - POST /auth/user/login,200,OK,Virtual Users [500 threads] 1-366,text,true,,406,363,110,110,http://k8s-forkfind-forkfind-8e65d48af1-1990260306.us-east-1.elb.amazonaws.com/auth/user/login,28621,0,84
1777595120665,28438,01 - POST /auth/user/login,200,OK,Virtual Users [500 threads] 1-367,text,true,,406,363,110,110,http://k8s-forkfind-forkfind-8e65d48af1-1990260306.us-east-1.elb.amazonaws.com/auth/user/login,28438,0,73
1777595149100,98,02 - GET /restaurants (search),200,OK,Virtual Users [500 threads] 1-388,text,true,,790,436,110,110,http://k8s-forkfind-forkfind-8e65d48af1-1990260306.us-east-1.elb.amazonaws.com/restaurants?q=pizza&limit=12&sort=rating,98,0,0
1777595149101,97,02 - GET /restaurants (search),200,OK,Virtual Users [500 threads] 1-499,text,true,,790,437,110,110,http://k8s-forkfind-forkfind-8e65d48af1-1990260306.us-east-1.elb.amazonaws.com/restaurants?q=pizza&limit=12&sort=rating,97,0,0
1777595149102,98,02 - GET /restaurants (search),200,OK,Virtual Users [500 threads] 1-366,text,true,,790,436,110,110,http://k8s-forkfind-forkfind-8e65d48af1-1990260306.us-east-1.elb.amazonaws.com/restaurants?q=pizza&limit=12&sort=rating,98,0,0
1777595149102,98,02 - GET /restaurants (search),200,OK,Virtual Users [500 threads] 1-367,text,true,,790,436,110,110,http://k8s-forkfind-forkfind-8e65d48af1-1990260306.us-east-1.elb.amazonaws.com/restaurants?q=pizza&limit=12&sort=rating,98,0,0
1777595122104,27118,01 - POST /auth/user/login,200,OK,Virtual Users [500 threads] 1-375,text,true,,406,363,110,110,http://k8s-forkfind-forkfind-8e65d48af1-1990260306.us-east-1.elb.amazonaws.com/auth/user/login,27118,0,75
1777595149198,124,03 - POST /restaurants/20/reviews,201,Created,Virtual Users [500 threads] 1-388,text,true,,572,573,110,110,http://k8s-forkfind-forkfind-8e65d48af1-1990260306.us-east-1.elb.amazonaws.com/restaurants/20/reviews,124,0,0
1777595149198,124,03 - POST /restaurants/20/reviews,201,Created,Virtual Users [500 threads] 1-499,text,true,,574,574,110,110,http://k8s-forkfind-forkfind-8e65d48af1-1990260306.us-east-1.elb.amazonaws.com/restaurants/20/reviews,124,0,0
1777595149201,121,03 - POST /restaurants/20/reviews,201,Created,Virtual Users [500 threads] 1-367,text,true,,572,573,110,110,http://k8s-forkfind-forkfind-8e65d48af1-1990260306.us-east-1.elb.amazonaws.com/restaurants/20/reviews,121,0,0
1777595149223,102,02 - GET /restaurants (search),200,OK,Virtual Users [500 threads] 1-375,text,true,,790,436,107,107,http://k8s-forkfind-forkfind-8e65d48af1-1990260306.us-east-1.elb.amazonaws.com/restaurants?q=pizza&limit=12&sort=rating,102,0,0
1777595149201,150,03 - POST /restaurants/20/reviews,201,Created,Virtual Users [500 threads] 1-366,text,true,,572,573,107,107,http://k8s-forkfind-forkfind-8e65d48af1-1990260306.us-east-1.elb.amazonaws.com/restaurants/20/reviews,150,0,0
1777595125526,23888,01 - POST /auth/user/login,200,OK,Virtual Users [500 threads] 1-394,text,true,,406,363,106,106,http://k8s-forkfind-forkfind-8e65d48af1-1990260306.us-east-1.elb.amazonaws.com/auth/user/login,23888,0,86
1777595149326,139,03 - POST /restaurants/20/reviews,201,Created,Virtual Users [500 threads] 1-375,text,true,,572,573,106,106,http://k8s-forkfind-forkfind-8e65d48af1-1990260306.us-east-1.elb.amazonaws.com/restaurants/20/reviews,138,0,0
1777595119946,29566,01 - POST /auth/user/login,200,OK,Virtual Users [500 threads] 1-363,text,true,,406,363,105,105,http://k8s-forkfind-forkfind-8e65d48af1-1990260306.us-east-1.elb.amazonaws.com/auth/user/login,29566,0,73
1777595149414,108,02 - GET /restaurants (search),200,OK,Virtual Users [500 threads] 1-394,text,true,,790,436,105,105,http://k8s-forkfind-forkfind-8e65d48af1-1990260306.us-east-1.elb.amazonaws.com/restaurants?q=pizza&limit=12&sort=rating,108,0,0
1777595149512,94,02 - GET /restaurants (search),200,OK,Virtual Users [500 threads] 1-363,text,true,,790,436,105,105,http://k8s-forkfind-forkfind-8e65d48af1-1990260306.us-east-1.elb.amazonaws.com/restaurants?q=pizza&limit=12&sort=rating,94,0,0
1777595149523,139,03 - POST /restaurants/20/reviews,201,Created,Virtual Users [500 threads] 1-394,text,true,,572,573,105,105,http://k8s-forkfind-forkfind-8e65d48af1-1990260306.us-east-1.elb.amazonaws.com/restaurants/20/reviews,139,0,0
1777595122825,26874,01 - POST /auth/user/login,200,OK,Virtual Users [500 threads] 1-379,text,true,,406,363,104,104,http://k8s-forkfind-forkfind-8e65d48af1-1990260306.us-east-1.elb.amazonaws.com/auth/user/login,26874,0,73
1777595130205,19493,01 - POST /auth/user/login,200,OK,Virtual Users [500 threads] 1-420,text,true,,406,363,104,104,http://k8s-forkfind-forkfind-8e65d48af1-1990260306.us-east-1.elb.amazonaws.com/auth/user/login,19493,0,78
1777595149607,96,03 - POST /restaurants/20/reviews,201,Created,Virtual Users [500 threads] 1-363,text,true,,572,573,104,104,http://k8s-forkfind-forkfind-8e65d48af1-1990260306.us-east-1.elb.amazonaws.com/restaurants/20/reviews,96,0,0
1777595134165,15550,01 - POST /auth/user/login,200,OK,Virtual Users [500 threads] 1-442,text,true,,406,363,103,103,http://k8s-forkfind-forkfind-8e65d48af1-1990260306.us-east-1.elb.amazonaws.com/auth/user/login,15550,0,79
1777595149699,84,02 - GET /restaurants (search),200,OK,Virtual Users [500 threads] 1-420,text,true,,790,436,103,103,http://k8s-forkfind-forkfind-8e65d48af1-1990260306.us-east-1.elb.amazonaws.com/restaurants?q=pizza&limit=12&sort=rating,84,0,0
1777595149699,84,02 - GET /restaurants (search),200,OK,Virtual Users [500 threads] 1-379,text,true,,790,436,103,103,http://k8s-forkfind-forkfind-8e65d48af1-1990260306.us-east-1.elb.amazonaws.com/restaurants?q=pizza&limit=12&sort=rating,84,0,0
1777595149715,117,02 - GET /restaurants (search),200,OK,Virtual Users [500 threads] 1-442,text,true,,790,436,103,103,http://k8s-forkfind-forkfind-8e65d48af1-1990260306.us-east-1.elb.amazonaws.com/restaurants?q=pizza&limit=12&sort=rating,117,0,0
1777595149784,129,03 - POST /restaurants/20/reviews,201,Created,Virtual Users [500 threads] 1-420,text,true,,572,573,103,103,http://k8s-forkfind-forkfind-8e65d48af1-1990260306.us-east-1.elb.amazonaws.com/restaurants/20/reviews,129,0,0
1777595149784,129,03 - POST /restaurants/20/reviews,201,Created,Virtual Users [500 threads] 1-379,text,true,,572,573,103,103,http://k8s-forkfind-forkfind-8e65d48af1-1990260306.us-east-1.elb.amazonaws.com/restaurants/20/reviews,129,0,0
1777595125346,24569,01 - POST /auth/user/login,200,OK,Virtual Users [500 threads] 1-393,text,true,,406,363,103,103,http://k8s-forkfind-forkfind-8e65d48af1-1990260306.us-east-1.elb.amazonaws.com/auth/user/login,24569,0,73
1777595149832,119,03 - POST /restaurants/20/reviews,201,Created,Virtual Users [500 threads] 1-442,text,true,,572,573,101,101,http://k8s-forkfind-forkfind-8e65d48af1-1990260306.us-east-1.elb.amazonaws.com/restaurants/20/reviews,118,0,0
1777595149915,96,02 - GET /restaurants (search),200,OK,Virtual Users [500 threads] 1-393,text,true,,790,436,100,100,http://k8s-forkfind-forkfind-8e65d48af1-1990260306.us-east-1.elb.amazonaws.com/restaurants?q=pizza&limit=12&sort=rating,96,0,0
1777595130026,20075,01 - POST /auth/user/login,200,OK,Virtual Users [500 threads] 1-419,text,true,,406,363,100,100,http://k8s-forkfind-forkfind-8e65d48af1-1990260306.us-east-1.elb.amazonaws.com/auth/user/login,20075,0,73
1777595150012,140,03 - POST /restaurants/20/reviews,201,Created,Virtual Users [500 threads] 1-393,text,true,,572,573,100,100,http://k8s-forkfind-forkfind-8e65d48af1-1990260306.us-east-1.elb.amazonaws.com/restaurants/20/reviews,140,0,0
1777595150103,78,02 - GET /restaurants (search),200,OK,Virtual Users [500 threads] 1-419,text,true,,790,436,99,99,http://k8s-forkfind-forkfind-8e65d48af1-1990260306.us-east-1.elb.amazonaws.com/restaurants?q=pizza&limit=12&sort=rating,78,0,0
1777595150181,96,03 - POST /restaurants/20/reviews,201,Created,Virtual Users [500 threads] 1-419,text,true,,572,573,99,99,http://k8s-forkfind-forkfind-8e65d48af1-1990260306.us-east-1.elb.amazonaws.com/restaurants/20/reviews,96,0,0
1777595128582,21759,01 - POST /auth/user/login,200,OK,Virtual Users [500 threads] 1-411,text,true,,406,363,98,98,http://k8s-forkfind-forkfind-8e65d48af1-1990260306.us-east-1.elb.amazonaws.com/auth/user/login,21759,0,74
1777595128765,21576,01 - POST /auth/user/login,200,OK,Virtual Users [500 threads] 1-412,text,true,,406,363,98,98,http://k8s-forkfind-forkfind-8e65d48af1-1990260306.us-east-1.elb.amazonaws.com/auth/user/login,21576,0,75
1777595150342,92,02 - GET /restaurants (search),200,OK,Virtual Users [500 threads] 1-412,text,true,,790,436,98,98,http://k8s-forkfind-forkfind-8e65d48af1-1990260306.us-east-1.elb.amazonaws.com/restaurants?q=pizza&limit=12&sort=rating,92,0,0
1777595150342,92,02 - GET /restaurants (search),200,OK,Virtual Users [500 threads] 1-411,text,true,,790,436,98,98,http://k8s-forkfind-forkfind-8e65d48af1-1990260306.us-east-1.elb.amazonaws.com/restaurants?q=pizza&limit=12&sort=rating,92,0,0
1777595128406,22123,01 - POST /auth/user/login,200,OK,Virtual Users [500 threads] 1-410,text,true,,406,363,98,98,http://k8s-forkfind-forkfind-8e65d48af1-1990260306.us-east-1.elb.amazonaws.com/auth/user/login,22122,0,75
1777595150435,122,03 - POST /restaurants/20/reviews,201,Created,Virtual Users [500 threads] 1-411,text,true,,572,573,98,98,http://k8s-forkfind-forkfind-8e65d48af1-1990260306.us-east-1.elb.amazonaws.com/restaurants/20/reviews,122,0,0
1777595150435,122,03 - POST /restaurants/20/reviews,201,Created,Virtual Users [500 threads] 1-412,text,true,,572,573,98,98,http://k8s-forkfind-forkfind-8e65d48af1-1990260306.us-east-1.elb.amazonaws.com/restaurants/20/reviews,122,0,0
1777595150529,86,02 - GET /restaurants (search),200,OK,Virtual Users [500 threads] 1-410,text,true,,790,436,96,96,http://k8s-forkfind-forkfind-8e65d48af1-1990260306.us-east-1.elb.amazonaws.com/restaurants?q=pizza&limit=12&sort=rating,86,0,0
1777595150616,138,03 - POST /restaurants/20/reviews,201,Created,Virtual Users [500 threads] 1-410,text,true,,572,573,96,96,http://k8s-forkfind-forkfind-8e65d48af1-1990260306.us-east-1.elb.amazonaws.com/restaurants/20/reviews,138,0,0
1777595135241,15727,01 - POST /auth/user/login,200,OK,Virtual Users [500 threads] 1-448,text,true,,406,363,95,95,http://k8s-forkfind-forkfind-8e65d48af1-1990260306.us-east-1.elb.amazonaws.com/auth/user/login,15727,0,72
1777595150970,81,02 - GET /restaurants (search),200,OK,Virtual Users [500 threads] 1-448,text,true,,790,436,95,95,http://k8s-forkfind-forkfind-8e65d48af1-1990260306.us-east-1.elb.amazonaws.com/restaurants?q=pizza&limit=12&sort=rating,81,0,0
1777595151053,103,03 - POST /restaurants/20/reviews,201,Created,Virtual Users [500 threads] 1-448,text,true,,572,573,95,95,http://k8s-forkfind-forkfind-8e65d48af1-1990260306.us-east-1.elb.amazonaws.com/restaurants/20/reviews,103,0,0
1777595128226,23067,01 - POST /auth/user/login,200,OK,Virtual Users [500 threads] 1-409,text,true,,406,363,94,94,http://k8s-forkfind-forkfind-8e65d48af1-1990260306.us-east-1.elb.amazonaws.com/auth/user/login,23067,0,72
1777595151294,77,02 - GET /restaurants (search),200,OK,Virtual Users [500 threads] 1-409,text,true,,790,436,94,94,http://k8s-forkfind-forkfind-8e65d48af1-1990260306.us-east-1.elb.amazonaws.com/restaurants?q=pizza&limit=12&sort=rating,77,0,0
1777595151372,83,03 - POST /restaurants/20/reviews,201,Created,Virtual Users [500 threads] 1-409,text,true,,572,573,94,94,http://k8s-forkfind-forkfind-8e65d48af1-1990260306.us-east-1.elb.amazonaws.com/restaurants/20/reviews,83,0,0
1777595133445,18169,01 - POST /auth/user/login,200,OK,Virtual Users [500 threads] 1-438,text,true,,406,363,93,93,http://k8s-forkfind-forkfind-8e65d48af1-1990260306.us-east-1.elb.amazonaws.com/auth/user/login,18169,0,73
1777595132365,19257,01 - POST /auth/user/login,200,OK,Virtual Users [500 threads] 1-432,text,true,,406,363,93,93,http://k8s-forkfind-forkfind-8e65d48af1-1990260306.us-east-1.elb.amazonaws.com/auth/user/login,19257,0,74
1777595128047,23581,01 - POST /auth/user/login,200,OK,Virtual Users [500 threads] 1-408,text,true,,406,363,93,93,http://k8s-forkfind-forkfind-8e65d48af1-1990260306.us-east-1.elb.amazonaws.com/auth/user/login,23581,0,71
1777595151616,91,02 - GET /restaurants (search),200,OK,Virtual Users [500 threads] 1-438,text,true,,790,436,93,93,http://k8s-forkfind-forkfind-8e65d48af1-1990260306.us-east-1.elb.amazonaws.com/restaurants?q=pizza&limit=12&sort=rating,90,0,0
1777595151623,102,02 - GET /restaurants (search),200,OK,Virtual Users [500 threads] 1-432,text,true,,790,436,93,93,http://k8s-forkfind-forkfind-8e65d48af1-1990260306.us-east-1.elb.amazonaws.com/restaurants?q=pizza&limit=12&sort=rating,102,0,0
1777595151628,100,02 - GET /restaurants (search),200,OK,Virtual Users [500 threads] 1-408,text,true,,790,436,93,93,http://k8s-forkfind-forkfind-8e65d48af1-1990260306.us-east-1.elb.amazonaws.com/restaurants?q=pizza&limit=12&sort=rating,100,0,0
1777595151707,172,03 - POST /restaurants/20/reviews,201,Created,Virtual Users [500 threads] 1-438,text,true,,572,573,93,93,http://k8s-forkfind-forkfind-8e65d48af1-1990260306.us-east-1.elb.amazonaws.com/restaurants/20/reviews,172,0,0
1777595151728,151,03 - POST /restaurants/20/reviews,201,Created,Virtual Users [500 threads] 1-408,text,true,,572,573,93,93,http://k8s-forkfind-forkfind-8e65d48af1-1990260306.us-east-1.elb.amazonaws.com/restaurants/20/reviews,151,0,0
1777595151726,153,03 - POST /restaurants/20/reviews,201,Created,Virtual Users [500 threads] 1-432,text,true,,572,573,93,93,http://k8s-forkfind-forkfind-8e65d48af1-1990260306.us-east-1.elb.amazonaws.com/restaurants/20/reviews,153,0,0
1777595123005,28927,01 - POST /auth/user/login,200,OK,Virtual Users [500 threads] 1-380,text,true,,406,363,90,90,http://k8s-forkfind-forkfind-8e65d48af1-1990260306.us-east-1.elb.amazonaws.com/auth/user/login,28927,0,74
1777595129124,22808,01 - POST /auth/user/login,200,OK,Virtual Users [500 threads] 1-414,text,true,,406,363,90,90,http://k8s-forkfind-forkfind-8e65d48af1-1990260306.us-east-1.elb.amazonaws.com/auth/user/login,22808,0,73
1777595151933,131,02 - GET /restaurants (search),200,OK,Virtual Users [500 threads] 1-414,text,true,,790,436,90,90,http://k8s-forkfind-forkfind-8e65d48af1-1990260306.us-east-1.elb.amazonaws.com/restaurants?q=pizza&limit=12&sort=rating,131,0,0
1777595151933,131,02 - GET /restaurants (search),200,OK,Virtual Users [500 threads] 1-380,text,true,,790,436,90,90,http://k8s-forkfind-forkfind-8e65d48af1-1990260306.us-east-1.elb.amazonaws.com/restaurants?q=pizza&limit=12&sort=rating,131,0,0
1777595152065,88,03 - POST /restaurants/20/reviews,201,Created,Virtual Users [500 threads] 1-380,text,true,,572,573,90,90,http://k8s-forkfind-forkfind-8e65d48af1-1990260306.us-east-1.elb.amazonaws.com/restaurants/20/reviews,88,0,0
1777595152065,88,03 - POST /restaurants/20/reviews,201,Created,Virtual Users [500 threads] 1-414,text,true,,572,573,90,90,http://k8s-forkfind-forkfind-8e65d48af1-1990260306.us-east-1.elb.amazonaws.com/restaurants/20/reviews,88,0,0
1777595126786,25432,01 - POST /auth/user/login,200,OK,Virtual Users [500 threads] 1-401,text,true,,406,363,88,88,http://k8s-forkfind-forkfind-8e65d48af1-1990260306.us-east-1.elb.amazonaws.com/auth/user/login,25432,0,73
1777595129487,22803,01 - POST /auth/user/login,200,OK,Virtual Users [500 threads] 1-416,text,true,,406,363,88,88,http://k8s-forkfind-forkfind-8e65d48af1-1990260306.us-east-1.elb.amazonaws.com/auth/user/login,22803,0,72
1777595152218,109,02 - GET /restaurants (search),200,OK,Virtual Users [500 threads] 1-401,text,true,,790,436,88,88,http://k8s-forkfind-forkfind-8e65d48af1-1990260306.us-east-1.elb.amazonaws.com/restaurants?q=pizza&limit=12&sort=rating,109,0,0
1777595152291,79,02 - GET /restaurants (search),200,OK,Virtual Users [500 threads] 1-416,text,true,,790,436,88,88,http://k8s-forkfind-forkfind-8e65d48af1-1990260306.us-east-1.elb.amazonaws.com/restaurants?q=pizza&limit=12&sort=rating,79,0,0
1777595152327,127,03 - POST /restaurants/20/reviews,201,Created,Virtual Users [500 threads] 1-401,text,true,,572,573,88,88,http://k8s-forkfind-forkfind-8e65d48af1-1990260306.us-east-1.elb.amazonaws.com/restaurants/20/reviews,127,0,0
1777595152370,87,03 - POST /restaurants/20/reviews,201,Created,Virtual Users [500 threads] 1-416,text,true,,572,573,87,87,http://k8s-forkfind-forkfind-8e65d48af1-1990260306.us-east-1.elb.amazonaws.com/restaurants/20/reviews,87,0,0
1777595136326,16606,01 - POST /auth/user/login,200,OK,Virtual Users [500 threads] 1-454,text,true,,406,363,86,86,http://k8s-forkfind-forkfind-8e65d48af1-1990260306.us-east-1.elb.amazonaws.com/auth/user/login,16606,0,72
1777595127865,25068,01 - POST /auth/user/login,200,OK,Virtual Users [500 threads] 1-407,text,true,,406,363,86,86,http://k8s-forkfind-forkfind-8e65d48af1-1990260306.us-east-1.elb.amazonaws.com/auth/user/login,25068,0,73
1777595132185,20750,01 - POST /auth/user/login,200,OK,Virtual Users [500 threads] 1-431,text,true,,406,363,86,86,http://k8s-forkfind-forkfind-8e65d48af1-1990260306.us-east-1.elb.amazonaws.com/auth/user/login,20750,0,71
1777595152934,99,02 - GET /restaurants (search),200,OK,Virtual Users [500 threads] 1-407,text,true,,790,436,86,86,http://k8s-forkfind-forkfind-8e65d48af1-1990260306.us-east-1.elb.amazonaws.com/restaurants?q=pizza&limit=12&sort=rating,99,0,0
1777595152936,102,02 - GET /restaurants (search),200,OK,Virtual Users [500 threads] 1-431,text,true,,790,436,86,86,http://k8s-forkfind-forkfind-8e65d48af1-1990260306.us-east-1.elb.amazonaws.com/restaurants?q=pizza&limit=12&sort=rating,102,0,0
1777595152934,104,02 - GET /restaurants (search),200,OK,Virtual Users [500 threads] 1-454,text,true,,790,436,86,86,http://k8s-forkfind-forkfind-8e65d48af1-1990260306.us-east-1.elb.amazonaws.com/restaurants?q=pizza&limit=12&sort=rating,104,0,0
1777595126606,26521,01 - POST /auth/user/login,200,OK,Virtual Users [500 threads] 1-400,text,true,,406,363,86,86,http://k8s-forkfind-forkfind-8e65d48af1-1990260306.us-east-1.elb.amazonaws.com/auth/user/login,26521,0,73
1777595153039,118,03 - POST /restaurants/20/reviews,201,Created,Virtual Users [500 threads] 1-454,text,true,,572,573,86,86,http://k8s-forkfind-forkfind-8e65d48af1-1990260306.us-east-1.elb.amazonaws.com/restaurants/20/reviews,118,0,0
1777595153039,118,03 - POST /restaurants/20/reviews,201,Created,Virtual Users [500 threads] 1-431,text,true,,572,573,86,86,http://k8s-forkfind-forkfind-8e65d48af1-1990260306.us-east-1.elb.amazonaws.com/restaurants/20/reviews,118,0,0
1777595153034,123,03 - POST /restaurants/20/reviews,201,Created,Virtual Users [500 threads] 1-407,text,true,,572,573,86,86,http://k8s-forkfind-forkfind-8e65d48af1-1990260306.us-east-1.elb.amazonaws.com/restaurants/20/reviews,123,0,0
1777595127506,25699,01 - POST /auth/user/login,200,OK,Virtual Users [500 threads] 1-405,text,true,,406,363,83,83,http://k8s-forkfind-forkfind-8e65d48af1-1990260306.us-east-1.elb.amazonaws.com/auth/user/login,25699,0,72
1777595153127,86,02 - GET /restaurants (search),200,OK,Virtual Users [500 threads] 1-400,text,true,,790,436,83,83,http://k8s-forkfind-forkfind-8e65d48af1-1990260306.us-east-1.elb.amazonaws.com/restaurants?q=pizza&limit=12&sort=rating,86,0,0
1777595153206,90,02 - GET /restaurants (search),200,OK,Virtual Users [500 threads] 1-405,text,true,,790,436,83,83,http://k8s-forkfind-forkfind-8e65d48af1-1990260306.us-east-1.elb.amazonaws.com/restaurants?q=pizza&limit=12&sort=rating,90,0,0
1777595153213,91,03 - POST /restaurants/20/reviews,201,Created,Virtual Users [500 threads] 1-400,text,true,,572,573,83,83,http://k8s-forkfind-forkfind-8e65d48af1-1990260306.us-east-1.elb.amazonaws.com/restaurants/20/reviews,91,0,0
1777595153297,116,03 - POST /restaurants/20/reviews,201,Created,Virtual Users [500 threads] 1-405,text,true,,572,573,82,82,http://k8s-forkfind-forkfind-8e65d48af1-1990260306.us-east-1.elb.amazonaws.com/restaurants/20/reviews,116,0,0
1777595130565,23286,01 - POST /auth/user/login,200,OK,Virtual Users [500 threads] 1-422,text,true,,406,363,81,81,http://k8s-forkfind-forkfind-8e65d48af1-1990260306.us-east-1.elb.amazonaws.com/auth/user/login,23286,0,74
1777595153852,85,02 - GET /restaurants (search),200,OK,Virtual Users [500 threads] 1-422,text,true,,790,436,81,81,http://k8s-forkfind-forkfind-8e65d48af1-1990260306.us-east-1.elb.amazonaws.com/restaurants?q=pizza&limit=12&sort=rating,85,0,0
1777595153937,188,03 - POST /restaurants/20/reviews,201,Created,Virtual Users [500 threads] 1-422,text,true,,572,573,81,81,http://k8s-forkfind-forkfind-8e65d48af1-1990260306.us-east-1.elb.amazonaws.com/restaurants/20/reviews,188,0,0
1777595132000,22134,01 - POST /auth/user/login,200,OK,Virtual Users [500 threads] 1-430,text,true,,406,363,80,80,http://k8s-forkfind-forkfind-8e65d48af1-1990260306.us-east-1.elb.amazonaws.com/auth/user/login,22134,0,74
1777595127146,27038,01 - POST /auth/user/login,200,OK,Virtual Users [500 threads] 1-403,text,true,,406,363,80,80,http://k8s-forkfind-forkfind-8e65d48af1-1990260306.us-east-1.elb.amazonaws.com/auth/user/login,27038,0,75
1777595132726,21459,01 - POST /auth/user/login,200,OK,Virtual Users [500 threads] 1-434,text,true,,406,363,80,80,http://k8s-forkfind-forkfind-8e65d48af1-1990260306.us-east-1.elb.amazonaws.com/auth/user/login,21459,0,72
1777595125886,28305,01 - POST /auth/user/login,200,OK,Virtual Users [500 threads] 1-396,text,true,,406,363,80,80,http://k8s-forkfind-forkfind-8e65d48af1-1990260306.us-east-1.elb.amazonaws.com/auth/user/login,28305,0,71
1777595154136,84,02 - GET /restaurants (search),200,OK,Virtual Users [500 threads] 1-430,text,true,,790,436,80,80,http://k8s-forkfind-forkfind-8e65d48af1-1990260306.us-east-1.elb.amazonaws.com/restaurants?q=pizza&limit=12&sort=rating,84,0,0
1777595129306,24914,01 - POST /auth/user/login,200,OK,Virtual Users [500 threads] 1-415,text,true,,406,363,80,80,http://k8s-forkfind-forkfind-8e65d48af1-1990260306.us-east-1.elb.amazonaws.com/auth/user/login,24914,0,83
1777595154184,131,02 - GET /restaurants (search),200,OK,Virtual Users [500 threads] 1-403,text,true,,790,436,80,80,http://k8s-forkfind-forkfind-8e65d48af1-1990260306.us-east-1.elb.amazonaws.com/restaurants?q=pizza&limit=12&sort=rating,131,0,0
1777595154191,132,02 - GET /restaurants (search),200,OK,Virtual Users [500 threads] 1-396,text,true,,790,436,80,80,http://k8s-forkfind-forkfind-8e65d48af1-1990260306.us-east-1.elb.amazonaws.com/restaurants?q=pizza&limit=12&sort=rating,132,0,0
1777595154187,142,02 - GET /restaurants (search),200,OK,Virtual Users [500 threads] 1-434,text,true,,790,436,80,80,http://k8s-forkfind-forkfind-8e65d48af1-1990260306.us-east-1.elb.amazonaws.com/restaurants?q=pizza&limit=12&sort=rating,142,0,0
1777595154221,115,02 - GET /restaurants (search),200,OK,Virtual Users [500 threads] 1-415,text,true,,790,436,80,80,http://k8s-forkfind-forkfind-8e65d48af1-1990260306.us-east-1.elb.amazonaws.com/restaurants?q=pizza&limit=12&sort=rating,115,0,0
1777595154221,184,03 - POST /restaurants/20/reviews,201,Created,Virtual Users [500 threads] 1-430,text,true,,572,573,80,80,http://k8s-forkfind-forkfind-8e65d48af1-1990260306.us-east-1.elb.amazonaws.com/restaurants/20/reviews,184,0,0
1777595132905,21512,01 - POST /auth/user/login,200,OK,Virtual Users [500 threads] 1-435,text,true,,406,363,79,79,http://k8s-forkfind-forkfind-8e65d48af1-1990260306.us-east-1.elb.amazonaws.com/auth/user/login,21512,0,74
1777595135605,18829,01 - POST /auth/user/login,200,OK,Virtual Users [500 threads] 1-450,text,true,,406,363,79,79,http://k8s-forkfind-forkfind-8e65d48af1-1990260306.us-east-1.elb.amazonaws.com/auth/user/login,18829,0,71
1777595131644,22847,01 - POST /auth/user/login,200,OK,Virtual Users [500 threads] 1-428,text,true,,406,363,79,79,http://k8s-forkfind-forkfind-8e65d48af1-1990260306.us-east-1.elb.amazonaws.com/auth/user/login,22847,0,72
1777595138122,16414,01 - POST /auth/user/login,200,OK,Virtual Users [500 threads] 1-464,text,true,,406,363,79,79,http://k8s-forkfind-forkfind-8e65d48af1-1990260306.us-east-1.elb.amazonaws.com/auth/user/login,16414,0,72
1777595154315,239,03 - POST /restaurants/20/reviews,201,Created,Virtual Users [500 threads] 1-403,text,true,,572,573,79,79,http://k8s-forkfind-forkfind-8e65d48af1-1990260306.us-east-1.elb.amazonaws.com/restaurants/20/reviews,239,0,0
1777595154323,231,03 - POST /restaurants/20/reviews,201,Created,Virtual Users [500 threads] 1-396,text,true,,572,573,79,79,http://k8s-forkfind-forkfind-8e65d48af1-1990260306.us-east-1.elb.amazonaws.com/restaurants/20/reviews,231,0,0
1777595154329,225,03 - POST /restaurants/20/reviews,201,Created,Virtual Users [500 threads] 1-434,text,true,,572,573,79,79,http://k8s-forkfind-forkfind-8e65d48af1-1990260306.us-east-1.elb.amazonaws.com/restaurants/20/reviews,225,0,0
1777595154436,180,02 - GET /restaurants (search),200,OK,Virtual Users [500 threads] 1-450,text,true,,790,436,76,76,http://k8s-forkfind-forkfind-8e65d48af1-1990260306.us-east-1.elb.amazonaws.com/restaurants?q=pizza&limit=12&sort=rating,180,0,0
1777595154419,202,02 - GET /restaurants (search),200,OK,Virtual Users [500 threads] 1-435,text,true,,790,436,76,76,http://k8s-forkfind-forkfind-8e65d48af1-1990260306.us-east-1.elb.amazonaws.com/restaurants?q=pizza&limit=12&sort=rating,202,0,0
1777595154538,90,02 - GET /restaurants (search),200,OK,Virtual Users [500 threads] 1-464,text,true,,790,436,76,76,http://k8s-forkfind-forkfind-8e65d48af1-1990260306.us-east-1.elb.amazonaws.com/restaurants?q=pizza&limit=12&sort=rating,90,0,0
1777595154492,137,02 - GET /restaurants (search),200,OK,Virtual Users [500 threads] 1-428,text,true,,790,436,76,76,http://k8s-forkfind-forkfind-8e65d48af1-1990260306.us-east-1.elb.amazonaws.com/restaurants?q=pizza&limit=12&sort=rating,137,0,0
1777595154336,316,03 - POST /restaurants/20/reviews,201,Created,Virtual Users [500 threads] 1-415,text,true,,572,573,76,76,http://k8s-forkfind-forkfind-8e65d48af1-1990260306.us-east-1.elb.amazonaws.com/restaurants/20/reviews,316,0,0
1777595135965,18757,01 - POST /auth/user/login,200,OK,Virtual Users [500 threads] 1-452,text,true,,406,363,75,75,http://k8s-forkfind-forkfind-8e65d48af1-1990260306.us-east-1.elb.amazonaws.com/auth/user/login,18757,0,78
1777595135425,19322,01 - POST /auth/user/login,200,OK,Virtual Users [500 threads] 1-449,text,true,,406,363,75,75,http://k8s-forkfind-forkfind-8e65d48af1-1990260306.us-east-1.elb.amazonaws.com/auth/user/login,19322,0,79
1777595132545,22205,01 - POST /auth/user/login,200,OK,Virtual Users [500 threads] 1-433,text,true,,406,363,75,75,http://k8s-forkfind-forkfind-8e65d48af1-1990260306.us-east-1.elb.amazonaws.com/auth/user/login,22205,0,85
1777595154629,126,03 - POST /restaurants/20/reviews,201,Created,Virtual Users [500 threads] 1-464,text,true,,572,573,75,75,http://k8s-forkfind-forkfind-8e65d48af1-1990260306.us-east-1.elb.amazonaws.com/restaurants/20/reviews,126,0,0
1777595154621,134,03 - POST /restaurants/20/reviews,201,Created,Virtual Users [500 threads] 1-435,text,true,,572,573,75,75,http://k8s-forkfind-forkfind-8e65d48af1-1990260306.us-east-1.elb.amazonaws.com/restaurants/20/reviews,134,0,0
1777595154616,139,03 - POST /restaurants/20/reviews,201,Created,Virtual Users [500 threads] 1-450,text,true,,572,573,75,75,http://k8s-forkfind-forkfind-8e65d48af1-1990260306.us-east-1.elb.amazonaws.com/restaurants/20/reviews,139,0,0
1777595154629,130,03 - POST /restaurants/20/reviews,201,Created,Virtual Users [500 threads] 1-428,text,true,,572,573,72,72,http://k8s-forkfind-forkfind-8e65d48af1-1990260306.us-east-1.elb.amazonaws.com/restaurants/20/reviews,130,0,0
1777595124804,29971,01 - POST /auth/user/login,200,OK,Virtual Users [500 threads] 1-390,text,true,,406,363,71,71,http://k8s-forkfind-forkfind-8e65d48af1-1990260306.us-east-1.elb.amazonaws.com/auth/user/login,29971,0,77
1777595154723,104,02 - GET /restaurants (search),200,OK,Virtual Users [500 threads] 1-452,text,true,,790,436,71,71,http://k8s-forkfind-forkfind-8e65d48af1-1990260306.us-east-1.elb.amazonaws.com/restaurants?q=pizza&limit=12&sort=rating,104,0,0
1777595129845,24992,01 - POST /auth/user/login,200,OK,Virtual Users [500 threads] 1-418,text,true,,406,363,71,71,http://k8s-forkfind-forkfind-8e65d48af1-1990260306.us-east-1.elb.amazonaws.com/auth/user/login,24992,0,73
1777595126066,28771,01 - POST /auth/user/login,200,OK,Virtual Users [500 threads] 1-397,text,true,,406,363,71,71,http://k8s-forkfind-forkfind-8e65d48af1-1990260306.us-east-1.elb.amazonaws.com/auth/user/login,28771,0,72
1777595154748,96,02 - GET /restaurants (search),200,OK,Virtual Users [500 threads] 1-449,text,true,,790,436,71,71,http://k8s-forkfind-forkfind-8e65d48af1-1990260306.us-east-1.elb.amazonaws.com/restaurants?q=pizza&limit=12&sort=rating,96,0,0
1777595154753,101,02 - GET /restaurants (search),200,OK,Virtual Users [500 threads] 1-433,text,true,,790,436,71,71,http://k8s-forkfind-forkfind-8e65d48af1-1990260306.us-east-1.elb.amazonaws.com/restaurants?q=pizza&limit=12&sort=rating,101,0,0
1777595154776,84,02 - GET /restaurants (search),200,OK,Virtual Users [500 threads] 1-390,text,true,,790,436,71,71,http://k8s-forkfind-forkfind-8e65d48af1-1990260306.us-east-1.elb.amazonaws.com/restaurants?q=pizza&limit=12&sort=rating,84,0,0
1777595126424,28487,01 - POST /auth/user/login,200,OK,Virtual Users [500 threads] 1-399,text,true,,406,363,71,71,http://k8s-forkfind-forkfind-8e65d48af1-1990260306.us-east-1.elb.amazonaws.com/auth/user/login,28487,0,73
1777595154838,125,02 - GET /restaurants (search),200,OK,Virtual Users [500 threads] 1-418,text,true,,790,436,71,71,http://k8s-forkfind-forkfind-8e65d48af1-1990260306.us-east-1.elb.amazonaws.com/restaurants?q=pizza&limit=12&sort=rating,125,0,0
1777595154828,135,03 - POST /restaurants/20/reviews,201,Created,Virtual Users [500 threads] 1-452,text,true,,572,573,71,71,http://k8s-forkfind-forkfind-8e65d48af1-1990260306.us-east-1.elb.amazonaws.com/restaurants/20/reviews,135,0,0
1777595154838,157,02 - GET /restaurants (search),200,OK,Virtual Users [500 threads] 1-397,text,true,,790,436,70,70,http://k8s-forkfind-forkfind-8e65d48af1-1990260306.us-east-1.elb.amazonaws.com/restaurants?q=pizza&limit=12&sort=rating,157,0,0
1777595130386,24628,01 - POST /auth/user/login,200,OK,Virtual Users [500 threads] 1-421,text,true,,406,363,70,70,http://k8s-forkfind-forkfind-8e65d48af1-1990260306.us-east-1.elb.amazonaws.com/auth/user/login,24628,0,71
1777595154912,125,02 - GET /restaurants (search),200,OK,Virtual Users [500 threads] 1-399,text,true,,790,436,70,70,http://k8s-forkfind-forkfind-8e65d48af1-1990260306.us-east-1.elb.amazonaws.com/restaurants?q=pizza&limit=12&sort=rating,125,0,0
1777595131285,23762,01 - POST /auth/user/login,200,OK,Virtual Users [500 threads] 1-426,text,true,,406,363,70,70,http://k8s-forkfind-forkfind-8e65d48af1-1990260306.us-east-1.elb.amazonaws.com/auth/user/login,23762,0,71
1777595154844,208,03 - POST /restaurants/20/reviews,201,Created,Virtual Users [500 threads] 1-449,text,true,,572,573,70,70,http://k8s-forkfind-forkfind-8e65d48af1-1990260306.us-east-1.elb.amazonaws.com/restaurants/20/reviews,208,0,0
1777595154860,192,03 - POST /restaurants/20/reviews,201,Created,Virtual Users [500 threads] 1-390,text,true,,572,573,70,70,http://k8s-forkfind-forkfind-8e65d48af1-1990260306.us-east-1.elb.amazonaws.com/restaurants/20/reviews,192,0,0
1777595154854,270,03 - POST /restaurants/20/reviews,201,Created,Virtual Users [500 threads] 1-433,text,true,,572,573,68,68,http://k8s-forkfind-forkfind-8e65d48af1-1990260306.us-east-1.elb.amazonaws.com/restaurants/20/reviews,270,0,0
1777595155048,93,02 - GET /restaurants (search),200,OK,Virtual Users [500 threads] 1-426,text,true,,790,436,67,67,http://k8s-forkfind-forkfind-8e65d48af1-1990260306.us-east-1.elb.amazonaws.com/restaurants?q=pizza&limit=12&sort=rating,93,0,0
1777595155016,126,02 - GET /restaurants (search),200,OK,Virtual Users [500 threads] 1-421,text,true,,790,436,67,67,http://k8s-forkfind-forkfind-8e65d48af1-1990260306.us-east-1.elb.amazonaws.com/restaurants?q=pizza&limit=12&sort=rating,126,0,0
1777595155037,115,03 - POST /restaurants/20/reviews,201,Created,Virtual Users [500 threads] 1-399,text,true,,572,573,67,67,http://k8s-forkfind-forkfind-8e65d48af1-1990260306.us-east-1.elb.amazonaws.com/restaurants/20/reviews,115,0,0
1777595154963,214,03 - POST /restaurants/20/reviews,201,Created,Virtual Users [500 threads] 1-418,text,true,,572,573,66,66,http://k8s-forkfind-forkfind-8e65d48af1-1990260306.us-east-1.elb.amazonaws.com/restaurants/20/reviews,214,0,0
1777595154995,220,03 - POST /restaurants/20/reviews,201,Created,Virtual Users [500 threads] 1-397,text,true,,572,573,65,65,http://k8s-forkfind-forkfind-8e65d48af1-1990260306.us-east-1.elb.amazonaws.com/restaurants/20/reviews,220,0,0
1777595155141,118,03 - POST /restaurants/20/reviews,201,Created,Virtual Users [500 threads] 1-426,text,true,,572,573,64,64,http://k8s-forkfind-forkfind-8e65d48af1-1990260306.us-east-1.elb.amazonaws.com/restaurants/20/reviews,118,0,0
1777595155142,117,03 - POST /restaurants/20/reviews,201,Created,Virtual Users [500 threads] 1-421,text,true,,572,573,64,64,http://k8s-forkfind-forkfind-8e65d48af1-1990260306.us-east-1.elb.amazonaws.com/restaurants/20/reviews,117,0,0
1777595133260,22168,01 - POST /auth/user/login,200,OK,Virtual Users [500 threads] 1-437,text,true,,406,363,62,62,http://k8s-forkfind-forkfind-8e65d48af1-1990260306.us-east-1.elb.amazonaws.com/auth/user/login,22168,0,76
1777595155430,96,02 - GET /restaurants (search),200,OK,Virtual Users [500 threads] 1-437,text,true,,790,436,62,62,http://k8s-forkfind-forkfind-8e65d48af1-1990260306.us-east-1.elb.amazonaws.com/restaurants?q=pizza&limit=12&sort=rating,96,0,0
1777595140281,15346,01 - POST /auth/user/login,200,OK,Virtual Users [500 threads] 1-476,text,true,,406,363,62,62,http://k8s-forkfind-forkfind-8e65d48af1-1990260306.us-east-1.elb.amazonaws.com/auth/user/login,15346,0,76
1777595155527,121,03 - POST /restaurants/20/reviews,201,Created,Virtual Users [500 threads] 1-437,text,true,,572,573,62,62,http://k8s-forkfind-forkfind-8e65d48af1-1990260306.us-east-1.elb.amazonaws.com/restaurants/20/reviews,121,0,0
1777595155628,105,02 - GET /restaurants (search),200,OK,Virtual Users [500 threads] 1-476,text,true,,790,436,61,61,http://k8s-forkfind-forkfind-8e65d48af1-1990260306.us-east-1.elb.amazonaws.com/restaurants?q=pizza&limit=12&sort=rating,105,0,0
1777595141365,14367,01 - POST /auth/user/login,200,OK,Virtual Users [500 threads] 1-482,text,true,,408,363,61,61,http://k8s-forkfind-forkfind-8e65d48af1-1990260306.us-east-1.elb.amazonaws.com/auth/user/login,14367,0,76
1777595155733,93,02 - GET /restaurants (search),200,OK,Virtual Users [500 threads] 1-482,text,true,,790,437,61,61,http://k8s-forkfind-forkfind-8e65d48af1-1990260306.us-east-1.elb.amazonaws.com/restaurants?q=pizza&limit=12&sort=rating,93,0,0
1777595155733,93,03 - POST /restaurants/20/reviews,201,Created,Virtual Users [500 threads] 1-476,text,true,,572,573,61,61,http://k8s-forkfind-forkfind-8e65d48af1-1990260306.us-east-1.elb.amazonaws.com/restaurants/20/reviews,93,0,0
1777595155828,99,03 - POST /restaurants/20/reviews,201,Created,Virtual Users [500 threads] 1-482,text,true,,574,574,60,60,http://k8s-forkfind-forkfind-8e65d48af1-1990260306.us-east-1.elb.amazonaws.com/restaurants/20/reviews,99,0,0
1777595143166,12764,01 - POST /auth/user/login,200,OK,Virtual Users [500 threads] 1-492,text,true,,408,363,59,59,http://k8s-forkfind-forkfind-8e65d48af1-1990260306.us-east-1.elb.amazonaws.com/auth/user/login,12764,0,71
1777595127326,28687,01 - POST /auth/user/login,200,OK,Virtual Users [500 threads] 1-404,text,true,,406,363,59,59,http://k8s-forkfind-forkfind-8e65d48af1-1990260306.us-east-1.elb.amazonaws.com/auth/user/login,28687,0,72
1777595155932,85,02 - GET /restaurants (search),200,OK,Virtual Users [500 threads] 1-492,text,true,,790,437,59,59,http://k8s-forkfind-forkfind-8e65d48af1-1990260306.us-east-1.elb.amazonaws.com/restaurants?q=pizza&limit=12&sort=rating,85,0,0
1777595156014,102,02 - GET /restaurants (search),200,OK,Virtual Users [500 threads] 1-404,text,true,,790,436,59,59,http://k8s-forkfind-forkfind-8e65d48af1-1990260306.us-east-1.elb.amazonaws.com/restaurants?q=pizza&limit=12&sort=rating,102,0,0
1777595156018,105,03 - POST /restaurants/20/reviews,201,Created,Virtual Users [500 threads] 1-492,text,true,,574,574,59,59,http://k8s-forkfind-forkfind-8e65d48af1-1990260306.us-east-1.elb.amazonaws.com/restaurants/20/reviews,105,0,0
1777595156117,92,03 - POST /restaurants/20/reviews,201,Created,Virtual Users [500 threads] 1-404,text,true,,572,573,58,58,http://k8s-forkfind-forkfind-8e65d48af1-1990260306.us-east-1.elb.amazonaws.com/restaurants/20/reviews,92,0,0
1777595134346,21873,01 - POST /auth/user/login,200,OK,Virtual Users [500 threads] 1-443,text,true,,406,363,57,57,http://k8s-forkfind-forkfind-8e65d48af1-1990260306.us-east-1.elb.amazonaws.com/auth/user/login,21873,0,88
1777595156220,94,02 - GET /restaurants (search),200,OK,Virtual Users [500 threads] 1-443,text,true,,790,436,57,57,http://k8s-forkfind-forkfind-8e65d48af1-1990260306.us-east-1.elb.amazonaws.com/restaurants?q=pizza&limit=12&sort=rating,94,0,0
1777595137405,19011,01 - POST /auth/user/login,200,OK,Virtual Users [500 threads] 1-460,text,true,,406,363,57,57,http://k8s-forkfind-forkfind-8e65d48af1-1990260306.us-east-1.elb.amazonaws.com/auth/user/login,19011,0,74
1777595156315,105,03 - POST /restaurants/20/reviews,201,Created,Virtual Users [500 threads] 1-443,text,true,,572,573,57,57,http://k8s-forkfind-forkfind-8e65d48af1-1990260306.us-east-1.elb.amazonaws.com/restaurants/20/reviews,105,0,0
1777595130924,25495,01 - POST /auth/user/login,200,OK,Virtual Users [500 threads] 1-424,text,true,,406,363,57,57,http://k8s-forkfind-forkfind-8e65d48af1-1990260306.us-east-1.elb.amazonaws.com/auth/user/login,25495,0,73
1777595134705,21726,01 - POST /auth/user/login,200,OK,Virtual Users [500 threads] 1-445,text,true,,406,363,56,56,http://k8s-forkfind-forkfind-8e65d48af1-1990260306.us-east-1.elb.amazonaws.com/auth/user/login,21726,0,94
1777595156432,97,02 - GET /restaurants (search),200,OK,Virtual Users [500 threads] 1-445,text,true,,790,436,56,56,http://k8s-forkfind-forkfind-8e65d48af1-1990260306.us-east-1.elb.amazonaws.com/restaurants?q=pizza&limit=12&sort=rating,97,0,0
1777595156420,109,02 - GET /restaurants (search),200,OK,Virtual Users [500 threads] 1-424,text,true,,790,436,56,56,http://k8s-forkfind-forkfind-8e65d48af1-1990260306.us-east-1.elb.amazonaws.com/restaurants?q=pizza&limit=12&sort=rating,109,0,0
1777595156418,111,02 - GET /restaurants (search),200,OK,Virtual Users [500 threads] 1-460,text,true,,790,436,56,56,http://k8s-forkfind-forkfind-8e65d48af1-1990260306.us-east-1.elb.amazonaws.com/restaurants?q=pizza&limit=12&sort=rating,111,0,0
1777595137045,19574,01 - POST /auth/user/login,200,OK,Virtual Users [500 threads] 1-458,text,true,,406,363,56,56,http://k8s-forkfind-forkfind-8e65d48af1-1990260306.us-east-1.elb.amazonaws.com/auth/user/login,19574,0,85
1777595156530,108,03 - POST /restaurants/20/reviews,201,Created,Virtual Users [500 threads] 1-445,text,true,,572,573,56,56,http://k8s-forkfind-forkfind-8e65d48af1-1990260306.us-east-1.elb.amazonaws.com/restaurants/20/reviews,108,0,0
1777595156530,113,03 - POST /restaurants/20/reviews,201,Created,Virtual Users [500 threads] 1-460,text,true,,572,573,55,55,http://k8s-forkfind-forkfind-8e65d48af1-1990260306.us-east-1.elb.amazonaws.com/restaurants/20/reviews,113,0,0
1777595156530,113,03 - POST /restaurants/20/reviews,201,Created,Virtual Users [500 threads] 1-424,text,true,,572,573,55,55,http://k8s-forkfind-forkfind-8e65d48af1-1990260306.us-east-1.elb.amazonaws.com/restaurants/20/reviews,113,0,0
1777595156621,86,02 - GET /restaurants (search),200,OK,Virtual Users [500 threads] 1-458,text,true,,790,436,53,53,http://k8s-forkfind-forkfind-8e65d48af1-1990260306.us-east-1.elb.amazonaws.com/restaurants?q=pizza&limit=12&sort=rating,86,0,0
1777595139381,17346,01 - POST /auth/user/login,200,OK,Virtual Users [500 threads] 1-471,text,true,,406,363,53,53,http://k8s-forkfind-forkfind-8e65d48af1-1990260306.us-east-1.elb.amazonaws.com/auth/user/login,17346,0,79
1777595127687,29127,01 - POST /auth/user/login,200,OK,Virtual Users [500 threads] 1-406,text,true,,406,363,53,53,http://k8s-forkfind-forkfind-8e65d48af1-1990260306.us-east-1.elb.amazonaws.com/auth/user/login,29127,0,71
1777595156729,92,02 - GET /restaurants (search),200,OK,Virtual Users [500 threads] 1-471,text,true,,790,436,53,53,http://k8s-forkfind-forkfind-8e65d48af1-1990260306.us-east-1.elb.amazonaws.com/restaurants?q=pizza&limit=12&sort=rating,92,0,0
1777595156708,113,03 - POST /restaurants/20/reviews,201,Created,Virtual Users [500 threads] 1-458,text,true,,572,573,53,53,http://k8s-forkfind-forkfind-8e65d48af1-1990260306.us-east-1.elb.amazonaws.com/restaurants/20/reviews,113,0,0
1777595156815,85,02 - GET /restaurants (search),200,OK,Virtual Users [500 threads] 1-406,text,true,,790,436,52,52,http://k8s-forkfind-forkfind-8e65d48af1-1990260306.us-east-1.elb.amazonaws.com/restaurants?q=pizza&limit=12&sort=rating,85,0,0
1777595156821,123,03 - POST /restaurants/20/reviews,201,Created,Virtual Users [500 threads] 1-471,text,true,,572,573,52,52,http://k8s-forkfind-forkfind-8e65d48af1-1990260306.us-east-1.elb.amazonaws.com/restaurants/20/reviews,123,0,0
1777595156900,86,03 - POST /restaurants/20/reviews,201,Created,Virtual Users [500 threads] 1-406,text,true,,572,573,51,51,http://k8s-forkfind-forkfind-8e65d48af1-1990260306.us-east-1.elb.amazonaws.com/restaurants/20/reviews,86,0,0
1777595133622,23398,01 - POST /auth/user/login,200,OK,Virtual Users [500 threads] 1-439,text,true,,406,363,50,50,http://k8s-forkfind-forkfind-8e65d48af1-1990260306.us-east-1.elb.amazonaws.com/auth/user/login,23398,0,73
1777595157022,78,02 - GET /restaurants (search),200,OK,Virtual Users [500 threads] 1-439,text,true,,790,436,50,50,http://k8s-forkfind-forkfind-8e65d48af1-1990260306.us-east-1.elb.amazonaws.com/restaurants?q=pizza&limit=12&sort=rating,78,0,0
1777595157100,108,03 - POST /restaurants/20/reviews,201,Created,Virtual Users [500 threads] 1-439,text,true,,572,573,50,50,http://k8s-forkfind-forkfind-8e65d48af1-1990260306.us-east-1.elb.amazonaws.com/restaurants/20/reviews,108,0,0
1777595136145,21079,01 - POST /auth/user/login,200,OK,Virtual Users [500 threads] 1-453,text,true,,406,363,49,49,http://k8s-forkfind-forkfind-8e65d48af1-1990260306.us-east-1.elb.amazonaws.com/auth/user/login,21079,0,72
1777595136865,20360,01 - POST /auth/user/login,200,OK,Virtual Users [500 threads] 1-457,text,true,,406,363,49,49,http://k8s-forkfind-forkfind-8e65d48af1-1990260306.us-east-1.elb.amazonaws.com/auth/user/login,20360,0,74
1777595134523,22705,01 - POST /auth/user/login,200,OK,Virtual Users [500 threads] 1-444,text,true,,406,363,49,49,http://k8s-forkfind-forkfind-8e65d48af1-1990260306.us-east-1.elb.amazonaws.com/auth/user/login,22705,0,91
1777595138305,19011,01 - POST /auth/user/login,200,OK,Virtual Users [500 threads] 1-465,text,true,,406,363,49,49,http://k8s-forkfind-forkfind-8e65d48af1-1990260306.us-east-1.elb.amazonaws.com/auth/user/login,19011,0,75
1777595157230,96,02 - GET /restaurants (search),200,OK,Virtual Users [500 threads] 1-444,text,true,,790,436,49,49,http://k8s-forkfind-forkfind-8e65d48af1-1990260306.us-east-1.elb.amazonaws.com/restaurants?q=pizza&limit=12&sort=rating,96,0,0
1777595157227,99,02 - GET /restaurants (search),200,OK,Virtual Users [500 threads] 1-453,text,true,,790,436,49,49,http://k8s-forkfind-forkfind-8e65d48af1-1990260306.us-east-1.elb.amazonaws.com/restaurants?q=pizza&limit=12&sort=rating,99,0,0
1777595157227,99,02 - GET /restaurants (search),200,OK,Virtual Users [500 threads] 1-457,text,true,,790,436,49,49,http://k8s-forkfind-forkfind-8e65d48af1-1990260306.us-east-1.elb.amazonaws.com/restaurants?q=pizza&limit=12&sort=rating,99,0,0
1777595131105,26222,01 - POST /auth/user/login,200,OK,Virtual Users [500 threads] 1-425,text,true,,406,363,49,49,http://k8s-forkfind-forkfind-8e65d48af1-1990260306.us-east-1.elb.amazonaws.com/auth/user/login,26222,0,73
1777595142264,15154,01 - POST /auth/user/login,200,OK,Virtual Users [500 threads] 1-487,text,true,,408,363,49,49,http://k8s-forkfind-forkfind-8e65d48af1-1990260306.us-east-1.elb.amazonaws.com/auth/user/login,15154,0,76
1777595157328,154,02 - GET /restaurants (search),200,OK,Virtual Users [500 threads] 1-425,text,true,,790,436,49,49,http://k8s-forkfind-forkfind-8e65d48af1-1990260306.us-east-1.elb.amazonaws.com/restaurants?q=pizza&limit=12&sort=rating,154,0,0
1777595157318,164,02 - GET /restaurants (search),200,OK,Virtual Users [500 threads] 1-465,text,true,,790,436,49,49,http://k8s-forkfind-forkfind-8e65d48af1-1990260306.us-east-1.elb.amazonaws.com/restaurants?q=pizza&limit=12&sort=rating,164,0,0
1777595157419,81,02 - GET /restaurants (search),200,OK,Virtual Users [500 threads] 1-487,text,true,,790,437,49,49,http://k8s-forkfind-forkfind-8e65d48af1-1990260306.us-east-1.elb.amazonaws.com/restaurants?q=pizza&limit=12&sort=rating,81,0,0
1777595157326,181,03 - POST /restaurants/20/reviews,201,Created,Virtual Users [500 threads] 1-453,text,true,,572,573,49,49,http://k8s-forkfind-forkfind-8e65d48af1-1990260306.us-east-1.elb.amazonaws.com/restaurants/20/reviews,181,0,0
1777595157326,181,03 - POST /restaurants/20/reviews,201,Created,Virtual Users [500 threads] 1-444,text,true,,572,573,49,49,http://k8s-forkfind-forkfind-8e65d48af1-1990260306.us-east-1.elb.amazonaws.com/restaurants/20/reviews,181,0,0
1777595157326,181,03 - POST /restaurants/20/reviews,201,Created,Virtual Users [500 threads] 1-457,text,true,,572,573,49,49,http://k8s-forkfind-forkfind-8e65d48af1-1990260306.us-east-1.elb.amazonaws.com/restaurants/20/reviews,181,0,0
1777595157483,126,03 - POST /restaurants/20/reviews,201,Created,Virtual Users [500 threads] 1-465,text,true,,572,573,46,46,http://k8s-forkfind-forkfind-8e65d48af1-1990260306.us-east-1.elb.amazonaws.com/restaurants/20/reviews,126,0,0
1777595157483,126,03 - POST /restaurants/20/reviews,201,Created,Virtual Users [500 threads] 1-425,text,true,,572,573,46,46,http://k8s-forkfind-forkfind-8e65d48af1-1990260306.us-east-1.elb.amazonaws.com/restaurants/20/reviews,126,0,0
1777595157500,111,03 - POST /restaurants/20/reviews,201,Created,Virtual Users [500 threads] 1-487,text,true,,574,574,44,44,http://k8s-forkfind-forkfind-8e65d48af1-1990260306.us-east-1.elb.amazonaws.com/restaurants/20/reviews,111,0,0
1777595131825,25982,01 - POST /auth/user/login,200,OK,Virtual Users [500 threads] 1-429,text,true,,406,363,43,43,http://k8s-forkfind-forkfind-8e65d48af1-1990260306.us-east-1.elb.amazonaws.com/auth/user/login,25982,0,72
1777595157809,79,02 - GET /restaurants (search),200,OK,Virtual Users [500 threads] 1-429,text,true,,790,436,43,43,http://k8s-forkfind-forkfind-8e65d48af1-1990260306.us-east-1.elb.amazonaws.com/restaurants?q=pizza&limit=12&sort=rating,78,0,0
1777595157888,125,03 - POST /restaurants/20/reviews,201,Created,Virtual Users [500 threads] 1-429,text,true,,572,573,43,43,http://k8s-forkfind-forkfind-8e65d48af1-1990260306.us-east-1.elb.amazonaws.com/restaurants/20/reviews,125,0,0
1777595137225,21131,01 - POST /auth/user/login,200,OK,Virtual Users [500 threads] 1-459,text,true,,406,363,42,42,http://k8s-forkfind-forkfind-8e65d48af1-1990260306.us-east-1.elb.amazonaws.com/auth/user/login,21131,0,73
1777595137765,20591,01 - POST /auth/user/login,200,OK,Virtual Users [500 threads] 1-462,text,true,,406,363,42,42,http://k8s-forkfind-forkfind-8e65d48af1-1990260306.us-east-1.elb.amazonaws.com/auth/user/login,20591,0,72
1777595141184,17228,01 - POST /auth/user/login,200,OK,Virtual Users [500 threads] 1-481,text,true,,408,363,42,42,http://k8s-forkfind-forkfind-8e65d48af1-1990260306.us-east-1.elb.amazonaws.com/auth/user/login,17228,0,85
1777595158358,85,02 - GET /restaurants (search),200,OK,Virtual Users [500 threads] 1-462,text,true,,790,436,42,42,http://k8s-forkfind-forkfind-8e65d48af1-1990260306.us-east-1.elb.amazonaws.com/restaurants?q=pizza&limit=12&sort=rating,85,0,0
1777595158358,85,02 - GET /restaurants (search),200,OK,Virtual Users [500 threads] 1-459,text,true,,790,436,42,42,http://k8s-forkfind-forkfind-8e65d48af1-1990260306.us-east-1.elb.amazonaws.com/restaurants?q=pizza&limit=12&sort=rating,85,0,0
1777595158413,100,02 - GET /restaurants (search),200,OK,Virtual Users [500 threads] 1-481,text,true,,790,437,42,42,http://k8s-forkfind-forkfind-8e65d48af1-1990260306.us-east-1.elb.amazonaws.com/restaurants?q=pizza&limit=12&sort=rating,100,0,0
1777595143525,14987,01 - POST /auth/user/login,200,OK,Virtual Users [500 threads] 1-494,text,true,,408,363,42,42,http://k8s-forkfind-forkfind-8e65d48af1-1990260306.us-east-1.elb.amazonaws.com/auth/user/login,14987,0,78
1777595140106,18418,01 - POST /auth/user/login,200,OK,Virtual Users [500 threads] 1-475,text,true,,406,363,42,42,http://k8s-forkfind-forkfind-8e65d48af1-1990260306.us-east-1.elb.amazonaws.com/auth/user/login,18418,0,72
1777595158443,109,03 - POST /restaurants/20/reviews,201,Created,Virtual Users [500 threads] 1-462,text,true,,572,573,42,42,http://k8s-forkfind-forkfind-8e65d48af1-1990260306.us-east-1.elb.amazonaws.com/restaurants/20/reviews,109,0,0
1777595158443,110,03 - POST /restaurants/20/reviews,201,Created,Virtual Users [500 threads] 1-459,text,true,,572,573,41,41,http://k8s-forkfind-forkfind-8e65d48af1-1990260306.us-east-1.elb.amazonaws.com/restaurants/20/reviews,110,0,0
1777595158513,89,02 - GET /restaurants (search),200,OK,Virtual Users [500 threads] 1-494,text,true,,790,437,40,40,http://k8s-forkfind-forkfind-8e65d48af1-1990260306.us-east-1.elb.amazonaws.com/restaurants?q=pizza&limit=12&sort=rating,89,0,0
1777595158526,92,02 - GET /restaurants (search),200,OK,Virtual Users [500 threads] 1-475,text,true,,790,436,40,40,http://k8s-forkfind-forkfind-8e65d48af1-1990260306.us-east-1.elb.amazonaws.com/restaurants?q=pizza&limit=12&sort=rating,92,0,0
1777595139021,19606,01 - POST /auth/user/login,200,OK,Virtual Users [500 threads] 1-469,text,true,,406,363,40,40,http://k8s-forkfind-forkfind-8e65d48af1-1990260306.us-east-1.elb.amazonaws.com/auth/user/login,19606,0,101
1777595143885,14742,01 - POST /auth/user/login,200,OK,Virtual Users [500 threads] 1-496,text,true,,408,363,40,40,http://k8s-forkfind-forkfind-8e65d48af1-1990260306.us-east-1.elb.amazonaws.com/auth/user/login,14742,0,72
1777595139206,19426,01 - POST /auth/user/login,200,OK,Virtual Users [500 threads] 1-470,text,true,,406,363,40,40,http://k8s-forkfind-forkfind-8e65d48af1-1990260306.us-east-1.elb.amazonaws.com/auth/user/login,19426,0,120
1777595158513,139,03 - POST /restaurants/20/reviews,201,Created,Virtual Users [500 threads] 1-481,text,true,,574,574,40,40,http://k8s-forkfind-forkfind-8e65d48af1-1990260306.us-east-1.elb.amazonaws.com/restaurants/20/reviews,139,0,0
1777595141905,16802,01 - POST /auth/user/login,200,OK,Virtual Users [500 threads] 1-485,text,true,,408,363,39,39,http://k8s-forkfind-forkfind-8e65d48af1-1990260306.us-east-1.elb.amazonaws.com/auth/user/login,16802,0,73
1777595158602,116,03 - POST /restaurants/20/reviews,201,Created,Virtual Users [500 threads] 1-494,text,true,,574,574,39,39,http://k8s-forkfind-forkfind-8e65d48af1-1990260306.us-east-1.elb.amazonaws.com/restaurants/20/reviews,116,0,0
1777595144605,14118,01 - POST /auth/user/login,200,OK,Virtual Users [500 threads] 1-500,text,true,,408,363,38,38,http://k8s-forkfind-forkfind-8e65d48af1-1990260306.us-east-1.elb.amazonaws.com/auth/user/login,14118,0,72
1777595141005,17723,01 - POST /auth/user/login,200,OK,Virtual Users [500 threads] 1-480,text,true,,406,363,38,38,http://k8s-forkfind-forkfind-8e65d48af1-1990260306.us-east-1.elb.amazonaws.com/auth/user/login,17723,0,79
1777595158634,108,02 - GET /restaurants (search),200,OK,Virtual Users [500 threads] 1-470,text,true,,790,436,38,38,http://k8s-forkfind-forkfind-8e65d48af1-1990260306.us-east-1.elb.amazonaws.com/restaurants?q=pizza&limit=12&sort=rating,108,0,0
1777595158629,113,02 - GET /restaurants (search),200,OK,Virtual Users [500 threads] 1-496,text,true,,790,437,38,38,http://k8s-forkfind-forkfind-8e65d48af1-1990260306.us-east-1.elb.amazonaws.com/restaurants?q=pizza&limit=12&sort=rating,113,0,0
1777595158629,114,02 - GET /restaurants (search),200,OK,Virtual Users [500 threads] 1-469,text,true,,790,436,38,38,http://k8s-forkfind-forkfind-8e65d48af1-1990260306.us-east-1.elb.amazonaws.com/restaurants?q=pizza&limit=12&sort=rating,114,0,0
1777595158618,135,03 - POST /restaurants/20/reviews,201,Created,Virtual Users [500 threads] 1-475,text,true,,572,573,38,38,http://k8s-forkfind-forkfind-8e65d48af1-1990260306.us-east-1.elb.amazonaws.com/restaurants/20/reviews,135,0,0
1777595158709,83,02 - GET /restaurants (search),200,OK,Virtual Users [500 threads] 1-485,text,true,,790,437,37,37,http://k8s-forkfind-forkfind-8e65d48af1-1990260306.us-east-1.elb.amazonaws.com/restaurants?q=pizza&limit=12&sort=rating,83,0,0
1777595158724,99,02 - GET /restaurants (search),200,OK,Virtual Users [500 threads] 1-500,text,true,,790,437,37,37,http://k8s-forkfind-forkfind-8e65d48af1-1990260306.us-east-1.elb.amazonaws.com/restaurants?q=pizza&limit=12&sort=rating,99,0,0
1777595142443,16379,01 - POST /auth/user/login,200,OK,Virtual Users [500 threads] 1-488,text,true,,408,363,37,37,http://k8s-forkfind-forkfind-8e65d48af1-1990260306.us-east-1.elb.amazonaws.com/auth/user/login,16379,0,75
1777595158730,96,02 - GET /restaurants (search),200,OK,Virtual Users [500 threads] 1-480,text,true,,790,436,37,37,http://k8s-forkfind-forkfind-8e65d48af1-1990260306.us-east-1.elb.amazonaws.com/restaurants?q=pizza&limit=12&sort=rating,96,0,0
1777595139563,19276,01 - POST /auth/user/login,200,OK,Virtual Users [500 threads] 1-472,text,true,,406,363,37,37,http://k8s-forkfind-forkfind-8e65d48af1-1990260306.us-east-1.elb.amazonaws.com/auth/user/login,19276,0,77
1777595158743,117,03 - POST /restaurants/20/reviews,201,Created,Virtual Users [500 threads] 1-470,text,true,,572,573,37,37,http://k8s-forkfind-forkfind-8e65d48af1-1990260306.us-east-1.elb.amazonaws.com/restaurants/20/reviews,117,0,0
1777595158743,117,03 - POST /restaurants/20/reviews,201,Created,Virtual Users [500 threads] 1-496,text,true,,574,574,37,37,http://k8s-forkfind-forkfind-8e65d48af1-1990260306.us-east-1.elb.amazonaws.com/restaurants/20/reviews,117,0,0
1777595158743,117,03 - POST /restaurants/20/reviews,201,Created,Virtual Users [500 threads] 1-469,text,true,,572,573,37,37,http://k8s-forkfind-forkfind-8e65d48af1-1990260306.us-east-1.elb.amazonaws.com/restaurants/20/reviews,117,0,0
1777595139923,18953,01 - POST /auth/user/login,200,OK,Virtual Users [500 threads] 1-474,text,true,,406,363,34,34,http://k8s-forkfind-forkfind-8e65d48af1-1990260306.us-east-1.elb.amazonaws.com/auth/user/login,18953,0,81
1777595142625,16277,01 - POST /auth/user/login,200,OK,Virtual Users [500 threads] 1-489,text,true,,408,363,34,34,http://k8s-forkfind-forkfind-8e65d48af1-1990260306.us-east-1.elb.amazonaws.com/auth/user/login,16277,0,73
1777595158793,120,03 - POST /restaurants/20/reviews,201,Created,Virtual Users [500 threads] 1-485,text,true,,574,574,34,34,http://k8s-forkfind-forkfind-8e65d48af1-1990260306.us-east-1.elb.amazonaws.com/restaurants/20/reviews,120,0,0
1777595128947,29966,01 - POST /auth/user/login,200,OK,Virtual Users [500 threads] 1-413,text,true,,406,363,34,34,http://k8s-forkfind-forkfind-8e65d48af1-1990260306.us-east-1.elb.amazonaws.com/auth/user/login,29966,0,74
1777595144245,14672,01 - POST /auth/user/login,200,OK,Virtual Users [500 threads] 1-498,text,true,,408,363,33,33,http://k8s-forkfind-forkfind-8e65d48af1-1990260306.us-east-1.elb.amazonaws.com/auth/user/login,14672,0,71
1777595158824,132,02 - GET /restaurants (search),200,OK,Virtual Users [500 threads] 1-488,text,true,,790,437,33,33,http://k8s-forkfind-forkfind-8e65d48af1-1990260306.us-east-1.elb.amazonaws.com/restaurants?q=pizza&limit=12&sort=rating,132,0,0
1777595158826,130,03 - POST /restaurants/20/reviews,201,Created,Virtual Users [500 threads] 1-480,text,true,,572,573,33,33,http://k8s-forkfind-forkfind-8e65d48af1-1990260306.us-east-1.elb.amazonaws.com/restaurants/20/reviews,130,0,0
1777595158823,133,03 - POST /restaurants/20/reviews,201,Created,Virtual Users [500 threads] 1-500,text,true,,574,574,33,33,http://k8s-forkfind-forkfind-8e65d48af1-1990260306.us-east-1.elb.amazonaws.com/restaurants/20/reviews,133,0,0
1777595158841,115,02 - GET /restaurants (search),200,OK,Virtual Users [500 threads] 1-472,text,true,,790,436,33,33,http://k8s-forkfind-forkfind-8e65d48af1-1990260306.us-east-1.elb.amazonaws.com/restaurants?q=pizza&limit=12&sort=rating,115,0,0
1777595158878,95,02 - GET /restaurants (search),200,OK,Virtual Users [500 threads] 1-474,text,true,,790,436,31,31,http://k8s-forkfind-forkfind-8e65d48af1-1990260306.us-east-1.elb.amazonaws.com/restaurants?q=pizza&limit=12&sort=rating,95,0,0
1777595158918,102,02 - GET /restaurants (search),200,OK,Virtual Users [500 threads] 1-498,text,true,,790,437,31,31,http://k8s-forkfind-forkfind-8e65d48af1-1990260306.us-east-1.elb.amazonaws.com/restaurants?q=pizza&limit=12&sort=rating,102,0,0
1777595158903,117,02 - GET /restaurants (search),200,OK,Virtual Users [500 threads] 1-489,text,true,,790,437,31,31,http://k8s-forkfind-forkfind-8e65d48af1-1990260306.us-east-1.elb.amazonaws.com/restaurants?q=pizza&limit=12&sort=rating,117,0,0
1777595158914,106,02 - GET /restaurants (search),200,OK,Virtual Users [500 threads] 1-413,text,true,,790,436,31,31,http://k8s-forkfind-forkfind-8e65d48af1-1990260306.us-east-1.elb.amazonaws.com/restaurants?q=pizza&limit=12&sort=rating,106,0,0
1777595138663,20356,01 - POST /auth/user/login,200,OK,Virtual Users [500 threads] 1-467,text,true,,406,363,31,31,http://k8s-forkfind-forkfind-8e65d48af1-1990260306.us-east-1.elb.amazonaws.com/auth/user/login,20356,0,74
1777595142806,16238,01 - POST /auth/user/login,200,OK,Virtual Users [500 threads] 1-490,text,true,,408,363,31,31,http://k8s-forkfind-forkfind-8e65d48af1-1990260306.us-east-1.elb.amazonaws.com/auth/user/login,16238,0,73
1777595140465,18641,01 - POST /auth/user/login,200,OK,Virtual Users [500 threads] 1-477,text,true,,406,363,31,31,http://k8s-forkfind-forkfind-8e65d48af1-1990260306.us-east-1.elb.amazonaws.com/auth/user/login,18641,0,82
1777595144066,15072,01 - POST /auth/user/login,200,OK,Virtual Users [500 threads] 1-497,text,true,,408,363,31,31,http://k8s-forkfind-forkfind-8e65d48af1-1990260306.us-east-1.elb.amazonaws.com/auth/user/login,15072,0,72
1777595158974,185,03 - POST /restaurants/20/reviews,201,Created,Virtual Users [500 threads] 1-474,text,true,,572,573,31,31,http://k8s-forkfind-forkfind-8e65d48af1-1990260306.us-east-1.elb.amazonaws.com/restaurants/20/reviews,185,0,0
1777595158957,202,03 - POST /restaurants/20/reviews,201,Created,Virtual Users [500 threads] 1-488,text,true,,574,574,31,31,http://k8s-forkfind-forkfind-8e65d48af1-1990260306.us-east-1.elb.amazonaws.com/restaurants/20/reviews,202,0,0
1777595158957,202,03 - POST /restaurants/20/reviews,201,Created,Virtual Users [500 threads] 1-472,text,true,,572,573,31,31,http://k8s-forkfind-forkfind-8e65d48af1-1990260306.us-east-1.elb.amazonaws.com/restaurants/20/reviews,202,0,0
1777595159021,138,02 - GET /restaurants (search),200,OK,Virtual Users [500 threads] 1-467,text,true,,790,436,31,31,http://k8s-forkfind-forkfind-8e65d48af1-1990260306.us-east-1.elb.amazonaws.com/restaurants?q=pizza&limit=12&sort=rating,138,0,0
1777595159046,121,02 - GET /restaurants (search),200,OK,Virtual Users [500 threads] 1-490,text,true,,790,437,28,28,http://k8s-forkfind-forkfind-8e65d48af1-1990260306.us-east-1.elb.amazonaws.com/restaurants?q=pizza&limit=12&sort=rating,121,0,0
1777595159109,87,02 - GET /restaurants (search),200,OK,Virtual Users [500 threads] 1-477,text,true,,790,436,28,28,http://k8s-forkfind-forkfind-8e65d48af1-1990260306.us-east-1.elb.amazonaws.com/restaurants?q=pizza&limit=12&sort=rating,87,0,0
1777595141545,17654,01 - POST /auth/user/login,200,OK,Virtual Users [500 threads] 1-483,text,true,,408,363,28,28,http://k8s-forkfind-forkfind-8e65d48af1-1990260306.us-east-1.elb.amazonaws.com/auth/user/login,17654,0,77
1777595159021,186,03 - POST /restaurants/20/reviews,201,Created,Virtual Users [500 threads] 1-413,text,true,,572,573,28,28,http://k8s-forkfind-forkfind-8e65d48af1-1990260306.us-east-1.elb.amazonaws.com/restaurants/20/reviews,186,0,0
1777595159021,186,03 - POST /restaurants/20/reviews,201,Created,Virtual Users [500 threads] 1-489,text,true,,574,574,28,28,http://k8s-forkfind-forkfind-8e65d48af1-1990260306.us-east-1.elb.amazonaws.com/restaurants/20/reviews,186,0,0
1777595159021,186,03 - POST /restaurants/20/reviews,201,Created,Virtual Users [500 threads] 1-498,text,true,,574,574,28,28,http://k8s-forkfind-forkfind-8e65d48af1-1990260306.us-east-1.elb.amazonaws.com/restaurants/20/reviews,186,0,0
1777595159140,100,02 - GET /restaurants (search),200,OK,Virtual Users [500 threads] 1-497,text,true,,790,437,25,25,http://k8s-forkfind-forkfind-8e65d48af1-1990260306.us-east-1.elb.amazonaws.com/restaurants?q=pizza&limit=12&sort=rating,100,0,0
1777595140646,18594,01 - POST /auth/user/login,200,OK,Virtual Users [500 threads] 1-478,text,true,,406,363,25,25,http://k8s-forkfind-forkfind-8e65d48af1-1990260306.us-east-1.elb.amazonaws.com/auth/user/login,18594,0,74
1777595143345,15905,01 - POST /auth/user/login,200,OK,Virtual Users [500 threads] 1-493,text,true,,408,363,25,25,http://k8s-forkfind-forkfind-8e65d48af1-1990260306.us-east-1.elb.amazonaws.com/auth/user/login,15905,0,71
1777595140826,18458,01 - POST /auth/user/login,200,OK,Virtual Users [500 threads] 1-479,text,true,,406,363,25,25,http://k8s-forkfind-forkfind-8e65d48af1-1990260306.us-east-1.elb.amazonaws.com/auth/user/login,18458,0,82
1777595159201,86,02 - GET /restaurants (search),200,OK,Virtual Users [500 threads] 1-483,text,true,,790,437,25,25,http://k8s-forkfind-forkfind-8e65d48af1-1990260306.us-east-1.elb.amazonaws.com/restaurants?q=pizza&limit=12&sort=rating,86,0,0
1777595159160,144,03 - POST /restaurants/20/reviews,201,Created,Virtual Users [500 threads] 1-467,text,true,,572,573,25,25,http://k8s-forkfind-forkfind-8e65d48af1-1990260306.us-east-1.elb.amazonaws.com/restaurants/20/reviews,144,0,0
1777595159167,145,03 - POST /restaurants/20/reviews,201,Created,Virtual Users [500 threads] 1-490,text,true,,574,574,24,24,http://k8s-forkfind-forkfind-8e65d48af1-1990260306.us-east-1.elb.amazonaws.com/restaurants/20/reviews,145,0,0
1777595159196,116,03 - POST /restaurants/20/reviews,201,Created,Virtual Users [500 threads] 1-477,text,true,,572,573,24,24,http://k8s-forkfind-forkfind-8e65d48af1-1990260306.us-east-1.elb.amazonaws.com/restaurants/20/reviews,116,0,0
1777595159242,85,02 - GET /restaurants (search),200,OK,Virtual Users [500 threads] 1-478,text,true,,790,436,22,22,http://k8s-forkfind-forkfind-8e65d48af1-1990260306.us-east-1.elb.amazonaws.com/restaurants?q=pizza&limit=12&sort=rating,85,0,0
1777595159251,82,02 - GET /restaurants (search),200,OK,Virtual Users [500 threads] 1-493,text,true,,790,437,22,22,http://k8s-forkfind-forkfind-8e65d48af1-1990260306.us-east-1.elb.amazonaws.com/restaurants?q=pizza&limit=12&sort=rating,82,0,0
1777595159240,116,03 - POST /restaurants/20/reviews,201,Created,Virtual Users [500 threads] 1-497,text,true,,574,574,22,22,http://k8s-forkfind-forkfind-8e65d48af1-1990260306.us-east-1.elb.amazonaws.com/restaurants/20/reviews,116,0,0
1777595159286,79,02 - GET /restaurants (search),200,OK,Virtual Users [500 threads] 1-479,text,true,,790,436,21,21,http://k8s-forkfind-forkfind-8e65d48af1-1990260306.us-east-1.elb.amazonaws.com/restaurants?q=pizza&limit=12&sort=rating,79,0,0
1777595159287,119,03 - POST /restaurants/20/reviews,201,Created,Virtual Users [500 threads] 1-483,text,true,,574,574,21,21,http://k8s-forkfind-forkfind-8e65d48af1-1990260306.us-east-1.elb.amazonaws.com/restaurants/20/reviews,119,0,0
1777595159327,126,03 - POST /restaurants/20/reviews,201,Created,Virtual Users [500 threads] 1-478,text,true,,572,573,20,20,http://k8s-forkfind-forkfind-8e65d48af1-1990260306.us-east-1.elb.amazonaws.com/restaurants/20/reviews,126,0,0
1777595159333,120,03 - POST /restaurants/20/reviews,201,Created,Virtual Users [500 threads] 1-493,text,true,,574,574,20,20,http://k8s-forkfind-forkfind-8e65d48af1-1990260306.us-east-1.elb.amazonaws.com/restaurants/20/reviews,120,0,0
1777595159366,90,03 - POST /restaurants/20/reviews,201,Created,Virtual Users [500 threads] 1-479,text,true,,572,573,18,18,http://k8s-forkfind-forkfind-8e65d48af1-1990260306.us-east-1.elb.amazonaws.com/restaurants/20/reviews,90,0,0
1777595133804,25787,01 - POST /auth/user/login,200,OK,Virtual Users [500 threads] 1-440,text,true,,406,363,17,17,http://k8s-forkfind-forkfind-8e65d48af1-1990260306.us-east-1.elb.amazonaws.com/auth/user/login,25787,0,72
1777595130744,28856,01 - POST /auth/user/login,200,OK,Virtual Users [500 threads] 1-423,text,true,,406,363,17,17,http://k8s-forkfind-forkfind-8e65d48af1-1990260306.us-east-1.elb.amazonaws.com/auth/user/login,28856,0,74
1777595159592,87,02 - GET /restaurants (search),200,OK,Virtual Users [500 threads] 1-440,text,true,,790,436,17,17,http://k8s-forkfind-forkfind-8e65d48af1-1990260306.us-east-1.elb.amazonaws.com/restaurants?q=pizza&limit=12&sort=rating,87,0,0
1777595159602,82,02 - GET /restaurants (search),200,OK,Virtual Users [500 threads] 1-423,text,true,,790,436,17,17,http://k8s-forkfind-forkfind-8e65d48af1-1990260306.us-east-1.elb.amazonaws.com/restaurants?q=pizza&limit=12&sort=rating,82,0,0
1777595136681,23011,01 - POST /auth/user/login,200,OK,Virtual Users [500 threads] 1-456,text,true,,406,363,17,17,http://k8s-forkfind-forkfind-8e65d48af1-1990260306.us-east-1.elb.amazonaws.com/auth/user/login,23011,0,73
1777595159694,83,02 - GET /restaurants (search),200,OK,Virtual Users [500 threads] 1-456,text,true,,790,436,17,17,http://k8s-forkfind-forkfind-8e65d48af1-1990260306.us-east-1.elb.amazonaws.com/restaurants?q=pizza&limit=12&sort=rating,83,0,0
1777595134885,24911,01 - POST /auth/user/login,200,OK,Virtual Users [500 threads] 1-446,text,true,,406,363,17,17,http://k8s-forkfind-forkfind-8e65d48af1-1990260306.us-east-1.elb.amazonaws.com/auth/user/login,24911,0,81
1777595159684,122,03 - POST /restaurants/20/reviews,201,Created,Virtual Users [500 threads] 1-423,text,true,,572,573,17,17,http://k8s-forkfind-forkfind-8e65d48af1-1990260306.us-east-1.elb.amazonaws.com/restaurants/20/reviews,122,0,0
1777595159680,126,03 - POST /restaurants/20/reviews,201,Created,Virtual Users [500 threads] 1-440,text,true,,572,573,17,17,http://k8s-forkfind-forkfind-8e65d48af1-1990260306.us-east-1.elb.amazonaws.com/restaurants/20/reviews,126,0,0
1777595159798,78,02 - GET /restaurants (search),200,OK,Virtual Users [500 threads] 1-446,text,true,,790,436,15,15,http://k8s-forkfind-forkfind-8e65d48af1-1990260306.us-east-1.elb.amazonaws.com/restaurants?q=pizza&limit=12&sort=rating,78,0,0
1777595129665,30228,01 - POST /auth/user/login,200,OK,Virtual Users [500 threads] 1-417,text,true,,406,363,15,15,http://k8s-forkfind-forkfind-8e65d48af1-1990260306.us-east-1.elb.amazonaws.com/auth/user/login,30228,0,71
1777595159778,135,03 - POST /restaurants/20/reviews,201,Created,Virtual Users [500 threads] 1-456,text,true,,572,573,15,15,http://k8s-forkfind-forkfind-8e65d48af1-1990260306.us-east-1.elb.amazonaws.com/restaurants/20/reviews,135,0,0
1777595159895,78,02 - GET /restaurants (search),200,OK,Virtual Users [500 threads] 1-417,text,true,,790,436,14,14,http://k8s-forkfind-forkfind-8e65d48af1-1990260306.us-east-1.elb.amazonaws.com/restaurants?q=pizza&limit=12&sort=rating,78,0,0
1777595159876,129,03 - POST /restaurants/20/reviews,201,Created,Virtual Users [500 threads] 1-446,text,true,,572,573,14,14,http://k8s-forkfind-forkfind-8e65d48af1-1990260306.us-east-1.elb.amazonaws.com/restaurants/20/reviews,129,0,0
1777595135066,25067,01 - POST /auth/user/login,200,OK,Virtual Users [500 threads] 1-447,text,true,,406,363,13,13,http://k8s-forkfind-forkfind-8e65d48af1-1990260306.us-east-1.elb.amazonaws.com/auth/user/login,25067,0,73
1777595159973,184,03 - POST /restaurants/20/reviews,201,Created,Virtual Users [500 threads] 1-417,text,true,,572,573,13,13,http://k8s-forkfind-forkfind-8e65d48af1-1990260306.us-east-1.elb.amazonaws.com/restaurants/20/reviews,184,0,0
1777595160135,88,02 - GET /restaurants (search),200,OK,Virtual Users [500 threads] 1-447,text,true,,790,436,12,12,http://k8s-forkfind-forkfind-8e65d48af1-1990260306.us-east-1.elb.amazonaws.com/restaurants?q=pizza&limit=12&sort=rating,88,0,0
1777595133084,27219,01 - POST /auth/user/login,200,OK,Virtual Users [500 threads] 1-436,text,true,,406,363,12,12,http://k8s-forkfind-forkfind-8e65d48af1-1990260306.us-east-1.elb.amazonaws.com/auth/user/login,27219,0,72
1777595160223,89,03 - POST /restaurants/20/reviews,201,Created,Virtual Users [500 threads] 1-447,text,true,,572,573,12,12,http://k8s-forkfind-forkfind-8e65d48af1-1990260306.us-east-1.elb.amazonaws.com/restaurants/20/reviews,89,0,0
1777595160304,85,02 - GET /restaurants (search),200,OK,Virtual Users [500 threads] 1-436,text,true,,790,436,11,11,http://k8s-forkfind-forkfind-8e65d48af1-1990260306.us-east-1.elb.amazonaws.com/restaurants?q=pizza&limit=12&sort=rating,85,0,0
1777595136505,23891,01 - POST /auth/user/login,200,OK,Virtual Users [500 threads] 1-455,text,true,,406,363,11,11,http://k8s-forkfind-forkfind-8e65d48af1-1990260306.us-east-1.elb.amazonaws.com/auth/user/login,23891,0,73
1777595160398,84,02 - GET /restaurants (search),200,OK,Virtual Users [500 threads] 1-455,text,true,,790,436,11,11,http://k8s-forkfind-forkfind-8e65d48af1-1990260306.us-east-1.elb.amazonaws.com/restaurants?q=pizza&limit=12&sort=rating,84,0,0
1777595160389,130,03 - POST /restaurants/20/reviews,201,Created,Virtual Users [500 threads] 1-436,text,true,,572,573,11,11,http://k8s-forkfind-forkfind-8e65d48af1-1990260306.us-east-1.elb.amazonaws.com/restaurants/20/reviews,130,0,0
1777595160483,122,03 - POST /restaurants/20/reviews,201,Created,Virtual Users [500 threads] 1-455,text,true,,572,573,10,10,http://k8s-forkfind-forkfind-8e65d48af1-1990260306.us-east-1.elb.amazonaws.com/restaurants/20/reviews,122,0,0
1777595135785,25133,01 - POST /auth/user/login,200,OK,Virtual Users [500 threads] 1-451,text,true,,406,363,9,9,http://k8s-forkfind-forkfind-8e65d48af1-1990260306.us-east-1.elb.amazonaws.com/auth/user/login,25133,0,73
1777595160920,88,02 - GET /restaurants (search),200,OK,Virtual Users [500 threads] 1-451,text,true,,790,436,9,9,http://k8s-forkfind-forkfind-8e65d48af1-1990260306.us-east-1.elb.amazonaws.com/restaurants?q=pizza&limit=12&sort=rating,88,0,0
1777595138845,22256,01 - POST /auth/user/login,200,OK,Virtual Users [500 threads] 1-468,text,true,,406,363,9,9,http://k8s-forkfind-forkfind-8e65d48af1-1990260306.us-east-1.elb.amazonaws.com/auth/user/login,22256,0,75
1777595161008,96,03 - POST /restaurants/20/reviews,201,Created,Virtual Users [500 threads] 1-451,text,true,,572,573,9,9,http://k8s-forkfind-forkfind-8e65d48af1-1990260306.us-east-1.elb.amazonaws.com/restaurants/20/reviews,96,0,0
1777595138484,22698,01 - POST /auth/user/login,200,OK,Virtual Users [500 threads] 1-466,text,true,,406,363,8,8,http://k8s-forkfind-forkfind-8e65d48af1-1990260306.us-east-1.elb.amazonaws.com/auth/user/login,22698,0,75
1777595143705,17504,01 - POST /auth/user/login,200,OK,Virtual Users [500 threads] 1-495,text,true,,408,363,8,8,http://k8s-forkfind-forkfind-8e65d48af1-1990260306.us-east-1.elb.amazonaws.com/auth/user/login,17504,0,82
1777595161103,125,02 - GET /restaurants (search),200,OK,Virtual Users [500 threads] 1-468,text,true,,790,436,8,8,http://k8s-forkfind-forkfind-8e65d48af1-1990260306.us-east-1.elb.amazonaws.com/restaurants?q=pizza&limit=12&sort=rating,125,0,0
1777595137581,23646,01 - POST /auth/user/login,200,OK,Virtual Users [500 threads] 1-461,text,true,,406,363,8,8,http://k8s-forkfind-forkfind-8e65d48af1-1990260306.us-east-1.elb.amazonaws.com/auth/user/login,23646,0,77
1777595137945,23308,01 - POST /auth/user/login,200,OK,Virtual Users [500 threads] 1-463,text,true,,406,363,8,8,http://k8s-forkfind-forkfind-8e65d48af1-1990260306.us-east-1.elb.amazonaws.com/auth/user/login,23308,0,76
1777595141725,19552,01 - POST /auth/user/login,200,OK,Virtual Users [500 threads] 1-484,text,true,,408,363,8,8,http://k8s-forkfind-forkfind-8e65d48af1-1990260306.us-east-1.elb.amazonaws.com/auth/user/login,19552,0,76
1777595161184,97,02 - GET /restaurants (search),200,OK,Virtual Users [500 threads] 1-466,text,true,,790,436,8,8,http://k8s-forkfind-forkfind-8e65d48af1-1990260306.us-east-1.elb.amazonaws.com/restaurants?q=pizza&limit=12&sort=rating,97,0,0
1777595161211,86,02 - GET /restaurants (search),200,OK,Virtual Users [500 threads] 1-495,text,true,,790,437,8,8,http://k8s-forkfind-forkfind-8e65d48af1-1990260306.us-east-1.elb.amazonaws.com/restaurants?q=pizza&limit=12&sort=rating,85,0,0
1777595161229,88,02 - GET /restaurants (search),200,OK,Virtual Users [500 threads] 1-461,text,true,,790,436,8,8,http://k8s-forkfind-forkfind-8e65d48af1-1990260306.us-east-1.elb.amazonaws.com/restaurants?q=pizza&limit=12&sort=rating,88,0,0
1777595161228,146,03 - POST /restaurants/20/reviews,201,Created,Virtual Users [500 threads] 1-468,text,true,,572,573,8,8,http://k8s-forkfind-forkfind-8e65d48af1-1990260306.us-east-1.elb.amazonaws.com/restaurants/20/reviews,146,0,0
1777595161254,120,02 - GET /restaurants (search),200,OK,Virtual Users [500 threads] 1-463,text,true,,790,436,8,8,http://k8s-forkfind-forkfind-8e65d48af1-1990260306.us-east-1.elb.amazonaws.com/restaurants?q=pizza&limit=12&sort=rating,120,0,0
1777595139744,21664,01 - POST /auth/user/login,200,OK,Virtual Users [500 threads] 1-473,text,true,,406,363,7,7,http://k8s-forkfind-forkfind-8e65d48af1-1990260306.us-east-1.elb.amazonaws.com/auth/user/login,21664,0,71
1777595161279,171,02 - GET /restaurants (search),200,OK,Virtual Users [500 threads] 1-484,text,true,,790,437,7,7,http://k8s-forkfind-forkfind-8e65d48af1-1990260306.us-east-1.elb.amazonaws.com/restaurants?q=pizza&limit=12&sort=rating,171,0,0
1777595142985,18617,01 - POST /auth/user/login,200,OK,Virtual Users [500 threads] 1-491,text,true,,408,363,7,7,http://k8s-forkfind-forkfind-8e65d48af1-1990260306.us-east-1.elb.amazonaws.com/auth/user/login,18617,0,71
1777595161297,335,03 - POST /restaurants/20/reviews,201,Created,Virtual Users [500 threads] 1-495,text,true,,574,574,7,7,http://k8s-forkfind-forkfind-8e65d48af1-1990260306.us-east-1.elb.amazonaws.com/restaurants/20/reviews,335,0,0
1777595161317,359,03 - POST /restaurants/20/reviews,201,Created,Virtual Users [500 threads] 1-461,text,true,,572,573,6,6,http://k8s-forkfind-forkfind-8e65d48af1-1990260306.us-east-1.elb.amazonaws.com/restaurants/20/reviews,359,0,0
1777595161281,410,03 - POST /restaurants/20/reviews,201,Created,Virtual Users [500 threads] 1-466,text,true,,572,573,5,5,http://k8s-forkfind-forkfind-8e65d48af1-1990260306.us-east-1.elb.amazonaws.com/restaurants/20/reviews,410,0,0
1777595161410,307,02 - GET /restaurants (search),200,OK,Virtual Users [500 threads] 1-473,text,true,,790,436,4,4,http://k8s-forkfind-forkfind-8e65d48af1-1990260306.us-east-1.elb.amazonaws.com/restaurants?q=pizza&limit=12&sort=rating,307,0,0
1777595161375,400,03 - POST /restaurants/20/reviews,201,Created,Virtual Users [500 threads] 1-463,text,true,,572,573,4,4,http://k8s-forkfind-forkfind-8e65d48af1-1990260306.us-east-1.elb.amazonaws.com/restaurants/20/reviews,400,0,0
1777595161604,196,02 - GET /restaurants (search),200,OK,Virtual Users [500 threads] 1-491,text,true,,790,437,3,3,http://k8s-forkfind-forkfind-8e65d48af1-1990260306.us-east-1.elb.amazonaws.com/restaurants?q=pizza&limit=12&sort=rating,196,0,0
1777595161450,380,03 - POST /restaurants/20/reviews,201,Created,Virtual Users [500 threads] 1-484,text,true,,574,574,3,3,http://k8s-forkfind-forkfind-8e65d48af1-1990260306.us-east-1.elb.amazonaws.com/restaurants/20/reviews,380,0,0
1777595161718,136,03 - POST /restaurants/20/reviews,201,Created,Virtual Users [500 threads] 1-473,text,true,,572,573,2,2,http://k8s-forkfind-forkfind-8e65d48af1-1990260306.us-east-1.elb.amazonaws.com/restaurants/20/reviews,136,0,0
1777595161801,152,03 - POST /restaurants/20/reviews,201,Created,Virtual Users [500 threads] 1-491,text,true,,574,574,1,1,http://k8s-forkfind-forkfind-8e65d48af1-1990260306.us-east-1.elb.amazonaws.com/restaurants/20/reviews,152,0,0
